Sentence #,barishal_word,bio_tag
Sentence: 1,আসো,O
,কোরোহম,O
Sentence: 2,আইজ,O
,মোর,O
,মনডা,O
,ভালোনা,O
Sentence: 3,ও,O
,মোনু,O
,হর,O
,কি,O
Sentence: 4,এই,O
,থাডা,O
,পরা,O
,গরমে,O
,মোর,O
,কিস্সু,O
,ভাল্লাগেনা,O
Sentence: 5,পলাউগ্গা,O
,এউক্কা,O
,ধলা,B-COL
,রং,I-COL
,এর,O
,এউক্কা,O
,গুন্জি,B-OBJ
,পইর্রা,O
,আইসেল,O
Sentence: 6,মাইআউগ্গা,O
,লাল,B-COL
,রুঙ্গা,I-COL
,শাড়ি,B-OBJ
,পইর্রা,O
,মর,O
,লগে,O
,দেহা,O
,হর্তে,O
,আইসিলো,O
Sentence: 7,পলাউগ্গা,O
,শ্যলেত,B-LOC
,দিয়া,O
,ধাহা,B-LOC
,আইসেলে,O
Sentence: 8,মাইআউগ্গা,O
,শ্যলেত,B-LOC
,দিআ,O
,আঔআ,O
,পলাউগ্গারে,O
,আক্সের,O
,ভালপায়,O
Sentence: 9,পলাউগ্গা,O
,মাইআউগ্গারে,O
,আহন,O
,ভালপাঔআর,O
,ছহে,O
,দেহেনাই,O
Sentence: 10,মাইআউগ্গা,O
,হেয়ার,O
,শব,O
,হপ্পনের,O
,মইদ্ধে,O
,পলাউগ্গারে,O
,ভাব্তে,O
,থাহে,O
Sentence: 11,মর,O
,বহুত,O
,দিন,O
,আগের্গ,O
,এউক্কা,O
,বিয়া,O
,হইসেলে,O
Sentence: 12,মর,O
,মাএ,B-REL
,মরে,O
,কইসেলে,O
,বিআ,O
,হর্লে,O
,জিবন,O
,পরিবর্তন,O
,হইআ,O
,জায়,O
Sentence: 13,মাএ,B-REL
,অইদিন,O
,হাস্সইঅ,O
,কথাই,O
,কইসেলে,O
Sentence: 14,মাএ,B-REL
,শব্কালে,O
,মর,O
,কইল্যার,O
,কথাউগ্গা,O
,বঝে,O
Sentence: 15,ঘরের,O
,কামের,B-ROLE
,সেম্রি,I-ROLE
,আহন,O
,থিক্কইর্রা,O
,কাম,O
,হরে,O
,না,O
Sentence: 16,মর,O
,ঘরের,O
,কামের,B-ROLE
,সেম্রি,I-ROLE
,দুই,O
,দিন,O
,ধইর্রা,O
,পলাইন্না,O
Sentence: 17,মর,O
,ঘরের,B-LOC
,দারআন,B-ROLE
,আহন,O
,অই,O
,সেম্রির,O
,গেরামে,B-LOC
,ঘর্তে,O
,গেসে,O
Sentence: 18,তমারে,O
,মুই,O
,কল্,O
,দিমুনা,O
Sentence: 19,এই,O
,জিনিশ,O
,খান,O
,আক্কালে,O
,অনেক,O
,গা,O
,জলুইন্না,O
,আসেল,O
Sentence: 20,হে,O
,শ্যলেত,B-LOC
,দিআ,O
,মর,O
,লগে,O
,দেহা,O
,কর্তে,O
,আইসেলে,O
Sentence: 21,হে,O
,আহন,O
,রাজ্শাহি,B-LOC
,গেসিগ্গা,O
Sentence: 22,উনি,O
,আহন,O
,হেয়ার,O
,দস্গ,B-REL
,গ,O
,লগে,O
,বিরি,B-OBJ
,খায়,O
Sentence: 23,হে,O
,আক্কালেই,O
,ভেত্কায়,O
,না,O
Sentence: 24,হে,O
,মরে,O
,আক্সের,O
,অপমান,O
,হিরে,O
Sentence: 25,হ্যার,O
,বই,B-OBJ
,পড়তে,O
,এক্কালেই,O
,ভালো,O
,লাগে,O
,না,O
Sentence: 26,আমনের,O
,কি,O
,বই,B-OBJ
,পড়ার,O
,অভ্যাস,O
,আছে,O
Sentence: 27,তুমি,O
,কি,O
,মোরে,O
,চেনো,O
Sentence: 28,মুই,O
,তোমারে,O
,চেনতে,O
,পারলাম,O
,না,O
Sentence: 29,মুই,O
,তোমারে,O
,আগে,O
,কহনো,O
,দেহি,O
,নাই,O
Sentence: 30,মোর,O
,পড়াল্যাহা,O
,করতে,O
,এক্কালেই,O
,ভালো,O
,লাগে,O
,না,O
Sentence: 31,আমনের,O
,পড়াল্যাহা,O
,করা,O
,দরকার,O
Sentence: 32,আমনের,O
,পড়াল্যাহা,O
,করতে,O
,হইবে,O
Sentence: 33,আমনের,O
,কি,O
,পড়াল্যাহা,O
,করতে,O
,এক্কালেই,O
,ভালো,O
,লাগে,O
,না,O
Sentence: 34,তোর,O
,পড়াল্যাহা,O
,করতে,O
,হইবে,O
Sentence: 35,তুই,O
,কি,O
,আর,O
,পড়াল্যাহা,O
,করবি,O
,না,O
Sentence: 36,তুই,O
,কি,O
,পড়াল্যাহা,O
,ছাইড়া,O
,দেতে,O
,চাও,O
Sentence: 37,তোর,O
,কি,O
,পড়াল্যাহা,O
,করতে,O
,এক্কালেই,O
,ভালো,O
,লাগে,O
,না,O
Sentence: 38,তুমি,O
,কি,O
,এহন,O
,খাইতে,O
,ববা,O
Sentence: 39,আইজগো,O
,মোর,O
,খাইতে,O
,ভালো,O
,লাগতেয়াছে,O
,না,O
Sentence: 40,মোর,O
,ইসকুলে,B-ORG
,ম্যালা,O
,দোস্তো,B-REL
,আছে,O
Sentence: 41,মোর,O
,ছোডো,B-REL
,বুইন,I-REL
,ইসকুলে,B-ORG
,যাইতে,O
,চায়,O
,না,O
Sentence: 42,মোর,O
,ইসকুলে,B-ORG
,যাইতে,O
,বেমালা,O
,ভালো,O
,লাগে,O
Sentence: 43,হ্যায়,O
,হ্যার,O
,গেরামের,B-LOC
,এউক্কা,O
,ইসকুলে,B-ORG
,পড়াল্যাহা,O
,করে,O
Sentence: 44,হ্যায়,O
,ইসকুলে,B-ORG
,যাইতে,O
,চায়,O
,না,O
Sentence: 45,হ্যার,O
,ইসকুলে,B-ORG
,যাইয়া,O
,পড়াল্যাহা,O
,করতে,O
,ভালো,O
,লাগে,O
,না,O
Sentence: 46,হ্যায়,O
,ইসকুলে,B-ORG
,যাইয়া,O
,দোস্তোগো,B-REL
,লগে,O
,কেচ্ছা,O
,করে,O
Sentence: 47,হ্যায়,O
,ইস্কুলের,B-LOC
,মাডে,I-LOC
,পেরতেকদিন,O
,ক্রিকেট,O
,খেলে,O
Sentence: 48,হ্যায়,O
,ইশকুলের,B-LOC
,মাডে,I-LOC
,মাথা,O
,ঘুরাইয়া,O
,পইড়া,O
,গ্যাল্লেহ,O
Sentence: 49,হ্যায়,O
,ম্যালা,O
,দিন,O
,আগে,O
,হ্যার,O
,ইশকুলের,B-ORG
,এউক্কা,O
,মাইয়ারে,O
,ভালোবাসতো,O
Sentence: 50,পোলাডা,O
,হ্যার,O
,গেরামের,B-LOC
,ছোডো,O
,এউক্কা,O
,ইসকুল,B-ORG
,হইতে,O
,পড়াল্যাহা,O
,কইররা,O
,মেটটিক,O
,পাশ,O
,করছে,O
Sentence: 51,তোমাগো,O
,বাড়ি,O
,কোম্মে,O
Sentence: 52,ঢাহা,B-LOC
,বাংলাদেশের,B-LOC
,রাজধানী,O
Sentence: 53,তুমি,O
,কি,O
,মোর,O
,লগে,O
,পেরেম,O
,করবা,O
Sentence: 54,মুই,O
,আইজগো,O
,বেইননা,O
,কালে,O
,ফুটবল,B-OBJ
,খেলছি,O
Sentence: 55,মুই,O
,তোমার,O
,মনের,O
,কথা,O
,বোঝতে,O
,পারি,O
,না,O
Sentence: 56,তোমার,O
,লইজ্ঞা,O
,মোর,O
,বেমালা,O
,কষ্ট,O
,হয়,O
Sentence: 57,মোগো,O
,হপোন,O
,ম্যালা,O
,বড়,O
Sentence: 58,‍কমবয়সী,O
,এউক্কা,O
,পোলা,O
,বায়রায়,O
,ফুডপাতে,B-LOC
,দৌড়াইতেয়াছে,O
Sentence: 59,এউক্কা,O
,ল্যাদা,O
,গেদু,O
,বিছনায়,B-OBJ
,লাফাইয়া,O
,ওঠছে,O
Sentence: 60,এউক্কা,O
,পোলা,O
,বিছনায়,B-OBJ
,লাফাইতেয়াছে,O
Sentence: 61,এউক্কা,O
,পোলা,O
,এউক্কা,O
,বিছনা,B-OBJ
,গোনে,O
,আর,O
,এউক্কা,O
,বিছানায়,B-OBJ
,লাপ,O
,দেতেয়াছে,O
Sentence: 62,এউক্কা,O
,ছোডো,O
,গেদু,O
,ফুডপাতে,B-LOC
,হাটতেয়াছে,O
Sentence: 63,মুই,O
,এউক্কা,O
,পোলা,O
Sentence: 64,মুই,O
,এউক্কা,O
,মাইয়া,O
Sentence: 65,মোর,O
,জামাই,B-REL
,মোরে,O
,বেমালা,O
,ভালোবাসে,O
Sentence: 66,ইসকুল,B-ORG
,সময়,O
,হইতে,O
,হ্যাগো,O
,পেরেম,O
,আল্লেহ,O
Sentence: 67,মুই,O
,বিয়া,O
,করছি,O
,দশ,O
,বছর,O
,হইছে,O
Sentence: 68,বেমালা,O
,ভালো,O
,ছবি,O
Sentence: 69,ম্যালাদিন,O
,পরে,O
,এউক্কা,O
,ভালো,O
,ছবি,O
,দেখলাম,O
Sentence: 70,বেমালা,O
,ভালো,O
,ল্যাখছেন,O
Sentence: 71,ম্যালাদিন,O
,পরে,O
,এউক্কা,O
,ভালো,O
,ল্যাহা,O
,পড়লাম,O
Sentence: 72,বেমালা,O
,মাথা,O
,ব্যাথা,O
,করতেয়াছেলে,O
Sentence: 73,কিছুই,O
,বোঝতে,O
,পারলাম,O
,না,O
Sentence: 74,হ্যায়,O
,এইডা,O
,দেইখ্যা,O
,গেয়ান,O
,হারাইয়া,O
,ফালাইছে,O
Sentence: 75,এক,O
,কথায়,O
,ম্যালা,O
,সুন্দর,O
,লাগতেয়াছে,O
,আমনেরে,O
Sentence: 76,আমনের,O
,ছবির,B-OBJ
,চাইতে,O
,আমনে,O
,বাস্তবে,O
,বেমালা,O
,সুন্দর,O
Sentence: 77,আমনের,O
,হাসির,O
,সামনে,O
,বেবাক,O
,কিছু,O
,হার,O
,মাইন্না,O
,যায়,O
Sentence: 78,আমনের,O
,চউখ,O
,বেমালা,O
,সুন্দর,O
Sentence: 79,আমনের,O
,লগে,O
,পরিচিত,O
,হইয়া,O
,ভালো,O
,লাগছে,O
Sentence: 80,ম্যালাদিন,O
,পর,O
,আমনেরে,O
,দেখলাম,O
Sentence: 81,দুই,O
,ভাইগো,B-REL
,মইধ্যে,O
,জাগা,O
,জমি,O
,লইয়া,O
,কাইজ্জা,O
,হয়,O
Sentence: 82,পরে,O
,এউক্কা,O
,ভাই,B-REL
,কুয়েত,B-LOC
,চইল্যা,O
,যায়,O
,আর,O
,এউক্কা,O
,ভাই,B-REL
,সুদান,B-LOC
,চইল্যা,O
,যায়,O
Sentence: 83,কয়দিন,O
,পরে,O
,সুদান,B-LOC
,দিয়া,O
,আসা,O
,ব্যাডা,O
,বিয়া,O
,করেন,O
Sentence: 84,মোবাইল,B-OBJ
,থুইয়া,O
,বাথরুমে,O
,গ্যালে,O
,মনে,O
,হয়,O
,জরুলি,O
,কাগজ,B-OBJ
,থুইয়া,O
,অপিসে,B-ORG
,বইইয়া,O
,আছি,O
Sentence: 85,যাগো,O
,খামার,O
,দেওয়া,O
,হইছে,O
,হ্যারা,O
,দয়া,O
,কইরা,O
,লাইন,O
,দিয়া,O
,সৈররা,O
,যান,O
Sentence: 86,পাছে,O
,এহনও,O
,বেমালা,O
,মানু,O
,লাইনে,O
,খারাইয়া,O
,আছে,O
Sentence: 87,হ্যাগো,O
,খামার,O
,দেওয়ার,O
,সুযোগ,O
,কইরা,O
,দ্যান,O
Sentence: 88,বেমালা,O
,কিছু,O
,কমু,O
,না,O
,কারণ,O
,আবেগে,O
,চোখে,O
,পানি,O
,চইল্যা,O
,আইছে,O
Sentence: 89,তুমি,O
,কইছো,O
,যে,O
,থাহার,O
,হ্যায়,O
,এমনিতেই,O
,থাকবে,O
Sentence: 90,পোরথমে,O
,আমনেরে,O
,এউক্কা,O
,দোকানে,O
,যাইতে,O
,হইবে,O
Sentence: 91,নিজের,O
,পছন্দের,O
,বিয়ায়,O
,বাপ,B-REL
,মায়রে,B-REL
,রাজি,O
,করাইন্না,O
,হইছে,O
Sentence: 92,মাইয়ডা,O
,লাল,B-COL
,শাড়ি,B-OBJ
,পইররা,O
,খারাইয়া,O
,আছে,O
Sentence: 93,বউয়ের,B-REL
,লইজ্ঞা,O
,আর,O
,দোস্তোগো,B-REL
,মাঝে,O
,মুখ,O
,দ্যাহাইন্নার,O
,উপায়,O
,নাই,O
Sentence: 94,মোরে,O
,বেবাকের,O
,সামনে,O
,মারতে,O
,মারতে,O
,বাসায়,O
,লইয়া,O
,আহে,O
Sentence: 95,মুই,O
,জানি,O
,এইহানে,O
,বেমালা,O
,মাইয়া,O
,কমেন্ট,O
,পড়তে,O
,আইবে,O
Sentence: 96,মাঝে,O
,মইধ্যে,O
,মনে,O
,কয়,O
,বাসাবাড়ি,O
,সব,O
,মাশার,B-ANI
,নামে,O
,লেইখ্যা,O
,দিয়া,O
,মুই,O
,জঙ্গলে,B-LOC
,চইল্যা,O
,যাই,O
Sentence: 97,তোমার,O
,হইয়া,O
,আছি,O
,মুই,O
,তোমার,O
,হইয়াই,O
,থাকমু,O
Sentence: 98,সারা,O
,জীবন,O
,তোমারে,O
,মুই,O
,ভালোবাইসা,O
,যামু,O
Sentence: 99,পাশে,O
,থাইকো,O
,সারা,O
,জীবন,O
,দূরে,O
,যাইয়ো,O
,না,O
Sentence: 100,তোমারে,O
,ছাড়া,O
,এক্কালেই,O
,মোর,O
,ভালো,O
,লাগে,O
,না,O
Sentence: 101,কাউরে,O
,আবেগের,O
,ভালোবাসা,O
,দিও,O
,না,O
,মনের,O
,ভালোবাসা,O
,দিও,O
Sentence: 102,কারন,O
,আবেগের,O
,ভালোবাসা,O
,এউক্কা,O
,দিনের,O
,বিবেকের,O
,ধারে,O
,ঠইজ্ঞা,O
,যাইবে,O
Sentence: 103,কি,O
,কইরা,O
,বুঝামু,O
,হ্যারে,O
,মুই,O
,কতডা,O
,ভালোবাসি,O
Sentence: 104,ম্যালাদিন,O
,পর,O
,তোমারে,O
,দেখলাম,O
Sentence: 105,তোমারে,O
,দেইখ্যা,O
,থমকে,O
,খারাইয়া,O
,আল্লাহম,O
Sentence: 106,মুই,O
,বেমালা,O
,কষ্টে,O
,মোরে,O
,সামলাইয়া,O
,নিছি,O
Sentence: 107,যহন,O
,তুমি,O
,মোরে,O
,দেইখ্যা,O
,না,O
,দেহার,O
,ভান,O
,করছো,O
,তহন,O
,মোর,O
,মজা,O
,লাগছে,O
Sentence: 108,তোমারে,O
,হেই,O
,অনুভূতির,O
,কথা,O
,কইয়া,O
,বুঝাইতে,O
,পারমু,O
,না,O
Sentence: 109,তোমারে,O
,ম্যালা,O
,মনে,O
,পড়ছে,O
,দিমু,O
,তোমারে,O
,লাল,B-COL
,গোলাপ,B-OBJ
Sentence: 110,মোর,O
,জীবনে,O
,কেউ,O
,নাই,O
,তুমি,O
,ছাড়া,O
Sentence: 111,মোর,O
,জীবনে,O
,কোনো,O
,স্বপ্ন,O
,নাই,O
,তুমি,O
,ছাড়া,O
Sentence: 112,মোর,O
,দুজ্ঞা,O
,চোউখ,O
,কিছু,O
,খোঁজেনা,O
,তোমারে,O
,ছাড়া,O
Sentence: 113,যহন,O
,মাইয়া,O
,বোঝে,O
,তহন,O
,পোলা,O
,বোঝে,O
,না,O
Sentence: 114,তুমি,O
,খালি,O
,মনে,O
,রাইখো,O
,মোরে,O
,হগল,O
,সময়,O
Sentence: 115,চোখের,O
,পানি,O
,মুইচ্ছা,O
,দিমু,O
,তোমারে,O
,হাসি,O
Sentence: 116,হেইতে,O
,মুই,O
,দোস্তো,B-REL
,তোমারে,O
,বেমালা,O
,ভালোবাসি,O
Sentence: 117,বেমালা,O
,সুন্দর,O
,তুমি,O
,পেরেমে,O
,পড়ছি,O
,মুই,O
Sentence: 118,পোলারা,O
,ভালোবাসার,O
,নাটক,O
,করতে,O
,করতে,O
,যে,O
,কহন,O
,আসলেই,O
,ভালোবাইসা,O
,হালায়,O
,হ্যারা,O
,হেইয়া,O
,নিজেও,O
,জানেনা,O
Sentence: 119,মাইয়ারা,O
,ভালোবাসতে,O
,বাসতে,O
,যে,O
,কহন,O
,আসলেই,O
,অভিনয়,O
,শুরু,O
,করে,O
,হ্যারা,O
,হেইয়া,O
,নিজেও,O
,জানেনা,O
Sentence: 120,এই,O
,পিরথিবিতে,B-LOC
,পছন্দের,O
,মানুগুলা,O
,থুইয়া,O
,বাইচ্চা,O
,থাহাডা,O
,তয়,O
,অসম্ভব,O
,কিছুই,O
,না,O
Sentence: 121,কারও,O
,লইজ্ঞা,O
,কারো,O
,জীবন,O
,থাইম্মা,O
,থাহে,O
,না,O
Sentence: 122,কাউরে,O
,বেমালা,O
,ভালোবাসার,O
,মধ্যে,O
,এক,O
,রহমের,O
,দুর্বলতা,O
,আছে,O
Sentence: 123,পোলা,O
,আর,O
,মাইয়া,O
,দোস্তো,B-REL
,হইতে,O
,পারে,O
,তয়,O
,হ্যারা,O
,ঠিকই,O
,একজন,O
,আর,O
,একজনের,O
,পেরেমে,O
,পড়বে,O
Sentence: 124,পোলাগো,O
,লইজ্ঞা,O
,পিরথিবিতে,B-LOC
,সব,O
,চাইতে,O
,দামী,O
,হইলো,O
,মাইয়াগো,O
,হাসি,O
Sentence: 125,তোমারে,O
,দুই,O
,চোখ,O
,ভইরা,O
,দ্যাহা,O
,এহনও,O
,বাকি,O
Sentence: 126,তোমার,O
,কাছে,O
,যাইয়া,O
,জাবরাইয়া,O
,ধরা,O
,বাকি,O
Sentence: 127,মোর,O
,অনেক,O
,শিত,O
,লাগতেয়াছে,O
Sentence: 128,মোর,O
,মন,O
,খারাপ,O
Sentence: 129,আমনের,O
,কি,O
,মন,O
,খারাপ,O
Sentence: 130,তোমার,O
,কি,O
,মন,O
,খারাপ,O
Sentence: 131,আব্বা,B-REL
,মোর,O
,লইজ্ঞা,O
,লাল,B-COL
,জামা,B-OBJ
,কিন্যা,O
,আনছে,O
Sentence: 132,মোর,O
,দোস্তো,B-REL
,মোরে,O
,লাল,B-COL
,শাড়ি,B-OBJ
,কিন্যা,O
,দেছে,O
Sentence: 133,মোর,O
,দোস্তো,B-REL
,মোরে,O
,একডা,O
,লাল,B-COL
,গোলাপ,B-OBJ
,কিনে,O
,দেছে,O
Sentence: 134,মোর,O
,মা,B-REL
,মোরে,O
,লইয়া,O
,পার্কে,B-LOC
,ঘোরতে,O
,যাইবে,O
Sentence: 135,যেই,O
,ভালোবাসা,O
,যতো,O
,গোপন,O
,হেই,O
,ভালোবাসা,O
,হ্যাতো,O
,গভীর,O
Sentence: 136,ভালোবাসা,O
,পাওয়ার,O
,চাইয়া,O
,ভালোবাসা,O
,দেওয়াতেই,O
,বেমালা,O
,সুখ,O
Sentence: 137,তুমি,O
,যদি,O
,কাউরে,O
,ভালোবাসো,O
,হ্যালে,O
,হ্যারে,O
,ছাইড়া,O
,দেও,O
Sentence: 138,যদি,O
,হ্যায়,O
,তোমার,O
,ধারে,O
,ফিররা,O
,আহে,O
,হ্যালে,O
,হ্যায়,O
,তোমারি,O
,আল্লেহ,O
Sentence: 139,আর,O
,হ্যায়,O
,যদি,O
,ফিররা,O
,না,O
,আহে,O
,হ্যালে,O
,হ্যায়,O
,কহনোই,O
,তোমার,O
,আআল্লেহ,O
,না,O
Sentence: 140,যহন,O
,কোনো,O
,ব্যাডা,O
,কোনো,O
,বেডিরে,O
,ভালবাসে,O
,তহন,O
,হ্যায়,O
,হ্যার,O
,লইজ্ঞা,O
,বেবাক,O
,কিছু,O
,করতে,O
,পারে,O
Sentence: 141,মোহে,O
,মোহে,O
,বেবাক,O
,সময়,O
,ভালোবাসি,O
,ভালবাসি,O
,কওয়ার,O
,চাইয়া,O
,মোর,O
,মনে,O
,হয়,O
,ভালোবাসার,O
,মানুডারে,O
,জানতে,O
,পারা,O
,বেমালা,O
,বড়,O
,বিষয়,O
Sentence: 142,ভালোবাসা,O
,মানে,O
,নিজেগো,O
,জানতে,O
,পারে,O
Sentence: 143,মুই,O
,যে,O
,মানুডারে,O
,ভালবাসমু,O
,হ্যারে,O
,যদি,O
,না,O
,বোঝতে,O
,পারি,O
,হ্যালে,O
,হেই,O
,পেরেমের,O
,কোনো,O
,মানে,O
,আছে,O
,বইলা,O
,মনে,O
,হয়,O
,না,O
Sentence: 144,নিজে,O
,অসুখী,O
,হইয়া,O
,অন্যরে,O
,ভালোবাইসা,O
,সুখী,O
,করা,O
,যায়না,O
Sentence: 145,কেউ,O
,আমনের,O
,জীবনে,O
,সুখ,O
,আইনা,O
,দেবে,O
,ভাইবা,O
,কারো,O
,লগে,O
,পেরেমে,O
,জরাইবেন,O
,না,O
Sentence: 146,আমনে,O
,কারো,O
,জীবনে,O
,সুখ,O
,আইনা,O
,দেবেন,O
,ভাইবা,O
,পেরেম,O
,করেন,O
Sentence: 147,সত্য,O
,ভালোবাসা,O
,খালি,O
,ভালোবাসার,O
,মানুডারে,O
,সুখী,O
,করতে,O
,চায়,O
,হ্যার,O
,থাইকা,O
,কোনো,O
,কিছু,O
,আশা,O
,করে,O
,না,O
Sentence: 148,ভালোবাসা,O
,মানে,O
,কাউরে,O
,জেতা,O
,না,O
,উলডা,O
,নিজেই,O
,কারো,O
,লইজ্ঞা,O
,ঠইগা,O
,যাওয়া,O
Sentence: 149,আমনে,O
,কহনোই,O
,পারবেন,O
,না,O
,অন্য,O
,কারোর,O
,ভালোবাসারে,O
,ছিনাইয়া,O
,লইতে,O
,বা,O
,জোর,O
,কইরা,O
,আর,O
,একজনের,O
,ভালো,O
,লাগার,O
,মানু,O
,হইতে,O
Sentence: 150,চোখের,O
,সামনে,O
,যাগো,O
,দেখছেন,O
,হ্যাগো,O
,কাইলগো,O
,বেইননাকালে,O
,আর,O
,দ্যাখতে,O
,পাইবেন,O
,নিহি,O
,হ্যার,O
,কোনো,O
,ঠিক,O
,নাই,O
Sentence: 151,ভালো,O
,লাগে,O
,তোমার,O
,হেই,O
,কাজল,B-OBJ
,কালো,B-COL
,চোউখ,O
Sentence: 152,তোমার,O
,মনের,O
,কথা,O
,আইজ,O
,মোরে,O
,খুইল্লা,O
,কও,O
Sentence: 153,মোর,O
,হাতটা,O
,ধইরা,O
,সামনের,O
,দিক,O
,আউজ্ঞাইয়া,O
,লও,O
,পিছে,O
,ঘুইররা,O
,আর,O
,মোরা,O
,দেখমু,O
,না,O
Sentence: 154,গোলাপ,B-OBJ
,ফুল,I-OBJ
,দিমু,O
,মুই,O
,তোমার,O
,হাতে,O
Sentence: 155,এই,O
,মন,O
,আইজ,O
,তোমারে,O
,দিলাম,O
Sentence: 156,তোমার,O
,হেই,O
,মোন,O
,মুই,O
,নিয়া,O
,নিলাম,O
Sentence: 157,হাজার,O
,কথার,O
,মইধ্যে,O
,এউক্কা,O
,মনের,O
,কথা,O
,পলাইয়া,O
,থাহে,O
Sentence: 158,বেবাক,O
,কথা,O
,মোহে,O
,কইয়া,O
,দেওয়া,O
,যায়না,O
Sentence: 159,হাজার,O
,কথার,O
,মইধ্যে,O
,হেই,O
,এউক্কা,O
,কথা,O
,বুইঝ্যা,O
,লইতে,O
,হয়,O
Sentence: 160,যতদিন,O
,বাইচ্চা,O
,থাহি,O
,তোমারে,O
,মনে,O
,রাখমু,O
Sentence: 161,যত,O
,কষ্ট,O
,হোউক,O
,বেবাক,O
,মাইনা,O
,নিমু,O
,হেইরপরেও,O
,হারাজীবন,O
,তোমারেই,O
,ভালোবাসমু,O
Sentence: 162,দ্যাহো,O
,কত,O
,সুন্দর,O
,মিষ্টি,O
,চাঁন্দের,O
,মিষ্টি,O
,আলো,O
Sentence: 163,ফুলে,B-OBJ
,ফুলে,B-OBJ
,সাজাইয়া,O
,রাখছি,O
,মোর,O
,এই,O
,মোন,O
,তুমি,O
,আইলে,O
,দুইজন,O
,মিল্লা,O
,সাজামু,O
,জীবন,O
Sentence: 164,পড়াল্যাহা,O
,কইররা,O
,কি,O
,হইবে,O
,যদি,O
,তোমারেই,O
,না,O
,পাই,O
Sentence: 165,মাইয়াগো,O
,পোস্ট,O
,হইতেয়াছে,O
,মাছের,B-LOC
,বাজার,I-LOC
,হগলডি,O
,আইয়া,O
,ভীর,O
,করে,O
Sentence: 166,পোলাগো,O
,পোস্ট,O
,হইতেয়াছে,O
,সোনার,O
,দোকান,O
,হেইহার,O
,লইজ্ঞা,O
,কম,O
,লোকই,O
,এহানে,O
,আহে,O
Sentence: 167,পেরতেক,O
,দিন,O
,ঘুমাইয়া,O
,পড়ার,O
,আগে,O
,ভাবি,O
,যাই,O
,হউক,O
,বিয়া,O
,করার,O
,আর,O
,এউক্কা,O
,দিন,O
,আগাই,O
,আইছে,O
Sentence: 168,বিয়াতে,O
,পোলাগো,B-REL
,পক্ষ,I-REL
,দাবি,O
,করছেলে,O
,দুজ্ঞা,O
,সোনার,B-OBJ
,জিনিস,I-OBJ
,চাই,O
,মাইয়া,B-REL
,পক্ষ,I-REL
,হেইয়াতেই,O
,রাজি,O
,হইয়া,O
,গ্যালো,O
Sentence: 169,এই,O
,সময়ে,O
,পেরেম,O
,ছাড়া,O
,মানু,O
,খুঁইজ্জা,O
,পাওয়াটা,O
,অসম্ভব,O
Sentence: 170,মিষ্টি,O
,হাসি,O
,দিয়া,O
,কথা,O
,কইয়া,O
,পাগল,O
,কইরা,O
,দেলে,O
Sentence: 171,তোমারে,O
,লইয়া,O
,হারাইয়া,O
,যামু,O
,আকাশের,O
,নীলে,O
Sentence: 172,লও,O
,কিছু,O
,না,O
,মাইনা,O
,ভালোবাসি,O
Sentence: 173,লও,O
,দুইজন,O
,মিল্লা,O
,সুখের,O
,পীরথিবী,B-LOC
,সাজাই,O
Sentence: 174,তোমারে,O
,লইয়া,O
,মোর,O
,হগল,O
,ভাবনা,O
Sentence: 175,তোমারে,O
,মোনে,O
,রাখমু,O
,বেবাক,O
,সময়,O
Sentence: 176,তুমি,O
,যদি,O
,চাও,O
,বইশ্যা,O
,হইবে,O
,আইজগো,O
Sentence: 177,লও,O
,দুইজন,O
,হাত,O
,ধইরা,O
,হারামু,O
Sentence: 178,তোমারে,O
,ছুইয়া,O
,দেতে,O
,চাই,O
,অনুমতি,O
Sentence: 179,এই,O
,ছবির,O
,বেবাক,O
,গান,O
,বেমালা,O
,পছন্দ,O
,আল্লেহ,O
,আর,O
,এহনো,O
,আছে,O
Sentence: 180,সত্যের,O
,ভালবাসা,O
,হারে,O
,না,O
,মিছা,O
,ভালোবাসা,O
,ঠইগা,O
,যায়,O
Sentence: 181,এই,O
,হেই,O
,সোনালী,O
,যুগের,O
,হেই,O
,পুরান,O
,গান,O
,যে,O
,গান,O
,হুনলে,O
,বুকটা,O
,ভইরা,O
,যায়,O
Sentence: 182,যতবার,O
,দেহি,O
,ততোবার,O
,ভালো,O
,লাগে,O
,মৌসুমীরে,B-PER
,গানডায়,O
,বেমালা,O
,সুন্দর,O
,লাগতেয়াছে,O
Sentence: 183,এহনও,O
,ভালো,O
,লাগে,O
,গানডা,O
Sentence: 184,কালা,B-COL
,আর,O
,লাল,B-COL
,শাড়িতে,B-OBJ
,মৌসুমী,B-PER
,আফা,O
,রে,O
,বেমালা,O
,সুন্দর,O
,লাগে,O
Sentence: 185,মনে,O
,পইড়া,O
,যায়,O
,মোর,O
,ভালোবাসার,O
,মানুডার,O
,কথা,O
Sentence: 186,গানডা,O
,হুনলেই,O
,পুরান,O
,কথা,O
,মনে,O
,পড়ে,O
Sentence: 187,এই,O
,ছবির,O
,বেবাক,O
,গানগুলা,O
,বেমালা,O
,সুন্দর,O
Sentence: 188,হগোল,O
,সময়,O
,গানগুলা,O
,বেমালা,O
,ভালো,O
,লাগে,O
,হোনতে,O
Sentence: 189,মৌসুমী,B-PER
,আফারে,O
,কইছি,O
,এইরহম,O
,এউক্কা,O
,ছবি,O
,মোগো,O
,আবার,O
,উপহার,O
,দেন,O
Sentence: 190,মৌসুমী,B-PER
,আসলেই,O
,বেমালা,O
,সুন্দরী,O
,মুই,O
,ধার,O
,দিয়া,O
,দেখছি,O
Sentence: 191,এককালে,O
,হয়তো,O
,এই,O
,পিরথিবির,B-LOC
,মায়া,O
,কাডাইয়া,O
,চইলা,O
,যামু,O
,পরপারে,O
Sentence: 192,চোখ,O
,খুললেই,O
,দেহি,O
,তোমারে,O
,চোখ,O
,বোঝলেই,O
,পাই,O
,আরো,O
,ধারে,O
Sentence: 193,আরো,O
,বেমালা,O
,ভালবাসা,O
,মুই,O
,দেতে,O
,চাই,O
Sentence: 194,এই,O
,গান,O
,মোর,O
,বেমালা,O
,পছন্দ,O
,এহনও,O
,হুনি,O
,ম্যালা,O
,সুন্দর,O
,এউক্কা,O
,অনুভূতি,O
,কাম,O
,করে,O
Sentence: 195,যৌবন,O
,আওয়ার,O
,আগেই,O
,হ্যারে,O
,ভালো,O
,বাসছিলাম,O
,আবার,O
,যৌবন,O
,ফুরাইয়া,O
,যাওয়ার,O
,পরেও,O
,হ্যারেই,O
,ভালবাসমু,O
Sentence: 196,সাত,O
,বছর,O
,পর,O
,খুইজা,O
,পাইছি,O
,মোর,O
,পছন্দের,O
,গানডা,O
Sentence: 197,জীবনে,O
,বেমালা,O
,গান,O
,হুনি,O
,হেরপরেও,O
,কির,O
,লইজ্ঞা,O
,জানি,O
,না,O
,এই,O
,গানগুলার,O
,নাহান,O
,এত,O
,ভালো,O
,লাগে,O
,না,O
Sentence: 198,যহন,O
,গানডা,O
,নতুন,O
,বাইর,O
,হইল্লে,O
,তহন,O
,বেমালা,O
,হুনছি,O
Sentence: 199,এই,O
,গানডা,O
,যে,O
,কয়বার,O
,হুনছি,O
,হ্যার,O
,কোনো,O
,হিসাব,O
,নাই,O
Sentence: 200,গেদাকালের,O
,সৃতি,O
,মনে,O
,পইড়া,O
,যায়,O
Sentence: 201,ক্যাবল,O
,এউক্কা,O
,বছর,O
,পর,O
,গানডার,O
,বয়স,O
,এক,O
,যুগ,O
,হইবে,O
Sentence: 202,সামনের,O
,দিনে,O
,মোর,O
,পোলা,B-REL
,মাইয়া,B-REL
,যহন,O
,এইসব,O
,গান,O
,দ্যাখবে,O
,হ্যার,O
,আব্বা,B-REL
,কতো,O
,রোমান্টিক,O
,আল্লেহ,O
Sentence: 203,এই,O
,গানডা,O
,কয়বার,O
,হুনছি,O
,মুই,O
,নিজেই,O
,জানি,O
,না,O
Sentence: 204,এইরাম,O
,চলে,O
,যাবে,O
,সময়,O
,তয়,O
,থাকবে,O
,এইসব,O
,কিছু,O
,গান,O
Sentence: 205,তাগো,O
,বেমালা,O
,ধন্যবাদ,O
,যারা,O
,গান,O
,গুলা,O
,উপহার,O
,দিয়া,O
,গ্যাছেন,O
Sentence: 206,রুমি,B-PER
,ভাইয়া,B-REL
,আবার,O
,ফিররা,O
,আহো,O
,বেবাকের,O
,মইধ্যে,O
,নতুন,O
,গান,O
,লইয়া,O
Sentence: 207,পুরান,O
,দিনের,O
,কথা,O
,মনে,O
,পইড়া,O
,গেলো,O
Sentence: 208,হারাইয়া,O
,গ্যাছে,O
,বেমালা,O
,কিছু,O
,ম্যালা,O
,কাছের,O
,মানু,O
Sentence: 209,শুধু,O
,গানডা,O
,যেমন,O
,আল্লেহো,O
,সেরম,O
,ই,O
,রইয়া,O
,গ্যাছে,O
Sentence: 210,হেই,O
,গান,O
,গুলা,O
,লইয়া,O
,ম্যালা,O
,আবেগ,O
,আছে,O
Sentence: 211,এই,O
,গানডা,O
,হুইননা,O
,চোখে,O
,পানি,O
,চইলা,O
,আইছে,O
Sentence: 212,এইসব,O
,গান,O
,গেদাকাল,O
,গোনে,O
,হুইননা,O
,বড়,O
,হইছি,O
Sentence: 213,এই,O
,গানডা,O
,হুইননা,O
,মনে,O
,হইলো,O
,মুই,O
,বাংলাদেশ,B-LOC
,গোনে,O
,ঘুইরা,O
,আইছি,O
Sentence: 214,এই,O
,ছবিডা,B-OBJ
,দেখলে,O
,বোঝা,O
,যায়,O
,মোগো,O
,দেশের,B-LOC
,লইজ্ঞা,O
,বেমালা,O
,কষ্ট,O
,করছে,O
,মুক্তিযোদ্ধা,B-ROLE
,ভাইগুলা,I-ROLE
Sentence: 215,মোরা,O
,জীবনে,O
,ভুলতে,O
,পারমু,O
,না,O
Sentence: 216,যতদিন,O
,পিরথিবির,B-LOC
,বুকে,O
,বাংলাদেশ,B-LOC
,নামডা,O
,থাকবে,O
,হেইদিন,O
,পর্যন্ত,O
,এই,O
,গানডা,O
,চলতে,O
,থাকবে,O
Sentence: 217,মুক্তিযুদ্ধের,B-ROLE
,ভাইগুলা,I-ROLE
,মোগো,O
,লইজ্ঞা,O
,বেমালা,O
,কষ্ট,O
,করছে,O
Sentence: 218,গানডা,O
,হুইননা,O
,মোর,O
,বেমালা,O
,ভালো,O
,লাগছে,O
Sentence: 219,গানডা,O
,শুইন্যা,O
,চোখে,O
,পানি,O
,চইল্যা,O
,আইছে,O
,হাছাইও,O
,ম্যালা,O
,ভালো,O
,লাগলো,O
Sentence: 220,ভারতীয়,B-ROLE
,হইয়াও,O
,যেন,O
,কোম্মে,O
,মুই,O
,বাংলাদেশি,B-ROLE
,অনুভব,O
,করতেয়াছি,O
Sentence: 221,আইজগো,O
,এই,O
,দিনে,O
,বাংলাদেশরে,B-LOC
,বেমালা,O
,মনে,O
,পরে,O
Sentence: 222,হেই,O
,ল্যাদাকালের,O
,কথা,O
,মনে,O
,পইড়া,O
,যায়,O
,যতবার,O
,গানডা,O
,হুনি,O
,আগেরকালে,O
,ফিররা,O
,যাই,O
Sentence: 223,এই,O
,ল্যাদা,O
,পোলাডা,O
,এউক্কা,O
,বল,B-OBJ
,দিয়া,O
,খেলতেয়াছে,O
Sentence: 224,বেডাডা,O
,ফোনে,B-OBJ
,কথা,O
,কইতেয়াছে,O
Sentence: 225,বাইরের,O
,গোডা,O
,চাইরে,O
,মানু,O
,ঘুইরা,O
,বেরাইতাছে,O
Sentence: 226,রাইতে,O
,একদল,O
,মানু,O
,একলগে,O
,বাইরে,O
,বইয়া,O
,থাহে,O
Sentence: 227,তুমি,O
,ছাড়া,O
,সময়ডা,O
,মোর,O
,নাহান,O
,কইরা,O
,গুছাইয়া,O
,লওয়ার,O
,চেষ্টা,O
,করছি,O
Sentence: 228,আইজ,O
,তোমার,O
,মাইয়া,B-REL
,লইয়া,O
,হারা,O
,বইমেলা,B-LOC
,ঘুরছি,O
,তয়,O
,কোনো,O
,সুখ,O
,পাই,O
,নাই,O
Sentence: 229,তোমার,O
,পছন্দের,O
,কতডি,O
,বই,B-OBJ
,কিনছি,O
Sentence: 230,হগল,O
,কিছু,O
,কিরহম,O
,ঠাণ্ডা,O
,আর,O
,খালি,O
,লাগতেয়াছে,O
Sentence: 231,মুই,O
,জানি,O
,মোগো,O
,আর,O
,কহনো,O
,এইপারে,O
,একলগে,O
,বই,B-OBJ
,পড়া,O
,হইবে,O
,না,O
Sentence: 232,তুমি,O
,নাই,O
,এই,O
,কঠিন,O
,সত্যডা,O
,মুই,O
,আইজও,O
,বিশ্বাস,O
,করতে,O
,পারতেয়াছি,O
,না,O
Sentence: 233,কির,O
,লইজ্ঞা,O
,জানি,O
,মনে,O
,হয়,O
,দিন,O
,গ্যালে,O
,তুমি,O
,বাড়ি,O
,ফেরবা,O
Sentence: 234,মুই,O
,এউক্কা,O
,সন্ধ্যায়,O
,অপিস,B-ORG
,গোনে,O
,বাড়ি,O
,ফিররা,O
,দেখমু,O
,তুমি,O
,আছো,O
,হাছাইও,O
,তুমি,O
,আছো,O
Sentence: 235,তুমি,O
,মোর,O
,মাইয়ারে,B-REL
,নিয়া,O
,ব্যস্ত,O
,সময়,O
,পার,O
,করতেয়াছো,O
Sentence: 236,মুই,O
,কোনোদিন,O
,ভাবিও,O
,নাই,O
,মোর,O
,মাইয়া,B-REL
,হ্যার,O
,মার,B-REL
,আদর,O
,ভালোবাসা,O
,থুইয়া,O
,বড়,O
,হইবে,O
,বাড়ির,O
,কামের,B-ROLE
,মানুর,I-ROLE
,ধারে।,O
Sentence: 237,দম,O
,বন্ধ,O
,হইয়া,O
,আহে,O
,চিক্কর,O
,দিয়া,O
,কানতে,O
,মন,O
,চায়,O
Sentence: 238,তুমি,O
,জানো,O
,হাছাইও,O
,বেমালা,O
,কঠিন,O
,বাপ,B-REL
,হইয়া,O
,মায়ের,B-REL
,দায়িত্ত্ব,O
,পালন,O
,করা,O
Sentence: 239,গেদুরে,O
,খালি,O
,হ্যার,O
,মার,B-REL
,কোলেই,O
,মানায়,O
Sentence: 240,তোমার,O
,মাইয়া,B-REL
,মোর,O
,কোলে,O
,আইয়া,O
,খালি,O
,তোমারে,O
,খোঁজে,O
,মনে,O
,হয়,O
Sentence: 241,তুমি,O
,চইল্যা,O
,যাওয়ার,O
,পর,O
,তোমার,O
,মাইয়া,B-REL
,কিরহম,O
,যানি,O
,ঠাণ্ডা,O
,হইয়া,O
,গ্যাছে,O
Sentence: 242,এইডা,O
,হয়তো,O
,কেউ,O
,বোঝতে,O
,পারতেয়াছে,O
,না,O
,মুই,O
,বাদে,O
Sentence: 243,মুই,O
,যে,O
,বাপ,B-REL
,মোর,O
,মাইয়ার,B-REL
,মুখের,O
,দিকে,O
,চাইয়া,O
,বেমালা,O
,কিছু,O
,বোঝতে,O
,পারি,O
Sentence: 244,এরম,O
,মানু,O
,কহনো,O
,ঠিক,O
,হয়,O
,না।,O
Sentence: 245,হ্যাগো,O
,দুজ্ঞার,O
,বিয়া,O
,হওয়ার,O
,কথা,O
,আল্লেহ,O
Sentence: 246,তয়,O
,পোলাডা,O
,হঠাৎ,O
,কইরা,O
,মাইয়াডারে,O
,না,O
,কইয়া,O
,দেশের,B-LOC
,বাইরে,I-LOC
,চইল্যা,O
,যায়,O
Sentence: 247,হ্যার,O
,মইধ্যে,O
,মাইয়াডা,O
,হ্যার,O
,পরিবারের,O
,পছন্দে,O
,বিয়া,O
,করে,O
Sentence: 248,হ্যায়,O
,মাইয়াডার,O
,লগে,O
,যোগাযোগ,O
,করে,O
Sentence: 249,মাইয়াডা,O
,কাউরে,O
,বিয়া,O
,করতে,O
,রাজি,O
,হয়,O
,না,O
Sentence: 250,ওই,O
,পোলা,O
,কোনো,O
,কিছুই,O
,হোনতে,O
,চায়না,O
,হ্যার,O
,লগে,O
,দেহা,O
,করতে,O
,চায়,O
Sentence: 251,মাইয়াডা,O
,মামলা,O
,চায়না,O
,কারণ,O
,হ্যায়,O
,বিয়াইত্তা,O
,মামলার,O
,বিষয়ডা,O
,জানলে,O
,সংসার,O
,টেকবে,O
,না,O
Sentence: 252,মোর,O
,জামাই,B-REL
,ভিন্ন,O
,ভিন্ন,O
,মাইয়ার,O
,লগে,O
,হারা,O
,রাইত,O
,জাইগা,O
,কথা,O
,কয়,O
Sentence: 253,এহন,O
,কথা,O
,হইলো,O
,মুই,O
,কাবিনের,B-OBJ
,টাহা,I-OBJ
,দিয়া,O
,দিমু,O
,পেরতেক,O
,মাসে,O
,মাসে,O
Sentence: 254,মুই,O
,সাত,O
,মাস,O
,পেরেম,O
,কইরা,O
,একজনরে,O
,বিয়া,O
,করছি,O
Sentence: 255,এহন,O
,বিয়ার,O
,পর,O
,জানতে,O
,পারি,O
,মোর,O
,জামাই,B-REL
,আগে,O
,দুজ্ঞা,O
,বিয়া,O
,করছেলে,O
Sentence: 256,মুই,O
,মনের,O
,দিক,O
,দিয়া,O
,বেমালা,O
,সমেস্যার,O
,মইধ্যে,O
,আছি,O
Sentence: 257,মোর,O
,এউক্কাই,O
,কথা,O
,পোলা,O
,মানুর,O
,ধারে,O
,কির,O
,দরকার,O
,থাকতে,O
,পারে,O
Sentence: 258,কেলাসের,O
,বেবাক,O
,মাইয়াগো,O
,লগেই,O
,মিশতাম,O
Sentence: 259,মুই,O
,ধইরা,O
,নেলাম,O
,মোর,O
,ম্যালা,O
,দোষ,O
,ম্যালা,O
,ভুল,O
Sentence: 260,তয়,O
,মোগো,O
,তিন,O
,বছরের,O
,গেদু,B-REL
,হ্যার,O
,কোম্মে,O
,দোষ,O
Sentence: 261,মোরা,O
,কই,O
,এট্টু,O
,সময়,O
,নেওয়ার,O
,লইজ্ঞা,O
,আর,O
,হ্যার,O
,বউরে,B-REL
,লইয়া,O
,আওয়ার,O
,লইজ্ঞা,O
Sentence: 262,তোমারে,O
,যেদিন,O
,কইছিলাম,O
,বিয়াডা,O
,কইরা,O
,হালাও,O
Sentence: 263,হেদিন,O
,কথাডা,O
,কইছিলাম,O
,খালি,O
,তোমার,O
,ভালোর,O
,লইজ্ঞা,O
Sentence: 264,তয়,O
,তুমি,O
,এহন,O
,এতই,O
,ভালো,O
,আছো,O
,যে,O
,মুই,O
,হেইডা,O
,মানতে,O
,পারতেয়াছি,O
,না,O
Sentence: 265,তুমি,O
,আর,O
,মোর,O
,নাই,O
,মুই,O
,এইডা,O
,মানতেই,O
,পারতেয়াছি,O
,না,O
Sentence: 266,পছন্দ,O
,কইরাই,O
,পরিবারের,O
,মাইধ্যমে,O
,বিয়া,O
,কইররা,O
,আনছে,O
Sentence: 267,মোর,O
,ভালোবাসার,O
,মানুর,O
,লগে,O
,মোর,O
,বিয়া,O
,হইছে,O
Sentence: 268,হ্যারে,O
,ছাড়া,O
,মুই,O
,মনে,O
,হয়,O
,বাঁচতে,O
,পারমু,O
,না,O
Sentence: 269,এহন,O
,আর,O
,মানের,O
,মইধ্যে,O
,মায়া,O
,ব্যাপারডা,O
,হেইরহম,O
,নাই,O
Sentence: 270,মুই,O
,মোর,O
,ছোডো,B-REL
,গেদুডারে,I-REL
,লইয়া,O
,বাপের,B-LOC
,বাড়ি,I-LOC
,যাই,O
Sentence: 271,আমনে,O
,নিজের,O
,পরিবার,O
,লইয়া,O
,বহেন,O
Sentence: 272,পরিবারে,O
,ছোডো,O
,খাডো,O
,কাইজ্জা,O
,থাহে,O
Sentence: 273,মোরে,O
,এউক্কা,O
,সাহাইয্য,O
,করবেন,O
Sentence: 274,দয়া,O
,কইরা,O
,নাম,O
,পরিচয়,O
,গোপন,O
,রাখবেন,O
Sentence: 275,মুই,O
,এউক্কা,O
,কঠিন,O
,সমস্যা,O
,লইয়া,O
,হাজির,O
,হইছি,O
Sentence: 276,এককালে,O
,পোলার,O
,মাইয়াডারে,O
,ভালো,O
,লাগবে,O
Sentence: 277,হ্যাগো,O
,চাইর,O
,বচ্ছরের,O
,এউক্কা,O
,মাইয়া,B-REL
,গেদু,I-REL
,আছে,O
Sentence: 278,গ্যাছে,O
,এক,O
,মাস,O
,আগে,O
,বউর,B-REL
,লগে,O
,কাইজ্জা,O
,কইরা,O
,জামাই,B-REL
,দেশে,B-LOC
,চইল্যা,O
,আহে,O
Sentence: 279,পোলা,O
,মাইয়া,O
,একজন,O
,আরেকজনরে,O
,বেমালা,O
,ভালোবাসে,O
Sentence: 280,হ্যায়,O
,বিয়া,O
,কইরা,O
,সুখী,O
,হইতে,O
,চায়,O
Sentence: 281,পোলা,O
,ইউরোপে,B-LOC
,পড়াল্যাহা,O
,করে,O
Sentence: 282,তয়,O
,মাইয়ার,O
,পরিবার,O
,রাজি,O
,না,O
Sentence: 283,মাইয়ারে,O
,অন্য,O
,পোলার,O
,লগে,O
,বিয়া,O
,দেওয়ার,O
,আয়োজন,O
,করে,O
Sentence: 284,বাধ্য,O
,হইয়া,O
,পোলা,O
,মাইয়া,O
,নিজেগো,O
,ইচ্ছায়,O
,বিয়া,O
,কইরা,O
,লয়,O
Sentence: 285,আইজগো,O
,দেয়ালে,B-OBJ
,পিঠ,O
,ঠ্যাকছে,O
Sentence: 286,আইজ,O
,পেরায়,O
,আঁট,O
,দিন,O
,পানি,B-FOOD
,নাই,O
Sentence: 287,তয়,O
,আসে,O
,পাশের,O
,বেবাক,O
,বাড়িতেই,O
,পানি,B-FOOD
,দিয়া,O
,দেতেয়াছে,O
,খালি,O
,মোগো,O
,বাড়িতেই,O
,পানি,B-FOOD
,দেতেয়াছে,O
,না,O
Sentence: 288,যাগো,O
,লগে,O
,ভালো,O
,সম্পর্ক,O
,আছে,O
,খালি,O
,হ্যাগো,O
,পানি,B-FOOD
,দেবে,O
,আর,O
,কাউরে,O
,দেবে,O
,না,O
Sentence: 289,জানিনা,O
,পানি,B-FOOD
,পামু,O
,কি,O
,পামু,O
,না,O
Sentence: 290,পাশ,O
,করা,O
,ডাক্তাররা,B-ROLE
,এহন,O
,ভালো,O
,অবস্থায়,O
,নাই,O
Sentence: 291,কির,O
,লইজ্ঞা,O
,এতো,O
,টাহা,B-OBJ
,ধার,O
,কইরা,B-ROLE
,ডাক্তারি,O
,পড়তে,O
,হইবে,O
Sentence: 292,যেহেতু,O
,ভর্তি,O
,হইয়া,O
,গ্যাছেন,O
,পড়াল্যাহা,O
,চালাইয়া,O
,যান,O
Sentence: 293,জামাইর,B-REL
,বিচার,O
,বউ,B-REL
,হ্যার,O
,সংসারের,O
,দায়িত্ব,O
,ঠিকমতো,O
,পালন,O
,করতেয়াছে,O
,না।,O
Sentence: 294,দুইজনই,O
,দুইজনরে,O
,সন্দেহ,O
,করে,O
Sentence: 295,বউর,B-REL
,মনে,O
,হয়,O
,জামাই,B-REL
,পরকীয়ায়,O
,আছে,O
Sentence: 296,এই,O
,বিষয়ডা,O
,লইয়া,O
,আর,O
,কথা,O
,কইতে,O
,চাইতেয়াছি,O
,না,O
Sentence: 297,আইজকাল,O
,ছোডোরাও,O
,পাত্তা,O
,দেতেয়াছে,O
,না।,O
Sentence: 298,কেউ,O
,আর,O
,ভয়,O
,পাইতেয়াছে,O
,না,O
Sentence: 299,মোর,O
,এইয়া,O
,আর,O
,মোডেও,O
,ভালো,O
,লাগতেয়াছে,O
,না,O
Sentence: 300,যারা,O
,ভাবছেলে,O
,বড়,O
,হইয়া,O
,গরিবগো,O
,সেবা,O
,করবেন,O
,তয়,O
,বড়,O
,হইয়া,O
,দেহেন,O
,নিজেই,O
,গরীব,O
Sentence: 301,বেডির,O
,বয়স,O
,হইবে,O
,আশী,O
,এর,O
,উপ্রে,O
Sentence: 302,এউক্কাই,O
,পিরথিবি,B-LOC
,তয়,O
,একেক,O
,এলাকার,B-LOC
,মানের,O
,চিন্তা,O
,একেক,O
,রহম,O
Sentence: 303,নতুনরা,O
,বেমালা,O
,কিছু,O
,শেখতে,O
,পারবে,O
,আশা,O
,করি,O
Sentence: 304,হউক,O
,ভালো,O
,কিছুর,O
,শুরুডা,O
,এরহমই,O
Sentence: 305,তুমি,O
,মোর,O
,লগে,O
,আর,O
,কথা,O
,কবা,O
,না,O
Sentence: 306,মোরা,O
,বেমালা,O
,বড়,O
,হইয়া,O
,গেছি,O
,মনে,O
,হইতেয়াছে,O
Sentence: 307,রাজকুমারীর,B-ROLE
,মায়া,O
,পিরথিবি,B-LOC
,যায়নাই,O
,আইজও,O
,ভুইল্লা,O
Sentence: 308,জীবন,O
,হইতে,O
,রং,O
,হারাইয়া,O
,গ্যাছে,O
Sentence: 309,এউক্কা,O
,রংগিন,O
,ছবি,O
,তোলতে,O
,হইবে,O
,মোগো,O
,বেবাকের,O
Sentence: 310,আর,O
,কত,O
,ছুটি,O
,কাডামু,O
Sentence: 311,পুরাডা,O
,দ্যাহার,O
,অপেক্ষায়,O
,বইয়া,O
,রইছি,O
Sentence: 312,আমনে,O
,বাইচ্চা,O
,আছেন,O
Sentence: 313,আশেপাশে,O
,কেউ,O
,থাকলে,O
,ফোন,O
,দিয়েন,O
Sentence: 314,দ্যাহা,O
,করা,O
,যাইবে,O
Sentence: 315,কিছু,O
,পাইতে,O
,হইলেই,O
,কিছু,O
,ছাড়তে,O
,হইবে,O
Sentence: 316,বাংলাদেশে,B-LOC
,মোরে,O
,হগলডি,O
,মোর,O
,ডাক,O
,নামে,O
,চেনে,O
Sentence: 317,দুই,O
,ঘণ্টা,O
,হইছে,O
,কারেন্ট,O
,যায়,O
,নাই,O
Sentence: 318,কারেন্ট,B-ORG
,অপিসের,I-ORG
,ব্যাডাডা,O
,কি,O
,মইরা,O
,গ্যালে,O
,নিহি,O
Sentence: 319,হেইবার,O
,আমি,O
,পেরায়,O
,চার,O
,মাস,O
,পরে,O
,বাসায়,O
,গেল্লাম,O
Sentence: 320,বাপের,B-REL
,মোহের,O
,দিকে,O
,চাইয়া,O
,কেমন,O
,জানি,O
,এউক্কা,O
,ফাঁকা,O
,ফাঁকা,O
,অনুভব,O
,করলাম,O
Sentence: 321,কবে,O
,যে,O
,মোর,O
,স্বপ্নডা,O
,পুরোন,O
,হইবে,O
Sentence: 322,আমনে,O
,কি,O
,আমনের,O
,হাত,O
,ধুইতে,O
,পারেন,O
Sentence: 323,আমনে,O
,কি,O
,খামারের,B-LOC
,পশু,B-ANI
,পছন্দ,O
,করেন,O
Sentence: 324,মুই,O
,মোর,O
,পরিবারের,O
,লগে,O
,কথা,O
,কইতে,O
,চাই,O
Sentence: 325,মোর,O
,পরিবারে,O
,মুই,O
,মা,B-REL
,আব্বা,B-REL
,আর,O
,এউক্কা,O
,ছোডো,B-REL
,বুইন,I-REL
Sentence: 326,মোগো,O
,বেবাকডি,O
,একসময়,O
,একলগে,O
,আছি,O
Sentence: 327,মোরা,O
,বেমালা,O
,খুশি,O
Sentence: 328,মোগো,O
,পরিবারে,O
,খুশির,O
,বাইরে,O
,কোনো,O
,কাইজ্জা,O
,নাই,O
Sentence: 329,মোর,O
,দোস্তোরা,B-REL
,মোর,O
,জীবনের,O
,বেমালা,O
,দরকারি,O
,অংশ,O
Sentence: 330,মুই,O
,হারা,O
,সময়,O
,মোর,O
,গেরামের,B-LOC
,মানের,O
,পাশে,O
,থাকতে,O
,চাই,O
Sentence: 331,বেমালা,O
,সুন্দর,O
Sentence: 332,আমনের,O
,ল্যাহা,O
,অসাধারণ,O
Sentence: 333,আমনের,O
,ছবি,B-OBJ
,দেইক্ষা,O
,বেমালা,O
,ভালো,O
,লাগছে,O
Sentence: 334,অসাধারণ,O
,কইরা,O
,ল্যাখছেন,O
Sentence: 335,মোর,O
,ভালো,O
,লাগলো,O
,আমনের,O
,কথা,O
,পইড়া,O
Sentence: 336,আমনের,O
,এই,O
,পোস্টটা,O
,বেমালা,O
,দরকারি,O
Sentence: 337,আমনের,O
,সুন্দর,O
,সুন্দর,O
,ছবিগুলা,B-OBJ
,দেইখা,O
,সুখ,O
,পাইছি,O
Sentence: 338,আমনে,O
,ম্যালা,O
,সুন্দর,O
,মতো,O
,সমেস্যাডা,O
,সমাধান,O
,করছেন,O
Sentence: 339,আমনের,O
,ব্লগডা,O
,পইড়া,O
,বেমালা,O
,কিছু,O
,শেখতে,O
,পারছি,O
Sentence: 340,মুই,O
,আমনের,O
,কামরে,O
,ভালোবাসি,O
Sentence: 341,আমনের,O
,ল্যাহার,O
,ধরন,O
,ম্যালা,O
,সুন্দর,O
Sentence: 342,আমনের,O
,ছবিডা,B-OBJ
,দেইখ্যা,O
,মোন,O
,ভইরা,O
,গেলো,O
Sentence: 343,ম্যালা,O
,সুন্দর,O
,কথা,O
,কইছেন,O
Sentence: 344,আমনের,O
,মজার,O
,মজার,O
,কথা,O
,হুনলে,O
,হারা,O
,দিন,O
,মোন,O
,ভালো,O
,থাহে,O
Sentence: 345,এক,O
,দিন,O
,সুন্দর,O
,এউক্কা,O
,বাগানে,B-LOC
,এউক্কা,O
,মাইয়া,O
,হাঁটতেয়াছেলে,O
Sentence: 346,হ্যায়,O
,আকাশে,O
,উড়তে,O
,থাহা,O
,পাখির,B-ANI
,গান,O
,হোনতেই,O
,মন,O
,খুশি,O
,হইয়া,O
,ওঠতে,O
Sentence: 347,হেই,O
,ফুলগুলার,B-OBJ
,রংগিন,O
,মেলা,O
,দেইখ্যা,O
,মোন,O
,ভইরা,O
,যায়,O
Sentence: 348,হ্যার,O
,লগে,O
,থাহা,O
,পুতুলগুলা,B-OBJ
,হেই,O
,মাইয়ার,O
,লগে,O
,খেলতে,O
,আহে,O
Sentence: 349,হ্যায়,O
,আরো,O
,এউক্কা,O
,দোস্তো,B-ROLE
,বানাইতে,O
,চায়,O
,যার,O
,নাম,O
,আল্লেহ,O
,রাহাত,B-PER
Sentence: 350,তোমার,O
,দোস্তোরা,B-REL
,আসলেই,O
,ভালো,O
,মনের,O
,মানু,O
Sentence: 351,তোমার,O
,দোস্তোরা,B-REL
,বেবাকডি,O
,বেমালা,O
,মেধাবী,O
Sentence: 352,তোমার,O
,দোস্তোগো,B-REL
,লগে,O
,থাকতে,O
,বেমালা,O
,ভালো,O
,লাগে,O
Sentence: 353,বিয়ার,O
,পর,O
,মোডা,O
,হইবে,O
,এমন,O
,স্বপ্ন,O
,লইয়া,O
,বাইচ্চা,O
,রইছে,O
,হাজারো,O
,হুগনা,O
,মাইয়া,O
Sentence: 354,মাইয়ারা,O
,যে,O
,হারে,O
,ভদ্র,O
,পোলা,O
,খুঁজতেয়াছে,O
,ভয়,O
,লাগতেয়াছে,O
,কোন,O
,দিন,O
,মুইও,O
,কিডন্যাপ,O
,হইয়া,O
,না,O
,যাই,O
Sentence: 355,যহন,O
,তোমার,O
,একলা,O
,লাগবে,O
,তুমি,O
,হারাদিকে,O
,কিছুই,O
,দ্যাখতে,O
,পাবা,O
,না,O
Sentence: 356,আইজ,O
,সিঙ্গেল,O
,দেইখ্যা,O
,কারো,O
,লইজ্ঞা,O
,হাত,O
,কাটতে,O
,পারি,O
,না,O
Sentence: 357,সিনেমায়,O
,বিয়ার,O
,পর,O
,কেচ্ছা,O
,শেষ,O
,হইয়া,O
,যায়,O
,আর,O
,বাস্তব,O
,জীবনে,O
,বিয়ার,O
,পরই,O
,সিনেমা,O
,শুরু,O
,হয়,O
Sentence: 358,আইজ,O
,গরীব,O
,দেইখ্যা,O
,পিরথিবিতে,B-LOC
,থাহি,O
,বড়লোক,O
,হইলে,O
,মঙ্গল,B-LOC
,গ্রহে,I-LOC
,থাকতাম,O
Sentence: 359,খালি,O
,মাইয়ারাই,O
,পারে,O
,অবলা,O
,পোলাগো,O
,সহজ,O
,সরল,O
,মনডা,O
,রে,O
,ফুটবল,B-OBJ
,ভাইবা,O
,খেলা,O
,করতে,O
Sentence: 360,মাঝে,O
,মইধ্যে,O
,মোন,O
,চায়,O
,থাইম্মা,O
,থাহা,O
,গাড়ির,B-OBJ
,তলে,O
,পইড়া,O
,মইরা,O
,যাই,O
Sentence: 361,বউরে,B-REL
,ভালোবাসতে,O
,শেখেন,O
,তয়,O
,কার,O
,বউ,B-REL
,হেইডা,O
,দেহার,O
,ব্যাপার,O
,না,O
Sentence: 362,এউক্কা,O
,বার,O
,ধরলে,O
,হাত,O
,ছাড়বেননা,O
,কহনো,O
,রোগা,O
,পাতলা,O
,মাইয়া,O
,গুলারে,O
,দেইখা,O
,মনে,O
,হয়,O
,ভিটামিনের,B-OBJ
,বোতল,I-OBJ
,কিন্যা,O
,দেই,O
Sentence: 363,স্বপ্ন,O
,দেখলাম,O
,কেরাসের,O
,লগে,O
,ঘোরতে,O
,গেছি,O
,হেইয়ার,O
,পর,O
,যা,O
,হইলো,O
,সব,O
,ইতিহাস,O
Sentence: 364,যহন,O
,ভাবি,O
,তুমি,O
,ছাড়া,O
,মোর,O
,জীবনডা,O
,আন্ধার,O
,ঠিক,O
,তহনই,O
,কারেন্ট,O
,চইলা,O
,আহে,O
Sentence: 365,বউ,B-REL
,হারাইলে,O
,বউ,B-REL
,পাওয়া,O
,যায়,O
,তয়,O
,দোস্তোরে,B-REL
,টাহা,B-OBJ
,দেলে,O
,হেইডা,O
,আর,O
,ফেরত,O
,পাওয়া,O
,যায়,O
,না,O
Sentence: 366,চুল,O
,পড়ার,O
,সমেস্যা,O
,লইয়া,O
,ডাক্তারের,B-ROLE
,ধারে,O
,গেল্লাম,O
,যাইয়া,O
,দেহি,O
,ডাক্তার,B-ROLE
,নিজেই,O
,টাকলা,O
Sentence: 367,ভাল,O
,মানু,O
,বোলে,O
,বেশি,O
,দিন,O
,বাঁচে,O
,না,O
,এইডা,O
,হোনার,O
,পর,O
,বেমালা,O
,টেনশনে,O
,আছি,O
Sentence: 368,তোরে,O
,ভুইল্লা,O
,যাওয়ার,O
,লইজ্ঞা,O
,মুই,O
,ভালোবাসি,O
,নাই,O
Sentence: 369,নিজেরে,O
,কহনো,O
,বেকার,O
,ভাববেন,O
,না,O
,মনে,O
,রাখবেন,O
,আমনের,O
,শরীলের,O
,রক্ত,O
,দিয়া,O
,হাজারও,O
,মশার,B-ANI
,সংসার,O
,চলে,O
Sentence: 370,বাবু,O
,খাইছো,O
,কওয়ার,O
,মানুডা,O
,নাই,O
,দেইখ্যা,O
,আইজও,O
,মুই,O
,এত,O
,হুগনা,O
Sentence: 371,পাশের,O
,বাড়ির,O
,মাইয়াডারে,O
,ভালো,O
,লাগছেলে,O
,পরে,O
,জানতে,O
,পারছি,O
,মাইয়াডা,O
,ছুটির,O
,দিনেও,O
,কলেজে,B-ORG
,যায়,O
Sentence: 372,আইজ,O
,মুই,O
,হুগনা,O
,হেইয়ার,O
,লইজ্ঞা,O
,মানু,O
,মোরে,O
,লইয়া,O
,উলডা,O
,পালডা,O
,সন্দেহ,O
,করে,O
Sentence: 373,কেউ,O
,মোর,O
,মায়রে,B-REL
,কইয়া,O
,দেও,O
,মুই,O
,বিয়া,O
,করমু,O
Sentence: 374,হাসতে,O
,হাসতে,O
,সিগারেট,B-OBJ
,খাওয়া,O
,পোলাডা,O
,এক,O
,দিন,O
,কাশতে,O
,কাশতে,O
,মইরা,O
,যাইবে,O
Sentence: 375,কোন,O
,এউক্কা,O
,রাইতে,O
,তুমি,O
,আর,O
,মুই,O
,একলগে,O
,বইয়া,O
,চান,O
,দেখমু,O
Sentence: 376,আমনেগো,O
,কি,O
,শুক্কুরবার,O
,বেইন্নাকালে,O
,সময়,O
,হইবে,O
Sentence: 377,যদি,O
,মুই,O
,ভুল,O
,করি,O
,তাইলে,O
,মোরে,O
,দয়া,O
,কইরা,O
,শুধরাইয়া,O
,দেবেন,O
Sentence: 378,মুই,O
,কি,O
,খালি,O
,এউক্কা,O
,জিনিস,O
,কইতে,O
,পারি,O
,দয়া,O
,কইরা,O
Sentence: 379,আমনের,O
,কোনো,O
,প্রোশ্নো,O
,আছে,O
Sentence: 380,এউক্কা,O
,কথাও,O
,আর,O
,কইয়ো,O
,না,O
Sentence: 381,আমনেরা,O
,যারা,O
,মোরে,O
,এহনো,O
,চেনেন,O
,না,O
Sentence: 382,হ্যায়,O
,মোর,O
,লগে,O
,দেহা,O
,করছে,O
Sentence: 383,মুই,O
,পাঁচ,O
,বছর,O
,চাকরি,O
,করছেলাম,O
Sentence: 384,মোর,O
,কোলো,O
,সোভিয়েত,B-LOC
,দেশ,I-LOC
,ভালো,O
,লাগতো,O
Sentence: 385,বেমালা,O
,গুলা,O
,রাশিয়ান,O
,শব্দ,O
,শেখছিলাম,O
Sentence: 386,আচুক্কা,O
,শীত,O
,কইরা,O
,উঠলো,O
,মোর,O
Sentence: 387,হিতানে,B-OBJ
,হুইয়া,O
,টিবি,B-OBJ
,দ্যাখতেয়াছেলাম,O
Sentence: 388,কিছু,O
,মনে,O
,করবেন,O
,না,O
,আমনারে,O
,এউক্কা,O
,কথা,O
,কমু,O
Sentence: 389,মোরা,O
,কিচ্ছু,O
,বোঝতাম,O
,না,O
Sentence: 390,হেই,O
,রহম,O
,খারাপ,O
,পোলার,O
,পাল্লায়,O
,পরলে,O
,সর্বনাশ,O
,হইয়া,O
,যাই্তে,O
Sentence: 391,এউক্কা,O
,ছোডো,B-LOC
,গেরামে,I-LOC
,এউক্কা,O
,মাইয়া,O
,আল্লেহ,O
Sentence: 392,মাইয়াডার,O
,এউক্কা,O
,ভালো,O
,দোস্তো,B-REL
,আল্লেহ,O
Sentence: 393,হ্যাগো,O
,পেরতেকদিন,O
,একলগে,O
,খেলা,O
,হরতে,O
,পছন্দ,O
,আল্লেহ,O
Sentence: 394,মোরা,O
,হেইহানে,O
,বেমালা,O
,মজা,O
,করমু,O
Sentence: 395,হ্যারা,O
,এউক্কা,O
,দূর,O
,পাহাড়ের,B-LOC
,দিকে,O
,যাওয়ার,O
,রাস্তায়,O
,এউক্কা,O
,পুহুইর,B-LOC
,দেখলো,O
Sentence: 396,পুহুইরে,B-LOC
,বেমালা,O
,সুন্দর,O
,এউক্কা,O
,পক্ষি,B-ANI
,দ্যাখতে,O
,পাইলো,O
Sentence: 397,মোরা,O
,তো,O
,পক্ষির,B-ANI
,নাহান,O
,ওরতে,O
,পারি,O
,না,O
Sentence: 398,মোর,O
,দাঁতে,O
,একছের,O
,ব্যতা,O
,করতেয়াছে,O
Sentence: 399,মোর,O
,মাথায়,O
,একছের,O
,ব্যতা,O
,করতেয়াছে,O
Sentence: 400,সোহাগ,B-PER
,নামের,O
,এউক্কা,O
,পোলা,O
,আল্লেহ,O
Sentence: 401,হাজারো,O
,স্মৃতি,O
,জড়াইয়া,O
,আছে,O
,এই,O
,গানডার,O
,মইধ্যে,O
Sentence: 402,মুই,O
,এহন,O
,বেমালা,O
,বড়,O
,হইয়া,O
,গেছি,O
Sentence: 403,এহন,O
,আবার,O
,একটা,O
,মাইয়ারে,O
,বেমালা,O
,ভালবাসি,O
Sentence: 404,কান্দন,O
,আইয়া,O
,পরে,O
,এই,O
,গানডা,O
,হোনলেই,O
Sentence: 405,জীবন,O
,দিয়া,O
,ক্যাম্নে,O
,এত,O
,হওালে,O
,দিন,O
,গুলান,O
,কাইট্টা,O
,গ্যালে,O
,হিসাব,O
,মিলাইত,O
,পারিনা,O
Sentence: 406,ভালোবাসা,O
,মানেই,O
,হইলে,O
,মানের,O
,জীবন,O
Sentence: 407,এই,O
,ভালোবাসা,O
,না,O
,থাকলে,O
,মানের,O
,জীবনে,O
,সুখের,O
,আশা,O
,করাডাই,O
,ভুল,O
Sentence: 408,কোন,O
,কিছুই,O
,এক্কালে,O
,সহজে,O
,হারাইয়া,O
,যায়,O
,না,O
Sentence: 409,কেসসা,O
,কতা,O
,জহনই,O
,আয়,O
,তহনই,O
,মোগো,O
,গেদুগো,O
,কতা,O
,মনে,O
,পড়ে,O
Sentence: 410,গেদুরা,O
,আসলে,O
,কেসসা,O
,হোনতে,O
,একছের,O
,ভালোবাসে,O
Sentence: 411,মোর,O
,মনে,O
,হয়,O
,মোগো,O
,এইহানে,O
,শ্যাষ,O
,করা,O
,উচিত,O
Sentence: 412,যদি,O
,সময়,O
,পাওন,O
,যায়,O
,মোরা,O
,আরো,O
,দেহুম,O
Sentence: 413,আম্নের,O
,লগে,O
,দেহা,O
,হইয়া,O
,আসলেই,O
,খুব,O
,ভাল,O
,লাগজে,O
Sentence: 414,মোরে,O
,এহন,O
,ঘুমাইতে,O
,দ্যান,O
Sentence: 415,মুই,O
,আম্মের,O
,লগে,O
,পরে,O
,দেহা,O
,করমু,O
Sentence: 416,লও,O
,পড়াশুনা,O
,করি,O
Sentence: 417,লও,O
,একখান,O
,বিরতি,O
,লই,O
Sentence: 418,লও,O
,জিরাইয়া,O
,নেওয়া,O
,জাউক,O
Sentence: 419,মুই,O
,কি,O
,দয়া,O
,কইররা,O
,এইহানে,O
,আইতে,O
,পারি,O
Sentence: 420,যেহেতু,O
,বেবাক,O
,এইহানে,O
,আছে,O
,মোগো,O
,শুরু,O
,করা,O
,উচিত,O
,এহন,O
Sentence: 421,মোরা,O
,এইহানে,O
,আছি,O
,আলোচনা,O
,করার,O
,লইজ্ঞা,O
Sentence: 422,মোরা,O
,এইহানে,O
,আইজ,O
,উপস্থিত,O
,আছি,O
,কতা,O
,কওআর,O
,লাইজ্ঞা,O
Sentence: 423,আম্নে,O
,কি,O
,বাংলা,O
,সিনেমা,O
,দ্যাখতে,O
,ভালোবাসেন,O
Sentence: 424,মুই,O
,আম্নেরে,O
,ধইন্যবাদ,O
,জানাইতে,O
,চাই,O
Sentence: 425,আম্নের,O
,জন্মদিন,O
,কবে,O
Sentence: 426,আম্নে,O
,কি,O
,এইহানে,O
,থাকতে,O
,পারেন,O
Sentence: 427,আম্নে,O
,কি,O
,কতা,O
,কইতে,O
,পারেন,O
,ইংলিশে,O
Sentence: 428,আম্নে,O
,কি,O
,এই,O
,পরোশনো,O
,জবাব,O
,দেতে,O
,পারবেন,O
Sentence: 429,মুই,O
,আম্নের,O
,লইজ্ঞা,O
,অপেক্ষা,O
,করতেয়াছি,O
Sentence: 430,আম্নে,O
,কি,O
,বাংলা,O
,নাটক,O
,দ্যাখতে,O
,পারেন,O
Sentence: 431,আম্নে,O
,কি,O
,কোন,O
,কবিতা,O
,ল্যাখতে,O
,পারেন,O
Sentence: 432,আম্নে,O
,কি,O
,এই,O
,বইডা,B-OBJ
,পড়তে,O
,পারেন,O
Sentence: 433,আম্নে,O
,কি,O
,কোনো,O
,গানে,O
,নাচতে,O
,পারেন,O
Sentence: 434,তুই,O
,কি,O
,বইডা,B-OBJ
,পড়তে,O
,পারো,O
Sentence: 435,তুই,O
,মোর,O
,লগে,O
,এউক্কা,O
,গান,O
,গাইতে,O
,পারবি,O
Sentence: 436,তুই,O
,মোর,O
,লগে,O
,থাকতে,O
,চাও,O
Sentence: 437,তুই,O
,কি,O
,এই,O
,সিনেমাডা,O
,দ্যাকতে,O
,চাও,O
Sentence: 438,তুই,O
,মোর,O
,লইজ্ঞা,O
,কী,O
,ভালোবাসতে,O
,পারবি,O
Sentence: 439,তুই,O
,কি,O
,কহনো,O
,বাংলাদেশ,B-LOC
,ঘোরতে,O
,গ্যাছো,O
Sentence: 440,তুই,O
,মোর,O
,লইজ্ঞা,O
,কোন,O
,সুন্দর,O
,উপহার,O
,কেনতে,O
,পারবি,O
Sentence: 441,তুই,O
,কি,O
,এই,O
,গানডা,O
,হোনতে,O
,ভালবাসবি,O
Sentence: 442,তুই,O
,কি,O
,কহনো,O
,কবিতা,O
,ল্যাখতে,O
,পারো,O
Sentence: 443,তুই,O
,মোর,O
,লগে,O
,কি,O
,ছবি,O
,তোলতে,O
,পারবি,O
Sentence: 444,তুই,O
,মোর,O
,ধারে,O
,এইয়া,O
,কিছু,O
,শেখতে,O
,চাও,O
Sentence: 445,তুই,O
,কি,O
,মোর,O
,লইজ্ঞা,O
,কিছু,O
,ল্যাখতে,O
,পারবি,O
Sentence: 446,তুই,O
,কি,O
,মোর,O
,লগে,O
,বাংলায়,O
,কথা,O
,কইতে,O
,পারবি,O
Sentence: 447,তুই,O
,কি,O
,এই,O
,ইস্কুলে,B-ORG
,পড়তে,O
,আইতে,O
,চাও,O
Sentence: 448,রোনালদো,B-PER
,ভালোবাসার,O
,চাইয়াও,O
,বেশি,O
,কিছু,O
Sentence: 449,মোরা,O
,মেসিরে,B-PER
,ঘিরনা,O
,করিনা,O
Sentence: 450,মুই,O
,ফুটবল,B-ORG
,বিশ্বকাপ,I-ORG
,দ্যাখতে,O
,যাইতেয়াছি,O
Sentence: 451,ফুটবল,B-OBJ
,আমার,O
,পিরিও,O
,খ্যালা,O
Sentence: 452,মুই,O
,ফুটবল,B-OBJ
,খ্যালতে,O
,ভালোবাসি,O
Sentence: 453,কলকাতা,B-LOC
,মোহনবাগানের,B-ORG
,ফুটবল,I-ORG
,দল,I-ORG
,বেমালা,O
,জনপ্রিয়,O
Sentence: 454,মুই,O
,ফুটবল,B-OBJ
,খ্যালতে,O
,মোর,O
,দোস্তগো,B-ROLE
,লগে,O
,যাইতেয়াছি,O
Sentence: 455,মোর,O
,পছন্দের,O
,ফুটবল,B-ROLE
,খেলোয়াড়,I-ROLE
,লিওনেল,B-PER
,মেসি,I-PER
Sentence: 456,মোর,O
,দোস্ত,B-REL
,গুলান,O
,সপ্তায়,O
,দুইডা,O
,ফুটবল,B-OBJ
,ম্যাচ,O
,খ্যালতে,O
,পারে,O
Sentence: 457,মুই,O
,ফুটবল,B-OBJ
,খ্যালার,O
,লইজ্ঞা,O
,প্রস্তুত,O
Sentence: 458,মোর,O
,পছন্দের,O
,ফুটবল,B-ORG
,দল,I-ORG
,আর্জেন্টিনা,B-ORG
Sentence: 459,ফুটবল,B-OBJ
,ম্যাচে,O
,বিশ্বকাপ,B-OBJ
,জেতছে,O
,ফ্রান্স,O
Sentence: 460,মুই,O
,ফুটবলে,B-OBJ
,এউক্কা,O
,গোল,O
,করছি,O
Sentence: 461,ফুটবল,B-OBJ
,খ্যালা,O
,মোর,O
,জীবনের,O
,অংশ,O
Sentence: 462,মুই,O
,পেরতেকদিন,O
,ফুটবল,B-OBJ
,খ্যালতে,O
,যাই,O
Sentence: 463,বার্সেলোনা,B-ORG
,ফুটবল,I-ORG
,কেলাব,I-ORG
,খুব,O
,জনপ্রিয়,O
Sentence: 464,মুই,O
,ফুটবল,B-OBJ
,ম্যাচ,O
,দ্যাখতে,O
,বেমালা,O
,ভালোবাসি,O
Sentence: 465,বাংলাদেশের,B-LOC
,জনপ্রিয়,O
,ফুটবলারগুলান,B-ROLE
,অনেক,O
,উচু,O
,মানের,O
,খেলোয়াড়,B-ROLE
Sentence: 466,ফুটবল,B-OBJ
,খ্যালার,O
,কালে,O
,মুই,O
,আনন্দ,O
,পাই,O
Sentence: 467,মুই,O
,ফুটবল,B-OBJ
,ম্যাচগুলান,O
,দ্যাখতে,O
,ভালোবাসি,O
Sentence: 468,মুই,O
,ফুটবল,B-OBJ
,ম্যাচে,O
,উপস্থিত,O
,হইতে,O
,চাই,O
Sentence: 469,ব্রাজিল,B-ORG
,ফুটবল,I-ORG
,দল,I-ORG
,বিশ্বসেরা,O
Sentence: 470,মুই,O
,ব্রাজিল,B-ORG
,ফুটবল,I-ORG
,দলেরে,I-ORG
,সমর্থন,O
,করি,O
Sentence: 471,ব্রাজিল,B-ORG
,ফুটবল,I-ORG
,দল,I-ORG
,এউক্কা,O
,শক্তিশালী,O
,দল,O
Sentence: 472,ব্রাজিল,B-ORG
,ফুটবল,I-ORG
,দল,I-ORG
,হইলে,O
,বিশ্বকাপ,B-ORG
,চ্যাম্পিওন,O
Sentence: 473,মুই,O
,আর্জেন্টিনা,B-ORG
,ফুটবল,I-ORG
,দলেরে,I-ORG
,সমর্থন,O
,করি,O
Sentence: 474,মুই,O
,বাংলাদেশ,B-ORG
,কিরকেট,I-ORG
,দলেরে,I-ORG
,সমর্থন,O
,করি,O
Sentence: 475,বাংলাদেশ,B-ORG
,ক্রিকেট,I-ORG
,দল,I-ORG
,শক্তিশালী,O
,দল,B-ORG
,গুলানের,O
,মইধ্যে,O
,এউক্কা,O
Sentence: 476,মেঘনা,B-LOC
,নদী,I-LOC
,বাংলাদেশের,B-LOC
,এউক্কা,O
,পোরধান,O
,নদী,B-LOC
Sentence: 477,নীল,B-LOC
,নদী,I-LOC
,আফ্রিকার,B-LOC
,পোরধান,O
,নদীর,B-LOC
,এউক্কা,O
Sentence: 478,নীল,B-COL
,আকাশের,O
,তলে,O
,তোমার,O
,হাত,O
,ধইররা,O
,হাইট্টা,O
,যাইতে,O
,চাই,O
Sentence: 479,তোমার,O
,লগে,O
,নীল,B-COL
,আকাশের,O
,তলে,O
,বইয়া,O
,গল্প,O
,করতে,O
,চাই,O
Sentence: 480,আমাজন,B-LOC
,নদী,I-LOC
,দুনিয়ার,B-LOC
,সবচাইয়া,O
,বড়,O
,নদী,B-LOC
,হিসাবে,O
,পরিচিত,O
Sentence: 481,আকাশের,O
,নীল,B-COL
,রংডা,I-COL
,অসাধারন,O
Sentence: 482,আকাশের,O
,তারাগুলান,O
,মোগোড়ে,O
,আশা,O
,দ্যায়,O
Sentence: 483,আকাশে,O
,মেঘের,O
,লইজ্ঞা,O
,বিরিষ্টি,O
,পরে,O
Sentence: 484,মাছ,B-ANI
,গুলান,O
,পানির,O
,মইধ্যে,O
,সুন্দর,O
Sentence: 485,তুমি,O
,এইহানে,O
,থাকলে,O
,মুই,O
,খুশি,O
Sentence: 486,মুই,O
,বেইন্না,O
,কালে,O
,ঘুমেগোনে,O
,উডি,O
Sentence: 487,মোর,O
,লাল,B-COL
,রঙের,I-COL
,গাড়িডা,B-OBJ
,গতকাইল,O
,চুরি,O
,হইয়া,O
,গ্যাছে,O
Sentence: 488,মোর,O
,বাসায়,O
,গতকাইল,O
,রাইতে,O
,চুরি,O
,হইছে,O
Sentence: 489,মোর,O
,গাড়ির,B-OBJ
,রং,B-COL
,হইলে,O
,লাল,B-COL
Sentence: 490,সহজ,O
,ভাষায়,O
,কতা,O
,কওয়া,O
,উচিত,O
Sentence: 491,মুই,O
,আম্নের,O
,লগে,O
,আছি,O
Sentence: 492,মোর,O
,আব্বায়,B-ROLE
,বিদেশ,B-LOC
,থাহে,O
Sentence: 493,মোর,O
,ছোডো,B-REL
,ভাই,I-REL
,দুই,O
,মাস,O
,পর,O
,বিদেশ,B-LOC
,পরালেহা,O
,করতে,O
,যাইবে,O
Sentence: 494,মোর,O
,বড়,B-REL
,বুইন,I-REL
,মোরে,O
,অনেক,O
,ভালবাসে,O
Sentence: 495,মোর,O
,বড়,B-REL
,বুইন,I-REL
,রে,O
,মুই,O
,অনেক,O
,ভালবাসি,O
Sentence: 496,আম্নের,O
,বড়,B-REL
,বুইনের,I-REL
,কি,O
,বিয়া,O
,হইয়া,O
,গ্যাছে,O
Sentence: 497,তোর,O
,বড়,B-REL
,ভাইয়ের,I-REL
,নাম,O
,কি,O
Sentence: 498,তোর,O
,বড়,B-REL
,ভাইয়ে্র,I-REL
,লগে,O
,মোর,O
,বিয়া,O
,হওয়ার,O
,কতা,O
,চলতেয়াছে,O
Sentence: 499,বিদেশ,B-LOC
,ঘোরতে,O
,যাওয়া,O
,মোর,O
,স্বপ্ন,O
Sentence: 500,মুই,O
,কহনই,O
,তোমারে,O
,ভুল্মু,O
,না,O
Sentence: 501,তুমি,O
,মোর,O
,জীবনের,O
,আলো,O
Sentence: 502,সকালে,O
,পরালেহা,O
,করা,O
,ভালো,O
,উপায়,O
Sentence: 503,পরীক্ষার,O
,লইজ্ঞা,O
,সকালে,O
,পরালেহা,O
,করা,O
,ভালো,O
Sentence: 504,সকালে,O
,পরালেহা,O
,কইররা,O
,পেরত্তেকদিন,O
,শুরু,O
,করা,O
,ভালো,O
,হয়,O
Sentence: 505,সকালে,O
,পরালেহা,O
,কইররা,O
,মুই,O
,আরামে,O
,মনোযোগ,O
,দেতে,O
,পারি,O
Sentence: 506,সকালের,O
,শুরুতেই,O
,পরালেহা,O
,শুরু,O
,করা,O
,ভালো,O
Sentence: 507,অনেকদিন,O
,আগে,O
,এক,O
,গেরামে,B-LOC
,এক,O
,টুপি,B-ROLE
,বিক্রেতা,I-ROLE
,আল্লে,O
Sentence: 508,হ্যায়,O
,একদিন,O
,পাশের,O
,গেরামে,B-LOC
,যাইয়া,O
,টুপি,B-OBJ
,বেছতেয়াছেলে,O
Sentence: 509,হ্যায়,O
,রাস্তা,B-LOC
,দিয়া,O
,হ্যার,O
,গেরামের,B-LOC
,দিক,O
,যাইতেয়াছেলে,O
Sentence: 510,হ্যাই,O
,কালে,O
,লগে,O
,দিয়া,O
,এউক্কা,O
,হিয়াল,B-ANI
,যাইতেয়াছেলে,O
Sentence: 511,মোরে,O
,হেইহানে,O
,লইয়া,O
,লও,O
Sentence: 512,হেইয়ার,O
,পর,O
,থেইক্কা,O
,হ্যারা,O
,দুইজন,O
,সবজি,B-LOC
,বাগানে,I-LOC
,যাইয়া,O
,প্যাট,O
,ভইররা,O
,খাওন,O
,খাইতে,O
Sentence: 513,এহন,O
,তুমি,O
,গান,O
,গাইতে,O
,পারবা,O
,না,O
Sentence: 514,মুই,O
,গান,O
,গাইতে,O
,চাই,O
Sentence: 515,এহন,O
,যদি,O
,তুমি,O
,গান,O
,গাও,O
,তয়,O
,চাষায়,B-ROLE
,হোনবে,O
Sentence: 516,একদিন,O
,নদীর,B-LOC
,ধারে,O
,এউক্কা,O
,গাছে,O
,কাঠ,B-OBJ
,কাডার,O
,কালে,O
,হ্যার,O
,কুড়ালডা,B-OBJ
,নদীর,B-LOC
,পানতের,I-LOC
,মইধ্যে,O
,পইররা,O
,যায়,O
Sentence: 517,মোর,O
,নীল,B-COL
,আকাশ,O
,দ্যাখতে,O
,ম্যালা,O
,ভাল্লাগে,O
Sentence: 518,তোমার,O
,কি,O
,নীল,B-COL
,আকাশ,O
,দ্যাখতে,O
,ভাল্লাগে,O
Sentence: 519,মোর,O
,পরীক্ষা,O
,দেতে,O
,মোডেও,O
,ভাল্লাগেনা,O
Sentence: 520,আম্নের,O
,কি,O
,পরীক্ষা,O
,দেতে,O
,ভাল্লাগে,O
Sentence: 521,আম্নে,O
,কেমন,O
,আছেন,O
Sentence: 522,মুই,O
,ভালো,O
,আছি,O
Sentence: 523,করতেয়াছেন,O
,কি,O
,আম্নে,O
,এহন,O
Sentence: 524,মুই,O
,একটা,O
,বই,B-OBJ
,পড়তেয়াছি,O
Sentence: 525,আম্নে,O
,কি,O
,অন্য,O
,বই,B-OBJ
,পড়ছেন,O
Sentence: 526,তুমি,O
,কি,O
,সরকারি,O
,চাকরি,O
,করতেয়াছো,O
Sentence: 527,মুই,O
,একজন,O
,সরকারি,B-ROLE
,কর্মকর্তা,I-ROLE
Sentence: 528,তুমি,O
,কি,O
,চাকরি,O
,করতেয়াছো,O
Sentence: 529,মুই,O
,এউক্কা,O
,প্রফেশনাল,B-ROLE
,ব্লোগার,I-ROLE
,হইয়া,O
,কাম,O
,করতেয়াছি,O
Sentence: 530,তুমি,O
,কোম্মে,O
,চাকরি,O
,করতেয়াছো,O
Sentence: 531,দূরে,O
,যেইহানে,O
,কেউ,O
,নাই,O
Sentence: 532,মুই,O
,কির,O
,লইজ্ঞা,O
,হক্কলকালে,O
,কষ্ট,O
,পাই,O
Sentence: 533,মোর,O
,ভালোবাসায়,O
,কম,O
,কি,O
,আল্লেহ,O
Sentence: 534,হ্যারা,O
,তিন,O
,ভাই,B-REL
,আল্লেহ,O
,তয়,O
,হ্যাগো,O
,মইধ্যে,O
,মিল,O
,আল্লেহ,O
,না,O
Sentence: 535,আম্নে,O
,মোর,O
,লগে,O
,এমনে,O
,কতা,O
,কইতে,O
,পারেন,O
,না,O
Sentence: 536,আম্নে,O
,ম্যালা,O
,ভাল,O
,মানু,O
Sentence: 537,মোরা,O
,ঢাকায়,B-LOC
,থাহি,O
Sentence: 538,মুই,O
,ঢাকার,B-LOC
,মিরপুরে,I-LOC
,থাহি,O
Sentence: 539,মুই,O
,হ্যার,O
,চোহের,O
,মায়ায়,O
,পরছি,O
Sentence: 540,হ্যার,O
,হাসি,O
,বেমালা,O
,সুন্দর,O
Sentence: 541,হ্যায়,O
,হ্যার,O
,পরিবাররে,O
,ভালোবাসে,O
Sentence: 542,হ্যার,O
,লইজ্ঞা,O
,মুই,O
,সবকিছু,O
,করতে,O
,পারি,O
Sentence: 543,মুই,O
,হ্যারে,O
,ভালোবাসি,O
Sentence: 544,হ্যার,O
,চুল,O
,গুলান,O
,একছের,O
,লোমবা,O
Sentence: 545,হ্যারে,O
,কাজল,B-OBJ
,দেলে,O
,ম্যালা,O
,ভালো,O
,লাগে,O
Sentence: 546,তুমি,O
,কি,O
,মোরে,O
,ভালোবাসো,O
,না,O
Sentence: 547,তুমি,O
,বোঝো,O
,না,O
,ক্যা,O
Sentence: 548,হ্যায়,O
,গান,O
,গাইতে,O
,পছন্দ,O
,করে,O
Sentence: 549,হ্যায়,O
,যেই,O
,মাইয়াউজ্ঞা,O
,ভালোবাসে,O
,হ্যাই,O
,মাইয়াডা,O
,ঢাকায়,B-LOC
,থাহে,O
Sentence: 550,আম্নে,O
,যেই,O
,পোলারে,O
,ভালোবাসেন,O
,হ্যায়,O
,কি,O
,আম্নেরে,O
,ভালোবাসে,O
Sentence: 551,হ্যায়,O
,এউক্কা,O
,গাড়ি,B-OBJ
,চুরি,O
,করছে,O
Sentence: 552,মুই,O
,তোমার,O
,লগে,O
,পিরথিবি,B-LOC
,ঘুইররা,O
,আইতে,O
,চাই,O
Sentence: 553,তয়,O
,মুই,O
,তো,O
,তোমার,O
,লগে,O
,যামু,O
,না,O
Sentence: 554,তোমার,O
,কতা,O
,হুইন্না,O
,ম্যালা,O
,ভালো,O
,লাগজে,O
Sentence: 555,তোমার,O
,ভাল,O
,না,O
,লাগলে,O
,কিছুই,O
,করার,O
,নাই,O
Sentence: 556,ছবি,O
,তোলার,O
,পর,O
,মোরে,O
,ক্যামন,O
,লাগে,O
Sentence: 557,মুই,O
,আইজ,O
,ম্যালা,O
,দিন,O
,পর,O
,হ্যার,O
,লগে,O
,কতা,O
,কইছি,O
Sentence: 558,হ্যায়,O
,দ্যাখতে,O
,ম্যালা,O
,সুন্দর,O
Sentence: 559,তয়,O
,সৌন্দর্যই,O
,হক্কল,O
,কিছু,O
,না,O
Sentence: 560,হ্যার,O
,চোখ,O
,হরিণের,O
,নাহান,O
Sentence: 561,এউক্কা,O
,মাইয়া,O
,আর,O
,এউক্কা,O
,পোলা,O
,একলগে,O
,খেলতেয়াছে,O
Sentence: 562,কালা,B-COL
,কুত্তাডা,B-ANI
,ঘাসের,O
,মইধ্যে,O
,গোনে,O
,ছোটতেয়াছে,O
Sentence: 563,এউক্কা,O
,কালা,B-COL
,কুত্তা,B-ANI
,ঘাসের,O
,মইধ্যে,O
,গোনে,O
,দৌড়াইতেয়াছে,O
Sentence: 564,এউক্কা,O
,ছোডো,O
,কালা,B-COL
,কুত্তা,B-ANI
,ঘাসের,O
,মইধ্যে,O
,হুইয়া,O
,রইছে,O
Sentence: 565,একদল,O
,মাতারি,O
,রাস্তায়,B-LOC
,হাঁটতেয়াছে,O
Sentence: 566,দুয়ারের,B-OBJ
,ধারে,O
,দুইজন,O
,বইয়া,O
,গিটার,B-OBJ
,বাজাইতেয়াছে,O
Sentence: 567,ফুটপাতে,B-LOC
,একলগে,O
,হাঁটতেয়াছে,O
,তিনজন,O
,মাতারি,O
Sentence: 568,আম্মার,B-REL
,লইজ্ঞা,O
,বেশি,O
,খারাপ,O
,লাগতেয়াছে,O
Sentence: 569,মোগো,O
,পরিবারে,O
,আম্মার,B-REL
,অবদানই,O
,বেশি,O
,বইল্লা,O
,মুই,O
,মনে,O
,করি,O
Sentence: 570,তোমাগো,O
,লইজ্ঞা,O
,কিছু,O
,করতে,O
,তো,O
,পারলামি,O
,না,O
,উলডা,O
,পরিবারডা,O
,শেষ,O
,করলাম,O
Sentence: 571,হক্কলকালে,O
,ডরে,O
,ডরে,O
,থাকতাম,O
,গলাইদ্দা,O
,খাওন,O
,নামতে,O
,না,O
Sentence: 572,শ্যাষ,O
,করলাম,O
,হগলডি,O
Sentence: 573,যদিও,O
,ক্ষমার,O
,যোগ্য,O
,না,O
,মুই,O
,পারলে,O
,ক্ষমা,O
,কইররা,O
,দিয়েন,O
Sentence: 574,আম্নেগো,O
,অযোগ্য,O
,সন্তান,O
Sentence: 575,আল্লাহ,O
,রহমতের,O
,বইষ্যা,O
,দ্যাও,O
Sentence: 576,বইষ্যার,O
,লইজ্ঞা,O
,ঢাকায়,B-LOC
,কোনহানে,O
,নামাজ,O
,পড়া,O
,হইবে,O
Sentence: 577,পানির,B-FOOD
,লইজ্ঞা,O
,হাহাকার,O
,আর,O
,ভাল,O
,লাগদেয়াছে,O
,না,O
Sentence: 578,উত্তরায়,B-LOC
,মোগো,O
,ভবনে,B-LOC
,মোডেও,O
,পানি,O
,পাইতেয়াছিনা,O
,মোরা,O
Sentence: 579,হুদা,O
,এউক্কা,O
,গাড়ি,B-OBJ
,পানি,B-FOOD
,হইলেই,O
,দুজ্ঞা,O
,দিন,O
,চইললা,O
,যাইতে,O
Sentence: 580,কোনভাবেই,O
,ওয়াসা,B-ORG
,পানি,O
,দেতেয়াছেনা,O
Sentence: 581,কি,O
,করমু,O
,কয়েন,O
,এহন,O
Sentence: 582,বিদ্যুৎ,O
,ছাড়া,O
,তও,O
,থাহা,O
,যায়,O
,তয়,O
,পানি,B-FOOD
,ছাড়া,O
,ক্যামনে,O
,থাহে,O
,মানু,O
Sentence: 583,আইজ,O
,জুম্মার,O
,দিন,O
Sentence: 584,মুই,O
,শুক্কুর,O
,বার,O
,ম্যালা,O
,বেইন্না,O
,কালে,O
,উডি,O
Sentence: 585,হ্যায়,O
,ম্যালা,O
,ব্যালা,O
,কইররা,O
,ঘুমায়,O
Sentence: 586,হ্যায়,O
,মোরে,O
,এউক্কা,O
,উপহার,O
,দেছে,O
Sentence: 587,আইজ,O
,মোর,O
,জন্মদিন,O
Sentence: 588,মোর,O
,বয়স,O
,বেশি,O
,না,O
Sentence: 589,হ্যার,O
,চাইয়া,O
,মুই,O
,দ্যাখতে,O
,সুন্দর,O
Sentence: 590,এইবার,O
,কোরবানি,O
,তে,O
,লাল,B-COL
,গরু,B-ANI
,কিনমু,O
Sentence: 591,হগলডি,O
,একলগে,O
,করা,O
,সম্ভব,O
,না,O
Sentence: 592,তুমি,O
,বিয়া,O
,করতেয়াছোনা,O
,ক্যান,O
Sentence: 593,ভালো,O
,মাইয়া,O
,পাইতেয়াছি,O
,না,O
Sentence: 594,ঘড়িতে,B-OBJ
,কয়ডা,O
,বাজে,O
Sentence: 595,আইজ,O
,দুফারে,O
,মোগো,O
,দাওয়াত,O
,আছে,O
Sentence: 596,হগলডি,O
,ক্যামন,O
,আছো,O
Sentence: 597,আইজ,O
,কয়,O
,তারিখ,O
Sentence: 598,মন,O
,ভালো,O
,করার,O
,লইজ্ঞা,O
,তোমরা,O
,কি,O
,কর,O
Sentence: 599,মুই,O
,মাঝেমইধ্যে,O
,গান,O
,হুনি,O
Sentence: 600,আইজকাল,O
,পড়াশুনার,O
,চাপ,O
,একছের,O
Sentence: 601,তোমরা,O
,কি,O
,কেসসার,B-OBJ
,বই,I-OBJ
,পড়তে,O
,পছন্দ,O
,কর,O
Sentence: 602,তোমাগো,O
,পিরিয়ো,O
,লেখক,B-ROLE
,কেডা,O
Sentence: 603,মোর,O
,পিরিও,O
,লেখক,B-ROLE
,হইলে,O
,হুমায়ুন,B-PER
,আহমেদ,I-PER
Sentence: 604,ফুটবলে,B-ORG
,তোমাগো,O
,পিরিয়ো,O
,দল,O
,কোনডা,O
Sentence: 605,ব্রাজিল,B-ORG
,হইলে,O
,ফুটবলের,B-ORG
,সেরা,O
,দল,O
Sentence: 606,শুক্কুরবার,O
,আর,O
,শনি,O
,বার,O
,হইলে,O
,সপ্তাহের,O
,ছুটির,O
,দিন,O
Sentence: 607,রইব্বার,O
,গোনে,O
,মোগো,O
,বিশ্ববিদ্যালয়,B-ORG
,কেলাস,O
,শুরু,O
Sentence: 608,তুমি,O
,ঢাকার,B-LOC
,কোম্মে,O
,থাহো,O
Sentence: 609,তোমাগো,O
,গেরামের,B-LOC
,বাড়ি,I-LOC
,কোম্মে,O
Sentence: 610,তুমি,O
,কি,O
,হাতোর,O
,জানো,O
Sentence: 611,তুমি,O
,কোন,O
,কেলাসে,O
,পড়ো,O
Sentence: 612,বাংলাদেশের,B-LOC
,পরধানমন্ত্রীর,B-ROLE
,নাম,O
,কি,O
Sentence: 613,বাংলাদেশের,B-LOC
,বর্তমান,O
,পরধানমন্ত্রীর,B-ROLE
,নাম,O
,শেখ,B-PER
,হাসিনা,I-PER
Sentence: 614,বেমালা,O
,বড়লোক,O
,হইতে,O
,চাই,O
Sentence: 615,তুমি,O
,কোন,O
,বিষয়,O
,লইয়া,O
,পড়াশুনা,O
,করতেয়াছো,O
Sentence: 616,বায়রায়,O
,একছের,O
,গরম,O
,পরছে,O
Sentence: 617,আইজ,O
,সারাদিন,O
,বইষ্যা,O
,হইছে,O
Sentence: 618,ফেসবুক,B-ORG
,এউক্কা,O
,জনপ্রিয়,O
,যোগাযোগ,O
,মাইধ্যম,O
Sentence: 619,জীবনে,O
,উন্নতি,O
,করতে,O
,গ্যালে,O
,অনেক,O
,সময়,O
,ম্যালা,O
,বাঁধার,O
,সামনে,O
,পরতে,O
,হয়,O
Sentence: 620,হগল,O
,বাধা,O
,পার,O
,কইররা,O
,জীবনে,O
,সফল,O
,হইতে,O
,হইবে,O
Sentence: 621,মুই,O
,চা,B-FOOD
,খাইতে,O
,পছন্দ,O
,করি,O
Sentence: 622,হ্যার,O
,বইডা,B-OBJ
,মোরে,O
,দেতে,O
,পারো,O
Sentence: 623,হ্যারে,O
,ধইন্যবাদ,O
,এরহম,O
,এউক্কা,O
,বই,B-OBJ
,খুইজ্জা,O
,দেওয়ার,O
,লইজ্ঞা,O
Sentence: 624,সেইরম,O
,এউক্কা,O
,বই,B-OBJ
,পড়ছি,O
Sentence: 625,এইবারের,O
,ছুটিতে,O
,কক্সবাজার,B-LOC
,যামু,O
Sentence: 626,মুই,O
,মোর,O
,গেরামের,B-LOC
,বাড়ি,I-LOC
,যামু,O
,ঠিক,O
,করছি,O
Sentence: 627,গেরামের,B-LOC
,প্রকৃতি,O
,ম্যালা,O
,সুন্দর,O
Sentence: 628,নদীর,B-LOC
,দুইধারের,O
,সুন্দর,O
,দৃশ্যে,O
,চক্ষু,O
,জুড়াইয়া,O
,যায়,O
Sentence: 629,তোমার,O
,মূইল্যবান,O
,বক্তব্যের,O
,লইজ্ঞা,O
,তোমারে,O
,অনেক,O
,ধইন্যবাদ,O
Sentence: 630,তোমাগো,O
,হগলডির,O
,দোয়া,O
,চাই,O
Sentence: 631,সময়,O
,লাগে,O
,আইজ,O
,কাটতেয়াছেই,O
,না,O
Sentence: 632,ল্যাদাকাল,O
,থেইক্কাই,O
,মোর,O
,সাইকেল,B-OBJ
,চালাইন্নার,O
,অব্বাস,O
Sentence: 633,ইস্কুলেও,B-ORG
,সাইকেল,B-OBJ
,চালাইয়া,O
,যাইয়াতাম,O
Sentence: 634,কেলাশে,O
,আইজ,O
,মোডেও,O
,মন,O
,বইতেয়াছেনা,O
Sentence: 635,ছয়ডা,O
,ঋতুর,O
,দেশ,B-LOC
,বাংলাদেশ,B-LOC
Sentence: 636,বিদ্যুৎছাড়া,O
,ঘরে,O
,মোম,B-OBJ
,জ্বালাইয়া,O
,বইয়া,O
,রইছি,O
Sentence: 637,তোমার,O
,ঘরে,O
,বিদ্যুৎ,O
,থাকনের,O
,কতা,O
,হেইতে,O
,আইলা,O
,পড়লাম,O
Sentence: 638,আচুক্কা,O
,বিদ্যুৎ,O
,চইল্লা,O
,গ্যালে,O
Sentence: 639,আধুনিক,O
,সইভ্যতারে,O
,বিজ্ঞান,O
,উপহার,O
,দেছে,O
,ম্যালা,O
,কিছু,O
Sentence: 640,কম্পুটার,B-OBJ
,আধুনিক,O
,বিজ্ঞান,O
,জগতেরে,O
,বিশেষভাবে,O
,সহজ,O
,করছে,O
Sentence: 641,বাংলাদেশ,B-LOC
,গেরাম,O
,পরধান,O
,দেশ,B-LOC
Sentence: 642,মোগো,O
,গেরামের,B-LOC
,জনসংখ্যা,O
,পেরায়,O
,চাইর,O
,হাজার,O
Sentence: 643,বিলাইর,B-ANI
,পিরিয়ো,O
,খাওন,O
,দুধ,B-FOOD
Sentence: 644,বিলাই,B-ANI
,একছের,O
,আরাম,O
,পিরিয়ো,O
,পেরানি,O
Sentence: 645,বাংলাদেশের,B-LOC
,জনসংখ্যার,O
,আধখানই,O
,মাতারি,O
Sentence: 646,পলিথিনের,B-OBJ
,ব্যাবহার,O
,কঠিন,O
,রোগের,O
,সিরিষ্টি,O
,করতে,O
,পারে,O
Sentence: 647,ইলিশ,B-FOOD
,মোর,O
,পিরিয়ো,O
,মাছ,B-FOOD
Sentence: 648,পদ্দার,B-LOC
,ইলিশ,B-FOOD
,খাইতে,O
,ম্যালা,O
,স্বাদ,O
Sentence: 649,ব্যস্ত,O
,এউক্কা,O
,দিন,O
,কাডাইলাম,O
Sentence: 650,রাইতের,B-FOOD
,খাওন,I-FOOD
,সাইররাই,O
,ঘুমাইয়া,O
,গেলাম,O
Sentence: 651,এহন,O
,পড়তে,O
,বমু,O
Sentence: 652,হগলের,O
,ধারে,O
,গোনে,O
,বিদায়,O
,নেতেয়াছি,O
Sentence: 653,ফিররা,O
,দেহা,O
,হইবে,O
Sentence: 654,বাংলাদেশে,B-LOC
,বিভিন্ন,O
,দুর্যোগপোরবণ,O
,অঞ্চল,O
,আছে,O
Sentence: 655,ব্যাপারডা,O
,হাসাইয়ো,O
,চিন্তার,O
Sentence: 656,পড়তে,O
,মন,O
,চাইতেয়াছে,O
,না,O
,আইজ,O
Sentence: 657,তোমার,O
,পিরিয়ো,O
,বিষয়,O
,কোনডা,O
Sentence: 658,অঙ্ক,O
,তোমার,O
,ক্যামন,O
,লাগে,O
Sentence: 659,মুই,O
,পড়ালেহায়,O
,কাচা,O
Sentence: 660,মোরে,O
,হগলডি,O
,এক,O
,নামেই,O
,চেনে,O
Sentence: 661,তুমি,O
,কি,O
,গ্যাছেলা,O
Sentence: 662,তোমার,O
,পিরিয়ো,O
,সবজি,B-FOOD
,কি,O
Sentence: 663,মোর,O
,পিরিয়ো,O
,সবজি,B-FOOD
,টমাটু,B-FOOD
Sentence: 664,লও,O
,একলগে,O
,গান,O
,গাই,O
Sentence: 665,লও,O
,একলগে,O
,মাছ,B-FOOD
,ধরি,O
Sentence: 666,আম্নে,O
,আম্নের,O
,পরিবার,O
,লইয়া,O
,মোগো,O
,বাড়ি,O
,আইবেন,O
Sentence: 667,তুমি,O
,কি,O
,মোরে,O
,আগে,O
,দ্যাখছো,O
Sentence: 668,মোর,O
,লগে,O
,নাচবা,O
Sentence: 669,তোমার,O
,পিরিয়ো,O
,গান,O
,কোনডা,O
Sentence: 670,তোমার,O
,পিরিয়ো,O
,গায়োক,B-ROLE
,কেডা,O
Sentence: 671,কাইল,O
,ঘুড্ডি,B-OBJ
,উড়ামু,O
Sentence: 672,তুমি,O
,কি,O
,মোরে,O
,ভালোবাসো,O
Sentence: 673,লও,O
,ঘুড্ডি,B-OBJ
,উড়াই,O
Sentence: 674,মুই,O
,ল্যাদাকালে,O
,ম্যালা,O
,মেদাবী,O
,আল্লাম,O
Sentence: 675,মোর,O
,নৌকায়,B-OBJ
,ঘোরতে,O
,বেমালা,O
,ভাল,O
,লাগে,O
Sentence: 676,জাইল্লারা,B-ROLE
,মাছ,B-FOOD
,ধরতেয়াছে,O
Sentence: 677,মুই,O
,আম,B-FOOD
,খামু,O
Sentence: 678,আম,B-FOOD
,মোর,O
,পিরিয়ো,O
,ফল,B-FOOD
Sentence: 679,আইজ,O
,তোমার,O
,ভাইরে,B-REL
,দ্যাখলাম,O
Sentence: 680,তোমার,O
,গানের,O
,গলা,O
,ম্যালা,O
,ভালো,O
Sentence: 681,মুই,O
,তোমার,O
,হাসির,O
,পেরেমে,O
,পড়ছি,O
Sentence: 682,তোমার,O
,পরিবারে,O
,কেডা,O
,কেডা,O
,আছে,O
Sentence: 683,মুই,O
,তোমার,O
,বাদামী,B-COL
,চক্ষু,O
,জোড়া,O
,ভালোবাসি,O
Sentence: 684,তুমি,O
,বিয়া,O
,কবা,O
,কত,O
,বছর,O
,বয়সে,O
Sentence: 685,কিরকেট,O
,খ্যালা,O
,তোমার,O
,ক্যামন,O
,লাগে,O
Sentence: 686,মোরদারে,O
,মোডেও,O
,ভালো,O
,লাগেনা,O
Sentence: 687,মোর,O
,ম্যালা,O
,ভালো,O
,লাগে,O
Sentence: 688,তোমার,O
,বাফে,B-REL
,কি,O
,করে,O
Sentence: 689,তোমার,O
,ভাই,B-REL
,কোম্মে,O
,চাকরি,O
,করে,O
Sentence: 690,মুই,O
,মুরহার,B-FOOD
,গোস্ত,I-FOOD
,বেশি,O
,পছন্দ,O
,করি,O
Sentence: 691,তুমি,O
,কি,O
,খাইতে,O
,পছন্দ,O
,কর,O
Sentence: 692,মুই,O
,ইছা,B-FOOD
,মাছ,I-FOOD
,খাইতে,O
,পছন্দ,O
,করি,O
Sentence: 693,মুই,O
,তোমার,O
,লগে,O
,রাইতেরবেলা,O
,সাগরের,B-LOC
,ধারে,B-LOC
,খারাইয়া,O
,থাকতে,O
,চাই,O
Sentence: 694,আইজ,O
,তোমারে,O
,দ্যাখতে,O
,আইবে,O
Sentence: 695,না,O
,কইররা,O
,দিও,O
,পোলা,B-REL
,পক্ষরে,I-REL
Sentence: 696,মুই,O
,পারমু,O
,না,O
,না,O
,করতে,O
Sentence: 697,তোমার,O
,মন,O
,চাইলে,O
,জাইয়া,O
,না,O
,করো,O
Sentence: 698,মোরে,O
,এউক্কা,O
,গান,O
,হুনাবা,O
Sentence: 699,তুমি,O
,কি,O
,কেসসা,O
,লেহো,O
Sentence: 700,চা,B-FOOD
,নইলে,O
,কফি,B-FOOD
,কোনডা,O
,বেশি,O
,পছন্দ,O
Sentence: 701,মোর,O
,কফি,B-FOOD
,বেশি,O
,পছন্দ,O
Sentence: 702,মুই,O
,তোমারে,O
,ভালোবাসি,O
Sentence: 703,বইষ্যা,O
,কালে,O
,রিক্সায়,B-OBJ
,ঘোরতে,O
,ভাল্লাগে,O
Sentence: 704,বইষ্যা,O
,কালে,O
,গরম,O
,গরম,O
,খিচুড়ি,B-FOOD
,আর,O
,গরুর,B-FOOD
,গোস্ত,I-FOOD
,খাইতে,O
,ভাল্লাগে,O
Sentence: 705,বইষ্যা,O
,কালে,O
,চা,B-FOOD
,খাইতে,O
,ভাল্লাগে,O
Sentence: 706,মুই,O
,ছবি,O
,তোলতে,O
,পছন্দ,O
,করি,O
Sentence: 707,মোরে,O
,এউক্কা,O
,বই,B-OBJ
,উপহার,O
,দেও,O
Sentence: 708,মানু,O
,আসলেই,O
,ম্যালা,O
,অদ্ভুত,O
Sentence: 709,আইজ,O
,মুই,O
,ছাতি,B-OBJ
,আনতে,O
,ভুইল্লা,O
,গেছি,O
Sentence: 710,রাস্তায়,O
,আইজ,O
,একছের,O
,মানু,O
Sentence: 711,মোর,O
,কালা,B-COL
,জামা,B-OBJ
,নাই,O
Sentence: 712,মোর,O
,কালা,B-COL
,জামা,B-OBJ
,আছে,O
Sentence: 713,মুই,O
,কি,O
,বেশি,O
,বিরক্ত,O
,করি,O
Sentence: 714,মোরেতো,O
,আর,O
,ভালো,O
,লাগবে,O
,না,O
Sentence: 715,মোর,O
,লগে,O
,তোমার,O
,কোন,O
,সম্পর্ক,O
,নাই,O
Sentence: 716,মুই,O
,তোমারে,O
,চিনি,O
,না,O
Sentence: 717,তুমি,O
,মোর,O
,পরথোম,O
,দোস্ত,B-REL
Sentence: 718,আইজগো,O
,আবহাওয়াডা,O
,ম্যালা,O
,সুন্দর,O
Sentence: 719,হ্যায়,O
,ভালো,O
,মনের,O
,মানু,O
Sentence: 720,মোরা,O
,এতহানিও,O
,ভালো,O
,না,O
Sentence: 721,মোর,O
,টাহা,B-OBJ
,নাই,O
Sentence: 722,শীতকাইল্লা,O
,সকাল,O
,ম্যালা,O
,সুন্দর,O
Sentence: 723,মোর,O
,মায়,B-REL
,মোরে,O
,ভালবাসে,O
Sentence: 724,মোর,O
,দোস্তের,B-REL
,বিয়া,O
,আইজ,O
Sentence: 725,এট্টুহানে,O
,সময়,O
,ছেলে,O
,হ্যায়,O
,হেইতেই,O
,মায়ায়,O
,পইররা,O
,রইছি,O
Sentence: 726,বিয়ার,O
,পর,O
,তুমি,O
,পাল্ডাইয়া,O
,গেছো,O
Sentence: 727,কবিতা,O
,পড়তে,O
,মোর,O
,ভাল,O
,লাগে,O
Sentence: 728,মাইয়া,O
,মানু,O
,ম্যালা,O
,অদ্ভুত,O
Sentence: 729,মুই,O
,কি,O
,একছের,O
,মোডা,O
Sentence: 730,হয়,O
,তুমি,O
,বেমালা,O
,মোডা,O
Sentence: 731,তুমি,O
,কি,O
,দ্যাখছো,O
Sentence: 732,তোমার,O
,দিকেই,O
,চাইয়া,O
,রইছি,O
Sentence: 733,তোমার,O
,সৌন্দর্যো,O
,দ্যাখতেয়াছি,O
Sentence: 734,পানির,B-FOOD
,আরেক,O
,নাম,O
,জীবন,O
Sentence: 735,আইজ,O
,একছের,O
,মজা,O
,হইছে,O
Sentence: 736,মোর,O
,বিয়ায়,O
,দাওয়াত,O
,রইলে,O
Sentence: 737,হগলডি,O
,হারাইয়া,O
,যায়,O
Sentence: 738,মোর,O
,কোন,O
,দোস্ত,B-REL
,নাই,O
Sentence: 739,এই,O
,পিরথিবি,B-LOC
,তে,O
,মুই,O
,এক্কেরে,O
,একলা,O
Sentence: 740,তুমি,O
,কি,O
,রানতে,O
,পারো,O
Sentence: 741,তোমার,O
,হাতের,O
,লেহা,O
,একছের,O
,সুন্দর,O
Sentence: 742,মুই,O
,গল্পের,B-OBJ
,বই,I-OBJ
,কিনমু,O
Sentence: 743,মুই,O
,আইজ,O
,ঢাকা,B-LOC
,যামু,O
Sentence: 744,ঢাকায়,B-LOC
,মোর,O
,চাকরি,O
,হইছে,O
Sentence: 745,মোর,O
,চাকরি,O
,করতে,O
,আর,O
,ভালো,O
,লাগদেয়াছে,O
,না,O
Sentence: 746,মায়,B-REL
,মোর,O
,ম্যালা,O
,যত্ন,O
,লয়,O
Sentence: 747,মোর,O
,মায়ের,B-REL
,রান্দা,O
,একছের,O
,মজা,O
Sentence: 748,বিয়ায়,O
,মোর,O
,মত,O
,নাই,O
Sentence: 749,পাহাড়ের,B-LOC
,মাতায়,I-LOC
,ওঠতে,O
,চাই,O
Sentence: 750,এক,O
,কূলে,O
,সাগর,B-LOC
,আরেক,O
,কূলে,O
,বালু,O
Sentence: 751,তোমার,O
,পোলায়,B-REL
,একছের,O
,দুষ্টু,O
Sentence: 752,কাইল,O
,হইতে,O
,পড়তে,O
,বমু,O
Sentence: 753,মোর,O
,ঘড়িডা,B-OBJ
,খুইজ্জা,O
,পাইতেয়াছি,O
,না,O
Sentence: 754,মানু,O
,অনেক,O
,স্বার্থপর,O
,হয়,O
Sentence: 755,তয়,O
,কিছু,O
,মানু,O
,ম্যালা,O
,ভালো,O
Sentence: 756,মুই,O
,হ্যাগোরি,O
,একজন,O
,হইতে,O
,চাই,O
Sentence: 757,তোমার,O
,পরিবার,O
,কি,O
,মোরে,O
,মাইন্না,O
,নেবে,O
Sentence: 758,তুমি,O
,বেমালা,O
,যত্নশীল,O
Sentence: 759,তোমাগো,O
,পরিক্ষা,O
,কবে,O
Sentence: 760,খেলার,B-LOC
,মাডে,I-LOC
,আইজ,O
,একছের,O
,মানু,O
Sentence: 761,তুমি,O
,ভালো,O
,আছো,O
Sentence: 762,মুই,O
,ভালো,O
,নাই,O
Sentence: 763,তোমারে,O
,থুইয়া,O
,মুই,O
,ভালো,O
,নাই,O
Sentence: 764,বিপদ,O
,বইল্লা,O
,কইয়া,O
,আহে,O
,না,O
Sentence: 765,পোলাডার,O
,ত্যাজ,O
,একছের,O
,বেশী,O
Sentence: 766,মুই,O
,এউক্কা,O
,খারাপ,O
,মানু,O
Sentence: 767,তুমি,O
,কি,O
,চাও,O
Sentence: 768,তুমি,O
,কি,O
,চাও,O
,মুই,O
,চইল্লা,O
,যাই,O
Sentence: 769,মুই,O
,চাই,O
,তুমি,O
,হগলকালে,O
,মোর,O
,লগে,O
,থাহো,O
Sentence: 770,তয়,O
,এইডা,O
,কোনকালেই,O
,সম্ভব,O
,না,O
Sentence: 771,তুমি,O
,কি,O
,বিয়াতে,O
,রাজি,O
Sentence: 772,মুই,O
,রাজি,O
,না,O
Sentence: 773,পক্ষিডা,B-ANI
,দ্যাখতে,O
,সুন্দর,O
Sentence: 774,লাল,B-COL
,রঙের,I-COL
,শারিতে,B-OBJ
,তোমারে,O
,ভালো,O
,মানাইবে,O
Sentence: 775,নীল,B-COL
,রঙ,I-COL
,মোর,O
,ম্যালা,O
,পিরিয়ো,O
Sentence: 776,মুই,O
,তোমারে,O
,ভালোবাসি,O
,না,O
Sentence: 777,কির,O
,লইজ্ঞা,O
,ভালোবাসনা,O
,মোরে,O
Sentence: 778,মোর,O
,মইধ্যে,O
,সমেস্যা,O
,আছে,O
Sentence: 779,মোর,O
,মাতা,O
,গরম,O
,থাহে,O
Sentence: 780,মুই,O
,বদমেজাজি,O
,মানু,O
Sentence: 781,বেশী,O
,কতা,O
,মোর,O
,পছন্দ,O
,না,O
Sentence: 782,তুমি,O
,গোঙ্গা,O
,এউক্কা,O
,মানু,O
Sentence: 783,তুমি,O
,বেশী,O
,কতা,O
,কও,O
Sentence: 784,তুমি,O
,কম,O
,কতা,O
,কও,O
Sentence: 785,মুই,O
,আইজ,O
,বেইন্নাকালে,O
,চা,B-FOOD
,খাইনাই,O
Sentence: 786,মুই,O
,আইজ,O
,বেইন্নাকালে,O
,দোস্তগো,B-REL
,লগে,O
,ঘোরতে,O
,গেল্লাম,O
Sentence: 787,মুই,O
,আইজ,O
,বেইন্নাকালে,O
,মোর,O
,দোস্তের,B-REL
,লগে,O
,কাইজ্জা,O
,করছি,O
Sentence: 788,মোর,O
,দোস্ত,B-REL
,মর,O
,হগল,O
,কতা,O
,মন,O
,দিয়া,O
,হোনে,O
Sentence: 789,মোর,O
,দোস্ত,B-REL
,ত্যায়,O
,মোরে,O
,বেমালা,O
,ভালোবাসে,O
Sentence: 790,মোর,O
,এউক্কা,O
,বিলই,B-ANI
,আছে,O
Sentence: 791,মোর,O
,বিলইর,B-ANI
,নাম,O
,মিনু,B-ANI
Sentence: 792,মুই,O
,মোর,O
,বিলইর,B-ANI
,লগে,O
,খ্যালতে,O
,ম্যালা,O
,ভালবাসি,O
Sentence: 793,এই,O
,চৌদ্দ,O
,ডা,O
,বছর,O
,আইজও,O
,কোন,O
,কারনে,O
,হ্যায়,O
,মোরে,O
,তুই,O
,কইয়া,O
,বোলায়নাই,O
Sentence: 794,কহনো,O
,গায়ে,O
,হাত,O
,তোলে,O
,নাই,O
Sentence: 795,মানু,O
,দ্যাহাইন্না,O
,শ্যাষ,O
Sentence: 796,এত,O
,হওয়ালে,O
,শ্যাষ,O
Sentence: 797,বোঝতেপারতেয়াছিনা,O
,কি,O
,করমু,O
,মুই,O
Sentence: 798,মোর,O
,দুজ্ঞা,O
,বিয়া,O
,হইছে,O
Sentence: 799,মুই,O
,এউক্কা,O
,মাইয়া,O
,মানু,O
Sentence: 800,মোর,O
,দুইনাম্বার,O
,বিয়া,O
,লইয়া,O
,মোর,O
,নিজের,O
,চাচারা,B-REL
,মামারা,B-REL
,খোঁচা,O
,মাইররা,O
,কথা,O
,কয়,O
Sentence: 801,তয়,O
,আইজগো,O
,পইরজন্ত,O
,মোর,O
,জামাই,B-REL
,মোরে,O
,খোঁচা,O
,মাইররা,O
,কথা,O
,কয়নাই,O
Sentence: 802,ভাবতেয়াছি,O
,আফোন,O
,মানু,O
,কি,O
,এরহম,O
,হয়,O
Sentence: 803,মোর,O
,আফোন,O
,মানু,O
,গুলানই,O
,এরহম,O
,হয়,O
Sentence: 804,মোর,O
,আর,O
,বাঁচতে,O
,ইচ্ছা,O
,করেনা,O
,জানেন,O
Sentence: 805,মোর,O
,পরথোম,O
,বিয়া,O
,মোরে,O
,জোর,O
,কইররা,O
,দ্যায়,O
Sentence: 806,হেইহানে,O
,পোলা,O
,একছের,O
,কিপটা,O
,ছেলে,O
,মুই,O
,দুইবেলা,O
,ভাত,B-FOOD
,খাইতে,O
,পারতাম,O
,না,O
Sentence: 807,দুইনাম্বার,O
,বিয়ায়,O
,মুই,O
,কল্পনার,O
,চাইয়াও,O
,সুখী,O
Sentence: 808,এইয়া,O
,দ্যাইখাও,O
,হগলডি,O
,না,O
,দ্যাহার,O
,ভান,O
,করে,O
Sentence: 809,খোঁচা,O
,মারার,O
,নাহান,O
,কথা,O
,আছেই,O
,এউক্কা,O
,যে,O
,মোর,O
,দুজ্ঞা,O
,বিয়া,O
Sentence: 810,মোর,O
,সুখ,O
,দ্যাইখা,O
,ফিররা,O
,হ্যাগো,O
,সইহ্য,O
,হয়না,O
Sentence: 811,বিয়া,O
,করার,O
,পাছ,O
,বছর,O
,পর,O
,এহন,O
,মুই,O
,এস্মার্ট,O
,হইছি,O
Sentence: 812,পরথোম,O
,পরথোম,O
,বউ,B-REL
,এর,O
,ম্যালা,O
,প্রশ্নের,O
,ঠিক,O
,উত্তর,O
,দিয়া,O
,বিপদে,O
,পরতাম,O
Sentence: 813,বিশাল,O
,কাইজ্জা,O
,লাইজ্ঞা,O
,যাইতে,O
Sentence: 814,হেইয়ারপর,O
,ঠিক,O
,করছেলাম,O
,ত্যাল,O
,মাইররা,O
,উত্তর,O
,দিমু,O
Sentence: 815,হেইতেও,O
,লাভ,O
,হইলে,O
,না,O
Sentence: 816,কাইজ্জা,O
,থামলে,O
,না,O
Sentence: 817,হালকা,O
,পাতলা,O
,লাভ,O
,হইতেয়াছে,O
Sentence: 818,বউ,B-REL
,খাওনের,O
,কালে,O
,হাসি,O
,মুহে,O
,কইলো,O
,রান্দা,O
,কেমন,O
,হইছে,O
Sentence: 819,খাওনে,B-FOOD
,আরেকটু,O
,রসুন,B-FOOD
,দেলে,O
,বেমালা,O
,মজা,O
,হইতে,O
Sentence: 820,খাওনে,B-FOOD
,নুন,B-FOOD
,একটু,O
,কম,O
,হইছে,O
Sentence: 821,তোমার,O
,খাওন,O
,লাগবে,O
,না,O
Sentence: 822,মুই,O
,তো,O
,এক্কারে,O
,কিছুই,O
,পারি,O
,না,O
Sentence: 823,বউ,B-REL
,এর,O
,চক্ষু,O
,ভিজা,O
Sentence: 824,তুমি,O
,মোরে,O
,আর,O
,কত,O
,অবাক,O
,করবা,O
Sentence: 825,এক,O
,চামুছ,B-OBJ
,খাইয়াই,O
,এতহানি,O
,কথা,O
,কইয়া,O
,দেলা,O
Sentence: 826,চাপামারা,O
,ডা,O
,এক্টুহানে,O
,কমাও,O
Sentence: 827,তুমি,O
,রানছো,O
Sentence: 828,মুই,O
,তো,O
,ভাবছেলাম,O
,হাউরি,B-REL
,আম্মা,I-REL
,মোর,O
,লইজ্ঞা,O
,রাইন্দা,O
,পাডাইছে,O
Sentence: 829,তোমার,O
,রান্দা,O
,তো,O
,এক্কারে,O
,আম্মার,B-REL
,নাহান,O
Sentence: 830,আর,O
,কয়ডা,O
,খাও,O
,এক,O
,চামুছ,B-OBJ
,দিমু,O
Sentence: 831,মেকাপ,O
,ডা,O
,কেমন,O
,হইছে,O
Sentence: 832,এট্টু,O
,বেশি,O
,হইয়া,O
,গ্যাছে,O
,কম,O
,হইলে,O
,আরো,O
,ভালো,O
,লাগতে,O
Sentence: 833,বউ,B-REL
,মেকাপ,O
,উডাইতে,O
,উডাইতে,O
,যামুই,O
,না,O
,আইজগো,O
Sentence: 834,মুই,O
,তো,O
,মেকাপই,O
,দেতে,O
,পারি,O
,না,O
Sentence: 835,তুমি,O
,যাও,O
,এল্লাহ,O
,এল্লাহ,O
Sentence: 836,পার্টি,O
,তে,O
,যাইয়া,O
,সুন্দুরি,O
,গো,O
,লগে,O
,ঢং,O
,কইররা,O
,আও,O
Sentence: 837,ক্যামনে,O
,এত্তো,O
,জোশ,O
,মেকাপ,O
,করো,O
Sentence: 838,না,O
,বুইজঝা,O
,বেশী,O
,কথা,O
,কও,O
,কির,O
,লইজ্ঞা,O
Sentence: 839,মোর,O
,দিক,O
,তো,O
,আর,O
,চাও,O
,না,O
,চক্ষু,O
,থাহে,O
,অন্য,O
,মাইয়াগো,O
,দিক,O
Sentence: 840,মুই,O
,মেলা,O
,সময়,O
,হ্যার,O
,মুহের,O
,দিক,O
,চাইয়া,O
,ছেলাম,O
Sentence: 841,তুমি,O
,এত্তো,O
,কিছু,O
,বোঝো,O
,ক্যামনে,O
Sentence: 842,কাপুড়ডা,B-OBJ
,মোরে,O
,কেমন,O
,মানাইছে,O
Sentence: 843,সবুজ,B-COL
,কাপুড়ডা,B-OBJ
,পরলে,O
,দারুন,O
,লাগতে,O
Sentence: 844,সবুজ,B-COL
,কাপুড়,B-OBJ
,কি,O
,তোমার,O
,আগের,O
,গার্লফেরেন্ডের,B-REL
,পিরিয়ো,O
,রঙ,O
Sentence: 845,এই,O
,রহম,O
,ত্যাল,O
,মোরে,O
,দেবা,O
,না,O
,বিরক্ত,O
,লাগে,O
Sentence: 846,মাথায়,O
,রাইক্ষো,O
,বিয়া,O
,বাড়ি,O
,যাইতেয়াছো,O
Sentence: 847,বউ,B-REL
,এর,O
,চাইয়া,O
,তোমারে,O
,ম্যালা,O
,সুন্দর,O
,লাগ্লে,O
,কোলো,O
,সমেস্যা,O
Sentence: 848,বিয়াইত্যা,O
,জীবনে,O
,সুখে,O
,থাহেন,O
Sentence: 849,মোর,O
,জামাই,B-REL
,মদ,B-FOOD
,খায়,O
,রাইতের,O
,পর,O
,রাইত,O
,দোস্তগো,B-REL
,লগে,O
,আড্ডা,O
,দেয়,O
Sentence: 850,মুই,O
,এইডা,O
,স্বাভাবিকভাইব্বা,O
,নেল্লাম,O
Sentence: 851,মোর,O
,ধারে,O
,ধরা,O
,খাইয়াও,O
,স্বীকার,O
,না,O
,কইররা,O
,মোর,O
,গায়ে,O
,হাত,O
,তোলে,O
Sentence: 852,এহন,O
,হ্যারে,O
,আর,O
,ছাইররা,O
,দেওন,O
,যাইবে,O
,না,O
Sentence: 853,যে,O
,মানু,O
,গায়ে,O
,হাত,O
,তোলে,O
,অন্য,O
,মাইয়াগো,O
,লগে,O
,কথা,O
,কয়,O
,ঘরে,O
,বউ,B-REL
,থুইয়া,O
Sentence: 854,এরহম,O
,ব্যাডার,O
,লগে,O
,সংসার,O
,যায়,O
,না,O
Sentence: 855,কোন,O
,মাইনষের,O
,উপরেগোনে,O
,একবার,O
,বিশ্বাস,O
,উইঠঠা,O
,গ্যালে,O
,অভিনয়,O
,কইররা,O
,ম্যালা,O
,দিন,O
,হেইহানে,O
,থাহা,O
,যায়,O
,না,O
Sentence: 856,আর,O
,সইতে,O
,না,O
,পাইররা,O
,আমনেগো,O
,ধারে,O
,সঠিক,O
,পরামর্শ,O
,চাইতেয়াছি,O
Sentence: 857,মোর,O
,বাফে,B-REL
,পুলিশে,B-ROLE
,আছেন,O
,তয়,O
,মায়ের,B-REL
,লগে,O
,বিয়ার,O
,পরে,O
,গোনেই,O
,হ্যায়,O
,পরকীয়ায়,O
,আসক্ত,O
,আল্লেন,O
Sentence: 858,মায়,B-REL
,ম্যালা,O
,সইয়া,O
,এত্তো,O
,বছর,O
,সংসার,O
,কইররা,O
,গ্যাছে,O
Sentence: 859,এইয়ার,O
,মইধ্যে,O
,অনেক,O
,কালে,O
,ভালো,O
,হইয়া,O
,যাইতে,O
,আবার,O
,খারাপ,O
,হইয়া,O
,যাইতে,O
Sentence: 860,শ্যাষ,O
,বয়সেরকালে,O
,আইয়া,O
,হ্যায়,O
,এরহম,O
,এউক্কা,O
,জঘইন্য,O
,কাম,O
,করছে,O
Sentence: 861,হ্যায়,O
,দুইনাম্বার,O
,বিয়া,O
,করছে,O
,এইক্কা,O
,বিয়াইত্যা,O
,মাতারিরে,O
Sentence: 862,হ্যায়,O
,দুইনাম্বার,O
,বিয়া,O
,কইররা,O
,শান্তি,O
,পায়,O
,নাই,O
Sentence: 863,বাফের,B-REL
,ধারে,O
,মোর,O
,মায়ের,B-REL
,নামে,O
,ম্যালা,O
,আউল,O
,ফাউল,O
,কথা,O
,কয়,O
Sentence: 864,মুই,O
,এউক্কা,O
,পাবলিক,B-ORG
,বিশ্ববিদ্যায়ে,I-ORG
,পড়ালেহা,O
,করতেয়াছি,O
Sentence: 865,হ্যায়,O
,এহন,O
,মোর,O
,পড়ালেহার,O
,খরচ,O
,দেতে,O
,চায়,O
,না,O
Sentence: 866,হেই,O
,মাতারি,O
,আর,O
,হ্যায়,O
,মিল্লা,O
,মোরে,O
,খামরাখামরি,O
,করতে,O
,থাহে,O
Sentence: 867,মুই,O
,হ্যার,O
,পড়ালেহার,O
,কোন,O
,খরচ,O
,দিমু,O
,না,O
Sentence: 868,মোরে,O
,দয়া,O
,কইররা,O
,সঠিক,O
,পরামর্শ,O
,দিয়া,O
,এট্টু,O
,সাহাইয্য,O
,করেন,O
Sentence: 869,মুই,O
,কি,O
,করতে,O
,পারি,O
Sentence: 870,আডাইশ,O
,বছর,O
,ধইররা,O
,মোর,O
,মায়,B-REL
,কষ্ট,O
,কইররা,O
,গ্যাছে,O
Sentence: 871,অন্যদিক,O
,এত্তো,O
,অন্যায়,O
,করার,O
,পরো,O
,মোর,O
,বাফে,B-REL
,আর,O
,ঐ,O
,মাতারি,O
,বেমালা,O
,সুখে,O
,আছে,O
Sentence: 872,আমনের,O
,ধারে,O
,কয়ডা,O
,ভালো,O
,পরামর্শ,O
,নেতে,O
,আইলাম,O
Sentence: 873,মুই,O
,এউক্কা,O
,আবিয়াইত্যা,O
Sentence: 874,ল্যাদাকাল,O
,গোনে,O
,নানার,B-REL
,বাড়ি,O
,বড়,O
,হইছি,O
Sentence: 875,এহন,O
,নানার,B-REL
,বাড়িই,O
,থাহি,O
Sentence: 876,মোগো,O
,যৌথ,O
,পরিবার,O
,আল্লেহ,O
,নানার,B-REL
,বাড়ি,O
Sentence: 877,মোর,O
,বাফে,B-REL
,নেশায়,O
,আসক্ত,O
,আল্লেহ,O
Sentence: 878,মোগো,O
,লগে,O
,মোর,O
,বাফে,B-REL
,হেইরোম,O
,সময়,O
,কাডাইতে,O
,না,O
Sentence: 879,আব্বায়,B-REL
,হারাদিন,O
,বায়রায়,O
,বায়রায়,O
,থাকতে,O
Sentence: 880,মুই,O
,তহন,O
,ম্যালা,O
,ছোডো,O
,আল্লাম,O
Sentence: 881,মোর,O
,হুবু,B-REL
,চাচারাও,B-REL
,মোগো,O
,দ্যাখতে,O
,পারতে,O
,না,O
Sentence: 882,মায়,B-REL
,মোরে,O
,আর,O
,ভাইরে,B-REL
,বড়,O
,করছে,O
,বেমালা,O
,কষ্ট,O
,কইররা,O
Sentence: 883,মোরে,O
,আগে,O
,হগলডি,O
,আদর,O
,করতে,O
Sentence: 884,যত,O
,বড়,O
,হইলাম,O
,সবাইর,O
,চোহে,O
,এক্কালে,O
,বিষ,O
,এর,O
,নাহান,O
,হইয়া,O
,গ্যালাম,O
Sentence: 885,আগের,O
,চাইয়া,O
,আব্বায়,B-REL
,ম্যালা,O
,ভালো,O
,হইছে,O
Sentence: 886,মোর,O
,খালার,B-REL
,বিয়া,O
,হইছে,O
,দুই,O
,হাজার,O
,পনরো,O
,সনে,O
Sentence: 887,মোর,O
,খালার,B-REL
,দুজ্ঞা,O
,পোলা,B-REL
,আছে,O
Sentence: 888,বিয়ার,O
,আগে,O
,খালাই,B-REL
,মোরে,O
,বড়,O
,করছে,O
Sentence: 889,মায়,B-REL
,কিছু,O
,হইলেই,O
,মোরে,O
,পিডায়,O
Sentence: 890,মোর,O
,বাফে,B-REL
,যে,O
,এত্তো,O
,খারাপ,O
,কহনো,O
,ফুলের,O
,টোক্কাও,O
,দ্যায়,O
,নাই,O
Sentence: 891,মুই,O
,এউক্কা,O
,পোলা,O
,এহন,O
,বাংলাদেশ,B-ORG
,নেবিতে,I-ORG
,কামে,O
,আছি,O
Sentence: 892,মুই,O
,চাইর,O
,মাস,O
,আগে,O
,পরিবারের,O
,পছন্দে,O
,বিয়া,O
,করছি,O
Sentence: 893,মুই,O
,বেইন্নাহালে,O
,আট্টায়,O
,ডিউটি,O
,তে,O
,চইল্লা,O
,যাই,O
Sentence: 894,মোর,O
,বউ,B-REL
,একদিনো,O
,সময়েরকালে,O
,টেবিলে,B-OBJ
,খাওন,O
,দেতে,O
,পারেনা,O
,অনেক,O
,সময়,O
,বায়রায়,O
,যাইয়া,O
,নাস্তা,B-FOOD
,করি,O
Sentence: 895,হ্যায়,O
,বেইন্নাহালে,O
,বোলে,O
,ওঠতে,O
,পারে,O
,না,O
Sentence: 896,হ্যায়,O
,হ্যার,O
,বাফের,B-REL
,বাড়ি,O
,থাহারকালে,O
,বোলে,O
,দশ,O
,টার,O
,আগে,O
,ঘুমে,O
,গোনে,O
,ওঠতে,O
,না,O
Sentence: 897,হ্যায়,O
,বেমালা,O
,আইলশা,O
,এউক্কা,O
,কাম,O
,সময়েরকালে,O
,করতে,O
,পারে,O
,না,O
Sentence: 898,হারাদিন,O
,বাড়ি,O
,বইয়া,O
,ফেসবুক,B-ORG
,টিকটকে,B-ORG
,সময়,O
,কাড্য,O
,হ্যার,O
Sentence: 899,মোগো,O
,মইধ্যে,O
,ক্যালক্যাল,O
,কাইজ্জা,O
,বাজে,O
Sentence: 900,মুই,O
,ম্যালা,O
,সমস্যায়,O
,আছি,O
Sentence: 901,পেরতেকদিন,O
,হতাশার,O
,মইধ্যে,O
,ডুইব্বা,O
,যাইতেয়াছি,O
,এইয়ার,O
,মুক্তি,O
,পামু,O
,ক্যামনে,O
Sentence: 902,মুই,O
,সত্যই,O
,ম্যালা,O
,অসহায়,O
,বোধ,O
,করতেয়াছি,O
Sentence: 903,পোস্ট,O
,ভালো,O
,না,O
,লাগলে,O
,এড়াইয়া,O
,যান,O
Sentence: 904,এউক্কা,O
,মাইয়া,O
,ছউজ্ঞা,O
,পোলার,O
,লগে,O
,প্রেম,O
,করতেয়াছে,O
Sentence: 905,ভিডিউ,O
,বানাইন্নার,O
,কি,O
,দরকার,O
,আল্লেহ,O
Sentence: 906,মোর,O
,তো,O
,মনে,O
,কয়,O
,মাইয়াগো,O
,একছের,O
,ডেট,O
,করা,O
,উচিত,O
Sentence: 907,এইরহম,O
,করতেয়াছে,O
,কির,O
,লইজ্ঞা,O
,বইয়া,O
,বইয়া,O
Sentence: 908,হ্যায়,O
,হিশাব,O
,মিলাইতে,O
,পারতেয়াছে,O
,না,O
Sentence: 909,এইয়া,O
,ক্যামনে,O
,সম্ভব,O
Sentence: 910,তুমি,O
,ঘুমে,O
,গোনে,O
,উইটঠা,O
,মোরে,O
,ফোন,O
,কইররো,O
Sentence: 911,তুমি,O
,এত্তো,O
,ঘুমাও,O
,কির,O
,লইজ্ঞা,O
Sentence: 912,তোমার,O
,এত্তো,O
,ঘুম,O
,আয়,O
,কির,O
,লইজ্ঞা,O
Sentence: 913,তোমার,O
,লগে,O
,মোর,O
,দরকারি,O
,কথা,O
,আছে,O
Sentence: 914,এউক্কা,O
,স্বাভাবিক,O
,মানু,O
,এত্তো,O
,ঘুমায়,O
,না,O
Sentence: 915,মোর,O
,বেইন্যাহালে,O
,উইটঠাই,O
,চা,B-FOOD
,খাওনের,O
,অভ্যাস,O
Sentence: 916,মোর,O
,সন্ধায়,O
,কফি,B-FOOD
,খাওনের,O
,অভ্যাস,O
,আছে,O
Sentence: 917,তুমি,O
,দুফারে,O
,কিদ্যা,O
,ভাত,B-FOOD
,খাইছেলা,O
Sentence: 918,তুমি,O
,কি,O
,রাইতের,O
,কালে,O
,বায়রায়,O
,বাইর,O
,হবা,O
Sentence: 919,আমনের,O
,সব,O
,চাইয়া,O
,ধারের,O
,মানুডা,O
,কেডা,O
Sentence: 920,আমনের,O
,লগে,O
,কথা,O
,কইতে,O
,পাইরা,O
,ভালো,O
,লাগছে,O
,মোর,O
Sentence: 921,মোর,O
,ম্যালা,O
,খারাপ,O
,লাগছে,O
Sentence: 922,মোর,O
,মনে,O
,কয়,O
,যে,O
,মুই,O
,কিছুই,O
,মনে,O
,রাখতে,O
,পারতেয়াছি,O
,না,O
Sentence: 923,মোর,O
,ছোডো,B-ROLE
,বুইন,I-ROLE
,নানা,B-REL
,বাড়ি,O
,ঘোরতে,O
,গ্যাল্লেহ,O
Sentence: 924,হ্যায়,O
,পরের,O
,মাসে,O
,বিদ্যাশ,B-LOC
,চইল্লা,O
,যাইবে,O
Sentence: 925,মাইয়াডা,O
,বেমালা,O
,বেদ্দপ,O
Sentence: 926,মাইয়াডা,O
,হারাদিন,O
,মিছা,O
,কথা,O
,কয়,O
Sentence: 927,পোলাডা,O
,রাস্তা,B-LOC
,দিয়া,O
,হাইট্টা,O
,যাইতেয়াছে,O
Sentence: 928,এউক্কা,O
,বিলোই,B-ANI
,দুয়ারের,B-OBJ
,সামনে,O
,বইয়া,O
,রইছে,O
Sentence: 929,এউক্কা,O
,কুত্তা,B-ANI
,রাস্তায়,B-LOC
,বইয়া,O
,রইছে,O
Sentence: 930,এউক্কা,O
,সাদা,B-COL
,রঙের,I-COL
,পক্ষি,B-ANI
,আকাশে,O
,ওড়তেয়াছে,O
Sentence: 931,জুয়ান,O
,এউক্কা,O
,পোলা,O
,বায়রায়,O
,ফুটপাতে,B-LOC
,দৌড়াইতেয়াছে,O
Sentence: 932,মুই,O
,কামে,O
,যাইতে,O
,চাই,O
,না,O
Sentence: 933,আমনে,O
,এই,O
,কলমডা,B-OBJ
,নেন,O
Sentence: 934,মোরে,O
,সত্য,O
,কথা,O
,কন,O
Sentence: 935,তুমি,O
,ঘুমে,O
,গোনে,O
,হওয়ালে,O
,উইটঠা,O
,যাও,O
Sentence: 936,আমনে,O
,ঘুমে,O
,গোনে,O
,ওঠতে,O
,চান,O
,না,O
Sentence: 937,মুই,O
,বেইন্যাহালে,O
,নাস্তা,B-FOOD
,কইররা,O
,ইস্কুলে,B-ORG
,যাই,O
Sentence: 938,মোর,O
,বেইন্যাহালে,O
,কিছু,O
,খাইতে,O
,ভাল,O
,লাগে,O
,না,O
Sentence: 939,মোরা,O
,ঠইজ্ঞা,O
,গ্যাছি,O
Sentence: 940,মোরা,O
,ঠইজ্ঞা,O
,গ্যাল্লাম,O
Sentence: 941,আমডা,B-FOOD
,কেডা,O
,খাইল্লে,O
Sentence: 942,মুই,O
,হারাইয়া,O
,গেছি,O
Sentence: 943,মুই,O
,ঠিক,O
,আছি,O
Sentence: 944,মোরে,O
,বিশ্বাস,O
,করো,O
Sentence: 945,মোর,O
,প্রশ্নের,O
,উত্তর,O
,দেন,O
Sentence: 946,মুই,O
,হ্যারে,O
,দ্যাখতে,O
,পাইলাম,O
Sentence: 947,মোরে,O
,ঢোকতে,O
,দেন,O
Sentence: 948,মোরে,O
,যাইতে,O
,দেও,O
Sentence: 949,এইহানে,O
,অপেক্ষা,O
,করেন,O
Sentence: 950,মুই,O
,অসুস্থ,O
,হইয়া,O
,পরছেলাম,O
Sentence: 951,মুই,O
,অগো,O
,দ্যাখতে,O
,পাইলাম,O
Sentence: 952,সময়,O
,শ্যাষ,O
,হইয়া,O
,গ্যাছে,O
Sentence: 953,মোরা,O
,অপেক্ষা,O
,করমু,O
Sentence: 954,হ্যায়,O
,উইটঠা,O
,খারাইছে,O
Sentence: 955,মুই,O
,বেশি,O
,উচা,O
Sentence: 956,মুই,O
,মাফ,O
,চাই,O
Sentence: 957,মুই,O
,ফিররা,O
,আইলাম,O
Sentence: 958,মুই,O
,কেক,B-FOOD
,পছন্দ,O
,করি,O
Sentence: 959,এট্টুহানে,O
,ঘুমাইয়া,O
,লও,O
Sentence: 960,মুই,O
,এল্লাহ,O
,আল্লাম,O
Sentence: 961,মোর,O
,লগে,O
,আয়েন,O
Sentence: 962,হ্যায়,O
,চেইত্যা,O
,গ্যাল্লেহ,O
Sentence: 963,মোর,O
,হাতটা,O
,ধরেন,O
Sentence: 964,মুই,O
,অবাক,O
,হইয়া,O
,গ্যাল্লাহম,O
Sentence: 965,মুই,O
,আমু,O
,না,O
Sentence: 966,মুই,O
,ঠগমু,O
,না,O
Sentence: 967,মোর,O
,হাতে,O
,ব্যাথা,O
,করতেয়াছে,O
Sentence: 968,মোর,O
,ঠ্যাঙ্গে,O
,ব্যাথা,O
,করতেয়াছে,O
Sentence: 969,আমনেরে,O
,কেডা,O
,পাডাইছে,O
Sentence: 970,তোমারে,O
,দেইখ্যা,O
,অসুস্থ্য,O
,বইললা,O
,মনে,O
,হইতেয়াছে,O
Sentence: 971,আমনেরা,O
,আগে,O
,যান,O
Sentence: 972,মোরে,O
,বোলাইবেন,O
,না,O
Sentence: 973,মোর,O
,হইলদা,B-COL
,রঙ,O
,পছন্দ,O
Sentence: 974,মুই,O
,আফেল,B-FOOD
,পছন্দ,O
,করি,O
Sentence: 975,মোর,O
,ঠান্ডা,O
,লাগজে,O
Sentence: 976,মোর,O
,খিদা,O
,পাইতেয়াছে,O
Sentence: 977,মুই,O
,বিদ্যাশ,B-LOC
,গ্যাল্লাহম,O
Sentence: 978,মুই,O
,ভিতরে,O
,যাই,O
Sentence: 979,হ্যায়,O
,চেইত্যা,O
,গ্যাল্লেহ,O
Sentence: 980,মোরে,O
,ওইহানে,O
,লইয়া,O
,লয়েন,O
Sentence: 981,হ্যায়,O
,মোর,O
,বউ,B-REL
Sentence: 982,আমনেরে,O
,দেইখ্যা,O
,অসুস্থ্য,O
,বইললা,O
,মনে,O
,হইতেয়াছে,O
Sentence: 983,মোগো,O
,বিয়ার,O
,পরে,O
,গোনেই,O
,ম্যালা,O
,ছোডোখাডো,O
,কারনে,O
,কাইজ্যা,O
,লাইজ্ঞা,O
,থাকতে,O
Sentence: 984,মুই,O
,বোঝতে,O
,পারছেলাম,O
,হ্যার,O
,অন্য,O
,কোনহানে,O
,সম্পর্ক,O
,আছে,O
Sentence: 985,হ্যায়,O
,কোন,O
,কালে,O
,স্বীকার,O
,করে,O
,না,O
Sentence: 986,এমনে,O
,বিভিন্ন,O
,ধরনের,O
,সমেস্যা,O
,হইতে,O
,থাহে,O
Sentence: 987,মোগো,O
,পারিবারিক,O
,ভাবে,O
,বিয়া,O
,হয়,O
Sentence: 988,যহন,O
,বাসায়,O
,কই,O
,তহন,O
,বিভিন্ন,O
,তারহার,O
,কথা,O
,হয়,O
Sentence: 989,বেমালা,O
,বার,O
,হ্যারে,O
,সুযোগ,O
,দেওয়া,O
,হইছে,O
Sentence: 990,তয়,O
,হ্যায়,O
,ভালো,O
,হয়,O
,না,O
Sentence: 991,ম্যালা,O
,দিন,O
,বাফের,B-REL
,বাড়ি,O
,আল্লাহম,O
Sentence: 992,তোমারে,O
,থুইয়া,O
,বাচমু,O
,তোমার,O
,বিয়াতেও,O
,নাচমু,O
Sentence: 993,হ্যায়,O
,হেইকালে,O
,ফিররা,O
,ফেরত,O
,চায়,O
,মোরে,O
Sentence: 994,এক,O
,কালে,O
,এরহম,O
,অবস্থা,O
,করছেলে,O
,যে,O
,মুইও,O
,দূর্বল,O
,হইয়া,O
,যাই,O
Sentence: 995,কয়ডা,O
,দিন,O
,হ্যায়,O
,ভালো,O
,আল্লেহ,O
Sentence: 996,হেইয়ারপর,O
,এউক্কার,O
,পর,O
,এউক্কা,O
,অশান্তি,O
,বাড়তেই,O
,থাহে,O
Sentence: 997,হ্যায়,O
,যের,O
,লগে,O
,সম্পর্কে,O
,জড়াইছে,O
,হ্যারে,O
,বিয়া,O
,করবেনা,O
,কয়,O
,তয়,O
,সম্পর্ক,O
,রাখবে,O
Sentence: 998,হ্যায়,O
,খালি,O
,মোরে,O
,খাওন,B-FOOD
,ডু,O
,ঠিক,O
,মত,O
,দ্যায়,O
,যানি,O
,কাউরে,O
,কইতে,O
,না,O
,পারি,O
Sentence: 999,মোর,O
,তো,O
,এউক্কা,O
,হাত,O
,খরচ,O
,লাগে,O
,হেইয়াও,O
,হ্যায়,O
,দ্যায়,O
,না,O
Sentence: 1000,বাফ,B-REL
,হিসাবে,O
,পোলারে,B-REL
,ভালবাসে,O
,ম্যালা,O
Sentence: 1001,চুপ,O
,আল্লাহম,O
,বুঝাইছি,O
,বেমালা,O
,লাভ,O
,হয়,O
,নাই,O
Sentence: 1002,এক,O
,কালে,O
,ফিররা,O
,বাড়িতে,O
,জানাইন্না,O
,হয়,O
Sentence: 1003,হেইকালে,O
,হ্যায়,O
,ম্যালা,O
,খারাপ,O
,আচরন,O
,করছেলে,O
Sentence: 1004,হ্যায়,O
,মোর,O
,বাড়ির,O
,কাউরে,O
,সম্মান,O
,করেনা,O
Sentence: 1005,হ্যায়,O
,কেউর,O
,কথা,O
,কয়না,O
,কাউরে,O
,সম্মান,O
,করেনা,O
Sentence: 1006,এমন,O
,কি,O
,মোর,O
,বাপ,B-REL
,মায়,B-REL
,সামনে,O
,আইলে,O
,সালামডা,O
,পর্যন্ত,O
,দেয়না,O
Sentence: 1007,হ্যায়,O
,হ্যাগো,O
,লগে,O
,সম্পর্ক,O
,রাখবে,O
,না,O
Sentence: 1008,মুই,O
,তহন,O
,জিগাই,O
,কিরলইজ্ঞা,O
,কি,O
,হইছে,O
Sentence: 1009,হ্যারা,O
,মোরে,O
,বেমালা,O
,অফোমান,O
,করছে,O
Sentence: 1010,আমনেরা,O
,কন,O
,হ্যায়,O
,পরকিয়া,O
,করবে,O
,বউ,B-REL
,রে,O
,মারবে,O
,আর,O
,বাপ,B-REL
,মায়,B-REL
,চুপ,O
,থাকপে,O
Sentence: 1011,মোর,O
,কোন,O
,ভাই,B-REL
,নাই,O
,মুই,O
,বড়,B-REL
,মাইয়া,I-REL
Sentence: 1012,মোগো,O
,মইধ্যাবিত্ত,O
,পরিবার,O
Sentence: 1013,এইহগল,O
,কিছু,O
,কেউরে,O
,কইয়া,O
,কোন,O
,সমাধান,O
,নাই,O
Sentence: 1014,হ্যারা,O
,কয়,O
,মোরা,O
,মোগো,O
,বউ,B-REL
,রে,O
,কত,O
,মারি,O
,কোন,O
,কালে,O
,মুখ,O
,দিয়া,O
,কথা,O
,বাইর,O
,করে,O
,না,O
Sentence: 1015,মোর,O
,হাউরি,B-REL
,নাই,O
,মইররা,O
,গ্যাছে,O
,ম্যালা,O
,আগে,O
Sentence: 1016,মোরা,O
,বিয়ার,O
,পরে,O
,গোনে,O
,ভিন্ন,O
,থাহি,O
Sentence: 1017,হউরবাড়ি,O
,মোর,O
,জামাইর,B-REL
,কিছু,O
,নাই,O
,কারণ,O
,হ্যার,O
,মায়,B-REL
,নাই,O
Sentence: 1018,হ্যার,O
,বাফে,B-REL
,বিয়া,O
,করছে,O
,হেইহানে,O
,বছরে,O
,একবার,O
,যাওন,O
,হয়,O
Sentence: 1019,মুই,O
,তোমারে,O
,খাওন,B-FOOD
,দেতেয়াছি,O
Sentence: 1020,আমনেরা,O
,কন,O
,যে,O
,জামাই,B-REL
,ভালবাইসসা,O
,কথা,O
,কয়না,O
Sentence: 1021,এইহগল,O
,সমেস্যার,O
,সমাধান,O
,কোম্মে,O
,পামু,O
Sentence: 1022,মুই,O
,ম্যালা,O
,চেষ্টা,O
,করছি,O
,যে,O
,মোর,O
,কোন,O
,ভুল,O
,আছে,O
,কিনা,O
Sentence: 1023,হ্যায়,O
,হগলডি,O
,রে,O
,কয়,O
,মুই,O
,তো,O
,অর,O
,লগেই,O
,সংসার,O
,করি,O
Sentence: 1024,এইয়া,O
,না,O
,যে,O
,মুই,O
,দ্যাখতে,O
,অসুন্দর,O
Sentence: 1025,যে,O
,কেউ,O
,মোরে,O
,এক,O
,দেহা,O
,তে,O
,পছন্দ,O
,করবে,O
Sentence: 1026,কোন,O
,উপায়,O
,পাইনা,O
,কি,O
,করমু,O
Sentence: 1027,খালি,O
,পোলার,B-REL
,মুহের,O
,দিক,O
,চাইয়া,O
,চুপ,O
,কইররা,O
,আছি,O
Sentence: 1028,তয়,O
,মুই,O
,বাইচচা,O
,থাইক্কাও,O
,মইররা,O
,আছি,O
Sentence: 1029,মুই,O
,মোর,O
,জামাইর,B-REL
,ভালোবাসা,O
,চাই,O
Sentence: 1030,মোর,O
,পরিবারের,O
,হগলডির,O
,লগে,O
,অয়,O
,কথা,O
,কউক,O
,হেইডা,O
,চাই,O
Sentence: 1031,মোর,O
,বাপ,B-REL
,মায়,B-REL
,বেমালা,O
,বার,O
,মাফ,O
,চাইছে,O
Sentence: 1032,যেইয়া,O
,হইছে,O
,হইয়া,O
,গ্যাছে,O
,তোমার,O
,কথাই,O
,মানছি,O
,মোগো,O
,দোষ,O
Sentence: 1033,মুই,O
,চাইলেই,O
,মোর,O
,বাফের,B-REL
,বাড়ি,O
,চইললা,O
,যাইতে,O
,পারি,O
Sentence: 1034,সমাজের,O
,মানু,O
,বিভিন্ন,O
,কথা,O
,কইবে,O
Sentence: 1035,মোর,O
,বাফে,B-REL
,অসুস্থ্য,O
,হইয়া,O
,যাইবে,O
Sentence: 1036,হ্যায়,O
,এহন,O
,নিজের,O
,মোহে,O
,কয়,O
,তোমার,O
,লগে,O
,ফিররা,O
,সব,O
,ঠিক,O
,করতেয়াছি,O
Sentence: 1037,অন্য,O
,কোনহানে,O
,বিয়া,O
,কইররা,O
,ভালো,O
,থাকবা,O
,হেইয়া,O
,ক্যামনে,O
,হয়,O
Sentence: 1038,হ্যায়,O
,বায়রায়,O
,যা,O
,ইচ্ছা,O
,করবে,O
,বউ,B-REL
,হিসাবে,O
,মোরে,O
,রাখবে,O
Sentence: 1039,এইহানে,O
,মোর,O
,পরিবারের,O
,লগে,O
,সম্পর্ক,O
,রাখবে,O
,না,O
Sentence: 1040,মোরে,O
,ম্যালা,O
,মারতে,O
Sentence: 1041,পোলাডার,B-REL
,ভবিষ্যতের,O
,কথা,O
,ভাইব্বা,O
,চুপ,O
,কইররা,O
,রইছি,O
Sentence: 1042,মোর,O
,বাপ,B-REL
,মায়ও,B-REL
,এইডা,O
,ল্পইয়া,O
,ম্যালা,O
,কষ্ট,O
,পাইতেয়াছে,O
Sentence: 1043,মুই,O
,বড়,B-REL
,মাইয়া,I-REL
,মোর,O
,ছোডো,B-REL
,বুইন,I-REL
,আছে,O
,খালি,O
Sentence: 1044,আমনেরা,O
,পরামর্শ,O
,দ্যান,O
,মুই,O
,কি,O
,করমু,O
Sentence: 1045,দিন,O
,দিন,O
,মানসিক,O
,ভাবে,O
,অসুস্থ্য,O
,হইয়া,O
,যাইতেয়াছি,O
Sentence: 1046,কোন,O
,কথা,O
,খারাপ,O
,লাগলে,O
,দয়া,O
,কইররা,O
,মাফ,O
,কইরেন,O
Sentence: 1047,মুই,O
,প্রেম,O
,কইররা,O
,বিয়া,O
,করছি,O
Sentence: 1048,মুই,O
,মোর,O
,জামাইরে,B-REL
,বেমালা,O
,ভালোবাসি,O
Sentence: 1049,মোর,O
,বয়স,O
,উনিশ,O
,বছর,O
Sentence: 1050,এউক্কা,O
,মানু,O
,কি,O
,এমনে,O
,এমনে,O
,খারাপ,O
,হয়,O
,কন,O
Sentence: 1051,এরহম,O
,কিছু,O
,করমু,O
,যাতে,O
,হ্যার,O
,ধারে,O
,মোরে,O
,না,O
,যাইতে,O
,হয়,O
Sentence: 1052,মুই,O
,ক্যার,O
,ধারে,O
,চামু,O
Sentence: 1053,আমনে,O
,থানায়,B-LOC
,যাইয়া,O
,এউক্কা,O
,মামলা,O
,করেন,O
Sentence: 1054,পুলিশরে,B-ROLE
,হগলকিছু,O
,পরথোম,O
,গোনে,O
,শ্যাষ,O
,পর্যন্ত,O
,খুইললা,O
,কন,O
,আমনের,O
,লগে,O
,যেইয়া,O
,যেইয়া,O
,হইছে,O
Sentence: 1055,পুলিশরে,B-ROLE
,এইডাও,O
,কন,O
,যে,O
,মুই,O
,যদি,O
,মোর,O
,সমেস্যার,O
,কোন,O
,সমাধান,O
,পাইনাই,O
Sentence: 1056,মুই,O
,কোলো,O
,আত্মহত্যা,O
,করতে,O
,বাইধ্য,O
,হমু,O
Sentence: 1057,এইতে,O
,পুলিশের,B-ROLE
,উপরে,O
,চাপ,O
,আইবে,O
Sentence: 1058,আমনের,O
,মায়,B-REL
,আর,O
,আমনের,O
,জামাই,B-REL
,দুইজনি,O
,সতর্ক,O
,হইবে,O
,আমনের,O
,জইন্য,O
Sentence: 1059,আমনে,O
,যদি,O
,পুলিশরে,B-ROLE
,পুরাডা,O
,খুইললা,O
,কয়ন,O
,হেইলেই,O
,দ্যাখবেন,O
,সমেস্যার,O
,সমাধান,O
,হইয়া,O
,গ্যাছে,O
Sentence: 1060,আমনে,O
,এউক্কা,O
,সাহাইয্য,O
,পাইতেয়াছেন,O
,পুলিশের,B-ROLE
,ধারে,O
,গোনে,O
Sentence: 1061,মুই,O
,কমু,O
,আমনে,O
,বিয়া,O
,ভাঙ্গার,O
,রাস্তা,O
,বাইচছা,O
,লন,O
Sentence: 1062,নিজের,O
,নাহান,O
,কইররা,O
,বাচেন,O
Sentence: 1063,দুজ্ঞা,O
,ব্যালা,O
,ডাইল,B-FOOD
,ভাত,I-FOOD
,খাইয়া,O
,নিজের,O
,নাহান,O
,একলা,O
,থাহা,O
,ম্যালা,O
,ভালো,O
Sentence: 1064,যাই,O
,হোক,O
,মায়ের,B-REL
,ধারে,O
,ম্যালা,O
,কিছু,O
,পাওনের,O
,থাকলেও,O
,আমনে,O
,তেমন,O
,কিছু,O
,পান,O
,নাই,O
Sentence: 1065,অন্যদিক,O
,আমনের,O
,জামাইও,B-REL
,মানু,O
,হিসাবে,O
,ভাল,O
,না,O
Sentence: 1066,আমনের,O
,দুই,O
,দিকই,O
,জ্বালা,O
,হইছে,O
Sentence: 1067,কিছু,O
,কিছু,O
,বিষয়ে,O
,কোন,O
,সমাধান,O
,থাহে,O
,না,O
Sentence: 1068,অবশ্যই,O
,আমনে,O
,পেরতেকদিন,O
,নামাজ,O
,পইররা,O
,আল্লাহর,O
,ধারে,O
,শান্তি,O
,দোয়া,O
,করতে,O
,পারেন,O
Sentence: 1069,নিজেরে,O
,যোগ্য,O
,কইররা,O
,গইড়রা,O
,তোলতে,O
,পারেন,O
Sentence: 1070,নিজেই,O
,নিজের,O
,জীবন,O
,চালাইতে,O
,পারেন,O
Sentence: 1071,আমনের,O
,লইজ্ঞা,O
,শুভকামনা,O
,রইল,O
Sentence: 1072,আমনে,O
,নিজে,O
,কিছু,O
,করার,O
,চেষ্টা,O
,করেন,O
,যেন,O
,পরিবারের,O
,সাহাইয্য,O
,হয়,O
Sentence: 1073,হগলডি,O
,একলগে,O
,খারাপ,O
,হয়,O
,না,O
Sentence: 1074,অরা,O
,আমনেরে,O
,ক্যামনে,O
,চায়,O
,অগো,O
,মতো,O
,হওনের,O
,চেষ্টা,O
,করবেন,O
Sentence: 1075,আশা,O
,করতেয়াছি,O
,হগল,O
,কিছু,O
,সমাধান,O
,হইবে,O
Sentence: 1076,মোর,O
,বিয়া,O
,হইছে,O
,নয়,O
,বছর,O
Sentence: 1077,প্রেম,O
,কইররা,O
,বিয়া,O
,তয়,O
,পারিবারিক,O
,ভাবেই,O
,হইছে,O
Sentence: 1078,পরথোম,O
,গোনেই,O
,মোর,O
,হাউরি,B-REL
,মোরে,O
,বেমালা,O
,ভালোবাসে,O
Sentence: 1079,হ্যারা,O
,মোর,O
,জামাইরে,B-REL
,অশিক্ষিত,O
,মাইয়ার,O
,লগে,O
,বিয়া,O
,দেতে,O
,চাইল্লেহ,O
Sentence: 1080,হ্যাগো,O
,ঘরের,O
,কামের,B-ROLE
,মানুষ,I-ROLE
,হিসাবে,O
,রাখতে,O
,চাইল্লেহ,O
Sentence: 1081,মোর,O
,জামাই,B-REL
,নিজের,O
,পছন্দে,O
,মোরে,O
,বিয়া,O
,করছে,O
Sentence: 1082,গ্যাছে,O
,নয়,O
,বছর,O
,একটানা,O
,নয়,O
,দিনের,O
,লইজ্ঞাও,O
,হ্যারা,O
,মোর,O
,লগে,O
,কথা,O
,কয়,O
,নাই,O
Sentence: 1083,কোনো,O
,মেহমান,B-REL
,মোর,O
,বাড়ি,O
,আইলে,O
,হ্যাগো,O
,লগেও,O
,সম্পর্ক,O
,নষ্ট,O
,করতে,O
Sentence: 1084,মোরা,O
,পারিবারিক,O
,কারনে,O
,এক,O
,বছরের,O
,লইজ্ঞা,O
,এহন,O
,নিজেগো,O
,বাড়ি,O
,গোনে,O
,অন্যহানে,O
,আল্লাহম,O
Sentence: 1085,নিজেগো,O
,বাড়িতে,O
,আইয়া,O
,হুইয়া,O
,পুরা,O
,এলাকায়,O
,মোগো,O
,নামে,O
,খারাপ,O
,কথা,O
,কইছে,O
Sentence: 1086,মোর,O
,বিরুদ্ধে,O
,বুজাইছে,O
,যে,O
,মুই,O
,মোর,O
,জামাইরে,B-REL
,তাবিজ,B-OBJ
,কইররা,O
,নিজেগো,O
,বাড়ি,O
,গোনে,O
,সরাইয়া,O
,হালাইছি,O
Sentence: 1087,হগল,O
,সম্পত্তি,O
,বেইচ্চা,O
,জামাইরে,B-REL
,হালাইয়া,O
,চইললা,O
,যামু,O
Sentence: 1088,তোমার,O
,বউ,B-REL
,বোলে,O
,তোমারে,O
,সম্পত্তি,O
,বেইচ্চা,O
,হালাইতেয়াছে,O
Sentence: 1089,মোর,O
,জামাই,B-REL
,হগলডিরে,O
,বুজাইয়া,O
,বুজাইয়া,O
,কেলান্ত,O
,যে,O
,মুই,O
,এরহম,O
,কিছু,O
,করতেয়াছি,O
,না,O
Sentence: 1090,মান,O
,সম্মানের,O
,ডরে,O
,কেউ,O
,কিছু,O
,কয়,O
,না,O
Sentence: 1091,মোগো,O
,তিন,O
,বছরের,O
,প্রেম,O
Sentence: 1092,পোলাডা,B-REL
,বাপ,B-REL
,চাচার,B-REL
,ডরে,O
,বাড়িতে,O
,কিছু,O
,কইতে,O
,পারে,O
,না,O
Sentence: 1093,মোর,O
,ধারে,O
,আরও,O
,সময়,O
,চাইতে,O
Sentence: 1094,বয়স,O
,মোর,O
,তহন,O
,ষোলো,O
,তে,O
,পড়ছেলে,O
Sentence: 1095,হেই,O
,সময়,O
,মাইয়াগো,O
,লইজ্ঞা,O
,এইডা,O
,বেমালা,O
,বয়স,O
Sentence: 1096,বাড়ি,O
,গোনে,O
,পোলা,O
,দ্যাহা,O
,শুরু,O
,করছে,O
Sentence: 1097,তোর,O
,বড়,B-ROLE
,ভাইর,I-ROLE
,লগে,O
,বিয়া,O
,ঠিক,O
,হইছে,O
Sentence: 1098,মুই,O
,এহন,O
,তোর,O
,ভাইরে,B-ROLE
,বিয়া,O
,করতে,O
,চাই,O
,না,O
Sentence: 1099,মুই,O
,আরও,O
,এউক্কা,O
,বছর,O
,পর,O
,বিয়া,O
,করতে,O
,চাই,O
Sentence: 1100,পোলাডা,O
,মোর,O
,বাফের,B-REL
,লগে,O
,কথা,O
,কইয়া,O
,মোগো,O
,বিয়া,O
,ঠিক,O
,করছে,O
Sentence: 1101,হেইয়ার,O
,মইধ্যে,O
,এউক্কা,O
,অঘটন,O
,ঘইটটা,O
,গ্যালে,O
Sentence: 1102,হ্যায়,O
,হ্যার,O
,বাফের,B-REL
,ডরে,O
,কোনো,O
,কথাই,O
,কইতে,O
,পারলে,O
,না,O
Sentence: 1103,মুই,O
,এহনই,O
,বিয়া,O
,কইররা,O
,হালাইতে,O
,চাই,O
Sentence: 1104,মোর,O
,সব,O
,শ্যাষ,O
,হইয়া,O
,যাইবে,O
Sentence: 1105,দইয়া,O
,কইররা,O
,তুমি,O
,তোমার,O
,পরিবারের,O
,পছন্দে,O
,বিয়া,O
,কইররা,O
,হালাও,O
Sentence: 1106,এই,O
,বল,O
,মোর,O
,নাই,O
Sentence: 1107,মোরে,O
,ভালোবাসলে,O
,এউডু,O
,উপকার,O
,উপকার,O
,করো,O
,পাও,O
,ধরি,O
,তোমার,O
Sentence: 1108,হগল,O
,কিছু,O
,হুইননা,O
,বোঝলাম,O
,যে,O
,এহন,O
,আর,O
,এইহানে,O
,থাইককা,O
,কোন,O
,লাভ,O
,হইবে,O
,না,O
Sentence: 1109,তোর,O
,বড়,B-ROLE
,ভাইরেই,I-ROLE
,বিয়া,O
,করতে,O
,হইবে,O
,এহন,O
Sentence: 1110,বাড়ি,O
,কইলাম,O
,মুই,O
,এই,O
,বিয়ায়,O
,রাজি,O
Sentence: 1111,যত,O
,হওয়ালে,O
,সম্ভব,O
,বিয়ার,O
,আয়োজন,O
,করো,O
Sentence: 1112,পনরো,O
,দিনের,O
,মইধ্যেই,O
,মোগো,O
,বিয়া,O
,হইলে,O
Sentence: 1113,এই,O
,কাহিনি,O
,পুরাডা,O
,হুইননা,O
,মুই,O
,অবাক,O
Sentence: 1114,মুই,O
,এউক্কা,O
,বড়,O
,সমেস্যায়,O
,পরছি,O
,দয়া,O
,কইররা,O
,কেউ,O
,হাসাহাসি,O
,করবেন,O
,না,O
Sentence: 1115,মোর,O
,গার্লফ্রেন্ড,B-REL
,এর,O
,পরিবারের,O
,ডিফেন্স,O
,এর,O
,জব,O
,বোলে,O
,পছন্দ,O
,না,O
Sentence: 1116,তয়,O
,মোর,O
,গার্লফ্রেন্ড,B-REL
,মোরে,O
,কইছে,O
,মুই,O
,হ্যারে,O
,যেমনে,O
,রাখমু,O
,হ্যায়,O
,হেমনেই,O
,থাকবে,O
Sentence: 1117,হেইতে,O
,মুই,O
,হ্যারে,O
,পলাইয়া,O
,বিয়া,O
,করতে,O
,চাই,O
Sentence: 1118,মোর,O
,গার্লফ্রেন্ড,B-REL
,এর,O
,বয়স,O
,উনিশ,O
,বছর,O
Sentence: 1119,মুই,O
,চাইতেয়াছি,O
,টেরনিং,O
,দিয়া,O
,আইয়াই,O
,হ্যারে,O
,বিয়া,O
,করতে,O
Sentence: 1120,যদি,O
,পলাইয়া,O
,বিয়া,O
,করি,O
,পরে,O
,কি,O
,হ্যার,O
,ফেমিলি,O
,কোনো,O
,সমেস্যা,O
,করতে,O
,পারবে,O
Sentence: 1121,মোগো,O
,ফেমিলি,O
,গোনে,O
,অগো,O
,ফেমিলি,O
,ম্যালা,O
,বড়লোক,O
Sentence: 1122,মুই,O
,গেরামের,B-LOC
,পোলা,B-ROLE
,ঢাহায়,B-LOC
,এউক্কা,O
,পেরাইভেট,B-ORG
,বিশ্ববিদ্যালয়ে,I-ORG
,পড়ালেহা,O
,করি,O
Sentence: 1123,হ্যার,O
,লগে,O
,পরিচয়,O
,হ্যারে,O
,পেরাইভেট,O
,পড়াইতে,O
,যাইয়া,O
Sentence: 1124,দয়া,O
,কইররা,O
,পরামর্শ,O
,দ্যান,O
,বিয়ার,O
,পর,O
,কি,O
,হ্যার,O
,পরিবার,O
,কোনো,O
,সমেস্যা,O
,করতে,O
,পারবে,O
Sentence: 1125,মুই,O
,আর,O
,মোর,O
,বয়ফ্রেন্ড,B-REL
,এক,O
,ইস্কুলে,B-ORG
,পড়তাম,O
Sentence: 1126,কেলাস,O
,নাইনে,O
,মোগো,O
,পোরথোম,O
,কথা,O
,হয়,O
,ফেসবুকে,B-ORG
Sentence: 1127,হেইয়ারপ,O
,গোনে,O
,কেলাস,O
,টেনে,O
,রিলেশনে,O
,যাই,O
Sentence: 1128,মোর,O
,বন্ধুত্ব,B-REL
,থুইয়া,O
,অন্য,O
,কিছুর,O
,ইচ্ছা,O
,আল্লেহ,O
,না,O
Sentence: 1129,তয়,O
,পোলাডা,O
,বেমালা,O
,ভালো,O
,মানু,O
,কোনো,O
,নেশা,O
,নাই,O
Sentence: 1130,মুই,O
,হগল,O
,ব্যাপার,O
,বুইজঝা,O
,প্রেম,O
,করতে,O
,গেল্লাম,O
Sentence: 1131,পোরথোমদিক,O
,অত,O
,ভালোবাস্তাম,O
,না,O
Sentence: 1132,মোগো,O
,মেক্সিমাম,O
,কথা,O
,হইছে,O
,অনলাইনে,O
Sentence: 1133,অতদিনে,O
,মুই,O
,ম্যালা,O
,ভালোবাইসসা,O
,হালাইছি,O
,অরে,O
Sentence: 1134,অর,O
,আর,O
,মোর,O
,ইস্কুল,B-REL
,ফ্রেন্ডরা,I-REL
,ব্যাবাক,O
,জানতে,O
Sentence: 1135,হ্যারা,O
,মোরে,O
,পছন্দ,O
,করতে,O
,চাইতে,O
,মোগো,O
,সম্পর্ক,O
,ফিররা,O
,জোরা,O
,লাগুক,O
Sentence: 1136,এমনে,O
,ক্যাচাল,O
,হয়,O
,ফিররা,O
,মিল,O
,এইরহম,O
,করতে,O
,করতে,O
,পাঁচ,O
,বছর,O
,হইছে,O
,এহন,O
Sentence: 1137,মোর,O
,অসুস্থতার,O
,লইজ্ঞা,O
,মোর,O
,এক,O
,বছর,O
,গ্যাপ,O
,গ্যাছে,O
Sentence: 1138,মুই,O
,এহন,O
,সুস্থ,O
,ম্যালা,O
Sentence: 1139,মুই,O
,ক্যামনে,O
,এহন,O
,অরে,O
,ভুইললা,O
,যাই,O
Sentence: 1140,মোর,O
,বয়স,O
,পঁচিশ,O
,হইলেও,O
,মুই,O
,পাঁচ,O
,বছর,O
,কন্সিডার,O
,করতাম,O
Sentence: 1141,মুই,O
,হ্যারে,O
,থুইয়া,O
,কিছু,O
,ভাবি,O
,নাই,O
,পাঁচ,O
,বছরে,O
Sentence: 1142,মজা,O
,কইররা,O
,অন্য,O
,পোলার,O
,কথা,O
,কইয়া,O
,হ্যারে,O
,চেতাইছি,O
,বেমালা,O
Sentence: 1143,হ্যারেই,O
,ভালোবাসি,O
,মুই,O
,হ্যারে,O
,ছারতে,O
,চাই,O
,না,O
Sentence: 1144,মুই,O
,বুইজঝা,O
,গ্যাছি,O
,অই,O
,পোলারে,O
,থুইয়া,O
,মুই,O
,থাকতে,O
,পারমু,O
,না,O
Sentence: 1145,এহন,O
,হ্যায়,O
,মোরে,O
,কয়,O
,হ্যার,O
,লাইফ,O
,গোনে,O
,চইললা,O
,যাইতে,O
Sentence: 1146,মুই,O
,ম্যালা,O
,চিন্তায়,O
,পইররা,O
,গ্যাছি,O
,মুই,O
,কি,O
,করমু,O
Sentence: 1147,এক,O
,কালে,O
,যাইয়া,O
,যদি,O
,কয়,O
,যে,O
,ধইররা,O
,থুইলেই,O
,তো,O
,পারতা,O
Sentence: 1148,আমনেরা,O
,কন,O
,এহন,O
,মুই,O
,আসলে,O
,করমু,O
,কি,O
Sentence: 1149,বাংলাদেশি,B-ROLE
,মাইয়াডা,I-ROLE
,পরিবার,O
,লইয়া,O
,নিউজিল্যান্ড,B-LOC
,থাহে,O
Sentence: 1150,ঐহানে,O
,এউক্কা,O
,বাংলাদেশি,B-ROLE
,পোলার,I-ROLE
,লগে,O
,পরিচয়,O
,হেইয়ারপর,O
,সম্পর্ক,O
Sentence: 1151,বিয়াডা,O
,ঐ,O
,দ্যাশে,B-LOC
,করতে,O
,চাইছেলা,O
,মাইয়া,O
,তয়,O
,পোলার,O
,ইচ্ছা,O
,বাংলাদেশে,B-LOC
,আইয়া,O
,দুইজন,O
,বিয়া,O
,করবে,O
Sentence: 1152,পোলা,O
,এক,O
,মাস,O
,আগে,O
,বাংলাদেশে,B-LOC
,আইছে,O
,এই,O
,ঈদে,O
,হ্যাগো,O
,বিয়া,O
,হওনের,O
,কথা,O
Sentence: 1153,মাইয়া,O
,হ্যার,O
,পরিবার,O
,লইয়া,O
,ঈদের,O
,কয়দিন,O
,আগে,O
,দ্যাশে,B-LOC
,আওয়ার,O
,কথা,O
,আল্লেহ,O
Sentence: 1154,তয়,O
,পোলা,O
,বাংলাদেশে,B-LOC
,আওয়ার,O
,পর,O
,হেই,O
,মাইয়াডার,O
,লগে,O
,যোগাযোগ,O
,বন্ধ,O
,কইররা,O
,দ্যায়,O
Sentence: 1155,মাইয়াডা,O
,বিভিন্নতারায়,O
,চেষ্টা,O
,করছে,O
,হ্যার,O
,লগে,O
,কোন,O
,ধরনের,O
,যোগাযোগ,O
,করতে,O
,পারছেলে,O
,না,O
Sentence: 1156,মাইয়াডা,O
,কয়ডাসপ্তা,O
,আগে,O
,হ্যার,O
,লগে,O
,ঘইট্টা,O
,যাওয়া,O
,কাহিনি,O
,মোগো,O
,লগে,O
,সেয়ার,O
,করে,O
Sentence: 1157,হেই,O
,পোলাডারে,O
,বিসরাইয়া,O
,বাইর,O
,করার,O
,ব্যাপারে,O
,মোগো,O
,সাহাইয্য,O
,চাইতেয়াছে,O
Sentence: 1158,মাইয়াডার,O
,কাহিনি,O
,হুইননা,O
,মোরা,O
,হ্যারে,O
,দ্যাশে,B-LOC
,আইতে,O
,কই,O
Sentence: 1159,হ্যায়,O
,হ্যার,O
,পরিবার,O
,থুইয়া,O
,ঈদের,O
,আগের,O
,দিন,O
,বাংলাদেশে,B-LOC
,আইল্লেহ,O
Sentence: 1160,পোলাডারে,O
,বিসরাইয়া,O
,পাওয়ার,O
,মতো,O
,খালি,O
,হ্যার,O
,ধারে,O
,পোলার,O
,পাস্পোর্ট,B-OBJ
,কপি,I-OBJ
,আল্লেহ,O
,এউক্কা,O
Sentence: 1161,মোরা,O
,মাইয়াডারে,O
,লইয়া,O
,পোলার,O
,বাড়ি,O
,যাই,O
Sentence: 1162,বাড়িতে,O
,পোলা,O
,আল্লেহ,O
,আর,O
,হ্যার,O
,পরিবারের,O
,হগলডি,O
,আল্লেহ,O
Sentence: 1163,মাইয়াডারে,O
,দ্যাইকখা,O
,পোলাডা,O
,ডরাইয়া,O
,যায়,O
Sentence: 1164,পোলা,O
,বাংলাদেশে,B-LOC
,আইয়া,O
,বিয়া,O
,ঠিক,O
,করছে,O
Sentence: 1165,এই,O
,শুক্কুরবার,O
,হ্যার,O
,বিয়া,O
,হ্যার,O
,পরিবার,O
,পছন্দ,O
,কইররা,O
,থুইছে,O
,মাইয়া,O
Sentence: 1166,মাইয়াডা,O
,হ্যার,O
,লগে,O
,ঘইট্টা,O
,যাওয়া,O
,কাহিনি,O
,পুরাডা,O
,পোলাডার,O
,পরিবাররে,O
,কয়,O
Sentence: 1167,পোলাডার,O
,পরিবার,O
,চাইয়া,O
,মাইয়াডার,O
,পরিবার,O
,বেমালা,O
,ভালো,O
Sentence: 1168,মাইয়াডা,O
,দ্যাখতে,O
,যথেষ্ট,O
,সুন্দরী,O
Sentence: 1169,পোলার,O
,মা,B-REL
,বাপ,B-REL
,বিয়ায়,O
,রাজি,O
,হয়,O
Sentence: 1170,মাইয়া,O
,পরিবারের,O
,লগে,O
,ফোনে,B-OBJ
,কথা,O
,কয়,O
Sentence: 1171,হ্যারা,O
,দুইজন,O
,ফিররা,O
,নিউজিল্যান্ড,B-LOC
,ফেরত,O
,যাইবে,O
Sentence: 1172,মুই,O
,বিয়াইত্যা,O
Sentence: 1173,দুই,O
,বছর,O
,আগে,O
,পছন্দেই,O
,বিয়া,O
,করছেলাম,O
Sentence: 1174,মোর,O
,বউ,B-REL
,মোর,O
,চাইয়া,O
,বয়সে,O
,আষ্ট,O
,বছরের,O
,ছোডো,O
Sentence: 1175,মোর,O
,বউ,B-REL
,দ্যাখতেও,O
,সুন্দার,O
Sentence: 1176,মুই,O
,বেকার,O
Sentence: 1177,টুকটাক,O
,টিউশানি,O
,কইররা,O
,যেইকয়ডা,O
,টাহা,O
,হয়,O
,হেইয়া,O
,দিয়া,O
,নিজের,O
,হাতখরচই,O
,ঠিক্মতো,O
,চলেনা,O
Sentence: 1178,হ্যার,O
,যাবতীয়,O
,খরচ,O
,হ্যার,O
,বাপ,B-REL
,মায়,B-REL
,ই,O
,বহন,O
,করে,O
Sentence: 1179,হ্যায়,O
,কহনো,O
,মোর,O
,ধারে,O
,মোর,O
,সামর্থের,O
,বায়রায়,O
,কিছুই,O
,চায়,O
,নাই,O
Sentence: 1180,মোগো,O
,মইধ্যে,O
,ভালোবাসার,O
,কোন,O
,কমতি,O
,নাই,O
Sentence: 1181,মোরে,O
,হগলসময়,O
,আগাইয়া,O
,যাওয়ার,O
,অনুপ্রেরণা,O
,দ্যায়,O
Sentence: 1182,ভালোবাসা,O
,থাকলে,O
,হগলডি,O
,সুন্দর,O
Sentence: 1183,যেকোনো,O
,পরিস্থিতি,O
,মোকাবিলা,O
,করা,O
,সম্ভব,O
Sentence: 1184,আমনেরাও,O
,আমনেগো,O
,জীবনসঙ্গীরে,B-REL
,ভালোবাইসেন,O
Sentence: 1185,হ্যাগো,O
,চাওয়া,O
,না,O
,চাওয়ার,O
,গুরুত্ব,O
,দ্যান,O
Sentence: 1186,একজন,O
,আরেকজনের,O
,ধারে,O
,থাইককা,O
,বল,O
,দ্যান,O
Sentence: 1187,মুই,O
,২০১৬,O
,গোনে,O
,তাহুরা,B-PER
,রে,O
,ভালবাসি,O
Sentence: 1188,আইজগো,O
,মোরে,O
,কয়,O
,মুই,O
,বোলে,O
,হ্যার,O
,যোগ্য,O
,না,O
Sentence: 1189,মুই,O
,বোলে,O
,বেইমান,O
Sentence: 1190,মুই,O
,বোলে,O
,মরলে,O
,হ্যার,O
,এউক্কা,O
,আফসোস,O
,থাকবে,O
,খালি,O
,মুই,O
,বোলে,O
,হ্যারে,O
,বুঝিনাই,O
,কহনো,O
Sentence: 1191,মুই,O
,কইলাম,O
,লও,O
,কাজী,B-ORG
,অফিসে,I-ORG
,যাইয়া,O
,বিয়া,O
,করি,O
Sentence: 1192,মোরে,O
,আল্লাহর,O
,কিরা,O
,দিয়া,O
,কইয়া,O
,দেছে,O
,এইয়া,O
,হ্যায়,O
,পারবে,O
,না,O
Sentence: 1193,মোর,O
,ফোন,O
,নাম্বার,O
,বোলোক,O
,কইররা,O
,দ্যায়,O
Sentence: 1194,মোর,O
,পরিবারের,O
,অর্থনৈতিক,O
,অবস্থা,O
,এহন,O
,বেমালা,O
,খারাপ,O
Sentence: 1195,মুই,O
,টুকটাক,O
,অনলাইনে,O
,কাম,O
,করি,O
Sentence: 1196,মুই,O
,বেমালা,O
,বার,O
,হ্যার,O
,ধারে,O
,মাফ,O
,চাইছি,O
Sentence: 1197,ম্যালা,O
,কইছি,O
,যে,O
,এইরহম,O
,আর,O
,ভুলেও,O
,হইবে,O
,না,O
,কহনো,O
Sentence: 1198,হ্যায়,O
,চেইত্যা,O
,মোর,O
,লগে,O
,কথা,O
,কয়,O
,না,O
Sentence: 1199,তয়,O
,হ্যায়,O
,হ্যার,O
,মনএর,O
,নাহানই,O
Sentence: 1200,মুই,O
,অসুস্থ,O
,মোরে,O
,একফিরও,O
,জিগায়,O
,নাই,O
,মুই,O
,ক্যামন,O
,আছি,O
Sentence: 1201,গ্যাছেকাইল,O
,রাইতে,O
,মোরে,O
,কইয়া,O
,দেলে,O
,মুই,O
,বোলে,O
,বেইমান,O
Sentence: 1202,হ্যার,O
,লইজ্ঞা,O
,পরিবার,O
,মানলে,O
,বিয়া,O
,হইবে,O
,নাইলে,O
,হ্যায়,O
,পারবেনা,O
Sentence: 1203,মোর,O
,সাত,O
,বছরের,O
,হগল,O
,কিছু,O
,শ্যাষ,O
Sentence: 1204,মোগো,O
,তিন,O
,বছরের,O
,সংসারে,O
,গেদু,B-REL
,হয়নাই,O
Sentence: 1205,মুই,O
,এউক্কা,O
,সরকারি,O
,চাকরি,O
,করি,O
,তয়,O
,হ্যায়,O
,কিছু,O
,করে,O
,না,O
Sentence: 1206,বাফের,B-REL
,টাহার,B-OBJ
,উফর,O
,বইয়া,O
,খায়,O
,নেশা,O
,কইররা,O
,পেরতেকদিন,O
,কাইজ্যা,O
,হ্যার,O
,নিয়মিত,O
,কাম,O
Sentence: 1207,আইজগো,O
,রাইতে,O
,গায়ে,O
,হাত,O
,তোলছে,O
Sentence: 1208,মোর,O
,বড়,B-REL
,বুইনের,I-REL
,বিয়া,O
,হইছে,O
,তেরো,O
,বছর,O
Sentence: 1209,বিয়ার,O
,এক,O
,বছরের,O
,পরেই,O
,অগো,O
,মাইয়া,B-REL
,হইছে,O
Sentence: 1210,তয়,O
,কয়দিন,O
,পরেই,O
,হ্যাগো,O
,মইধ্যে,O
,ঝামেলা,O
,শুরু,O
,হয়,O
Sentence: 1211,বেমালাবার,O
,হগলডি,O
,কথা,O
,কইছে,O
,বুজাইতে,O
,চাইছে,O
,যে,O
,কি,O
,সমেস্যা,O
,তয়,O
,কোন,O
,সমাধান,O
,হয়নাই,O
Sentence: 1212,মোর,O
,বুইনও,B-REL
,চাইতে,O
,না,O
,কোন,O
,ছাড়াছাড়িতে,O
,যাইতে,O
Sentence: 1213,মাইয়ার,B-REL
,মুহের,O
,দিক,O
,চাইয়া,O
,কাইজ্যা,O
,করতেই,O
,থাকতে,O
Sentence: 1214,মাইয়ার,B-REL
,পড়ার,O
,টাহা,O
,দ্যায়না,O
,ঠিকমত,O
Sentence: 1215,মোর,O
,পরিবারের,O
,হগলডিরে,O
,লইয়া,O
,আজেবাজে,O
,কথা,O
,কয়,O
Sentence: 1216,হ্যায়,O
,বুইনের,B-REL
,গায়,O
,হাত,O
,তোলে,O
,হেই,O
,কথা,O
,হগলডি,O
,জানে,O
Sentence: 1217,মোরা,O
,হ্যারে,O
,কইছি,O
,একলগে,O
,কথা,O
,কও,O
,কি,O
,সমেস্যা,O
Sentence: 1218,তয়,O
,হ্যায়,O
,কইছে,O
,যা,O
,কওয়ার,O
,ডিফোর্স,B-OBJ
,লেটারে,I-OBJ
,কইবে,O
Sentence: 1219,এহন,O
,মোরা,O
,কি,O
,করমু,O
Sentence: 1220,এউক্কা,O
,মা,B-REL
,মাইয়ার,B-REL
,সংসারে,O
,এইরহম,O
,অশান্তি,O
,করতে,O
,পারে,O
Sentence: 1221,মোর,O
,ভাই,B-REL
,মোগো,O
,পুরাডা,O
,পরিবার,O
,দ্যাহাশুনা,O
,করে,O
Sentence: 1222,মোর,O
,বাফে,B-REL
,রাজি,O
,আল্লেহ,O
,না,O
,হ্যাও,O
,মুই,O
,আর,O
,মায়,B-REL
,জোর,O
,কইররা,O
,বিয়া,O
,করাই,O
Sentence: 1223,মাইয়ারে,O
,দ্যাইকখা,O
,ভাইর,B-REL
,পছন্দ,O
,হইছেলে,O
Sentence: 1224,বিয়ার,O
,পরথোম,O
,তিন,O
,মাস,O
,ভালই,O
,চলছে,O
Sentence: 1225,মোর,O
,ভাইর,B-REL
,অবস্থা,O
,অতো,O
,ভালো,O
,না,O
Sentence: 1226,মাইয়ার,B-REL
,মায়,B-REL
,এইডি,O
,দ্যাইকখাই,O
,বিয়া,O
,দেছে,O
Sentence: 1227,হেইয়ারপর,O
,গোনেই,O
,মাইয়ার,O
,আচরনে,O
,পাল্ডাইয়া,O
,যায়,O
Sentence: 1228,মোর,O
,মায়,B-REL
,হগল,O
,কাম,O
,এল্লাহ,O
,করছে,O
Sentence: 1229,মাইয়ার,B-REL
,মায়,B-REL
,একদিনও,O
,মোগো,O
,বাড়ি,O
,আয়,O
,নাই,O
Sentence: 1230,মোর,O
,মায়ের,B-REL
,লগে,O
,কাইজ্জা,O
,করে,O
,মোর,O
,ভাইর,B-REL
,বউ,I-REL
Sentence: 1231,এই,O
,দুনিয়ায়,B-LOC
,মা,B-REL
,বাপ,B-REL
,ভাই,B-REL
,ছাড়া,O
,মোর,O
,কেউ,O
,নাই,O
Sentence: 1232,এই,O
,মাইয়া,O
,এককালে,O
,মোর,O
,ভাই,B-REL
,আর,O
,মায়রে,B-REL
,কষ্ট,O
,দেতেয়াছে,O
Sentence: 1233,মোর,O
,ভাই,B-REL
,মায়রে,B-REL
,ধইররা,O
,খালি,O
,কান্দে,O
Sentence: 1234,মা,B-REL
,মুই,O
,কির,O
,লইজ্ঞা,O
,এইহানে,O
,গ্যাল্লাম,O
Sentence: 1235,মাইয়ার,B-REL
,মায়,I-REL
,মোর,O
,মায়রে,B-REL
,কইছিলো,O
,যে,O
,আমনের,O
,টিনের,B-OBJ
,ঘর,B-OBJ
,দ্যাইকখা,O
,বিয়া,O
,দিছি,O
Sentence: 1236,এহন,O
,এইয়ার,O
,সমাধান,O
,কোম্মে,O
,পামু,O
Sentence: 1237,মোর,O
,জামাই,B-REL
,হাসপাতাল,B-ORG
,আইছে,O
,মোর,O
,বাফেরে,B-REL
,দ্যাখতে,O
,না,O
,মোরে,O
,নেতে,O
Sentence: 1238,হাসপাতালে,B-ORG
,আইয়াই,O
,মোরে,O
,কয়,O
,লও,O
,বাড়ি,O
,যাই,O
Sentence: 1239,কাইলগো,O
,মোগো,O
,বাড়ি,O
,মেহমান,O
,আইবে,O
Sentence: 1240,মানের,O
,চিন্তা,O
,কতডা,O
,খারাপ,O
,হইতে,O
,পারে,O
Sentence: 1241,মর,O
,বাফে,B-REL
,অসুস্থ,O
,হাসপাতালে,B-ORG
,আর,O
,হ্যায়,O
,আইছে,O
,মোরে,O
,নেতে,O
Sentence: 1242,মুই,O
,অরে,O
,কইয়া,O
,দিছি,O
,মুই,O
,আর,O
,তোমার,O
,লগে,O
,সংসার,O
,করমু,O
,না,O
Sentence: 1243,তোমার,O
,সংসারের,O
,দরকার,O
,মিডাইন্নার,O
,লইজ্ঞা,O
,মোর,O
,জন্ম,O
,হয়নাই,O
Sentence: 1244,মোর,O
,বাফের,B-REL
,লইজ্ঞা,O
,মোর,O
,কিছু,O
,দায়িত্ববোধ,O
,আছে,O
Sentence: 1245,ম্যালা,O
,তোমার,O
,সংসারের,O
,দায়িত্ব,O
,পালন,O
,করছি,O
Sentence: 1246,এহন,O
,মুই,O
,মোর,O
,বাফের,B-REL
,দায়িত্ব,O
,পালন,O
,করমু,O
Sentence: 1247,মোর,O
,জামাই,B-REL
,মোর,O
,কথা,O
,হুইননা,O
,চেইত্যা,O
,হাসপাতাল,B-ORG
,গোনে,O
,বাইর,O
,হইয়া,O
,গ্যাছে,O
Sentence: 1248,মোর,O
,একটুহানেও,O
,কষ্ট,O
,হইতেয়াছে,O
,না,O
Sentence: 1249,দয়া,O
,কইররা,O
,পরিচয়,O
,গোপন,O
,থুইবেন,O
Sentence: 1250,বেমালা,O
,পরিচিত,O
,মানু,O
,আছে,O
Sentence: 1251,মুই,O
,কইতে,O
,পারিনা,O
,ক্যামনে,O
,শুরু,O
,করমু,O
Sentence: 1252,কহনো,O
,ভাবি,O
,নাই,O
,মোর,O
,এইহানে,O
,পোস্ট,O
,কইররা,O
,সাহাইয্য,O
,চাইতে,O
,হইবে,O
Sentence: 1253,মুই,O
,নিজে,O
,ম্যালা,O
,জনরে,O
,বুদ্ধি,O
,দিছি,O
Sentence: 1254,এহন,O
,নিজেই,O
,আর,O
,পারতেয়াছি,O
,না,O
Sentence: 1255,যাইহউক,O
,আসল,O
,কথায়,O
,আহি,O
Sentence: 1256,মোর,O
,বিয়া,O
,হইছে,O
,দ্যাড়,O
,বছর,O
Sentence: 1257,কইয়া,O
,রাহা,O
,ভালো,O
,এইডা,O
,মোর,O
,আর,O
,মোর,O
,জামাইর,B-REL
,দুই,O
,জনেরই,O
,দুইনাম্বার,O
,সংসার,O
Sentence: 1258,মোর,O
,বাপ,B-REL
,ভাই,B-REL
,বুইন,B-REL
,কেউ,O
,নাই,O
Sentence: 1259,মোর,O
,বিয়ার,O
,দুই,O
,মাসের,O
,মইধ্যে,O
,আব্বায়,B-REL
,মইরা,O
,গ্যাছে,O
Sentence: 1260,মোর,O
,কখালি,O
,মায়,B-REL
,আছে,O
Sentence: 1261,পোরথোমে,O
,মোর,O
,জামাইর,B-REL
,কথায়,O
,আহি,O
Sentence: 1262,আলহামদুলিল্লাহ,O
,হ্যাহ,O
,খুব,O
,ভালো,O
,এউক্কা,O
,মানু,O
Sentence: 1263,জামাই,B-REL
,হিসাবে,O
,এককালে,O
,নিখুঁত,O
Sentence: 1264,হ্যারে,O
,লইয়া,O
,মোর,O
,বিচার,O
,এর,O
,কোন,O
,জায়গা,O
,নাই,O
Sentence: 1265,সমেস্যা,O
,ডা,O
,হইলে,O
,কয়ডা,O
,মাস,O
,আগে,O
,গোনে,O
,মোর,O
,হাউরি,B-REL
,আম্মারে,I-REL
,লইয়া,O
Sentence: 1266,মুই,O
,খেয়াল,O
,করছি,O
,হ্যায়,O
,আর,O
,হ্যার,O
,পোলার,B-REL
,সম্পর্ক,O
,ম্যালা,O
,খারাপ,O
Sentence: 1267,মোর,O
,জামাইর,B-REL
,এউক্কা,O
,সমেস্যা,O
,আছে,O
,অয়,O
,এট্টু,O
,চিল্লাইয়া,O
,কথা,O
,কয়,O
Sentence: 1268,মুই,O
,দেখছি,O
,বেবাক,O
,কালে,O
,এরহম,O
,কাম,O
,করে,O
,যের,O
,লজ্ঞা,O
,হ্যার,O
,পোলা,B-REL
,বেমালা,O
,চেইত্যা,O
,যায়,O
Sentence: 1269,কিছু,O
,কইলে,O
,হ্যায়,O
,হেইডা,O
,অন্যভাবে,O
,লইয়া,O
,চিল্লাচিল্লি,O
,করে,O
Sentence: 1270,হ্যায়,O
,যেইডা,O
,কইবে,O
,হেইডাই,O
,ঠিক,O
,আর,O
,হেইডাই,O
,করবে,O
Sentence: 1271,কেউর,O
,কথা,O
,হ্যায়,O
,হোনে,O
,না,O
Sentence: 1272,হ্যার,O
,কাউর,O
,লগে,O
,ভালো,O
,সম্পর্ক,O
,নাই,O
Sentence: 1273,মোর,O
,জামাইর,B-REL
,হগলকিছুতে,O
,হ্যায়,O
,দোষ,O
,খোঁজে,O
Sentence: 1274,হগলডিরে,O
,কয়,O
,ইদানিং,O
,মোর,O
,পোলা,B-REL
,পাল্ডাইয়া,O
,গ্যাছে,O
Sentence: 1275,গ্যাছেকাইল,O
,এউক্কা,O
,ছোডো,O
,বিষয়,O
,লইয়া,O
,কইছে,O
,বিয়ার,O
,পর,O
,পোলারা,O
,ক্যামন,O
,পাল্ডাইয়া,O
,যায়,O
Sentence: 1276,হ্যাগো,O
,মায়,B-REL
,পুতের,B-REL
,সম্পর্ক,O
,খারাপ,O
,হেইয়ার,O
,পোরভাব,O
,মোর,O
,উপরে,O
,আয়,O
Sentence: 1277,মুই,O
,মোর,O
,জামাইর,B-REL
,লগে,O
,ব্যাজার,O
,হই,O
,কির,O
,লইজ্ঞা,O
,হ্যাগো,O
,এইরহম,O
,কথা,O
,কাডাকাডি,O
,হয়,O
Sentence: 1278,অয়,O
,মোরে,O
,কোন,O
,কামে,O
,সাহাইয্য,O
,করে,O
,না,O
Sentence: 1279,কিছু,O
,কিন্না,O
,দেতে,O
,চাইলে,O
,কোনহানে,O
,ঘোরতে,O
,নিয়া,O
,যাইতে,O
,চাইলে,O
,হ্যায়,O
,হেইডা,O
,ভালোমত,O
,লয়,O
,না,O
Sentence: 1280,হ্যার,O
,আমলের,O
,উদারন,O
,দ্যান,O
,হ্যায়,O
,কি,O
,করছেলে,O
Sentence: 1281,মোগো,O
,আর,O
,হ্যাগো,O
,সময়,O
,তো,O
,আর,O
,এক,O
,না,O
Sentence: 1282,মোর,O
,বাড়ির,O
,কেউ,O
,আইলে,O
,হ্যায়,O
,বাড়িতে,O
,কাইজ্জা,O
,শুরু,O
,কইররা,O
,দ্যায়,O
Sentence: 1283,মোর,O
,জামাই,B-REL
,ঘরে,O
,কিছু,O
,আনলে,O
,হগলডির,O
,লইজ্ঞা,O
,লইয়া,O
,আয়,O
Sentence: 1284,হ্যাও,O
,মায়র,B-REL
,বিচার,O
,অয়,O
,কিছু,O
,আনে,O
,না,O
Sentence: 1285,তয়,O
,মুই,O
,নিজে,O
,দ্যাখছি,O
,অয়,O
,মোর,O
,মায়রে,B-REL
,কত,O
,ভালোপায়,O
Sentence: 1286,এইডা,O
,অইডা,O
,কিননা,O
,দেতে,O
,চাইলে,O
,কয়,O
,টাহা,B-OBJ
,নষ্ট,O
,করিস,O
,না,O
Sentence: 1287,মোর,O
,মায়,B-REL
,আইছে,O
,মোগো,O
,বাড়ি,O
,ছয়,O
,মাস,O
,পর,O
Sentence: 1288,মায়ের,B-REL
,সামনে,O
,হ্যারা,O
,যেইয়া,O
,হেইয়া,O
,লইয়া,O
,কাইজ্জা,O
,করে,O
Sentence: 1289,ভালো,O
,ব্যবহার,O
,করে,O
,না,O
Sentence: 1290,একলগে,O
,বইয়া,O
,খায়,O
,ও,O
,না,O
Sentence: 1291,মায়,B-REL
,এইডি,O
,দেইখ্যা,O
,বেমালা,O
,কষ্ট,O
,পাইতেয়াছে,O
,যেহেতু,O
,মোর,O
,বাপ,B-REL
,নাই,O
Sentence: 1292,মোর,O
,জামাই,B-REL
,এইয়া,O
,লইয়া,O
,কিছু,O
,কইতে,O
,গ্যালে,O
,হ্যায়,O
,মনে,O
,করে,O
,বউ,B-REL
,পোলার,B-REL
,হইয়া,O
,গ্যাছে,O
Sentence: 1293,হ্যার,O
,আরো,O
,এউক্কা,O
,পোলা,B-REL
,আছে,O
Sentence: 1294,হ্যায়,O
,চাকরি,O
,করে,O
,বিয়া,O
,করে,O
,নাই,O
Sentence: 1295,মায়ের,B-REL
,ধারে,O
,ছোডো,B-REL
,পোলাই,I-REL
,সব,O
Sentence: 1296,হ্যার,O
,ছোডো,B-REL
,পোলার,I-REL
,মোডেও,O
,দোষ,O
,নাই,O
Sentence: 1297,মুই,O
,নিজে,O
,দেখছি,O
,হ্যায়,O
,কিরহম,O
,নিষ্টা,O
,ব্যবহার,O
,করে,O
,মায়ের,B-REL
,লগে,O
Sentence: 1298,সংসার,O
,এর,O
,হগল,O
,খরচ,O
,মোর,O
,জামাই,B-REL
,দ্যায়,O
Sentence: 1299,হগল,O
,কাম,O
,মুই,O
,করি,O
,হ্যায়,O
,এউক্কা,O
,কাম,O
,ও,O
,করে,O
,না,O
,হ্যাও,O
,মোরা,O
,খারাপ,O
Sentence: 1300,মোর,O
,চাচা,B-REL
,হউর,I-REL
,হগলডি,O
,আলহামদুলিল্লাহ,O
,নিজেগো,O
,বাড়ি,O
,গাড়ি,B-OBJ
,কইররা,O
,হালাইছে,O
Sentence: 1301,হ্যায়,O
,নামাজ,O
,কালাম,O
,ও,O
,ভালো,O
,কইররা,O
,পড়ে,O
,না,O
Sentence: 1302,মুই,O
,এহন,O
,এইডি,O
,মাইননা,O
,নেতে,O
,পারতেয়াছি,O
,না,O
Sentence: 1303,মুই,O
,চাইতেয়াছি,O
,আলাদা,O
,বাড়তে,O
,চইললা,O
,যামু,O
,মোরা,O
Sentence: 1304,এইডা,O
,কি,O
,সঠিক,O
,সিদ্ধান্ত,O
,হইবে,O
,মোগো,O
,লইজ্ঞা,O
Sentence: 1305,মোর,O
,বিয়া,O
,হইছে,O
,চাইর,O
,বছর,O
Sentence: 1306,মোর,O
,মায়,B-REL
,মইররা,O
,গ্যাছে,O
,আট,O
,মাস,O
,আগে,O
Sentence: 1307,মুই,O
,মোর,O
,বাপ,B-REL
,মায়ের,B-REL
,একলা,O
,সন্তান,B-REL
Sentence: 1308,মায়,B-REL
,মইররা,O
,যাওয়ার,O
,পর,O
,আব্বা,B-REL
,একছের,O
,একলা,O
,হইয়া,O
,গ্যাছে,O
Sentence: 1309,হ্যারে,O
,দ্যাহার,O
,মতো,O
,হেইরহম,O
,কেউ,O
,নাই,O
Sentence: 1310,মুই,O
,মোর,O
,সাইধ্য,O
,মত,O
,চেষ্টা,O
,করি,O
,আব্বার,B-REL
,খোঁজ,O
,খবর,O
,নেতে,O
Sentence: 1311,মোর,O
,হউরবাড়ির,O
,মানু,O
,এইডা,O
,এক্কালেই,O
,পছন্দ,O
,করে,O
,না,O
Sentence: 1312,আব্বার,B-REL
,খেয়াল,O
,রাহার,O
,চেষ্টা,O
,করি,O
,হগলকালে,O
Sentence: 1313,মোর,O
,জামাই,B-REL
,আর,O
,হ্যার,O
,বাড়ির,O
,মানু,O
,মোডেও,O
,রাজি,O
,না,O
Sentence: 1314,এউক্কা,O
,মাইয়ার,O
,বিয়া,O
,হওয়ার,O
,পর,O
,হ্যার,O
,পরিবারের,O
,উপরে,O
,হ্যার,O
,কি,O
,কোন,O
,দায়িত্ব,O
,থাকতে,O
,পারে,O
,না,O
Sentence: 1315,এউক্কা,O
,পোলা,O
,যেমন,O
,হ্যার,O
,বাপ,B-REL
,মায়ের,B-REL
,দায়িত্ব,O
,পালন,O
,করে,O
Sentence: 1316,এউক্কা,O
,মাইয়াও,B-REL
,যদি,O
,হ্যার,O
,আব্বা,B-REL
,র,O
,দায়িত্ব,O
,পালন,O
,করে,O
,হ্যালে,O
,সমেস্যাডা,O
,কোম্মে,O
,মুই,O
,জানিনা,O
Sentence: 1317,ঈদ,O
,গ্যাছে,O
,দুজ্ঞাদিন,O
,পার,O
,হইয়া,O
,গ্যালে,O
Sentence: 1318,মুই,O
,মোর,O
,আব্বার,O
,বাড়ি,O
,যাওয়ার,O
,অনুমতি,O
,পাইতেয়াছি,O
,না,O
Sentence: 1319,হ্যাগো,O
,অনুমতির,O
,অপেক্ষা,O
,করতে,O
,হইতেয়াছে,O
Sentence: 1320,মোরা,O
,ব্যাবাক,O
,ঢাহায়,B-LOC
,থাহি,O
Sentence: 1321,মোগো,O
,হগল,O
,বাড়ি,O
,জুইররা,O
,আব্বা,B-REL
,একলা,O
,দুজ্ঞা,O
,তিউনগা,O
,কামের,B-ROLE
,লোক,I-ROLE
,আছে,O
,লগে,O
Sentence: 1322,বাপ,B-REL
,ম্যালা,O
,চাইতেয়াছেলে,O
,যেন,O
,মুই,O
,বাড়ি,O
,যাই,O
Sentence: 1323,আইজ,O
,রাইতে,O
,বাপ,B-REL
,হুট,O
,কইররা,O
,অসুস্থ,O
,হইয়া,O
,পড়ছে,O
,খবর,O
,হুইননা,O
,হাসপাতালে,B-ORG
,আইলাম,O
Sentence: 1324,রাইতের,O
,কালে,O
,হাসপাতালে,B-ORG
,আইতে,O
,চাইছেলাম,O
,হেইহানেও,O
,বাধা,O
Sentence: 1325,হগল,O
,বাধা,O
,পিছে,O
,হালাইয়া,O
,মুই,O
,একলাই,O
,হাসপাতালে,B-ORG
,আইছি,O
Sentence: 1326,মোর,O
,জামাই,B-REL
,মোর,O
,লগে,O
,আয়নাই,O
Sentence: 1327,হ্যাগো,O
,কথাবারতা,O
,হুইননা,O
,মনে,O
,হইছেলে,O
,মোরে,O
,বিয়া,O
,করছে,O
,মানে,O
,মোরে,O
,কিননা,O
,নেছে,O
Sentence: 1328,আব্বারে,B-REL
,হাস্পাতালে,B-ORG
,দেইক্ষা,O
,বেমালা,O
,খারাপ,O
,লাগছে,O
Sentence: 1329,মুই,O
,মনে,O
,কয়,O
,ভুল,O
,মানের,O
,লগে,O
,সংসার,O
,শুরু,O
,করছি,O
Sentence: 1330,নিজের,O
,পছন্দে,O
,বিয়া,O
,করাডা,O
,উচিত,O
,হয়নাই,O
Sentence: 1331,মুই,O
,এহন,O
,দিয়া,O
,সিদ্ধান্ত,O
,নিছি,O
,যে,O
,আর,O
,কাউরো,O
,কথা,O
,মুই,O
,হুনমু,O
,না,O
Sentence: 1332,যেকয়দিন,O
,ইচ্ছা,O
,আব্বার,O
,বাড়ি,O
,থাকমু,O
,আব্বার,B-REL
,সেবা,O
,যত্ন,O
,করমু,O
,হেতে,O
,যদি,O
Sentence: 1333,মোর,O
,জামাইর,B-REL
,বেমালা,O
,সমেস্যা,O
,হয়,O
Sentence: 1334,হেইলে,O
,হ্যার,O
,লগে,O
,আলাদা,O
,হইয়া,O
,যামু,O
Sentence: 1335,মোর,O
,সিদ্ধান্ত,O
,ভুল,O
,না,O
,সঠিক,O
,হেইয়া,O
,জানিনা,O
Sentence: 1336,মোর,O
,সম্পর্কের,O
,চার,O
,বছর,O
,হইলে,O
,বইললা,O
Sentence: 1337,পোলা,B-REL
,আর,O
,কেউ,O
,না,O
,মোর,O
,খালতো,B-REL
,ভাই,I-REL
Sentence: 1338,হ্যায়,O
,দেশের,B-LOC
,বাইরে,O
,থাহে,O
,খুব,O
,ঘন,O
,ঘন,O
,আওয়া,O
,যাওয়া,O
,করতে,O
Sentence: 1339,হেইতে,O
,সম্পর্কডা,O
,ম্যালা,O
,ভালোই,O
,আল্লেহ,O
Sentence: 1340,হ্যায়,O
,দেশে,B-LOC
,আইলে,O
,মোর,O
,এয়ারপোর্টে,B-LOC
,যাইতে,O
,হইতে,O
Sentence: 1341,হেইয়ার,O
,পর,O
,হ্যায়,O
,আরডা,O
,ফেলাইটে,O
,কইররা,O
,বাড়ি,O
,যাইতে,O
Sentence: 1342,মোর,O
,লগে,O
,হ্যায়,O
,আগে,O
,দ্যাহা,O
,করতে,O
Sentence: 1343,হ্যায়,O
,খালি,O
,মোর,O
,লগে,O
,দ্যাহা,O
,করার,O
,লইজ্ঞা,O
,দেশে,B-LOC
,আইছে,O
Sentence: 1344,হ্যায়,O
,হ্যার,O
,বাড়িও,O
,যায়নাই,O
Sentence: 1345,হ্যার,O
,কাম,O
,থুইয়া,O
,যেইডু,O
,সময়,O
,থাকতে,O
,মোর,O
,লগে,O
,কথা,O
,কইতে,O
Sentence: 1346,মুই,O
,হ্যার,O
,লগে,O
,হারারাইত,O
,জাইজ্ঞা,O
,ফোনে,B-OBJ
,কথা,O
,কইতাম,O
Sentence: 1347,ডিসম্বর,O
,মাসে,O
,হ্যায়,O
,হ্যার,O
,পরিবাররে,O
,জানায়,O
,মোর,O
,কথা,O
Sentence: 1348,হ্যার,O
,পরিবার,O
,মোডেও,O
,এই,O
,বিয়ায়,O
,রাজি,O
,না,O
Sentence: 1349,হেইয়ার,O
,পর,O
,হ্যায়,O
,মোর,O
,লগে,O
,যোগাযোগ,O
,রাহে,O
,নাই,O
Sentence: 1350,এইডাই,O
,হ্যার,O
,লগে,O
,মোর,O
,শ্যাষ,O
,কথা,O
Sentence: 1351,মোরে,O
,বোলোক,O
,কইররা,O
,দেয়,O
,হগলখানে,O
,গোনে,O
Sentence: 1352,মুই,O
,নিজে,O
,বেমালা,O
,অসুস্থ,O
Sentence: 1353,মুই,O
,গ্যাছে,O
,ছয়,O
,মাস,O
,রাইতে,O
,ঘুমাইতে,O
,পারিনা,O
Sentence: 1354,মুই,O
,ম্যালা,O
,দিন,O
,আগেই,O
,জানতে,O
,পারছি,O
,মোর,O
,বুইন,B-REL
,পরকিয়ায়,O
,জড়াইছে,O
Sentence: 1355,হ্যার,O
,অফিসের,B-ORG
,বিয়াইত্যা,O
,এউক্কা,O
,ব্যাডার,O
,লগে,O
Sentence: 1356,মোর,O
,বুইন,B-REL
,আবিয়াইত্যা,O
Sentence: 1357,মোর,O
,বুইনের,B-REL
,কাম,O
,কথা,O
,বেমালা,O
,দিন,O
,ধইররাই,O
,সন্দেহজনক,O
,মনে,O
,হওয়ার,O
,লইজ্ঞা,O
,মুই,O
,হ্যারে,O
,নজরে,O
,রাখতেয়াছেলাম,O
Sentence: 1358,মুই,O
,বিশ্বাস,O
,করতে,O
,পারতেয়াছেলাম,O
,না,O
,মোর,O
,বুইন,B-REL
,এই,O
,কাম,O
,করবে,O
Sentence: 1359,হ্যায়,O
,বিভিন্ন,O
,উছিলায়,O
,বাড়ি,O
,একলা,O
,থাকতে,O
,চাইতে,O
Sentence: 1360,বাড়িতে,O
,মুই,O
,ছাড়া,O
,কেউ,O
,কিছু,O
,জানে,O
,না,O
Sentence: 1361,মোর,O
,আব্বা,B-REL
,বাইচ্চা,O
,নাই,O
Sentence: 1362,সমাজে,O
,বেবাকে,O
,মোগো,O
,বেমালা,O
,সম্মান,O
,দিয়া,O
,চলে,O
Sentence: 1363,মোর,O
,বুইন,B-REL
,কির,O
,লইজ্ঞা,O
,এই,O
,দিকে,O
,পাও,O
,বাড়াইছে,O
,জানাজানি,O
,হইলে,O
,ক্যামনে,O
,মুখ,O
,দ্যাহামু,O
,হেই,O
,চিন্তায়,O
,ঘুমাইতে,O
,পারতেয়াছি,O
,না,O
Sentence: 1364,বাড়ি,O
,কারে,O
,জানামু,O
,ক্যামনে,O
,জানামু,O
,বোঝতেয়াছি,O
,না,O
Sentence: 1365,মুই,O
,মোর,O
,বুইনের,B-REL
,চাইয়া,O
,ম্যালা,O
,বছরের,O
,ছোডো,O
Sentence: 1366,মোর,O
,বুইনরে,B-REL
,ক্যামনে,O
,এই,O
,রাস্তা,O
,গোনে,O
,সরাইয়া,O
,আনমু,O
,কিছুই,O
,বোঝতে,O
,পারতেয়াছি,O
,না,O
Sentence: 1367,বাড়ি,O
,ডরে,O
,কইতে,O
,পারতেয়াছি,O
,না,O
Sentence: 1368,যদি,O
,মুই,O
,জাইননা,O
,গেছি,O
,হুইননা,O
,মোর,O
,ক্ষেতি,O
,করার,O
,চেষ্টা,O
,করে,O
Sentence: 1369,অই,O
,ব্যাডায়,O
,যদি,O
,মোর,O
,বুইনের,B-REL
,কোন,O
,ক্ষেতি,O
,করে,O
Sentence: 1370,কি,O
,করার,O
,উচিত,O
,এরহম,O
,অবস্থায়,O
Sentence: 1371,মোর,O
,মনে,O
,হইতেয়াছে,O
,মুই,O
,জাইননা,O
,গেছি,O
,হুইননা,O
,অরা,O
,মোরে,O
,খুন,O
,করতেও,O
,দুইফির,O
,ভাববে,O
,না,O
Sentence: 1372,এতোডি,O
,সংসারে,O
,গ্যাঞ্জাম,O
,দেইকখা,O
,পোস্ট,O
,করা,O
Sentence: 1373,সন্ধ্যাইয়,O
,মোর,O
,মায়,B-ROLE
,আইয়া,O
,মোরে,O
,বিচার,O
,দেছে,O
,মোর,O
,আব্বার,B-ROLE
,লগে,O
,কাইজ্জা,O
,বাজছে,O
,আবার,O
Sentence: 1374,আগে,O
,পরের,O
,হিসাব,O
,বাদ,O
,আইজগো,O
,কাইজ্জার,O
,বিষয়,O
,আব্বা,B-REL
,বিদেশে,B-LOC
,থাহে,O
Sentence: 1375,হ্যায়,O
,হারাদিন,O
,কত,O
,কষ্ট,O
,কইররা,O
,কাম,O
,করে,O
Sentence: 1376,এউক্কা,O
,বেলা,O
,খাওনের,O
,সময়,O
,পাউ,O
,হেইয়া,O
,মায়রে,B-REL
,কইছে,O
Sentence: 1377,মায়,B-REL
,তহন,O
,উলডা,O
,কইছে,O
,মুইও,O
,হারাদিন,O
,বেমালা,O
,কাম,O
,করি,O
Sentence: 1378,গ্যাছে,O
,কাইল,O
,না,O
,খাইয়া,O
,রোজা,O
,আল্লাহম,O
Sentence: 1379,এইডা,O
,হুইন্না,O
,আব্বায়,B-REL
,চেইত্যা,O
,ফোন,O
,কাইট্টা,O
,দেছে,O
Sentence: 1380,মুই,O
,মায়রে,B-REL
,কইলাম,O
,আব্বা,B-REL
,হোনতে,O
,চাইছে,O
,এট্টুহানে,O
,সান্ত্বনা,O
Sentence: 1381,মুইও,O
,বুঝি,O
,তুমি,O
,বেমালা,O
,কষ্ট,O
,কর,O
Sentence: 1382,মায়ের,B-REL
,কথা,O
,কয়ডাদিন,O
,আগেই,O
,মুই,O
,হ্যারে,O
,এউক্কা,O
,কষ্টের,O
,কথা,O
,কইছি,O
Sentence: 1383,হ্যায়,O
,মোর,O
,লগে,O
,কি,O
,করলো,O
,মোরও,O
,হেইয়া,O
,করতে,O
,হইবে,O
Sentence: 1384,এরহম,O
,মন,O
,লইয়া,O
,সংসারে,O
,কহনো,O
,সুখ,O
,আয়,O
,না,O
Sentence: 1385,মোর,O
,মায়ের,B-REL
,দ্গারে,O
,মোর,O
,জামাই,B-REL
,বেমালা,O
,ভালো,O
Sentence: 1386,এক,O
,কথায়,O
,সোনার,O
,টুকরা,O
,জামাই,B-REL
,মোর,O
Sentence: 1387,মোরে,O
,বোঝে,O
,মোর,O
,হগল,O
,কথা,O
,হোনে,O
Sentence: 1388,মোর,O
,হইয়া,O
,পরতিবাদ,O
,করে,O
,আরো,O
,কত,O
,গুন,O
Sentence: 1389,মুই,O
,হ্যারে,O
,এইগুলান,O
,শিখাইছি,O
Sentence: 1390,মুই,O
,চেইত্যা,O
,থাকলেও,O
,হ্যায়,O
,বোঝতে,O
,না,O
Sentence: 1391,মুই,O
,ধারে,O
,বহাইয়া,O
,কইছি,O
,যে,O
,এই,O
,কামের,O
,লইজ্ঞা,O
,মোর,O
,খারাপ,O
,লাগছে,O
Sentence: 1392,এহন,O
,তুমি,O
,মোর,O
,ধারে,O
,মাফ,O
,চাও,O
Sentence: 1393,মুই,O
,হ্যারে,O
,কহনো,O
,হ্যার,O
,কোন,O
,কাম,O
,লইয়া,O
,খোডা,O
,দেইনাই,O
Sentence: 1394,মুই,O
,এউক্কা,O
,কষ্টের,O
,কথা,O
,কইলে,O
,হ্যায়,O
,নিজের,O
,কষ্টের,O
,কথা,O
,কইছে,O
Sentence: 1395,মুই,O
,মোর,O
,বিষয়,O
,সাইডে,O
,থুইয়া,O
,হ্যারে,O
,সান্ত্বনা,O
,দিছি,O
Sentence: 1396,হ্যায়,O
,যেমনে,O
,মোরে,O
,আশা,O
,করছে,O
,মুই,O
,নিজেরে,O
,হেমনেই,O
,সামনে,O
,আনছি,O
Sentence: 1397,মোর,O
,কহনো,O
,মনে,O
,আয়নাই,O
,মুই,O
,কির,O
,লইজ্ঞা,O
,ছোডো,O
,হমু,O
Sentence: 1398,অয়,O
,মোর,O
,লগে,O
,এরহম,O
,করছে,O
,মুইও,O
,অর,O
,লগে,O
,এইডা,O
,করমু,O
Sentence: 1399,অয়,O
,বোঝেনা,O
,মোর,O
,ঠ্যাহা,O
,নাই,O
,বুঝাইন্নার,O
Sentence: 1400,মানু,O
,যের,O
,যের,O
,নিজের,O
,নাহান,O
Sentence: 1401,মুই,O
,বিশ্বাস,O
,করি,O
,কেউরে,O
,যদি,O
,মুই,O
,নিজের,O
,নাহান,O
,চাই,O
,হ্যালে,O
,নিজের,O
,নাহান,O
,বানাইয়া,O
,লইতে,O
,হইবে,O
Sentence: 1402,কেউরে,O
,নিজের,O
,নাহান,O
,বানাইন্নার,O
,লইজ্ঞা,O
,আগে,O
,মোর,O
,হ্যার,O
,নাহান,O
,হইতে,O
,হইবে,O
Sentence: 1403,এইডা,O
,জরুলি,O
,না,O
,হগল,O
,সময়,O
,হগল,O
,কিছু,O
,অপর,O
,জন,O
,করবে,O
Sentence: 1404,আমনে,O
,নিজে,O
,কিছু,O
,এউক্কা,O
,করেন,O
Sentence: 1405,মোর,O
,জামাই,B-REL
,পর,O
,পর,O
,তিন,O
,বছর,O
,মোর,O
,জন্মদিন,O
,মনেও,O
,রাহেনাই,O
Sentence: 1406,মুই,O
,পর,O
,পর,O
,তিন,O
,বছর,O
,হ্যারে,O
,সারপ্রাইজ,O
,দিছি,O
,জন্মদিনে,O
Sentence: 1407,মুই,O
,তয়,O
,এইডা,O
,ভাবি,O
,নাই,O
,যে,O
,অয়,O
,মনে,O
,রাহেনা,O
,মুই,O
,কির,O
,লইজ্ঞা,O
,করতে,O
,যামু,O
Sentence: 1408,আর,O
,এই,O
,বছর,O
,হ্যায়,O
,বিশাল,O
,কইররা,O
,সারপ্রাইজ,O
,দেছে,O
,মোরে,O
Sentence: 1409,কেক,B-FOOD
,এর,O
,উপরে,O
,ল্যাহা,O
,আল্লেহ,O
,শুভ,O
,জন্মদিন,O
,মোর,O
,বউ,B-REL
Sentence: 1410,সময়,O
,লাগছে,O
,তয়,O
,মুই,O
,জা,O
,হ্যার,O
,ধারেগোনে,O
,চাই,O
,হেইডা,O
,কিন্তু,O
,ঠিক,O
,বাইর,O
,কইররা,O
,আনছি,O
Sentence: 1411,কেউরে,O
,তোমার,O
,কথা,O
,হুনাইতে,O
,চাইলে,O
,আগে,O
,তুমি,O
,হ্যার,O
,কথা,O
,হোনো,O
Sentence: 1412,মোরা,O
,তিন,O
,ভাই,B-REL
,বুইন,B-REL
,মুই,O
,সবাইর,O
,বড়,O
Sentence: 1413,মোর,O
,মায়,B-REL
,বুইন,B-REL
,ভাই,B-REL
,বরিশাল,B-LOC
,থাহে,O
Sentence: 1414,মুই,O
,সিলেট,B-LOC
,থাহি,O
Sentence: 1415,ঢাকায়,B-LOC
,আইছি,O
,মেট্টিক,O
,পরিক্ষা,O
,দিয়া,O
Sentence: 1416,ছোডো,B-REL
,খালার,I-REL
,বাড়িতে,O
,হ্যার,O
,বাড়ি,O
,গোনে,O
,পড়ালেহা,O
,কইররা,O
,ইন্টার,O
,পরীক্ষা,O
,দিছি,O
Sentence: 1417,মোর,O
,খালার,B-REL
,বাড়ী,O
,ফেরা,O
,কি,O
,ঠিক,O
,হইবে,O
Sentence: 1418,মায়,B-REL
,খালা,B-REL
,পড়াল্যাহার,O
,লইজ্ঞা,O
,ঢাহায়,B-LOC
,ফেরতে,O
,কইবে,O
,মুই,O
,যাইতে,O
,পারমু,O
,না,O
Sentence: 1419,অই,O
,ব্যাডার,O
,সামনে,O
,মুই,O
,খাড়াইতে,O
,পারমু,O
,না,O
Sentence: 1420,মোর,O
,নাহান,O
,এত্তো,O
,ভুল,O
,মনে,O
,হয়,O
,কেউ,O
,করেনা,O
Sentence: 1421,মুই,O
,তো,O
,সত্য,O
,বুইজঝাই,O
,ভুলে,O
,জড়াইয়া,O
,পরতাম,O
Sentence: 1422,মুই,O
,ক্যামনে,O
,বোঝতাম,O
,যে,O
,মানেরা,O
,সঠিক,O
,না,O
Sentence: 1423,মোর,O
,পোরথোম,O
,ভালোবাসার,O
,মানুডা,O
,আল্লেহ,O
,ভুল,O
Sentence: 1424,হ্যায়,O
,পুরা,O
,ছয়,O
,বছর,O
,মোরে,O
,ঠগাইছে,O
Sentence: 1425,পেরতেকবার,O
,আশা,O
,করতাম,O
,যে,O
,ভালো,O
,হইয়া,O
,গ্যাছে,O
Sentence: 1426,শ্যাষ,O
,ফির,O
,যেই,O
,মাইয়ার,O
,লইজ্ঞা,O
,মোরে,O
,হালাইয়া,O
,গ্যাল্লেহ,O
,হুনছি,O
,হ্যায়,O
,বলে,O
,বেমালা,O
,সুন্দার,O
Sentence: 1427,দুনিয়ায়,B-LOC
,আসলে,O
,চেহারা,O
,সুন্দরই,O
,হগলকিছু,O
Sentence: 1428,মোর,O
,মনডা,O
,কেউ,O
,বোঝে,O
,না,O
Sentence: 1429,হেইয়ারপর,O
,মুই,O
,ফিররা,O
,ভুল,O
,করছেলাম,O
Sentence: 1430,কোন,O
,এক,O
,রহম,O
,মোগো,O
,কথা,O
,শুরু,O
,হয়,O
Sentence: 1431,আস্তে,O
,আস্তে,O
,দুর্বল,O
,হইয়া,O
,পড়লাম,O
,হ্যার,O
,উপরে,O
Sentence: 1432,হ্যায়ও,O
,মোর,O
,উপরে,O
,দুর্বল,O
,হইয়া,O
,গ্যাল্লেহ,O
Sentence: 1433,এউক্কা,O
,সময়,O
,পর,O
,বোঝলাম,O
,যে,O
,মোরা,O
,একজন,O
,আরেকজনরে,O
,চাই,O
Sentence: 1434,পোরথোম,O
,দিক,O
,মুই,O
,খারাপ,O
,ব্যবহার,O
,করতাম,O
Sentence: 1435,পোরথোমবার,O
,ঠগার,O
,পর,O
,এউক্কা,O
,ডর,O
,ঢুইক্কা,O
,গ্যাল্লেহ,O
,ভিতরে,O
Sentence: 1436,হ্যারে,O
,মুই,O
,কইয়া,O
,নেল্লাহম,O
,যে,O
,মোর,O
,তোমারে,O
,বিশ্বাস,O
,করতে,O
,সময়,O
,লাগবে,O
Sentence: 1437,হ্যায়,O
,কইছেলে,O
,সমেস্যা,O
,নাই,O
Sentence: 1438,মুই,O
,তোমার,O
,পাশে,O
,আছি,O
Sentence: 1439,তোমার,O
,হগল,O
,কথা,O
,মাইন্না,O
,লমু,O
Sentence: 1440,মাঝে,O
,মাঝে,O
,কাইজ্যা,O
,হইতে,O
,তয়,O
,হেইদিনই,O
,বেবাক,O
,ঠিক,O
,হইয়া,O
,যাইতে,O
Sentence: 1441,হ্যায়,O
,মোর,O
,ছোডো,O
,ছোডো,O
,পছন্দের,O
,জিনিসও,O
,খেয়াল,O
,রাখতে,O
Sentence: 1442,দুইনাম্বার,O
,জনরে,O
,পাইয়া,O
,নিজেরে,O
,ম্যালা,O
,ভাগ্যবতী,O
,মনে,O
,করতাম,O
Sentence: 1443,মোর,O
,লগে,O
,খারাপ,O
,ব্যবহার,O
,করতে,O
,রইছে,O
Sentence: 1444,ততদিনে,O
,মুই,O
,হ্যার,O
,উপরে,O
,অনেক,O
,দুর্বল,O
,হইয়া,O
,গ্যাছি,O
Sentence: 1445,হ্যায়,O
,মোরে,O
,কাইজ্যা,O
,হইলেই,O
,হগল,O
,সময়,O
,অপমান,O
,করে,O
Sentence: 1446,পরিবার,O
,তুইল্লা,O
,খামার,O
,দ্যায়,O
Sentence: 1447,মুই,O
,দ্বিতীয়,O
,ফির,O
,ভালবাইসাও,O
,ঠইজ্ঞা,O
,গ্যাছি,O
Sentence: 1448,তয়,O
,মুই,O
,হ্যারে,O
,এহনো,O
,ভালবাসি,O
Sentence: 1449,হ্যার,O
,দেওয়া,O
,কথা,O
,গুলান,O
,মাঝে,O
,মাঝে,O
,মনে,O
,আইলে,O
,ম্যালা,O
,হাসি,O
,আহে,O
Sentence: 1450,হ্যার,O
,কি,O
,মোডেও,O
,মনে,O
,পড়ে,O
,না,O
,আগের,O
,দিনের,O
,কথা,O
Sentence: 1451,হ্যায়,O
,ক্যামনে,O
,পারছে,O
,এত্তো,O
,স্বপ্ন,O
,দ্যাহাইন্নার,O
,পরে,O
,মোরে,O
,ঠগাইতে,O
Sentence: 1452,এহন,O
,নিজেরেই,O
,আর,O
,বিশ্বাস,O
,করতে,O
,পারিনা,O
Sentence: 1453,কি,O
,আল্লাহম,O
,আর,O
,কি,O
,হইছি,O
Sentence: 1454,মোর,O
,বিয়ার,O
,বয়স,O
,বাইশ,O
,মাস,O
Sentence: 1455,মোর,O
,আট,O
,মাসের,O
,এইক্কা,O
,পোলা,B-REL
,গেদু,I-REL
,আছে,O
Sentence: 1456,এই,O
,করোনাইয়,O
,অনার্স,O
,লাস্ট,O
,ইয়ারে,O
,থাহাকালিন,O
,বিয়া,O
,হইয়া,O
,যায়,O
,মোর,O
Sentence: 1457,মুই,O
,গনিতে,O
,অনার্স,O
,করতেয়াছেলাম,O
Sentence: 1458,এইদিকে,O
,যের,O
,লগে,O
,বিয়া,O
,হয়,O
,হ্যায়,O
,অশিক্ষিত,O
Sentence: 1459,হ্যায়,O
,ইস্কুলেই,B-ORG
,যায়নাই,O
,কহনো,O
Sentence: 1460,বিয়ার,O
,কালে,O
,কইছেলে,O
,পোলা,O
,শিক্ষিত,O
,ঢাহায়,B-LOC
,চাকরি,O
,করে,O
Sentence: 1461,মোর,O
,জামাই,B-REL
,লেদাকালে,O
,হ্যার,O
,মা,B-REL
,হারাইছে,O
Sentence: 1462,বিয়ার,O
,কালে,O
,কইছেলে,O
,জামাইর,O
,বাড়ি,O
,আছে,O
Sentence: 1463,এইয়া,O
,লইয়া,O
,মুই,O
,সমেস্যা,O
,করি,O
,নাই,O
Sentence: 1464,বুইনেরে,B-REL
,বাড়ি,O
,পাডাইয়া,O
,দিছি,O
Sentence: 1465,মুই,O
,এক,O
,কাফুরে,B-OBJ
,বাড়ি,O
,গোনে,O
,বাইর,O
,হইয়া,O
,আইছি,O
Sentence: 1466,কাইল,O
,ঘটনাডা,O
,হোনার,O
,পরে,O
,গোনে,O
,মোর,O
,দম,O
,বন্ধ,O
,লাগতেয়াছেলে,O
Sentence: 1467,মোর,O
,জামাই,B-REL
,বাড়ি,O
,আইলেই,O
,মোর,O
,কোলে,O
,মাথা,O
,রাহে,O
Sentence: 1468,মুই,O
,এউক্কা,O
,মাইয়া,O
,বয়স,O
,তেইশ,O
,বছর,O
Sentence: 1469,মোর,O
,বিয়া,O
,হইছে,O
,এক,O
,মাস,O
Sentence: 1470,মোর,O
,জামাই,B-REL
,ভালো,O
,বেমালা,O
Sentence: 1471,মুই,O
,কিছুই,O
,জানতাম,O
,না,O
Sentence: 1472,কি,O
,হইবে,O
,হ্যার,O
,লইজ্ঞা,O
,কাইন্দা,O
Sentence: 1473,হ্যায়,O
,তো,O
,বোঝবেনা,O
Sentence: 1474,তুমি,O
,গোঙ্গার,O
,নাহান,O
,হ্যারে,O
,লইয়া,O
,ভাইব্বা,O
,বইয়া,O
,থাকপা,O
,কির,O
,লইজ্ঞা,O
Sentence: 1475,মোর,O
,ইচ্ছা,O
,মুই,O
,ভাবমু,O
Sentence: 1476,মুই,O
,তো,O
,গোঙ্গাই,O
Sentence: 1477,মুই,O
,কি,O
,গোঙ্গা,O
Sentence: 1478,তুমি,O
,বেমালা,O
,শেয়ান,O
Sentence: 1479,মুই,O
,ক্যাল,O
,ক্যাল,O
,ভালোবাইস্যা,O
,ঠইগ্যা,O
,গ্যাছি,O
Sentence: 1480,ভালোবাসা,O
,ম্যালা,O
,কষ্টের,O
Sentence: 1481,তোমার,O
,এক,O
,ফোডা,O
,হাসি,O
,দ্যাহার,O
,লইজ্ঞা,O
,বইয়া,O
,আছি,O
Sentence: 1482,এট্টু,O
,আগেই,O
,ঝারু,B-OBJ
,দেওয়া,O
,হইছে,O
Sentence: 1483,পানি,O
,দিয়া,O
,মুইছ্যা,O
,দেওয়া,O
,হইছে,O
Sentence: 1484,শিক্ষার্থী,B-ROLE
,নতুন,O
,ভর্তি,O
,হইছে,O
Sentence: 1485,এলাকায়,B-LOC
,আগুন,O
,লাগছে,O
Sentence: 1486,মোর,O
,নানা,B-REL
,অসুস্থ,O
Sentence: 1487,বেমালা,O
,শিক্ষার্থী,B-ROLE
,নতুন,O
,ভর্তি,O
,হইছে,O
Sentence: 1488,রুগীরে,O
,হাসপাতালে,B-ORG
,থাকতে,O
,হইবে,O
Sentence: 1489,নানারে,B-REL
,দ্যাখতে,O
,গ্যালাহম,O
Sentence: 1490,মুই,O
,আগে,O
,দেহিনাই,O
Sentence: 1491,নানা,B-REL
,মোরে,O
,দ্যাইকখা,O
,বেমালা,O
,খুশি,O
,হইছে,O
Sentence: 1492,হেইডা,O
,একরহমের,O
,যোগাযোগ,O
Sentence: 1493,মুই,O
,গ্যাছেকাইল,O
,ইস্কুলে,B-ORG
,আইনাই,O
Sentence: 1494,হ্যাগোও,O
,কেউ,O
,ইস্কুলে,B-ORG
,আয়নাই,O
Sentence: 1495,হ্যাগো,O
,জানার,O
,কথা,O
,না,O
Sentence: 1496,বড়,B-REL
,মামা,I-REL
,বিদেশে,B-LOC
,গোনে,O
,আইছে,O
Sentence: 1497,কেলাশে,O
,কোন,O
,বিষয়,O
,লইয়া,O
,কথা,O
,কইতেয়াছেলেন,O
Sentence: 1498,কির,O
,লইজ্ঞা,O
,পলাশের,B-PER
,কথায়,O
,বিরক্ত,O
,হইল্লেহ,O
Sentence: 1499,ইচ্ছা,O
,আল্লেহ,O
,কোন,O
,হানে,O
,ঘোরতে,O
,যামু,O
Sentence: 1500,ম্যালাবার,O
,লালবাগ,B-LOC
,কেল্লার,I-LOC
,কথা,O
,হুনছি,O
Sentence: 1501,ঠিক,O
,করা,O
,হইছে,O
,হগলডি,O
,মিল্লা,O
,হেইহানে,O
,যামু,O
Sentence: 1502,মোর,O
,মামাতো,B-REL
,বুইনও,I-REL
,যাইতে,O
,চাইছে,O
Sentence: 1503,লেইখ্যা,O
,শিক্ষকের,B-ROLE
,ধারে,O
,জমা,O
,দেও,O
Sentence: 1504,হগল,O
,এলাকার,B-LOC
,মানের,O
,ভাষা,O
,এক,O
,রহম,O
,না,O
Sentence: 1505,ম্যালা,O
,শব্দের,O
,উচ্চারন,O
,ভিন্ন,O
,হয়,O
Sentence: 1506,দক্ষিনের,B-LOC
,জেলা,I-LOC
,কক্সবাজার,I-LOC
Sentence: 1507,সাড়ে,O
,চাইরটায়,O
,হগলডির,O
,মাডে,B-LOC
,আওয়ার,O
,কথা,O
Sentence: 1508,আইজগো,O
,কোনো,O
,খ্যালা,O
,হইবে,O
,না,O
Sentence: 1509,এউক্কা,O
,পোড়াবাড়ি,O
,আছে,O
Sentence: 1510,এইহানে,O
,কি,O
,করতেয়াছো,O
,তোমরা,O
Sentence: 1511,চাইরদিক,O
,কত্ত,O
,বিশাল,O
,বিশাল,O
,গাছ,O
Sentence: 1512,দিনের,O
,কালেও,O
,ভাড়ির,O
,ভিতরে,O
,আন্ধার,O
,হইয়া,O
,থাহে,O
Sentence: 1513,রেলগাড়ি,B-OBJ
,চলে,O
,রেললাইনের,B-OBJ
,উপরে,O
,দিয়া,O
Sentence: 1514,উপহার,O
,পাইতে,O
,পেরতেকের,O
,ভালো,O
,লাগে,O
Sentence: 1515,অচেনা,O
,লোকের,O
,উপহার,O
,লই,O
,না,O
Sentence: 1516,উপহার,O
,দেতে,O
,অনেকের,O
,ভালো,O
,লাগে,O
Sentence: 1517,খ্যালার,B-LOC
,মাডে,I-LOC
,মোরা,O
,পেরতেকদিন,O
,খ্যালতে,O
,যাই,O
Sentence: 1518,এউক্কা,O
,চানাচুরয়আলারে,B-ROLE
,দ্যাহা,O
,যায়,O
Sentence: 1519,হ্যায়,O
,চানাচুর,B-FOOD
,বেচতে,O
,আইতে,O
Sentence: 1520,তুমি,O
,ভালো,O
,আছো,O
,জাইন্না,O
,খুশি,O
,হইলাম,O
Sentence: 1521,চিঠি,B-OBJ
,সাধারণত,O
,খামে,B-OBJ
,ভইররা,O
,পাডানো,O
,হয়,O
Sentence: 1522,খাওন,O
,দাওনের,O
,কথা,O
,কইয়া,O
,লাভ,O
,নাই,O
,দুক্ষ,O
,পাবা,O
Sentence: 1523,তয়,O
,বাইচ্চা,O
,আছি,O
,আর,O
,ম্যালা,O
,ভালো,O
,আছি,O
Sentence: 1524,তোমরা,O
,ভালো,O
,আছো,O
,জাইন্না,O
,খুশি,O
,হইলাম,O
Sentence: 1525,মোর,O
,লইজ্ঞা,O
,বেশি,O
,চিন্তা,O
,কইররো,O
,না,O
Sentence: 1526,এহন,O
,বারতে,O
,বারতে,O
,টিভি,B-OBJ
,দ্যাহা,O
,যায়,O
Sentence: 1527,টিভিতে,B-OBJ
,কথা,O
,হুনা,O
,যায়,O
,ছবিও,O
,দ্যাহা,O
,যায়,O
Sentence: 1528,রেডিওতে,B-OBJ
,খালি,O
,কথা,O
,হুনা,O
,যায়,O
Sentence: 1529,হাজার,O
,বছর,O
,আগে,O
,হগল,O
,ব্যাডাই,O
,ধুতি,B-OBJ
,পরতে,O
Sentence: 1530,তহন,O
,মাইয়ারা,O
,আঁচল,O
,টাইন্না,O
,ঘোমটা,O
,দেতে,O
Sentence: 1531,ভাত,B-FOOD
,বাঙ্গালির,B-ROLE
,বহুকালের,O
,প্রিয়,O
,খাওন,O
Sentence: 1532,মাইয়ারা,O
,বাগান,O
,করতে,O
,ভালবাসতে,O
Sentence: 1533,মাইয়ারা,O
,হাতোর,O
,কাটতে,O
,ভালবাসতে,O
Sentence: 1534,টাহা,O
,ওয়ালা,O
,মানেরা,O
,ঘোড়া,B-ANI
,আর,O
,হাতির,B-ANI
,খ্যালা,O
,দ্যাখতে,O
Sentence: 1535,যাতায়াতের,O
,পোরধান,O
,উপায়,O
,আল্লেহ,O
,নৌকা,B-OBJ
Sentence: 1536,বড়,B-LOC
,বুইনের,I-LOC
,ঘরে,I-LOC
,হ্যার,O
,লইজ্ঞা,O
,ছোডো,B-OBJ
,খাট,I-OBJ
,দেওয়া,O
,হইছে,O
Sentence: 1537,হ্যার,O
,ধারে,O
,হগল,O
,দেশের,B-LOC
,টাহা,B-OBJ
,আছে,O
Sentence: 1538,হ্যায়,O
,তোরে,O
,কিছু,O
,উপহার,O
,দেলে,O
,না,O
Sentence: 1539,মায়,B-REL
,নানারে,B-REL
,এউক্কা,O
,চিঠি,B-OBJ
,ল্যাখছে,O
Sentence: 1540,মোগো,O
,নামের,O
,দরকার,O
,হয়না,O
Sentence: 1541,মোরা,O
,এমনেই,O
,পরিচয়,O
,রাখতে,O
,পারি,O
Sentence: 1542,তোমারে,O
,এউক্কা,O
,উপহার,O
,দেতে,O
,চাই,O
Sentence: 1543,হেইডা,O
,টেবিলের,B-OBJ
,উপরে,O
,রাহা,O
,আল্লেহ,O
Sentence: 1544,মোর,O
,প্রিয়,O
,এউক্কা,O
,বই,B-OBJ
,হারান,O
,গ্যাছে,O
Sentence: 1545,ফোন,O
,কইররা,O
,জানাইছে,O
Sentence: 1546,হ্যার,O
,প্রিয়,O
,এউক্কা,O
,বই,B-OBJ
,হারান,O
,গ্যাছে,O
Sentence: 1547,কেডা,O
,নেছে,O
Sentence: 1548,হেই,O
,ব্যাপারে,O
,শিউর,O
,না,O
Sentence: 1549,হ্যায়,O
,হয়তো,O
,পড়ার,O
,লইজ্ঞাই,O
,নেছে,O
Sentence: 1550,কোনো,O
,ব্যাপারে,O
,শিউর,O
,না,O
,হইয়া,O
,কেউরে,O
,দোষ,O
,দেওয়া,O
,ঠিক,O
,না,O
Sentence: 1551,যে,O
,নেছে,O
,হ্যায়,O
,হয়তো,O
,পড়ার,O
,লইজ্ঞাই,O
,নেছে,O
Sentence: 1552,বইডা,B-OBJ
,পাওন,O
,যায়,O
,কিনা,O
Sentence: 1553,বইডা,B-OBJ
,পাওন,O
,গ্যাছে,O
Sentence: 1554,আব্বা,B-REL
,বইডা,B-OBJ
,বুকশেলফে,B-OBJ
,উডাইয়া,O
,রাখছেলে,O
Sentence: 1555,হ্যায়ও,O
,বোঝতে,O
,পারে,O
,নাই,O
Sentence: 1556,আর,O
,পারুলও,B-PER
,না,O
,বুইঝঝা,O
,অন্যগো,O
,দোষ,O
,দেতেয়াছেলে,O
Sentence: 1557,তুমি,O
,মোরে,O
,দোষ,O
,দেতেয়াছো,O
,কির,O
,লইজ্ঞা,O
Sentence: 1558,হ্যায়,O
,রাইতের,O
,টেরেনে,B-OBJ
,রাজশাহী,B-LOC
,গোনে,O
,রওনা,O
,দেল্লেহ,O
Sentence: 1559,এই,O
,পোরথোম,O
,হ্যায়,O
,ঢাহায়,B-LOC
,আইছে,O
Sentence: 1560,বাড়ি,O
,যাওয়ার,O
,পথে,O
,ফেলাইওভার,B-LOC
,দেইকখা,O
,হাবিব,B-PER
,অটাশ,O
,হইয়া,O
,গ্যাছে,O
Sentence: 1561,এইডারে,O
,হ্যার,O
,মনে,O
,হইছে,O
,দোতালা,B-LOC
,রাস্তা,I-LOC
Sentence: 1562,রাস্তার,B-LOC
,ধারে,O
,এউক্কা,O
,ফুলের,B-OBJ
,দোকান,O
Sentence: 1563,নানা,O
,রহমের,O
,ফুল,B-OBJ
,থরে,O
,থরে,O
,সাজাইন্না,O
,রইছে,O
Sentence: 1564,হ্যার,O
,ঠিক,O
,পাশেই,O
,এউক্কা,O
,ফলের,B-ORG
,দোকান,I-ORG
Sentence: 1565,হেইহানে,O
,গোনে,O
,বড়,B-REL
,বুইন,I-REL
,গোডাচাইরে,O
,হোবরি,B-FOOD
,কেনছে,O
Sentence: 1566,হগলডির,O
,লগে,O
,কথাবার্তা,O
,হইলে,O
Sentence: 1567,টেবিলে,B-OBJ
,নাস্তা,B-FOOD
,দেওয়া,O
,আল্লেহ,O
Sentence: 1568,হাত,O
,মুখ,O
,ধুইয়া,O
,হ্যায়,O
,নাস্তা,B-FOOD
,করতে,O
,বইছে,O
Sentence: 1569,হেইদিন,O
,আল্লেহ,O
,বাংলাদেশ,B-LOC
,দলের,O
,কিরকেট,O
,খ্যালা,O
Sentence: 1570,খাওন,O
,শ্যাষ,O
,কইররাই,O
,টিভি,B-OBJ
,র,O
,সামনে,O
,বইছে,O
Sentence: 1571,বেবাক,O
,মিলাইয়া,O
,হ্যার,O
,বেমালা,O
,মজা,O
,হইতেয়াছেলে,O
Sentence: 1572,মাইয়া,O
,কি,O
,আকাম,O
,করছে,O
,জানো,O
Sentence: 1573,সোনার,B-OBJ
,চুরি,I-OBJ
,ভাইঙ্গা,O
,দুইটুকরা,O
,করছে,O
Sentence: 1574,ইচ্ছা,O
,কইররা,O
,ভাঙছি,O
,ত্যায়,O
Sentence: 1575,পাছার,O
,খাইয়া,O
,পইররা,O
,গ্যালাম,O
,ত্যায়,O
,কি,O
,করমু,O
Sentence: 1576,মোর,O
,যে,O
,ব্যথা,O
,লাগছে,O
,হেইয়া,O
,ভুঝি,O
,কিছু,O
,না,O
Sentence: 1577,মাইয়ারে,O
,পরতে,O
,দেল্লাহম,O
Sentence: 1578,মোর,O
,নানা,B-REL
,সুস্থ,O
Sentence: 1579,রুগীরে,O
,হাসপাতালে,B-ORG
,ভর্তি,O
,হইতে,O
,হইবে,O
Sentence: 1580,এত্তোর,O
,হাসপাতাল,B-ORG
,মুই,O
,আগে,O
,দেহিনাই,O
Sentence: 1581,মোরে,O
,দেইখ্যা,O
,বেমালা,O
,খুশি,O
,হইছে,O
Sentence: 1582,মুই,O
,অন্যের,O
,লগে,O
,কথা,O
,কই,O
Sentence: 1583,হ্যায়,O
,বিদেশে,B-LOC
,গোনে,O
,আইছে,O
Sentence: 1584,হ্যায়,O
,কোন,O
,বিষয়,O
,লইয়া,O
,কথা,O
,কইতেয়াছেলে,O
Sentence: 1585,লও,O
,ঐতিহাসিক,B-LOC
,জায়গায়,I-LOC
,ঘোরতে,O
,যামু,O
Sentence: 1586,ঠিক,O
,করা,O
,হইছে,O
,হগলডি,O
,মিললা,O
,যামু,O
Sentence: 1587,মোগো,O
,যাওনের,O
,কথা,O
,হুইন্না,O
,হ্যায়ও,O
,যাইতে,O
,চাইছে,O
Sentence: 1588,হগল,O
,মানের,O
,ভাষা,O
,এক,O
,রহম,O
,না,O
Sentence: 1589,হ্যায়,O
,মাডে,B-LOC
,আয়নাই,O
Sentence: 1590,জরুলি,O
,সভা,O
,হইবে,O
Sentence: 1591,হাসপাতালে,B-ORG
,মুই,O
,আগে,O
,যাই,O
,নাই,O
Sentence: 1592,মুই,O
,অন্যের,O
,লগে,O
,কথা,O
,কই,O
,না,O
Sentence: 1593,হ্যায়,O
,কি,O
,বিদেশে,B-LOC
,গোনে,O
,আইছে,O
Sentence: 1594,হগলডির,O
,ভাষা,O
,এক,O
,রহমের,O
,না,O
Sentence: 1595,হ্যার,O
,ধারে,O
,বেমালা,O
,টাহা,B-OBJ
,আছে,O
Sentence: 1596,কয়ডা,O
,দিন,O
,অপেক্ষা,O
,কর,O
Sentence: 1597,মোর,O
,বাড়ির,O
,ধারে,O
,রাস্তার,B-LOC
,পাশে,O
,এউক্কা,O
,ফুলের,B-OBJ
,দোহান,O
Sentence: 1598,হ্যার,O
,ধারে,O
,ম্যালা,O
,দেশের,B-LOC
,টাহা,B-OBJ
,আছে,O
Sentence: 1599,মুই,O
,তোমারে,O
,এউক্কা,O
,উপহার,O
,দেতে,O
,চাই,O
Sentence: 1600,বেবাক,O
,হুইননা,O
,মুই,O
,কইলাম,O
Sentence: 1601,কয়ডা,O
,দিন,O
,অপেক্ষা,O
,কইররা,O
,দ্যাহো,O
Sentence: 1602,কয়ডা,O
,দিন,O
,পর,O
,পারুল,B-PER
,নিজেই,O
,কইলো,O
,বইডা,B-OBJ
,পাওয়া,O
,গ্যাছে,O
Sentence: 1603,এউক্কা,O
,বই,B-OBJ
,লইয়া,O
,এত,O
,ঘটনা,O
,ঘইটটা,O
,যাইবে,O
Sentence: 1604,হ্যায়,O
,না,O
,বুইজঝা,O
,অন্যডির,O
,দোষ,O
,দেতেয়াছেলে,O
Sentence: 1605,কমলাপুর,B-LOC
,রেল,I-LOC
,এস্টেশন,I-LOC
,গোনে,O
,বুইনের,B-REL
,বাড়ি,O
,যাইতেয়াছি,O
Sentence: 1606,বুইনের,B-REL
,বাড়ির,O
,ধারে,O
,রাস্তার,B-LOC
,পাশে,O
,এউক্কা,O
,ফুলের,B-OBJ
,দোহান,O
Sentence: 1607,রজনীগন্ধা,B-OBJ
,গোলাপ,B-OBJ
,গেন্দাসহ,B-OBJ
,ম্যালা,O
,রহমের,O
,ফুল,B-OBJ
,আছে,O
,দোহানে,B-ORG
Sentence: 1608,বড়,B-REL
,বুইনের,I-REL
,লইজ্ঞা,O
,কয়ডা,O
,হোবরি,B-FOOD
,কেনছে,O
Sentence: 1609,বড়,B-REL
,বুইন,I-REL
,কয়ডা,O
,হোবরি,B-FOOD
,কেনছে,O
Sentence: 1610,ত্যায়,O
,মুই,O
,কি,O
,করমু,O
Sentence: 1611,সমান,O
,দুজ্ঞা,O
,টুকরা,O
,হইয়া,O
,গ্যাছে,O
Sentence: 1612,দুইটুকরা,O
,হইলে,O
,ক্যামনে,O
Sentence: 1613,এইজ্ঞা,O
,মোগো,O
,বাড়ি,O
Sentence: 1614,এই,O
,বাড়িউজ্ঞা,O
,মোগো,O
Sentence: 1615,পোরথোমে,O
,বালিশের,B-OBJ
,তলে,O
,হাতাইছে,O
Sentence: 1616,এত্তো,O
,সুন্দর,O
,লাগে,O
,হ্যার,O
Sentence: 1617,খালি,O
,চাইয়া,O
,থাকতে,O
,ইচ্ছা,O
,করে,O
Sentence: 1618,হ্যাগো,O
,বাগান,B-LOC
,অন্যগো,O
,বাগানের,B-LOC
,নাহান,O
,না,O
Sentence: 1619,বিশাল,O
,এত্তোর,O
,এত্তোর,O
,গাছ,O
Sentence: 1620,পুতুলের,B-OBJ
,এইয়ার,O
,লইজ্ঞাই,O
,একছের,O
,মন,O
,খারাপ,O
Sentence: 1621,গাছগুলানের,O
,দিক,O
,চাইলেই,O
,হ্যার,O
,কান্দোন,O
,পাইয়া,O
,যায়,O
Sentence: 1622,গুরাগারারা,O
,ম্যালা,O
,কাম,O
,করে,O
,যেইডি,O
,বড়রা,O
,পছন্দ,O
,করেনা,O
Sentence: 1623,হেইয়াছাড়াও,O
,আরেউক্কা,O
,কারণও,O
,আছে,O
Sentence: 1624,ঘরে,O
,আলো,O
,বাতাস,O
,হেইরহম,O
,ঢোকতে,O
,পারে,O
,না,O
Sentence: 1625,মোগো,O
,চলতেই,O
,পারে,O
,না,O
Sentence: 1626,হাত,O
,তালি,O
,দিয়া,O
,কি,O
,পড়া,O
,যায়,O
Sentence: 1627,কোনহানে,O
,যাওনের,O
,রাস্তা,O
,নাই,O
Sentence: 1628,এইহানে,O
,বোলে,O
,এউক্কা,O
,শিশুপার্ক,B-LOC
,হইবে,O
Sentence: 1629,তোমাগো,O
,কথা,O
,হুইননা,O
,হাসতেয়াছি,O
Sentence: 1630,মিছা,O
,কথা,O
,কইও,O
,না,O
Sentence: 1631,যেই,O
,অত্যাচার,O
,করে,O
Sentence: 1632,মাডির,B-LOC
,রাস্তার,I-LOC
,দুইপাশে,O
,কোলা,B-LOC
Sentence: 1633,হুটকইররা,O
,সামনের,O
,মাইয়াউজ্ঞা,O
,থমকাইয়া,O
,খাড়াইছে,O
Sentence: 1634,কোলা,B-LOC
,পার,O
,হইয়াই,O
,এইক্কা,O
,বড়,O
,পুহুইর,B-LOC
Sentence: 1635,চোখের,O
,বায়ড়ায়,O
,গ্যাছে,O
Sentence: 1636,হ্যায়,O
,মোর,O
,চোখের,O
,বায়ড়ায়,O
,গ্যাছে,O
Sentence: 1637,হেইহানের,O
,পানি,O
,টলটইল্লা,O
Sentence: 1638,পুহুইরের,B-LOC
,ধারে,O
,এউক্কা,O
,বড়,O
,আমগাছ,O
Sentence: 1639,মোর,O
,মনে,O
,হইতেয়াছে,O
,এইফির,O
,বেমালা,O
,আম,B-FOOD
,ধরবে,O
Sentence: 1640,মুই,O
,আম,B-FOOD
,খাইতে,O
,ভালোবাসি,O
Sentence: 1641,হেই,O
,আমগাছের,O
,দিক,O
,চাইয়া,O
,আল্লাহম,O
Sentence: 1642,আমগাছের,O
,দিক,O
,চাইয়া,O
,এউক্কা,O
,মাইয়া,O
,কইলো,O
Sentence: 1643,মোর,O
,দিক,O
,চাইয়া,O
,এউক্কা,O
,মাইয়া,O
,কইলো,O
Sentence: 1644,হগলডি,O
,চাইয়া,O
,দ্যাখলো,O
Sentence: 1645,আমগাছে,O
,বেমালা,O
,বোল,B-OBJ
,আইছে,O
Sentence: 1646,সাদা,B-COL
,বোলে,B-OBJ
,আমগাছের,O
,সবুজ,B-COL
,পাতা,B-OBJ
,ঢাইক্কা,O
,গ্যাছে,O
Sentence: 1647,হ্যার,O
,বয়স,O
,কমবেশি,O
,সত্তুর,O
,বছর,O
Sentence: 1648,হ্যায়,O
,অগো,O
,কথা,O
,হুইন্না,O
,কয়,O
Sentence: 1649,অয়,O
,ঠিকই,O
,কইছে,O
Sentence: 1650,যেই,O
,বছর,O
,ধান,O
,ভালো,O
,হয়,O
,হেই,O
,বছর,O
,আমের,B-FOOD
,ফলনও,O
,ভালো,O
,হয়,O
Sentence: 1651,হগলডি,O
,যহন,O
,পড়তে,O
,বয়,O
,রাজীব,B-PER
,হেইকালে,O
,ঘুমায়,O
Sentence: 1652,হগলডি,O
,যহন,O
,পড়তে,O
,বয়,O
,মুই,O
,হেইকালে,O
,ঘুমাই,O
Sentence: 1653,মুই,O
,বেইন্নাহালে,O
,দেড়ি,O
,কইররা,O
,ঘুমে,O
,গোনে,O
,উডি,O
Sentence: 1654,মুই,O
,ঠিকই,O
,কইছি,O
Sentence: 1655,ভাই,O
,তহন,O
,পড়তে,O
,বহে,O
Sentence: 1656,মুই,O
,বেইন্নাহালে,O
,পড়তে,O
,বই,O
Sentence: 1657,আইজকাইল,O
,কি,O
,যে,O
,করতেয়াছে,O
,পোলাডা,O
Sentence: 1658,বয়স,O
,হবায়,O
,চাইর,O
,বছর,O
,পুরা,O
,হইছে,O
Sentence: 1659,হগলকিছুতেই,O
,হ্যার,O
,আউলাঝাউলা,O
,আচরণ,O
Sentence: 1660,আব্বা,B-REL
,একদিন,O
,কথায়,O
,কথায়,O
,মায়রে,B-REL
,কয়,O
Sentence: 1661,পোলাডার,O
,হগল,O
,কাম,O
,এইরহম,O
,আউলাঝাউলা,O
,হইতেয়াছে,O
,কির,O
,লইজ্ঞা,O
Sentence: 1662,মাইয়াডার,O
,হগল,O
,কাম,O
,এইরহম,O
,আউলাঝাউলা,O
,হইতেয়াছে,O
,কির,O
,লইজ্ঞা,O
Sentence: 1663,হগল,O
,কাম,O
,তো,O
,আউলাঝাউলা,O
,হইতেয়াছে,O
,না,O
Sentence: 1664,মুই,O
,খাওয়াইয়া,O
,দেলে,O
,রাজীব,B-PER
,সময়মতো,O
,খায়,O
Sentence: 1665,মায়ের,B-REL
,কথা,O
,হুইন্না,O
,আব্বা,B-REL
,হাসে,O
Sentence: 1666,আরেকটু,O
,বড়,O
,হইলে,O
,কি,O
,করবে,O
,হেইডাই,O
,দ্যাহার,O
,বিষয়,O
Sentence: 1667,আরেকটু,O
,বড়,O
,হইলে,O
,কি,O
,করবে,O
Sentence: 1668,তহন,O
,সময়মত,O
,পড়বে,O
,ঘুমাইবে,O
,আর,O
,খ্যালবে,O
Sentence: 1669,বুর,B-REL
,ধারে,O
,এউক্কা,O
,পুরান,O
,সিন্দুক,B-OBJ
,আছে,O
Sentence: 1670,হেই,O
,সিন্দুক,B-OBJ
,হগলকালে,O
,তালা,B-OBJ
,দিয়া,O
,আটাকাইন্না,O
,থাহে,O
Sentence: 1671,ম্যালাদিন,O
,ধইররা,O
,অউজ্ঞা,O
,খোলা,O
,হয়না,O
Sentence: 1672,এই,O
,সিন্দুকের,B-OBJ
,মইধ্যে,O
,কি,O
,আছে,O
Sentence: 1673,বু,B-REL
,অটাশ,O
,চোখে,O
,মোর,O
,দিক,O
,চাইলো,O
Sentence: 1674,চাবি,B-OBJ
,দিয়া,O
,তালা,B-OBJ
,খোলার,O
,পর,O
,বেবাক,O
,দ্যাখতে,O
,পাবা,O
Sentence: 1675,মোর,O
,আর,O
,তোমার,O
,মায়ের,B-REL
,বেমালা,O
,গয়না,B-OBJ
,আছে,O
Sentence: 1676,বাজারে,B-LOC
,গোনে,O
,চাবি,B-ROLE
,বানাইন্নার,I-ROLE
,মানু,I-ROLE
,আনাইছে,O
Sentence: 1677,তিশার,B-PER
,লইজ্ঞা,O
,সিন্দুক,B-OBJ
,খোলা,O
,হইবে,O
Sentence: 1678,পলাশের,B-PER
,নানা,B-REL
,আর,O
,নানি,B-REL
,একদিনেই,O
,মরছে,O
Sentence: 1679,নানার,B-REL
,বড়,O
,অসুখ,O
,হইল্লে,O
Sentence: 1680,অসুখে,O
,হ্যায়,O
,কয়েক,O
,বছর,O
,ভোগছে,O
Sentence: 1681,হ্যারে,O
,হাসপাতালে,B-ORG
,লওয়া,O
,হইল্লে,O
Sentence: 1682,তয়,O
,বাচাইন্না,O
,যায়নাই,O
Sentence: 1683,ম্যালাদিন,O
,পলাশের,B-PER
,মন,O
,বেমালা,O
,খারাপ,O
,আল্লেহ,O
Sentence: 1684,ম্যালাদিন,O
,মোর,O
,মন,O
,বেমালা,O
,খারাপ,O
,আল্লেহ,O
Sentence: 1685,হেইতে,O
,তহন,O
,হ্যায়,O
,কারো,O
,লগে,O
,কথা,O
,কইতে,O
,না,O
Sentence: 1686,মানের,O
,বয়স,O
,আর,O
,মরন,O
,ঠেহাইন্না,O
,যায়,O
,না,O
Sentence: 1687,হ্যাও,O
,প্রতিডা,O
,মরন,O
,মানেরে,O
,কষ্ট,O
,দ্যায়,O
Sentence: 1688,শ্যাষ,O
,বলে,O
,ছক্কা,O
,মাইররা,O
,বাংলাদেশ,B-ORG
,জিততা,O
,গ্যাছে,O
Sentence: 1689,আহা,O
,কি,O
,চমেতকার,O
,খেলা,O
,দ্যাখলাম,O
Sentence: 1690,ছোডো,B-REL
,বুইন,I-REL
,চিল্লান,O
,দিয়া,O
,ওঠছে,O
,দারুণ,O
Sentence: 1691,বাহ,O
,এইরহম,O
,খ্যালা,O
,ম্যালাদিন,O
,দেহিনাই,O
Sentence: 1692,আহারে,O
,যেরা,O
,হাইররা,O
,গ্যাছে,O
,অগো,O
,মনে,O
,বেমালা,O
,কষ্ট,O
Sentence: 1693,খ্যালায়,O
,হারজিত,O
,থাকতেই,O
,পারে,O
Sentence: 1694,অরে,O
,ব্যাডা,O
,এইয়ার,O
,মইধ্যেই,O
,দেহি,O
,বিজয়,O
,মিছিল,O
,শুরুহইয়া,O
,গ্যাছে,O
Sentence: 1695,বাপরে,O
,বাপ,O
,কত্তোর,O
,মিছিল,O
Sentence: 1696,এউক্কা,O
,শব্দের,O
,ম্যালা,O
,রহমের,O
,অর্থ,O
,থাকতে,O
,পারে,O
Sentence: 1697,আম,B-FOOD
,পাহে,O
,বৈশাখে,O
,কুল,B-FOOD
,পাহে,O
,ফাগুনে,O
Sentence: 1698,কাচা,B-OBJ
,ইট,I-OBJ
,পাহা,O
,হয়,O
,পুড়াইলে,O
,হেইয়া,O
,আগুনে,O
Sentence: 1699,রউদে,O
,জইল্যা,O
,টেহে,O
,রঙ,B-COL
,পাহা,O
,কই,O
,হেইয়ারে,O
Sentence: 1700,খাওনডা,B-FOOD
,পুরা,O
,হয়,O
,লুচি,B-FOOD
,দই,B-FOOD
,খাওনে,O
Sentence: 1701,চুল,O
,পাহে,O
,বাতাসে,O
Sentence: 1702,পাকনা,O
,পোলা,O
,ম্যালা,O
,কথা,O
,কয়,O
,হ্যায়,O
Sentence: 1703,কান,O
,পাহে,O
,ফোড়া,O
,পাহে,O
Sentence: 1704,বুদ্ধি,O
,পাহাইয়া,O
,উডায়,O
,লেহাপড়া,O
,গিলাইয়া,O
Sentence: 1705,কথা,O
,যের,O
,পাহা,O
,না,O
,কামে,O
,হ্যার,O
,ঠনঠন,O
Sentence: 1706,বেমালা,O
,দুরের,O
,পথ,O
Sentence: 1707,বাসে,B-OBJ
,কইররাই,O
,হ্যারে,O
,রওনা,O
,দেতে,O
,হইছে,O
Sentence: 1708,বাসে,B-OBJ
,গোনে,O
,যহন,O
,নামছে,O
,তহন,O
,বেইন্নাহাল,O
,হইয়া,O
,গ্যাছে,O
Sentence: 1709,বেয়ান,O
,হইয়া,O
,গ্যাছে,O
Sentence: 1710,এউক্কা,O
,ভালো,O
,কাম,O
,করতে,O
,পারবেন,O
Sentence: 1711,তোমাগো,O
,কারো,O
,বিশ্বাস,O
,হইবেনা,O
Sentence: 1712,কথাডা,O
,তোমাগো,O
,কারো,O
,বিশ্বাস,O
,হইবেনা,O
Sentence: 1713,বেমালা,O
,নতুন,O
,বই,B-OBJ
,দেইকখা,O
,মুই,O
,অটাশ,O
,হইয়া,O
,কইলাম,O
Sentence: 1714,আমনে,O
,কি,O
,মোগো,O
,বাড়ি,O
,আইছেন,O
Sentence: 1715,হ্যায়,O
,মোর,O
,কথার,O
,উত্তরে,O
,কিছু,O
,কইলেন,O
,না,O
Sentence: 1716,হ্যায়,O
,মোর,O
,কথার,O
,উত্তরে,O
,ছোডো,O
,কইররা,O
,কইলেন,O
,হ,O
Sentence: 1717,বইডির,B-OBJ
,দিক,O
,চাইয়া,O
,আল্লাহম,O
Sentence: 1718,খালি,O
,হ্যার,O
,হাতের,O
,দিক,O
,চাইয়া,O
,আল্লাহম,O
Sentence: 1719,কির,O
,লইজ্ঞা,O
,হেইয়া,O
,কি,O
,জানতে,O
,পারি,O
Sentence: 1720,হেইয়ার,O
,পর,O
,মোরা,O
,লাইব্রেরি,B-LOC
,দ্যাখতে,O
,যাই,O
Sentence: 1721,বেমালা,O
,বড়,O
,লাইব্রেরি,B-LOC
,সন্দেহ,O
,নাই,O
,ব্যবস্থাও,O
,ম্যালা,O
,ভালো,O
Sentence: 1722,পড়ার,O
,রুমগুলান,O
,ভাগ,O
,ভাগ,O
,করা,O
,রইছে,O
Sentence: 1723,শিক্ষকরাও,B-ROLE
,হ্যাগো,O
,লগে,O
,আছে,O
Sentence: 1724,যাওনের,O
,লগে,O
,লগে,O
,কিরহম,O
,এউক্কা,O
,আওয়াজ,O
,করল,O
Sentence: 1725,আর,O
,হগল,O
,পোলামাইয়া,O
,লাইন,O
,বাইন্ধা,O
,খাড়াইয়া,O
,গ্যাল,O
Sentence: 1726,মোরা,O
,সালাম,O
,নেলাম,O
Sentence: 1727,হ্যারা,O
,স্লোগান,O
,আরম্ভ,O
,করল,O
Sentence: 1728,মোরা,O
,বিদায়,O
,লইয়া,O
,চইললা,O
,আইলাম,O
Sentence: 1729,মুই,O
,সাগর,B-LOC
,পাড়ি,O
,দিমু,O
Sentence: 1730,হগলদিনের,O
,নাহান,O
,হেইদিনও,O
,অরা,O
,খ্যালতে,O
,গ্যাল্লেহ,O
Sentence: 1731,গোডাচাইরে,O
,মানু,O
,ফিতা,B-OBJ
,লইয়া,O
,মাপামাপি,O
,করতেয়াছে,O
Sentence: 1732,একজনের,O
,হাতে,O
,আবার,O
,মোডা,O
,এউক্কা,O
,খাতা,B-OBJ
Sentence: 1733,হেইহানে,O
,কলম,B-OBJ
,দিয়া,O
,কিজানি,O
,তুইল্লা,O
,রাখতেয়াছে,O
Sentence: 1734,কি,O
,করতেয়াছে,O
,হেইয়া,O
,তো,O
,জানি,O
,না,O
Sentence: 1735,কয়েকজন,O
,একলগে,O
,কইয়া,O
,ওডে,O
Sentence: 1736,পালডাইয়া,O
,যাইতেয়াছে,O
,মোগো,O
,খ্যালার,B-LOC
,মাঠটা,I-LOC
,না,O
Sentence: 1737,কোন,O
,বিষয়,O
,লইয়া,O
,মোর,O
,রাগ,O
,থাকলে,O
,মুই,O
,কিছু,O
,কইলেও,O
,হ্যায়,O
,চুপ,O
,কইররা,O
,থাইক্কা,O
,মোরে,O
,বুঝায়,O
Sentence: 1738,নিজেরে,O
,দুর্বল,O
,ভাইব্বা,O
,এইরহম,O
,করে,O
Sentence: 1739,হ্যায়,O
,মানুডা,O
,এমন,O
,হগলডি,O
,কয়,O
,ম্যালা,O
,ভাগ্য,O
,কইররা,O
,এরহম,O
,জামাই,B-REL
,পাইছি,O
Sentence: 1740,আসলেই,O
,মানুডার,O
,উপরে,O
,মুই,O
,মুগ্ধ,O
Sentence: 1741,এইরহম,O
,মুগ্ধতায়,O
,বিভোর,O
,থাকতে,O
,চাই,O
,মুই,O
,হারাজীবন,O
Sentence: 1742,জামাইর,B-REL
,উপরে,O
,মোর,O
,একটুও,O
,কোন,O
,বিচার,O
,নাই,O
Sentence: 1743,লও,O
,একদিন,O
,দ্যাহা,O
,করি,O
,পুরা,O
,শহর,B-LOC
,রিসকায়,B-OBJ
,ঘুরমু,O
Sentence: 1744,এইয়ার,O
,মইধ্যে,O
,চাকরির,O
,পড়ালেহায়,O
,ম্যালা,O
,ক্ষেতি,O
,হইয়া,O
,যায়,O
Sentence: 1745,মুই,O
,আইজ,O
,কফি,B-FOOD
,খাইনাই,O
Sentence: 1746,মোর,O
,মাথায়,O
,ম্যালা,O
,ব্যাথা,O
,করতেয়াছে,O
Sentence: 1747,তোমার,O
,সৌন্দর্যে,O
,মুই,O
,মুগ্ধ,O
Sentence: 1748,মুই,O
,আইজ,O
,বেইন্নাহালে,O
,হ্যার,O
,লগে,O
,কথা,O
,কইছি,O
Sentence: 1749,তুমি,O
,কি,O
,মোরে,O
,ঘোরতে,O
,লইয়া,O
,যাবা,O
Sentence: 1750,মোর,O
,জামাই,B-REL
,তিন,O
,বছর,O
,ধইররা,O
,বিদেশ,B-LOC
,আছে,O
Sentence: 1751,তুমি,O
,কি,O
,রাইতে,O
,খাইছো,O
Sentence: 1752,আমনে,O
,কি,O
,রাইতে,O
,খাইছেন,O
Sentence: 1753,পোলাডার,O
,নানা,B-REL
,বাড়ি,O
,বরিশাল,B-LOC
Sentence: 1754,পোলাডার,O
,গেরামের,B-LOC
,বাড়ি,I-LOC
,রাজশাহী,B-LOC
Sentence: 1755,মোর,O
,ফেসবুক,B-ORG
,আইডি,O
,ডা,O
,যদি,O
,চিড়িয়াখানা,B-LOC
,হইতে,O
Sentence: 1756,ঢাহার,B-LOC
,মিরপুরে,I-LOC
,কাইলগো,O
,গোনে,O
,কারেন্ট,O
,যাইতেয়াছেনা,O
,কির,O
,লইজ্ঞা,O
Sentence: 1757,কারেন্টের,O
,সমেস্যার,O
,কি,O
,সুরাহা,O
,হইছে,O
Sentence: 1758,পিরথিবীতে,B-LOC
,আব্বার,B-REL
,পরেই,O
,দুইনম্বর,O
,বীর,B-ROLE
,যোদ্ধা,I-ROLE
,হইলে,O
,ন্যাভাই,B-REL
Sentence: 1759,মোর,O
,খিদা,O
,পাইছে,O
Sentence: 1760,সামনে,O
,কোরবানির,O
,ঈদ,O
,আইতেয়াছে,O
Sentence: 1761,কোরবানির,O
,ঈদ,O
,হইলে,O
,ইসলাম,O
,ধর্মের,O
,এউক্কা,O
,পোরধান,O
,উৎসব,O
Sentence: 1762,চেইত্যা,O
,গ্যাছেন,O
,ত্যায়,O
,ঠইজ্ঞা,O
,গ্যাছেন,O
Sentence: 1763,সুস্থ,O
,দেহ,O
,আর,O
,প্রশান্ত,O
,মন,O
,এউক্কা,O
,মানের,O
,সব,O
,চাইয়া,O
,বড়,O
,সম্পদ,O
Sentence: 1764,মোর,O
,কাম,O
,আর,O
,ব্যস্ততা,O
,বাড়তেয়াছে,O
Sentence: 1765,অন্যের,O
,দোষ,O
,সহজেই,O
,খুইজ্জা,O
,পাওন,O
,যায়,O
Sentence: 1766,নিজের,O
,দোষ,O
,খুইজ্জা,O
,পাওয়া,O
,ম্যালা,O
,কষ্টকর,O
Sentence: 1767,পেরতেকদিন,O
,মুই,O
,কিছু,O
,না,O
,কিছু,O
,শিখমু,O
Sentence: 1768,সুখী,O
,হইতে,O
,হইলে,O
,অপ্রয়োজনীয়,O
,ম্যালা,O
,কিছু,O
,ভুইল্লা,O
,যাইতে,O
,হয়,O
Sentence: 1769,হগলডি,O
,ভালোবাসা,O
,পাইতে,O
,চায়,O
Sentence: 1770,দৃষ্টিভঙ্গি,O
,পালডাইলে,O
,জীবন,O
,পালডাইয়া,O
,যাইবে,O
Sentence: 1771,আইজগো,O
,ছুটির,O
,দিন,O
Sentence: 1772,হগলডির,O
,জীবনে,O
,এউক্কা,O
,লক্ষ্য,O
,থাকতে,O
,হইবে,O
Sentence: 1773,লক্ষ্য,O
,ঠিক,O
,কইররা,O
,মোরা,O
,জীবনে,O
,আউগাইয়া,O
,যাইতে,O
,পারি,O
Sentence: 1774,বেবাকেরে,O
,স্বাগতম,O
Sentence: 1775,কেরেস্তাল,O
,ত্যালের,O
,দাম,O
,কমার,O
,লইজ্ঞা,O
,অক্টোবরে,O
,চাহিদা,O
,এট্টু,O
,বাড়ছেলে,O
Sentence: 1776,পেরতেকদিন,O
,খালি,O
,এউক্কা,O
,হোবরি,B-FOOD
,খাইতে,O
,পারেন,O
,বেমালা,O
,উপকার,O
Sentence: 1777,বিভিন্ন,O
,ফলগুলার,B-FOOD
,ভিত্রে,O
,হোবরি,B-FOOD
,অন্যতম,O
,জনপ্রিয়,O
,ফল।,B-FOOD
Sentence: 1778,ওজন,O
,কমাইন্যার,O
,লইজ্ঞা,O
,হোবরি,B-FOOD
,বেমালা,O
,উপকারী।,O
Sentence: 1779,গরমের,O
,দিনে,O
,তাজা,O
,নাহোইল,B-FOOD
,খাওয়া,O
,বেমালা,O
,সুখের।,O
Sentence: 1780,মোর,O
,বাড়ির,O
,পিছে,O
,বেমালা,O
,বড়,O
,এউক্কা,O
,নাহোইল,B-FOOD
,গাছ,O
,আছে,O
Sentence: 1781,হোশ্যায়,O
,কেডা,O
,খাড়াইয়া,O
,আছে,O
Sentence: 1782,মাডির,O
,পাইলা,B-OBJ
,গুলা,O
,বেমালা,O
,সুন্দর।,O
Sentence: 1783,রাওয়ার,B-FOOD
,গোস্ত,I-FOOD
,দিয়া,O
,ভাত,B-FOOD
,খাইতে,O
,মোর,O
,বেমালা,O
,ভালো,O
,লাগে।,O
Sentence: 1784,উশশির,B-FOOD
,শালুন,I-FOOD
,দিয়া,O
,ভাত,B-FOOD
,খাইতে,O
,মোর,O
,ভালো,O
,লাগে,O
,না,O
Sentence: 1785,কোম্বা,B-FOOD
,খাইতে,O
,বেমালা,O
,মজা।,O
Sentence: 1786,কোম্বা,B-FOOD
,বাংলাদেশের,B-LOC
,এউক্কা,O
,জনপ্রিয়,O
,ফল।,B-FOOD
Sentence: 1787,গেরাম,B-LOC
,গোনে,O
,শহরে,B-LOC
,আওয়ার,O
,কালে,O
,ম্যালা,O
,গুলা,O
,ছোলোম,B-FOOD
,কিন্যা,O
,আনবা।,O
Sentence: 1788,তুমি,O
,কি,O
,লকট,B-FOOD
,খাও,O
Sentence: 1789,হ্যায়,O
,ছাদে,O
,বেমালা,O
,গুলা,O
,কইতোর,B-ANI
,পালে,O
Sentence: 1790,মোগো,O
,খামারে,B-ORG
,৫০০০টার,O
,বেশি,O
,মুরহা,B-ANI
,আছে,O
Sentence: 1791,মুই,O
,এউক্কা,O
,মুরহার,B-ANI
,ছাও,I-ANI
,পালি,O
Sentence: 1792,এউক্কা,O
,বিলই,B-ANI
,ছাও,I-ANI
,পালার,O
,বেমালা,O
,ইচ্ছা,O
,মোর,O
Sentence: 1793,মুই,O
,হাতোর,O
,কাটমু,O
,না,O
Sentence: 1794,তুমি,O
,এউক্কা,O
,গোঙ্গা,O
,মাইয়া।,O
Sentence: 1795,বেবাকডি,O
,হাইত্নায়,O
,বইছে,O
Sentence: 1796,উগোইরডা,O
,ময়লা,O
,হইয়া,O
,রইছে।,O
Sentence: 1797,খাডাল,O
,গুলা,O
,মার্বেল,B-OBJ
,পাথর,I-OBJ
,দিয়া,O
,বানাইন্যা,O
Sentence: 1798,গেরামের,B-LOC
,মানে,O
,লাকড়ির,B-OBJ
,চুলা,I-OBJ
,ব্যবহার,O
,করে,O
Sentence: 1799,মুই,O
,দুহারে,O
,হুদা,O
,বাইগুন,B-FOOD
,শালুনের,I-FOOD
,হুররা,I-FOOD
,দিয়া,O
,ভাত,B-FOOD
,খাইছি,O
Sentence: 1800,কদু,B-FOOD
,দিয়া,O
,আর,O
,ইছা,B-FOOD
,মাছের,I-FOOD
,হুররা,I-FOOD
,মোর,O
,বেমালা,O
,প্রিয়,O
,শালুন,B-FOOD
Sentence: 1801,গরমের,O
,দিনে,O
,নাওয়া,O
,ছাড়া,O
,এউক্কা,O
,দিনও,O
,টেহা,O
,কঠিন,O
Sentence: 1802,মুই,O
,গেরামের,B-LOC
,বাড়িতে,I-LOC
,গেলে,O
,পুহুইরে,B-LOC
,নাইতে,O
,যাই,O
Sentence: 1803,আমনেরে,O
,যদি,O
,জিবরায়,O
,পানি,O
,আইন্যা,O
,দেবে,O
,এরহম,O
,এউক্কা,O
,ফলের,B-FOOD
,নাম,O
,কইতে,O
,কওয়া,O
,হয়,O
,হ্যালে,O
,আমনের,O
,মনে,O
,ট্যাঙ্গার,B-FOOD
,নাম,O
,আইবেই,O
Sentence: 1804,ল্যাদাকালে,O
,বাপ,B-REL
,মায়,B-REL
,ট্যাঙ্গা,B-FOOD
,খাইতে,O
,মানা,O
,করে,O
,নাই,O
,এরহম,O
,কাউরে,O
,মনে,O
,হয়না,O
,খুঁইজ্জা,O
,পাওয়া,O
,যাইবে,O
Sentence: 1805,ট্যাঙ্গা,B-FOOD
,খাইলে,O
,বুদ্ধি,O
,কইম্মা,O
,যায়,O
Sentence: 1806,ট্যাঙ্গা,B-FOOD
,লইয়া,O
,খালি,O
,মোগো,O
,দেশে,B-LOC
,না,O
,হারা,O
,উপমহাদেশেই,B-LOC
,বেমালা,O
,ভুল,O
,ধারণা,O
,আছে,O
Sentence: 1807,এইডা,O
,মোর,O
,বাড়ির,O
,উডান,O
Sentence: 1808,ছোডো,O
,গেদুরা,O
,গেরামের,B-LOC
,বাড়ির,O
,উডানে,O
,খেলতেয়াছে,O
Sentence: 1809,এই,O
,গেদুডা,O
,বেমালা,O
,অসুস্থ,O
Sentence: 1810,পেরায়,O
,দ্যাড়,O
,মাস,O
,হইয়া,O
,গেলেও,O
,গেদুডার,O
,কোনো,O
,অভিভাবক,B-ROLE
,এর,O
,খোঁজ,O
,পাওয়া,O
,যায়,O
,নাই,O
Sentence: 1811,হাসপাতালে,B-ORG
,কানছে,O
,আহত,O
,গেদুডা,O
Sentence: 1812,বৃষ্টির,O
,দিনে,O
,কি,O
,বারান্দার,O
,গাছে,O
,পানি,B-FOOD
,দেওয়ার,O
,দরকার,O
,আছে,O
Sentence: 1813,বইশ্যাহইলেও,O
,কি,O
,গাছে,O
,পানি,B-FOOD
,দেতে,O
,হইবে,O
Sentence: 1814,বেমালা,O
,পানি,B-FOOD
,পাইয়া,O
,গাছগুলা,O
,মইরা,O
,যাইবে,O
,না,O
,তো,O
Sentence: 1815,যেদিন,O
,বইশ্যা,O
,হইছে,O
,হেইদিন,O
,বারান্দার,O
,গাছে,O
,পানি,B-FOOD
,দেওয়ার,O
,দরকার,O
,নাই,O
Sentence: 1816,হোয়া,B-FOOD
,এক,O
,রহমের,O
,ফল,B-FOOD
Sentence: 1817,গরমের,O
,সময়ে,O
,হোয়া,B-FOOD
,বেমালা,O
,পাওয়া,O
,যায়,O
Sentence: 1818,টমাটুর,B-LOC
,বাজারে,I-LOC
,যেই,O
,আগুন,O
,সাধারণ,O
,মানের,O
,ধারে,O
,হেইয়া,O
,এহন,O
,আর,O
,নতুন,O
,কোনো,O
,খবর,O
,না,O
Sentence: 1819,এই,O
,বাজারেই,B-LOC
,টমাটু,B-FOOD
,বেইচ্চা,O
,কোটিপতি,O
,হইয়া,O
,গ্যাছে,O
,এউক্কা,O
,চাসা,B-ROLE
Sentence: 1820,কউররার,B-FOOD
,ত্যাল,I-FOOD
,দিয়া,O
,মাছ,B-FOOD
,ভাইজ্জা,I-FOOD
,খামু,O
Sentence: 1821,কউররার,B-FOOD
,ত্যাল,I-FOOD
,রান্দার,O
,লইজ্ঞা,O
,আর,O
,শরীলে,O
,মালিশ,O
,করার,O
,লইজ্ঞা,O
,দরকার,O
,হয়,O
Sentence: 1822,কউররার,O
,ত্যাল,O
,অকালে,O
,চুল,O
,পাহা,O
,থামায়,O
,আর,O
,চুল,O
,পড়া,O
,কমায়,O
Sentence: 1823,কেরেস্তাল,O
,ত্যালের,O
,দিন,O
,দিন,O
,দাম,O
,বাড়তেয়াছে,O
Sentence: 1824,মোর,O
,দুজ্ঞা,O
,দিন,O
,থেইক্যা,O
,ঠাণ্ডা,O
,কাশি,O
Sentence: 1825,এহানে,O
,ছ্যাপ,O
,হালাইন্না,O
,নিষেধ,O
Sentence: 1826,ট্যাঙ্গা,B-FOOD
,খাইলে,O
,রক্ত,O
,পানি,O
,হইয়া,O
,যায়,O
Sentence: 1827,মুই,O
,বাজার,B-LOC
,গোনে,O
,হোবরি,B-FOOD
,কিন্যা,O
,আইলাম,O
Sentence: 1828,দাদা,B-REL
,নাহোইল,B-FOOD
,পানি,I-FOOD
,পছন্দ,O
,করে,O
Sentence: 1829,মায়,B-REL
,হোশ্যায়,O
,শালুন,B-FOOD
,রানতেয়াছে,O
Sentence: 1830,মোর,O
,ছোডো,B-REL
,ভাইডা,I-REL
,মুরহার,B-FOOD
,গোস্ত,I-FOOD
,খাইতে,O
,বেমালা,O
,ভালোবাসে,O
Sentence: 1831,উশ্যি,B-FOOD
,ভাজা,I-FOOD
,মোর,O
,পছন্দের,O
,সবজি,B-FOOD
Sentence: 1832,জাম্বুরা,B-FOOD
,ঠাণ্ডা,O
,সর্দি,O
,জ্বর,O
,এর,O
,নাহান,O
,সমেস্যার,O
,লইজ্ঞা,O
,খাইলে,O
,ভালো,O
,উপকার,O
,পাওয়া,O
,যায়,O
Sentence: 1833,লকট,B-FOOD
,মোর,O
,প্রিয়,O
,ফল,B-FOOD
Sentence: 1834,অনেক,O
,মানুই,O
,সখের,O
,লইজ্ঞা,O
,কইতর,B-ANI
,পালে,O
Sentence: 1835,কইতোর,B-ANI
,পালতে,O
,বেমালা,O
,জায়গারও,O
,দরকার,O
,হয়,O
,না,O
Sentence: 1836,দেশি,O
,মুরহা,B-ANI
,বচ্ছরে,O
,পঞ্চাশ,O
,৬০,O
,টা,O
,আন্ডা,B-FOOD
,দেয়,O
Sentence: 1837,মানু,O
,দিনের,O
,কালে,O
,যত,O
,পরিষ্কার,O
,দ্যাহে,O
,বিলইরা,B-ANI
,রাইতে,O
,হ্যার,O
,চাইয়াও,O
,ভালো,O
,দ্যাখতে,O
,পায়।,O
Sentence: 1838,তুমি,O
,কি,O
,মোরে,O
,গোঙ্গা,O
,মনে,O
,হরো,O
Sentence: 1839,মুই,O
,হাইতনায়,B-LOC
,বইয়া,O
,ছবি,B-OBJ
,আঁকতে,O
,ভালোবাসি,O
Sentence: 1840,ঘরের,O
,জিনিসপাতি,B-OBJ
,থুইয়াদেওয়ার,O
,লইজ্ঞা,O
,উগোইর,O
,দরকার,O
Sentence: 1841,ঘরের,O
,খাডাল,O
,পরিষ্কার,O
,করতে,O
,হইবে,O
Sentence: 1842,বাংলাদেশের,B-LOC
,শীতকালডা,O
,কদু,B-FOOD
,চাষের,O
,লইজ্ঞা,O
,বেমালা,O
,উপযোগী,O
Sentence: 1843,বেমালা,O
,শীত,O
,না,O
,আবার,O
,বেমালা,O
,গরমও,O
,না,O
,এরহম,O
,আবহাওয়া,O
,কদু,B-FOOD
,চাষের,O
,লইজ্ঞা,O
,ভালো,O
Sentence: 1844,উডান,O
,গোনে,O
,কথা,O
,কইয়া,O
,হ্যায়,O
,চইল্যা,O
,গেলো,O
Sentence: 1845,মায়,B-REL
,পিছা,B-OBJ
,দিয়া,O
,ঘরডা,O
,পরিষ্কার,O
,করছে,O
Sentence: 1846,ট্যাঙ্গার,B-OBJ
,কচি,I-OBJ
,পাতা,I-OBJ
,সেদ্ধ,O
,কইরা,O
,পানি,B-FOOD
,খাইলে,O
,ঠাণ্ডা,O
,কাশি,O
,ভালো,O
,হয়,O
Sentence: 1847,মুই,O
,খাওনে,B-FOOD
,চুক্কা,O
,বেমালা,O
,ভালোবাসি,O
Sentence: 1848,বেইন্না,O
,কালে,O
,ঘুম,O
,গোনে,O
,ওডার,O
,পর,O
,মুই,O
,ভালো,O
,কামে,O
,বেমালা,O
,সময়,O
,দেতে,O
,চাই,O
Sentence: 1849,আইল্লাডি,O
,কইরা,O
,মুই,O
,সময়,O
,কাডাই,O
Sentence: 1850,ঠাণ্ডা,O
,হইলে,O
,গরম,O
,রং,B-FOOD
,চা,I-FOOD
,খাইলে,O
,ভালো,O
,লাগে,O
Sentence: 1851,হোবরি,B-FOOD
,এউক্কা,O
,মিডা,O
,ফল,B-FOOD
Sentence: 1852,নাহোইল,B-FOOD
,হইতে,O
,নাহোইল,B-FOOD
,পানি,I-FOOD
,পাওন,O
,যায়,O
Sentence: 1853,হোশ্যায়,O
,মুই,O
,রান্ধি,O
Sentence: 1854,ভাত,B-FOOD
,রান্ধার,O
,পাইলাডা,B-OBJ
,আইট,O
,কইরা,O
,ঢাইকা,O
,থুইতে,O
,হইবে,O
Sentence: 1855,উশ্যি,B-FOOD
,বেবাক,O
,ধরনের,O
,মাডিতেই,O
,চাষ,O
,করা,O
,যায়,O
Sentence: 1856,কোম্বা,B-FOOD
,এউক্কা,O
,মজাদার,O
,ফল,B-FOOD
Sentence: 1857,বেমালা,O
,কইতোর,B-ANI
,আকাশে,O
,ওড়তেয়াছে,O
Sentence: 1858,এউক্কা,O
,পুরা,O
,নতুন,O
,উগোইর,O
,ডিজাইন,O
,বানাইতে,O
,পারেন,O
Sentence: 1859,সিলেট,B-LOC
,শহরের,I-LOC
,শেখঘাট,I-LOC
,এলাকায়,O
,গইরা,O
,ওঠছে,O
,কতডি,O
,দাউর,B-OBJ
,বানাইন্নার,O
,কারখানা,B-ORG
Sentence: 1860,ট্যাঙ্গা,B-FOOD
,এর,I-FOOD
,চুক্কা,I-FOOD
,দিয়া,O
,ফুচকা,B-FOOD
,খামু,O
Sentence: 1861,কাচা,B-FOOD
,আমের,I-FOOD
,শরবত,I-FOOD
,বেমালা,O
,চুক্কা,O
Sentence: 1862,হোউররার,B-FOOD
,ত্যাল,B-FOOD
,দিয়া,O
,ঝালমুড়ি,B-FOOD
,বানাও,O
Sentence: 1863,এই,O
,গোঙ্গা,O
,কোনো,O
,ব্যাপারে,O
,জানে,O
,না,O
Sentence: 1864,ঘামে,O
,শরীল,O
,দিয়া,O
,যেই,O
,পানি,O
,আর,O
,খনিজ,B-OBJ
,নুন,I-OBJ
,বাইর,O
,হইয়া,O
,যায়,O
,হেইয়ার,O
,ম্যালাই,O
,পূরণ,O
,করতে,O
,পারে,O
,কদু,B-FOOD
Sentence: 1865,বাংলাদেশে,B-LOC
,জনপ্রিয়,O
,সবজির,B-FOOD
,অন্যতম,O
,কদু,B-FOOD
,হেইডা,O
,এহন,O
,পেরায়,O
,হারা,O
,বচ্ছরই,O
,পাওয়া,O
,যায়,O
Sentence: 1866,ওজন,O
,কমাইন্নার,O
,লইজ্ঞা,O
,হোয়ার,B-FOOD
,সুপ,I-FOOD
,খাওয়া,O
,যাইতে,O
,পারে,O
Sentence: 1867,এই,O
,ট্যাঙ্গার,B-FOOD
,নাম,O
,হোনলেই,O
,জিবরায়,O
,পানি,O
,আহেনা,O
,এমন,O
,মানু,O
,খুঁইজ্জা,O
,পাওয়া,O
,কঠিন,O
Sentence: 1868,আবেগী,O
,মানু,O
,বেমালা,O
,গোঙ্গা,O
,হইয়া,O
,থাহে,O
Sentence: 1869,পোরথোম,O
,দেহায়,O
,কাউরে,O
,ম্যালা,O
,সরল,O
,মনে,O
,বিশ্বাস,O
,করতে,O
,যাইবেন,O
,না,O
Sentence: 1870,নুন,B-FOOD
,ছাড়া,O
,শালুন,B-FOOD
,যেরহম,O
,স্বাদছাড়া,O
,বিশ্বাস,O
,ছাড়া,O
,সম্পর্কও,O
,হেরহম,O
,মূল্য,O
,ছাড়া,O
Sentence: 1871,কাউরে,O
,মিথ্যা,O
,কইয়া,O
,খুশি,O
,করার,O
,চাইয়া,O
,সত্যি,O
,কইয়া,O
,কান্দানো,O
,ভালো,O
Sentence: 1872,একজন,O
,আরেকজনের,O
,প্রতি,O
,যত,O
,বেশি,O
,বিশ্বাস,O
,করবে,O
,হ্যাগো,O
,ভালোবাসার,O
,পালা,O
,পইরান,O
,হ্যাতো,O
,ভারী,O
,হইবে,O
Sentence: 1873,বইষ্যা,O
,বাইরা,O
,তাপমাত্রা,O
,কমার,O
,সুখবর,O
,দিছে,O
,আবহাওয়া,O
,অপিস,B-ORG
Sentence: 1874,পুরা,O
,বইশ্যা,O
,মৌসুমে,O
,হাতে,O
,গোনা,O
,কয়ডা,O
,দিন,O
,ক্যাবল,O
,বইশ্যা,O
,হওয়ার,O
,পর,O
,আর,O
,মেঘের,O
,দেহা,O
,নাই,O
Sentence: 1875,খাওয়ার,O
,ম্যালা,O
,আগে,O
,দিয়াই,O
,যদি,O
,ভাত,B-FOOD
,রান্ধা,O
,শ্যাষ,O
,হইয়া,O
,যাইয়া,O
,থাহে,O
,হ্যালে,O
,হরা,B-OBJ
,সরাইয়া,O
,এউক্কা,O
,গামছা,B-OBJ
,দিয়া,O
,ঢাইকা,O
,রাহেন,O
Sentence: 1876,বাংলাদেশে,B-LOC
,চৌষট্টি,O
,ডা,O
,জেলা,B-LOC
Sentence: 1877,মোরা,O
,হগলডি,O
,গ্যাছেকাইল,O
,বায়রায়,O
,গেল্লাহম,O
Sentence: 1878,তোমার,O
,কথা,O
,কওয়ার,O
,বাইল,O
,বেমালা,O
,সুন্দর,O
Sentence: 1879,বরিশালের,B-LOC
,মানু,O
,ক্যামন,O
,হয়,O
Sentence: 1880,খুলনা,B-LOC
,জেলা,I-LOC
,কি,O
,বেমালা,O
,সুন্দর,O
Sentence: 1881,খুলনার,B-LOC
,মানু,O
,হেইরহম,O
,সুন্দর,O
,হয়,O
,না,O
Sentence: 1882,কহনো,O
,ভাইববা,O
,দ্যাখছো,O
,মুই,O
,না,O
,থাকলে,O
,তোমার,O
,কি,O
,হইতে,O
Sentence: 1883,এতো,O
,ভাবার,O
,সময়,O
,কোম্মে,O
Sentence: 1884,দুফুরের,O
,রইদে,O
,মুই,O
,কালা,O
,হইয়া,O
,গেছি,O
Sentence: 1885,মুই,O
,জানি,O
,তুমি,O
,চিঠিডা,B-OBJ
,এহনি,O
,পড়তে,O
,শুরু,O
,করবা,O
Sentence: 1886,আম,B-FOOD
,দিয়া,O
,বানাইয়া,O
,হালাইতে,O
,পারেন,O
,শরবত,B-FOOD
Sentence: 1887,আইজগো,O
,ইস্কুলে,B-ORG
,তোমাগো,O
,কি,O
,কি,O
,পড়াইছে,O
Sentence: 1888,মোর,O
,আগের,O
,কোন,O
,কথা,O
,কিছুই,O
,মনে,O
,নাই,O
Sentence: 1889,তুমি,O
,এত,O
,অমনযোগী,O
,হইলে,O
,পরিক্ষায়,O
,ভাল,O
,ফলাফল,O
,করবা,O
,না,O
Sentence: 1890,এই,O
,ব্যাপারে,O
,কি,O
,করতে,O
,পারি,O
,মুই,O
Sentence: 1891,হায়রে,O
,মানু,O
,একজন,O
,আরেকজনের,O
,উপর,O
,হিংসা,O
,করে,O
Sentence: 1892,মুই,O
,মোর,O
,বাড়ির,O
,উডানে,B-LOC
,খেলি,O
Sentence: 1893,আম,B-FOOD
,দিয়া,O
,শরবত,B-FOOD
,বানাইয়া,O
,খাও,O
Sentence: 1894,ঠান্ডা,B-FOOD
,শরবত,I-FOOD
,খাইলে,O
,ভালো,O
,লাগবে,O
,তোমার,O
Sentence: 1895,এতো,O
,চিন্তা,O
,করা,O
,লাগবেনা,O
,নিজেরে,O
,লইয়া,O
,ভাবো,O
Sentence: 1896,আমরে,B-FOOD
,মোগো,O
,দেশে,B-LOC
,ফলের,B-FOOD
,রাজা,O
,কওয়া,O
,হয়,O
Sentence: 1897,তুমি,O
,দ্যাখতে,O
,সুন্দর,O
,না,O
,হইলেও,O
,মুই,O
,তোমারেই,O
,চাই,O
Sentence: 1898,হেইহানে,O
,বেমালা,O
,পুলিশ,B-ROLE
,দেইক্ষা,O
,বাসার,O
,দিক,O
,আইতেছেলাম,O
Sentence: 1899,মুই,O
,চইললা,O
,যাইতেয়াছি,O
,তোমারে,O
,আর,O
,কোন,O
,দিন,O
,ফোন,B-OBJ
,দিয়া,O
,কমুনা,O
,একটু,O
,সময়,O
,দেও,O
Sentence: 1900,বুইজঝা,O
,ওঠতে,O
,পারতেয়াছেলাম,O
,না,O
,কি,O
,করমু,O
Sentence: 1901,তোমার,O
,হোগ্গল,O
,কথা,O
,হাসসোইও,O
,এক্কালে,O
Sentence: 1902,মুই,O
,এক্খান,O
,ভালো,O
,পোলা,O
Sentence: 1903,বিয়ার,O
,লোইগ্গা,O
,আব্বায়,B-REL
,মোর,O
,লোইগ্গা,O
,মাইয়া,O
,বিছ্রায়,O
Sentence: 1904,মায়,B-REL
,মরে,O
,কাইল্গ,O
,এউক্কা,O
,সেম্রার,O
,লগে,O
,দেহা,O
,হর্তে,O
,কইসেল,O
Sentence: 1905,পলাউগ্গা,O
,মর,O
,আক্সের,O
,মনে,O
,ধরসে,O
Sentence: 1906,পলাউগ্গা,O
,হইতারে,O
,অন্ন,O
,কন্ন,O
,সেম্রি,O
,রে,O
,ভালপায়,O
Sentence: 1907,মাইআউগ্গা,O
,পলাউগ্গার,O
,লইগ্গা,O
,বার,O
,ছায়,O
Sentence: 1908,পল্লাউগ্গা,O
,কির,O
,ফেইন্নে,O
,জ,O
,মাইআউগ্গার,O
,কইল্যার,O
,কথা,O
,বঝে,O
,না,O
Sentence: 1909,মাইআউগ্গা,O
,হইতারে,O
,পলাউগ্গারে,O
,হেয়ার,O
,কইল্যার,O
,কতাউগ্গা,O
,ভাল,O
,হইর্রা,O
,বুঝাইত্তারেনাই,O
Sentence: 1910,হইতারে,O
,কন,O
,আক্কালে,O
,পলাউগ্গা,O
,মাইআউগ্গারে,O
,ভালপাইবে,O
Sentence: 1911,আল্লাহ্ִর,O
,রাস্তে,O
,তুমি,O
,মরে,O
,আর,O
,জালাইঅনা,O
Sentence: 1912,হে,O
,অনারে,O
,আক্সের,O
,জালায়,O
Sentence: 1913,হেয়ারে,O
,লইআ,O
,মুই,O
,মর,O
,দেশের,B-LOC
,বারি,I-LOC
,ঘর্তে,O
,জাইতে,O
,ছাই,O
Sentence: 1914,এইফির,O
,ছুতি,O
,তে,O
,শ্যলেত,B-LOC
,ঘর্তে,O
,জামু,O
Sentence: 1915,মুই,O
,জারে,O
,ভালপাই,O
,হে,O
,শ্যলেত,B-LOC
,থাহে,O
Sentence: 1916,মোর,O
,এহন,O
,বইডা,B-OBJ
,লাগবে,O
,না,O
Sentence: 1917,তুমি,O
,কি,O
,এই,O
,বইডা,B-OBJ
,পড়তে,O
,চাও,O
Sentence: 1918,হ্যায়,O
,কি,O
,এই,O
,বইডা,B-OBJ
,পড়তে,O
,চায়,O
Sentence: 1919,আমনে,O
,কি,O
,এই,O
,বইডা,B-OBJ
,পড়তে,O
,চান,O
Sentence: 1920,মোর,O
,বই,B-OBJ
,পরতে,O
,বেমালা,O
,ভালো,O
,লাগে,O
Sentence: 1921,তোমার,O
,মোরে,O
,চেনতে,O
,হইবে,O
,না,O
Sentence: 1922,ম্যালা,O
,রাইত,O
,হইছে,O
,এহন,O
,ঘুমাইয়া,O
,যাও,O
Sentence: 1923,তোমারে,O
,পড়াল্যাহা,O
,করতে,O
,হইবে,O
Sentence: 1924,তোমার,O
,পড়াল্যাহা,O
,করতে,O
,ভালো,O
,লাগে,O
,না,O
Sentence: 1925,মোর,O
,পড়াল্যাহা,O
,করতে,O
,হইবে,O
Sentence: 1926,হ্যায়,O
,বেমালা,O
,ভালো,O
,রানতে,O
,জানে,O
Sentence: 1927,মুই,O
,এউক্কা,O
,ইসকুলে,B-ORG
,পড়াল্যাহা,O
,করি,O
Sentence: 1928,মোর,O
,ছোডো,B-REL
,বুইন,I-REL
,এউক্কা,O
,ইসকুলে,B-ORG
,পরে,O
Sentence: 1929,মোর,O
,ছোডো,B-REL
,ভাই,I-REL
,এউক্কা,O
,ইসকুলে,B-ORG
,পড়াল্যাহা,O
,করে,O
Sentence: 1930,মোর,O
,ইসকুলে,B-ORG
,যাইতে,O
,ভালো,O
,লাগে,O
,না,O
Sentence: 1931,মোর,O
,বিয়ার,O
,বয়স,O
,পার,O
,হইয়া,O
,যাইতেয়াছে,O
Sentence: 1932,আহারে,O
,মোর,O
,মোনে,O
,বেমালা,O
,কষ্ট,O
Sentence: 1933,মুই,O
,ঘুমাইতে,O
,যামু,O
Sentence: 1934,মুই,O
,নাচতে,O
,জানি,O
Sentence: 1935,মুই,O
,হাতোর,O
,কাটতে,O
,ভালো,O
,পাই,O
Sentence: 1936,মুই,O
,তোমাগো,O
,বাড়িতে,O
,ঘোরতে,O
,আমু,O
Sentence: 1937,হ্যায়,O
,হ্যার,O
,গেরামের,B-LOC
,বাড়িতে,I-LOC
,ঘোরতে,O
,গ্যাছে,O
Sentence: 1938,মোর,O
,দোস্তো,B-REL
,মানসিক,O
,ভাবে,O
,দুর্বল,O
Sentence: 1939,এই,O
,অবস্থায়,O
,হ্যার,O
,কি,O
,করা,O
,দরকার,O
Sentence: 1940,মোর,O
,দুজ্ঞা,O
,গেদু,O
,আছে,O
Sentence: 1941,মোর,O
,জামাইরে,B-REL
,মুই,O
,বেমালা,O
,ভালোবাসি,O
Sentence: 1942,ম্যালাদিন,O
,পরে,O
,আমনের,O
,লগে,O
,দ্যাহা,O
Sentence: 1943,আমনে,O
,কেমন,O
,আছেন,O
Sentence: 1944,আমনের,O
,কি,O
,মোর,O
,কথা,O
,মনে,O
,আছে,O
,এহনও,O
Sentence: 1945,মোর,O
,পড়াল্যাহা,O
,করতে,O
,ভালো,O
,লাগে,O
,না,O
Sentence: 1946,মোর,O
,বাইরের,O
,দেশে,B-LOC
,যাইয়া,O
,পড়াল্যাহা,O
,করার,O
,স্বপ্ন,O
Sentence: 1947,আমনের,O
,লগে,O
,কথা,O
,কইয়া,O
,বেমালা,O
,ভালো,O
,লাগছে,O
Sentence: 1948,বেবাকে,O
,কয়,O
,পেরেম,O
,করলে,O
,মানু,O
,গোঙ্গা,O
,হয়,O
Sentence: 1949,বেবাকে,O
,আরও,O
,কয়,O
,যে,O
,বিয়া,O
,করলে,O
,মানু,O
,বোলে,O
,গাধা,O
,হয়,O
Sentence: 1950,এউক্কা,O
,ব্যাডা,O
,মইরা,O
,গ্যাছে,O
Sentence: 1951,তুমি,O
,এত,O
,গরীব,O
,আগে,O
,কির,O
,লইজ্ঞা,O
,কওনাই,O
Sentence: 1952,মুই,O
,আগেই,O
,কইছি,O
,তুমি,O
,ছাড়া,O
,এই,O
,পিরথিবিতে,B-LOC
,মোর,O
,আর,O
,কিছুই,O
,নাই,O
Sentence: 1953,মনের,O
,ভালোবাসা,O
,হারাজীবন,O
,থাইকা,O
,যাইবে,O
Sentence: 1954,জীবনের,O
,কিছুডা,O
,রাস্তা,O
,একলা,O
,একলা,O
,চলা,O
,হেইরহম,O
,কঠিন,O
,না,O
Sentence: 1955,জীবন,O
,হইলে,O
,বাঁচার,O
,লইজ্ঞা,O
Sentence: 1956,মন,O
,হলো,O
,দেওয়ার,O
,লইজ্ঞা,O
Sentence: 1957,ভালোবাসা,O
,হইলে,O
,হারা,O
,জীবন,O
,লগে,O
,থাহার,O
,লইজ্ঞা,O
Sentence: 1958,মুই,O
,কিছু,O
,ভাবতে,O
,পারিনা,O
,তোমারে,O
,ছাড়া,O
Sentence: 1959,মুই,O
,কিছু,O
,ল্যাখতে,O
,পারিনা,O
,তোমার,O
,নাম,O
,ছাড়া,O
Sentence: 1960,মুই,O
,কিছু,O
,বোঝতে,O
,চাইনা,O
,তোমারে,O
,ছাড়া,O
Sentence: 1961,ভালোবাসায়,O
,এরহম,O
,কির,O
,লইজ্ঞা,O
,হয়,O
Sentence: 1962,যহন,O
,পোলা,O
,বোঝে,O
,তহন,O
,মাইয়া,O
,বোঝে,O
,না,O
Sentence: 1963,ভালোবাসি,O
,তোমারে,O
,কওয়া,O
,বাকি,O
Sentence: 1964,মোর,O
,বেমালা,O
,গরম,O
,লাগতেয়াছে,O
Sentence: 1965,তোমার,O
,কি,O
,গরম,O
,লাগতেয়াছে,O
Sentence: 1966,আমনের,O
,কি,O
,গরম,O
,লাগতেয়াছে,O
Sentence: 1967,আমনে,O
,কি,O
,মোরে,O
,ভালোবাসেন,O
Sentence: 1968,তোমার,O
,লইজ্ঞা,O
,মোনে,O
,মোর,O
,একছের,O
,আশা,O
Sentence: 1969,হারা,O
,জীবন,O
,পাইতে,O
,চাই,O
,তোমার,O
,ভালোবাসা,O
Sentence: 1970,হারাইয়া,O
,যাইতে,O
,ইচ্ছা,O
,করে,O
,বেমালা,O
,দূরে,O
Sentence: 1971,লও,O
,দুইজন,O
,মিল্লা,O
,ঘুইরা,O
,আহি,O
Sentence: 1972,লও,O
,দুই,O
,জন,O
,মিল্লা,O
,হাতোর,O
,কাটি,O
Sentence: 1973,বাস্তব,O
,শক্ত,O
,হইলেও,O
,মাইন্না,O
,চলতে,O
,হয়,O
Sentence: 1974,ফেসবুকে,B-ORG
,হ্যার,O
,এউক্কা,O
,মানের,O
,লগে,O
,সম্পর্ক,O
,হয়,O
Sentence: 1975,পোলাডা,O
,ভালো,O
,চাকরি,O
,করে,O
Sentence: 1976,এই,O
,পাঁচ,O
,মাসে,O
,পোলা,O
,হ্যার,O
,পরিবার,O
,লইয়া,O
,মাইয়ার,O
,বাড়িতে,O
,যায়,O
,না,O
Sentence: 1977,মাইয়া,O
,কয়,O
,লাগলে,O
,মোর,O
,পরিবার,O
,তোমার,O
,পরিবারের,O
,লগে,O
,কথা,O
,কইবে,O
Sentence: 1978,পরিবার,O
,মানে,O
,মা,B-REL
,বাপ,B-REL
,ভাই,B-REL
,বুইন,B-REL
Sentence: 1979,মোর,O
,জামাই,B-REL
,দুই,O
,বছর,O
,আগে,O
,মোগো,O
,থুইয়া,O
,আইয়া,O
,আলাদা,O
,হইয়া,O
,যায়,O
Sentence: 1980,মোর,O
,পছন্দ,O
,হয়,O
,এমন,O
,মাইয়া,O
,হ্যাগো,O
,পছন্দ,O
,হয়,O
,না।,O
Sentence: 1981,আমনের,O
,বাপ,B-REL
,মায়ের,B-REL
,যেহেতু,O
,স্বপ্ন,O
Sentence: 1982,পরে,O
,আমনের,O
,বেমালা,O
,আফসোস,O
,হইবে,O
Sentence: 1983,হ্যাগো,O
,এউক্কা,O
,গেদু,O
,আছে,O
,পাঁচ,O
,বছরের,O
Sentence: 1984,দুইজনই,O
,হ্যাগো,O
,চাকরি,O
,লইয়া,O
,ব্যস্ত,O
Sentence: 1985,সংসারে,O
,কেউ,O
,ঠিকমতো,O
,সময়,O
,দেতে,O
,পারে,O
,না,O
Sentence: 1986,বউর,B-REL
,বিচার,O
,জামাই,B-REL
,হ্যার,O
,দায়িত্ত্ব,O
,ঠিকমতো,O
,পালন,O
,করতেয়াছে,O
,না,O
Sentence: 1987,আমনের,O
,নাম,O
,কি,O
Sentence: 1988,তোর,O
,নাম,O
,কি,O
Sentence: 1989,তোর,O
,গেরামের,B-LOC
,বাড়ি,I-LOC
,কোম্মে,O
Sentence: 1990,তোর,O
,বাপের,B-REL
,নাম,O
,কি,O
Sentence: 1991,তোর,O
,মাইয়ের,B-REL
,নাম,O
,কি,O
Sentence: 1992,পরে,O
,খুইজ্জা,O
,নাও,O
,পাইতে,O
,পারি,O
Sentence: 1993,হ্যাগো,O
,লগে,O
,মুই,O
,বেবাক,O
,সময়,O
,সুখে,O
,ভইরা,O
,থাহি,O
Sentence: 1994,মোর,O
,দোস্তোরা,B-REL
,মোরে,O
,ভালবাসা,O
,দেয়,O
Sentence: 1995,মোরা,O
,সবাই,O
,একলগে,O
,হাসিখুশি,O
,কইরা,O
,সময়,O
,কাডাই,O
Sentence: 1996,মোগো,O
,মইধ্যে,O
,কোনো,O
,ধরনের,O
,কাইজ্জা,O
,নাই,O
Sentence: 1997,মোর,O
,বুইন,B-REL
,মোর,O
,লগে,O
,বেবাক,O
,সময়,O
,থাকতে,O
,চায়,O
Sentence: 1998,মুই,O
,মোর,O
,ভাইরে,B-REL
,বেমালা,O
,ভালোবাসি,O
Sentence: 1999,মুই,O
,মোর,O
,বুইনরে,B-REL
,বেমালা,O
,ভালোবাসি,O
Sentence: 2000,এউক্কা,O
,গেরামে,B-LOC
,এউক্কা,O
,খারাপ,O
,পোলা,O
,থাকতে,O
Sentence: 2001,হ্যায়,O
,হগলসময়,O
,মিছা,O
,কতা,O
,কইতো,O
Sentence: 2002,পেরতেকে,O
,হ্যারে,O
,বেমালা,O
,ভয়,O
,পাইতো,O
Sentence: 2003,কেউ,O
,হেরে,O
,ভালোবাসতে,O
,না,O
Sentence: 2004,হে,O
,একছের,O
,খারাপ,O
,আল্লেহ,O
Sentence: 2005,গেরামের,B-LOC
,মানু,O
,পোলাডার,O
,ধারে,O
,গোনে,O
,দূরে,O
,থাহার,O
,চেষ্টা,O
,করতে,O
Sentence: 2006,আমনে,O
,এত্ত,O
,খারাপ,O
,হইয়া,O
,কির,O
,লইজ্ঞা,O
,আছেন,O
Sentence: 2007,খাওয়ার,O
,কালেই,O
,দাঁতে,O
,একছের,O
,ব্যতা,O
,করতেয়াছে,O
Sentence: 2008,এইডা,O
,কি,O
,ধরনের,O
,পরোশনো,O
Sentence: 2009,তুমি,O
,থাহো,O
,কোম্মে,O
Sentence: 2010,মোরা,O
,কেন,O
,যাইতেয়াছি,O
,না,O
Sentence: 2011,কামে,O
,ফাকি,O
,দিও,O
,না,O
Sentence: 2012,আম্নেরে,O
,কেমনে,O
,সাহাইয্য,O
,করতে,O
,পারে,O
Sentence: 2013,মুই,O
,বাংলা,O
,ভাষা,O
,বুজি,O
Sentence: 2014,মুই,O
,আম্নের,O
,লগে,O
,আছি,O
Sentence: 2015,আম্নে,O
,কি,O
,এউক্কা,O
,বাংলা,O
,গান,O
,গাইতে,O
,পারেন,O
Sentence: 2016,মুই,O
,আম্নেরে,O
,কহনো,O
,ভুলমু,O
,না,O
Sentence: 2017,আম্নে,O
,কি,O
,এইহানে,O
,রাস্তা,B-LOC
,দ্যাখতে,O
,পারতেয়াছেন,O
Sentence: 2018,মুই,O
,আম্নের,O
,ধারে,O
,আইতে,O
,চাই,O
Sentence: 2019,আম্নে,O
,কি,O
,পড়া,O
,লেহা,O
,করতে,O
,পারেন,O
Sentence: 2020,মুই,O
,আম্নের,O
,লাইজ্ঞা,O
,অপেক্ষা,O
,করতে,O
,পারি,O
Sentence: 2021,আম্নে,O
,কি,O
,মোর,O
,প্রশ্নের,O
,জবাব,O
,দেতে,O
,পারেন,O
Sentence: 2022,মুই,O
,আম্নের,O
,ধারে,O
,গোনে,O
,এউক্কা,O
,কেসসা,O
,হোনতে,O
,চাই,O
Sentence: 2023,আমনে,O
,কি,O
,মোরে,O
,এউক্কা,O
,ছবি,O
,তোলতে,O
,পারেন,O
Sentence: 2024,মুই,O
,আম্নের,O
,লগে,O
,এউক্কা,O
,কতা,O
,কইতে,O
,চাই,O
Sentence: 2025,আম্নে,O
,কি,O
,কোন,O
,ভুল,O
,করছেন,O
Sentence: 2026,আম্নে,O
,কি,O
,এউক্কা,O
,বাংলা,B-OBJ
,বই,I-OBJ
,পড়তে,O
,পারেন,O
Sentence: 2027,মুই,O
,আম্নের,O
,ধারে,O
,পরামর্শ,O
,চাই,O
Sentence: 2028,মুই,O
,আম্নের,O
,পাশে,O
,থাকতে,O
,চাই,O
Sentence: 2029,আম্নে,O
,কি,O
,এইহানে,O
,ঘোরতে,O
,পারেন,O
Sentence: 2030,আম্নে,O
,কি,O
,গান,O
,ল্যাখতে,O
,পারেন,O
Sentence: 2031,মুই,O
,আম্নের,O
,লগে,O
,পেরেম,O
,করি,O
Sentence: 2032,আম্নে,O
,কি,O
,এউক্কা,O
,বাংলা,O
,নাটক,O
,দ্যাখতে,O
,পারেন,O
Sentence: 2033,মুই,O
,আম্নের,O
,ধারে,O
,গোনে,O
,শিক্ষা,O
,নেতে,O
,চাই,O
Sentence: 2034,মুই,O
,আম্নের,O
,লগে,O
,মজা,O
,করতে,O
,চাই,O
Sentence: 2035,আম্নে,O
,কি,O
,কোন,O
,ভুল,O
,বোঝতে,O
,পারেন,O
Sentence: 2036,মুই,O
,আম্নের,O
,লগে,O
,সময়,O
,কাডাইতে,O
,চাই,O
Sentence: 2037,আম্নে,O
,কি,O
,বাংলা,O
,কবিতা,O
,ল্যাখতে,O
,পারেন,O
Sentence: 2038,মোর,O
,বাংলা,O
,বোঝদে,O
,অসুবিধা,O
,হইতেয়াছে,O
Sentence: 2039,মুই,O
,বাংলা,O
,কতা,O
,কইতে,O
,পারি,O
Sentence: 2040,মুই,O
,বোঝদেয়াছি,O
,না,O
Sentence: 2041,মোর,O
,ছোডো,B-REL
,এউক্কা,O
,মাইয়া,B-REL
,আছে,O
Sentence: 2042,আম্নে,O
,কি,O
,এউক্কা,O
,শহরে,B-LOC
,যাইবেন,O
Sentence: 2043,মুই,O
,এইহানে,O
,থাকমু,O
Sentence: 2044,মোর,O
,বাড়ি,O
,দূর,O
,আছে,O
Sentence: 2045,মোর,O
,বাফে,B-REL
,একজন,O
,ডাক্তার,B-ROLE
Sentence: 2046,তুমি,O
,কি,O
,এইহানে,O
,আইতে,O
,পারবা,O
Sentence: 2047,তুমি,O
,কি,O
,মোর,O
,লগে,O
,যাবা,O
Sentence: 2048,তুমি,O
,কি,O
,বাংলা,O
,গান,O
,হোনতে,O
,পারো,O
Sentence: 2049,মুই,O
,বেমালা,O
,খুশি,O
Sentence: 2050,মোর,O
,বইডা,B-OBJ
,কোম্মে,O
Sentence: 2051,তুমি,O
,কি,O
,খ্যালতে,O
,ভালবাসো,O
Sentence: 2052,মোর,O
,বাড়িতে,O
,একছের,O
,সুন্দর,O
,ফুল,B-OBJ
,আছে,O
Sentence: 2053,তুমি,O
,কি,O
,মোর,O
,দোস্তো,B-REL
,হইতে,O
,চাও,O
Sentence: 2054,মুই,O
,এইহানে,O
,পেরতেকদিন,O
,আহি,O
Sentence: 2055,তুমি,O
,কি,O
,খেলাধুলায়,O
,ভালো,O
Sentence: 2056,তোমার,O
,কি,O
,খাওয়ার,O
,লইজ্ঞা,O
,সময়,O
,আছে,O
Sentence: 2057,আম্নে,O
,কি,O
,গান,O
,হোনতে,O
,পছন্দ,O
,করেন,O
Sentence: 2058,মোর,O
,পিরিও,O
,ফল,B-FOOD
,হইলে,O
,আম,B-FOOD
Sentence: 2059,মোরে,O
,লইয়া,O
,বিদেশে,B-LOC
,ঘোরতে,O
,যাবা,O
Sentence: 2060,হ্যায়,O
,বিদেশে,B-LOC
,যাইবে,O
Sentence: 2061,হ্যার,O
,এই,O
,মাসে,O
,বিদেশে,B-LOC
,যাওয়ার,O
,কতা,O
,আছেলে,O
Sentence: 2062,হ্যায়,O
,বিদেশে,B-LOC
,যাইতে,O
,চায়,O
,না,O
Sentence: 2063,আম্নে,O
,কি,O
,বিদেশে,B-LOC
,যাইতে,O
,চায়েন,O
Sentence: 2064,হ্যারা,O
,তিন,O
,ভাই,B-REL
,আল্লেহ,O
,তয়,O
,হ্যাগো,O
,মা,B-REL
,আল্লেহ,O
,না,O
Sentence: 2065,জঙ্গলের,B-LOC
,মইধ্যে,O
,এউক্কা,O
,ছোডো,O
,জায়গায়,O
,হ্যারা,O
,তিন,O
,ভাই,B-REL
,একলগে,O
,থাকতে,O
Sentence: 2066,এককালে,O
,এউক্কা,O
,রাজার,B-ROLE
,এউক্কা,O
,হাতি,B-ANI
,আল্লেহ,O
Sentence: 2067,মুই,O
,বেইন্না,O
,কালে,O
,পড়াশোনা,O
,কইররা,O
,মন,O
,সচেতন,O
,রাহি,O
Sentence: 2068,বেইন্না,O
,কাল,O
,হইতেই,O
,পড়াশোনা,O
,শুরু,O
,করলে,O
,ভালো,O
Sentence: 2069,মুই,O
,আইজ,O
,রাইতের,O
,খাওন,B-FOOD
,খামু,O
,না,O
Sentence: 2070,কির,O
,লইজ্ঞা,O
,আইজ,O
,রাইতে,O
,খাবা,O
,না,O
Sentence: 2071,মোর,O
,খিদা,O
,লাগেনাই,O
Sentence: 2072,লও,O
,ব্যাকডি,O
,মিল্লা,O
,ঘোরতে,O
,যাই,O
Sentence: 2073,ম্যালা,O
,দূর,O
,জেইহানে,O
,কেউ,O
,নাই,O
Sentence: 2074,তুমি,O
,ক্যামন,O
,আছো,O
Sentence: 2075,তুমি,O
,কি,O
,চাকরি,O
,করতেয়াছো,O
,এহনো,O
Sentence: 2076,তুমি,O
,কি,O
,পড়াশুনা,O
,করতেয়াছো,O
Sentence: 2077,মুই,O
,এহন,O
,বিশ্ববিদ্যালয়,B-ORG
,পড়াশুনা,O
,করতেয়াছি,O
Sentence: 2078,মুই,O
,বিজ্ঞানে,O
,মাশটার্স,O
,ডিগ্রি,O
,অর্জন,O
,করছি,O
Sentence: 2079,আম্নে,O
,যেম্নে,O
,আগাইতেয়াছেন,O
,হেইডা,O
,খবই,O
,গর্বের,O
,বিষয়,O
Sentence: 2080,মুই,O
,পরে,O
,আম্নের,O
,দোকানে,O
,আসমুয়ানে,O
Sentence: 2081,মোর,O
,বড়,B-REL
,মাইয়ার,I-REL
,বিয়ার,O
,আয়োজন,O
,চলতেয়াছে,O
Sentence: 2082,বিয়ার,O
,তারিখ,O
,কবে,O
,ঠিক,O
,করা,O
,হইছে,O
Sentence: 2083,এহন,O
,পইরজন্ত,O
,হক্কলডি,O
,ঠিকমতো,O
,আয়োজন,O
,করছি,O
Sentence: 2084,সাহাইজ্যের,O
,লইজ্ঞা,O
,মুই,O
,এইহানে,O
,আছি,O
Sentence: 2085,মুই,O
,সাগর,B-LOC
,ম্যালা,O
,পছন্দ,O
,করি,O
Sentence: 2086,কির,O
,লইজ্ঞা,O
,তুমি,O
,সাগর,B-LOC
,পছন্দ,O
,করো,O
Sentence: 2087,সাগরের,O
,পানি,O
,বেমালা,O
,নীল,B-COL
Sentence: 2088,তোমার,O
,নাম,O
,কি,O
Sentence: 2089,লও,O
,পলাইয়া,O
,যাই,O
Sentence: 2090,মোর,O
,খরচের,B-OBJ
,টাহা,I-OBJ
,লাগবে,O
Sentence: 2091,এত,O
,টাহা,B-OBJ
,কোম্মে,O
,পামু,O
Sentence: 2092,টাহা,B-OBJ
,দিয়া,O
,কি,O
,করবা,O
Sentence: 2093,এউক্কা,O
,গাড়ি,B-OBJ
,কিনমু,O
Sentence: 2094,কালা,B-COL
,রঙ,I-COL
,মোর,O
,একছের,O
,পিরিয়ো,O
Sentence: 2095,তোমার,O
,পিরিয়ো,O
,রঙ,B-COL
,কি,O
Sentence: 2096,তুমি,O
,কি,O
,দেখছো,O
Sentence: 2097,মোরে,O
,থুইয়া,O
,ভালো,O
,থাইক্কো,O
Sentence: 2098,মোর,O
,বয়স,O
,কম,O
Sentence: 2099,ভুল,O
,কইররা,O
,হালাইছি,O
Sentence: 2100,তুমি,O
,চাইলে,O
,মুই,O
,চাঁন,O
,আইন্না,O
,দিমু,O
Sentence: 2101,বেইন্নাকালে,O
,চা,B-FOOD
,খাবা,O
Sentence: 2102,এট্টু,O
,এম্মে,O
,আও,O
Sentence: 2103,পোলাডা,O
,একছের,O
,মেধাবি,O
Sentence: 2104,মাইয়াডা,O
,পোলাডারে,O
,ভালোবাসতে,O
Sentence: 2105,মাইয়াডা,O
,বেমালা,O
,চালাক,O
Sentence: 2106,মাইয়াডা,O
,অংকে,O
,কাচা,O
Sentence: 2107,মুই,O
,অর,O
,নাম,O
,জানি,O
Sentence: 2108,হ্যায়,O
,মোগো,O
,গেরামের,B-LOC
,বাড়ি,I-LOC
,আইল্লেহ,O
Sentence: 2109,হ্যায়,O
,গেরাম,B-LOC
,গোনে,O
,ঢাকায়,B-LOC
,আইল্লেহ,O
Sentence: 2110,অয়,O
,ঢাকা,B-LOC
,গোনে,O
,গেরামে,B-LOC
,গ্যাল্লেহ,O
Sentence: 2111,হ্যায়,O
,রাইতে,O
,ঘুমাই,O
,গ্যাল্লেহ,O
Sentence: 2112,হ্যায়,O
,বাগে,B-LOC
,দোউড়ায়,O
Sentence: 2113,হ্যায়,O
,রাস্তার,B-LOC
,মাঝদিয়া,O
,দৌড়ায়,O
Sentence: 2114,মুই,O
,তোমার,O
,লগে,O
,একমত,O
,হইতে,O
,পারতেয়াছি,O
,না,O
Sentence: 2115,মুই,O
,চেষ্টা,O
,করছেলাম,O
Sentence: 2116,মোরে,O
,বইডা,B-OBJ
,দ্যাহান,O
Sentence: 2117,এককালে,O
,ঠিক,O
,কথা,O
,কইছেন,O
Sentence: 2118,বাগের,B-LOC
,মইধ্যে,O
,গোনে,O
,কেডা,O
,দৌড়াইলে,O
Sentence: 2119,আমনে,O
,খেলায়,O
,জেতছেন,O
Sentence: 2120,তুমি,O
,খেলায়,O
,জেতছো,O
Sentence: 2121,তুমি,O
,যাও,O
,এইহান,O
,গোনে,O
Sentence: 2122,আমনে,O
,যান,O
,এইহান,O
,গোনে,O
Sentence: 2123,তুই,O
,যা,O
,এইহান,O
,গোনে,O
Sentence: 2124,আমনেরা,O
,পার্কে,B-LOC
,ঘুইররা,O
,বেড়ান,O
Sentence: 2125,হ্যায়,O
,চেষ্টা,O
,করে,O
Sentence: 2126,হ্যায়,O
,চেষ্টা,O
,করে,O
,না,O
Sentence: 2127,তোমার,O
,আব্বায়,B-REL
,ক্যামন,O
,আছে,O
Sentence: 2128,মোর,O
,বড়,B-REL
,বুইনের,I-REL
,আইজগো,O
,মন,O
,ভালো,O
,নাই,O
Sentence: 2129,তুমি,O
,কি,O
,মোরে,O
,এই,O
,কামডা,O
,কইররা,O
,দেতে,O
,পারবা,O
Sentence: 2130,এরহম,O
,গরমে,O
,বায়রায়,O
,বাইর,O
,হইতে,O
,ইচ্ছা,O
,করে,O
,না,O
Sentence: 2131,তোমার,O
,হগল,O
,কথাই,O
,ভুল,O
Sentence: 2132,তোমার,O
,নাহান,O
,খারাপ,O
,পোলা,O
,মুই,O
,আর,O
,এউক্কাও,O
,দেহিনাই,O
Sentence: 2133,বিয়ার,O
,লইজ্ঞা,O
,মায়,B-REL
,মোর,O
,লইজ্ঞা,O
,পোলা,O
,খোজতেয়াছে,O
Sentence: 2134,আব্বায়,B-REL
,মোরে,O
,গ্যাছেকাইল,O
,এউক্কা,O
,পোলার,O
,লগে,O
,দ্যাহা,O
,করতে,O
,কইছেলে,O
Sentence: 2135,পোলাডারে,O
,মোর,O
,মোডেও,O
,ভালো,O
,লাগেনাই,O
Sentence: 2136,মাইয়াডা,O
,গোলাপি,B-COL
,রঙের,I-COL
,কাপুড়,B-OBJ
,পইররা,O
,আইল্লেহ,O
Sentence: 2137,মোর,O
,দুজ্ঞাদিন,O
,পরে,O
,বিয়া,O
,হইবে,O
Sentence: 2138,পোলাডা,O
,এহন,O
,আর,O
,বিকালে,O
,খ্যালতে,O
,বাইর,O
,হয়,O
,না,O
Sentence: 2139,মাইয়াডা,O
,বেইন্নাহালে,O
,ঘুমে,O
,গোনে,O
,উইঠ্যাই,O
,পড়তে,O
,বয়,O
Sentence: 2140,মোর,O
,চাচায়,B-REL
,বিদ্যাশ,B-LOC
,গোনে,O
,গ্যাছেকাইল,O
,বাংলাদেশে,B-LOC
,আইছে,O
Sentence: 2141,মোর,O
,বাড়ির,B-ROLE
,চহিদার,I-ROLE
,বেমালা,O
,ভালো,O
,মানু,O
Sentence: 2142,মোর,O
,দোস্ত,B-REL
,খুলনা,B-LOC
,ঘোরতে,O
,গ্যাছে,O
Sentence: 2143,মোর,O
,ঘোরতে,O
,বেমালা,O
,ভালো,O
,লাগে,O
Sentence: 2144,মুই,O
,বিদ্যাশ,B-LOC
,যাইয়া,O
,বেমালা,O
,ঘোরতে,O
,চাই,O
Sentence: 2145,তুমি,O
,মোরে,O
,বিরক্ত,O
,কইররো,O
,না,O
Sentence: 2146,হ্যায়,O
,মোরে,O
,ম্যালা,O
,অপমান,O
,করছে,O
Sentence: 2147,মোর,O
,বেইন্নাহালে,O
,উইঠ্যা,O
,বই,B-OBJ
,পড়তে,O
,বেমালা,O
,ভালো,O
,লাগে,O
Sentence: 2148,মোর,O
,ছোডো,B-REL
,ভাই,I-REL
,এক্কালেই,O
,পড়াল্যাহা,O
,করতে,O
,চায়,O
,না,O
Sentence: 2149,মোর,O
,ছোডো,B-REL
,ভাই,I-REL
,ইস্কুলে,B-ORG
,যাইতে,O
,চায়,O
,না,O
Sentence: 2150,মোর,O
,ছোডো,B-REL
,ভাইয়ের,I-REL
,ইস্কুলে,B-ORG
,যাইয়া,O
,পড়াল্যাহা,O
,করতে,O
,ভালো,O
,লাগে,O
,না,O
Sentence: 2151,মুই,O
,একদিন,O
,ইস্কুলের,B-LOC
,মাডে,I-LOC
,মাথা,O
,ঘুরাইয়া,O
,পইররা,O
,গ্যাল্লাম,O
Sentence: 2152,আমনে,O
,কি,O
,মোরে,O
,কোনকালেও,O
,ভালবাসবেন,O
,না,O
Sentence: 2153,মোর,O
,দোস্ত,B-REL
,আইজগো,O
,বেইন্নাহালে,O
,ফুটবল,B-OBJ
,খ্যালছে,O
Sentence: 2154,তুমি,O
,মোর,O
,মনের,O
,কথ,O
,এক্কালেই,O
,বোঝো,O
,না,O
Sentence: 2155,মোর,O
,মায়,B-REL
,বেমালা,O
,ভালো,O
,রান্দে,O
Sentence: 2156,মোর,O
,দোস্ত,B-REL
,এহন,O
,ঘুনাইতে,O
,যাইবে,O
Sentence: 2157,মোর,O
,ছোডো,B-REL
,বুইন,I-REL
,নাচতে,O
,পারে,O
Sentence: 2158,মোর,O
,দোস্ত,B-REL
,এইফির,O
,ছুটিতে,O
,রাজশাহী,B-LOC
,ঘোরতে,O
,যাইবে,O
Sentence: 2159,মোর,O
,দোস্ত,B-REL
,যারে,O
,ভালোবাসে,O
,হ্যায়,O
,রাজশাহী,B-LOC
,থাহে,O
Sentence: 2160,মাইয়াডা,O
,রাজশাহী,B-LOC
,গোনে,O
,মোর,O
,বড়,B-REL
,ভাইর,I-REL
,লগে,O
,দ্যাহা,O
,করতে,O
,আইল্লে,O
Sentence: 2161,মাইয়াডা,O
,এহন,O
,সিলেট,B-LOC
,যাইবে,O
Sentence: 2162,মোর,O
,বড়,B-REL
,ভাই,I-REL
,এহন,O
,হ্যার,O
,দোস্তগো,B-REL
,লগে,O
,বিরি,B-OBJ
,খায়,O
,না,O
Sentence: 2163,আমনে,O
,কি,O
,মোরে,O
,আগে,O
,কোনদিন,O
,দ্যাখছেন,O
Sentence: 2164,আমনে,O
,কি,O
,মোরে,O
,চেনতা,O
,পারছেন,O
Sentence: 2165,পোলাডায়,O
,মোরে,O
,চেনতে,O
,পারল,O
,না,O
Sentence: 2166,মাইয়াডা,O
,তোমারে,O
,চেনতে,O
,পারল,O
,না,O
Sentence: 2167,মোর,O
,এহন,O
,পড়াল্যাহা,O
,করা,O
,উচিত,O
Sentence: 2168,বেমালা,O
,রাইত,O
,হইছে,O
,এহন,O
,মোর,O
,ছোডো,B-REL
,বুইন,I-REL
,ঘুমাইতে,O
,যাইবে,O
Sentence: 2169,মোর,O
,পরিক্ষার,O
,আগে,O
,হগল,O
,কিছু,O
,লইয়া,O
,পড়াল্যাহা,O
,করতে,O
,হইবে,O
Sentence: 2170,মোর,O
,ছোডো,B-REL
,ভাই,I-REL
,ইস্কুলে,B-ORG
,যাইয়া,O
,দোস্তগো,B-REL
,লগে,O
,কেসসা,O
,করে,O
Sentence: 2171,মোর,O
,দোস্ত,B-REL
,ইস্কুলের,B-LOC
,মাডে,I-LOC
,পেরতেকদিন,O
,কিরকেট,O
,খ্যালে,O
Sentence: 2172,এউক্কা,O
,ল্যাদা,O
,গেদু,O
,ফুটপাতে,B-LOC
,লাফাইতেয়াছে,O
Sentence: 2173,মোর,O
,বান্ধুবি,B-REL
,হ্যার,O
,জামাইরে,B-REL
,বেমালা,O
,ভালোবাসে,O
Sentence: 2174,মোর,O
,বউ,B-REL
,মোরে,O
,ভালবাসে,O
,না,O
Sentence: 2175,ইস্কুল,B-ORG
,জীবন,O
,গোনে,O
,মোর,O
,ভাইর,B-REL
,লগে,O
,তোমার,O
,বুইনের,B-REL
,পেরেম,O
,আল্লেহ,O
Sentence: 2176,মোর,O
,গ্যাছেকাইল,O
,বেমালা,O
,মাথা,O
,ব্যাথা,O
,করতেয়াছেলে,O
Sentence: 2177,মুই,O
,তোমার,O
,কোন,O
,কথা,O
,কিছুই,O
,বোঝতে,O
,পারলাম,O
,না,O
Sentence: 2178,তোমার,O
,হাশির,O
,ধারে,O
,মোর,O
,হগল,O
,কিছু,O
,ঠইজ্ঞা,O
,যায়,O
Sentence: 2179,তোমার,O
,চক্ষু,O
,দুইডা,O
,বেমালা,O
,সুন্দর,O
Sentence: 2180,তোমার,O
,লগে,O
,ম্যালা,O
,দিন,O
,পর,O
,দ্যাহা,O
Sentence: 2181,পোলাডা,O
,বিদ্যাশে,B-LOC
,যাইয়া,O
,পড়াল্যাহা,O
,করার,O
,হপন,O
,দ্যাহে,O
Sentence: 2182,তোমার,O
,লগে,O
,কথা,O
,কইয়া,O
,মোর,O
,বেমালা,O
,ভালো,O
,লাগছে,O
Sentence: 2183,তোমার,O
,দোস্তের,B-REL
,লগে,O
,পরিচিত,O
,হইয়া,O
,ভালো,O
,লাগছে,O
Sentence: 2184,মোর,O
,আব্বা,B-REL
,আর,O
,চাচার,B-REL
,লগে,O
,জায়গা,O
,জমি,O
,লইয়া,O
,কাইজ্জা,O
,হয়,O
Sentence: 2185,ব্যাডাডা,O
,কয়,O
,দিন,O
,আগে,O
,বিয়া,O
,করছে,O
Sentence: 2186,পোরথোম,O
,তোমারে,O
,এউক্কা,O
,বইয়ের,B-OBJ
,দোকানে,O
,যাইতে,O
,হইবে,O
Sentence: 2187,বেশি,O
,কিছু,O
,কয়ার,O
,আগেই,O
,চোউখে,O
,পানি,O
,চইল্লা,O
,আইছে,O
Sentence: 2188,আমনের,O
,দোস্তগো,B-REL
,খামার,O
,দেওয়ার,O
,সুযোগ,O
,কইররা,O
,দেন,O
Sentence: 2189,বেমালা,O
,মানু,O
,এহনো,O
,পাছে,O
,লাইনে,O
,খারাইয়া,O
,আছে,O
Sentence: 2190,এউক্কা,O
,মাতারি,O
,মইরা,O
,গ্যাছে,O
Sentence: 2191,আমনে,O
,এত,O
,খয়রাতি,O
,আগে,O
,কিরলইজ্ঞা,O
,কন,O
,নাই,O
Sentence: 2192,তুমি,O
,ছাড়া,O
,এই,O
,পিরথিবিতে,B-LOC
,মোর,O
,আর,O
,কেউ,O
,নাই,O
Sentence: 2193,মুই,O
,আগেই,O
,কইছি,O
,তোমারে,O
,লইয়া,O
,বিদ্যাশ,B-LOC
,ঘোরতে,O
,চাই,O
Sentence: 2194,মোর,O
,মায়,B-REL
,মোরে,O
,বেবাকটির,O
,সামনে,O
,পিডাইতে,O
,পিডাইতে,O
,বাড়ি,O
,লইয়া,O
,আইছে,O
Sentence: 2195,আমনে,O
,কি,O
,জানেন,O
,এইহানে,O
,ম্যালা,O
,পোলা,O
,কমেন্ট,O
,পড়তে,O
,আইবে,O
Sentence: 2196,আবেগের,O
,ভালবাসা,O
,কাউরে,O
,দেওয়া,O
,উচিত,O
,না,O
Sentence: 2197,একদিন,O
,বিবেকের,O
,ধারে,O
,ভালোবাসা,O
,ঠইজ্ঞা,O
,যাইবে,O
Sentence: 2198,মোর,O
,মনের,O
,ভালবাসা,O
,আজিবন,O
,তোমার,O
,লইজ্ঞা,O
,থাইক্কা,O
,যাইবে,O
Sentence: 2199,জীবনে,O
,একলা,O
,একলা,O
,পথ,O
,চলা,O
,ম্যালা,O
,কঠিন,O
Sentence: 2200,মোর,O
,জীবন,O
,মুই,O
,তোমারে,O
,লইয়া,O
,বাচার,O
,লইজ্ঞা,O
,দিমু,O
Sentence: 2201,মোর,O
,ভালোবাসা,O
,দিয়া,O
,আজীবন,O
,তোমার,O
,ধারে,O
,থাকতে,O
,চাই,O
Sentence: 2202,তোমারে,O
,ক্যামনে,O
,বুঝামু,O
,তোমারে,O
,কতডা,O
,ভালবাসি,O
Sentence: 2203,আমনেরে,O
,দেইকখা,O
,মুই,O
,থমকাইয়া,O
,খারাইয়া,O
,আল্লাম,O
Sentence: 2204,আমনে,O
,বেমালা,O
,কষ্টে,O
,নিজেরে,O
,সামলাইয়া,O
,নেছেন,O
Sentence: 2205,মোর,O
,বান্ধুবি,B-REL
,কিছু,O
,ভাবতে,O
,পারেনা,O
,আমনেরে,O
,থুইয়া,O
Sentence: 2206,মোর,O
,দোস্ত,B-REL
,কিছুই,O
,ল্যাখতে,O
,পারেনা,O
,আমনের,O
,নাম,O
,ছাড়া,O
Sentence: 2207,আমনেরে,O
,ভালবাসি,O
,এই,O
,কথাডা,O
,কওয়া,O
,বাকি,O
Sentence: 2208,মোর,O
,আব্বার,B-REL
,বেমালা,O
,গরম,O
,লাগতেয়াছে,O
Sentence: 2209,মোর,O
,ছোডো,B-REL
,বুইনের,I-REL
,গরম,O
,লাগতেয়াছে,O
Sentence: 2210,এই,O
,গেদুডার,O
,বেমালা,O
,ঠান্ডা,O
,লাগছে,O
Sentence: 2211,মোর,O
,দোস্তের,B-REL
,বেমালা,O
,মন,O
,খারাপ,O
Sentence: 2212,মায়,B-REL
,মোর,O
,লইজ্ঞা,O
,নীল,B-COL
,কাপুড়,B-OBJ
,কিন্না,O
,আনছে,O
Sentence: 2213,মুই,O
,মোর,O
,দোস্তরে,B-ROLE
,এউক্কা,O
,লাল,B-COL
,গোলাপ,B-OBJ
,কিন্না,O
,উপহার,O
,দিছি,O
Sentence: 2214,মুই,O
,মোর,O
,জামাইর,B-REL
,লগে,O
,বিকালে,O
,পার্কে,B-LOC
,ঘোরতে,O
,যামু,O
Sentence: 2215,কাউরে,O
,ভালবাসা,O
,দেওনেই,O
,বেশি,O
,আনন্দ,O
,লাগে,O
,মোর,O
Sentence: 2216,যদি,O
,তুমি,O
,মোর,O
,ধারে,O
,ফিররা,O
,আও,O
,তয়,O
,হ্যারে,O
,ছাইররা,O
,দেও,O
Sentence: 2217,হ্যায়,O
,তোমার,O
,লইজ্ঞা,O
,হগল,O
,কিছু,O
,করতে,O
,পারে,O
Sentence: 2218,আমনে,O
,যেই,O
,মানুডারে,O
,ভালোবাসবেন,O
,হ্যারে,O
,যদি,O
,না,O
,বোঝতে,O
,পারেন,O
,হ্যালে,O
,আমনের,O
,এই,O
,প্রেমের,O
,কোন,O
,অর্থ,O
,নাই,O
Sentence: 2219,আমনে,O
,নিজে,O
,অসুখী,O
,হইয়া,O
,ক্যামনে,O
,অন্যরে,O
,ভালোবাইসসা,O
,সুখী,O
,করবেন,O
Sentence: 2220,তুমি,O
,কাউরো,O
,জীবনে,O
,সুখ,O
,আইননা,O
,দেবা,O
,হেইয়া,O
,ভাইব্বা,O
,তোমার,O
,প্রেম,O
,করা,O
,উচিত,O
Sentence: 2221,আমনের,O
,মনের,O
,কথা,O
,গুলান,O
,মোরে,O
,আইজ,O
,খুইল্লা,O
,কন,O
Sentence: 2222,তুমি,O
,কহনই,O
,পারবা,O
,না,O
,অন্য,O
,কাউরো,O
,ভালোবাসা,O
,ছিনাইয়া,O
,নেতে,O
Sentence: 2223,তুমি,O
,জোর,O
,কইররা,O
,অন্যের,O
,ভালো,O
,লাগার,O
,মানু,O
,হইতে,O
,পারবা,O
,না,O
Sentence: 2224,কাইলগো,O
,বেইন্নাহালে,O
,হ্যাগোরে,O
,দ্যাখতে,O
,পাইবেন,O
Sentence: 2225,তোমার,O
,কোন,O
,কথাতেই,O
,কোন,O
,নিশ্চয়তা,O
,নাই,O
Sentence: 2226,মোর,O
,বেমালা,O
,ভালো,O
,লাগে,O
,কালা,B-COL
,ওই,O
,চক্ষু,O
,দুইডা,O
,তোমার,O
Sentence: 2227,তোমারে,O
,এউক্কা,O
,গোলাপ,B-OBJ
,ফুল,I-OBJ
,কিন্না,O
,দিমু,O
Sentence: 2228,মোর,O
,এই,O
,মন,O
,তোমারে,O
,দেলাম,O
Sentence: 2229,তোমার,O
,হাাজার,O
,কথার,O
,মইধ্যে,O
,তোমার,O
,মনের,O
,কথা,O
,পলাইয়া,O
,আল্লেহ,O
Sentence: 2230,এউক্কা,O
,মানুর,O
,হগল,O
,কথা,O
,একদিনে,O
,মুখে,O
,কইয়া,O
,দেওয়া,O
,যায়না,O
Sentence: 2231,মোর,O
,হাজার,O
,কথার,O
,মইধ্যে,O
,ওই,O
,এউক্কা,O
,কথা,O
,তোমারে,O
,বুইজঝা,O
,নেতে,O
,হইবে,O
Sentence: 2232,মুই,O
,যতদিন,O
,বাইচচা,O
,থাহি,O
,আমনেরে,O
,মনে,O
,রাখমু,O
Sentence: 2233,মোর,O
,যত,O
,কষ্ট,O
,হোক,O
,তোমারে,O
,লইয়া,O
,মুই,O
,জীবন,O
,সাজামুই,O
Sentence: 2234,তোমারে,O
,পড়াল্যাহা,O
,কইররা,O
,কি,O
,হইবে,O
,যদি,O
,তুমি,O
,যারে,O
,ভালবাসো,O
,হ্যারেই,O
,না,O
,পাও,O
Sentence: 2235,চান্দের,O
,মিষ্টি,O
,আলো,O
,দ্যাখতে,O
,মোর,O
,বেমালা,O
,ভালো,O
,লাগে,O
Sentence: 2236,মোগো,O
,বাড়ির,O
,পেরতেক,O
,ঘর,O
,ফুল,B-OBJ
,দিয়া,O
,সাজাইয়া,O
,থুইছি,O
Sentence: 2237,মাছের,B-ANI
,বাজারে,O
,হগলডি,O
,আইয়া,O
,বড়,B-ANI
,মাছটা,I-ANI
,দেহার,O
,লইজ্ঞা,O
,ভিড়,O
,করছে,O
Sentence: 2238,মোর,O
,বিয়া,O
,করার,O
,লইজ্ঞা,O
,আরেকটা,O
,দিন,O
,আগাইছে,O
Sentence: 2239,দুইজনে,O
,মিললা,O
,দূরে,O
,কোনহানে,O
,ঘুইররা,O
,আইতে,O
,পারি,O
Sentence: 2240,আকাশের,O
,নীলে,O
,হারাইয়া,O
,যাইতে,O
,চাই,O
,তোমারে,O
,লইয়া,O
Sentence: 2241,আমনের,O
,লইজ্ঞা,O
,মনে,O
,মোর,O
,একছের,O
,ভালোবাসা,O
Sentence: 2242,মুই,O
,হারাজীবন,O
,আমনের,O
,ভালবাসা,O
,পাইতে,O
,চাই,O
Sentence: 2243,মুই,O
,আর,O
,মোর,O
,ছোডো,B-REL
,বুইন,I-REL
,একলগে,O
,হাতোর,O
,কাডি,O
Sentence: 2244,তোমারে,O
,লইয়া,O
,সুখের,O
,পিরথিবি,B-LOC
,সাজাইতে,O
,চাই,O
Sentence: 2245,আইজগো,O
,সিলেটে,B-LOC
,বইশ্যা,O
,হইবে,O
Sentence: 2246,তোমার,O
,মিছা,O
,ভালোবাসা,O
,একদিন,O
,ঠইজ্ঞা,O
,যাইবে,O
Sentence: 2247,মোর,O
,সত্যর,O
,ভালবাসা,O
,কোন্দিনো,O
,ঠকবে,O
,না,O
Sentence: 2248,এই,O
,গানডা,O
,মোর,O
,বেমালা,O
,ভালো,O
,লাগে,O
Sentence: 2249,তোমারে,O
,একছের,O
,সুন্দর,O
,লাগে,O
Sentence: 2250,আমনের,O
,কি,O
,এহনো,O
,আমনের,O
,ভালবাসার,O
,মানের,O
,কথা,O
,মনে,O
,পরে,O
Sentence: 2251,তোমার,O
,লগে,O
,দ্যাহা,O
,হইলেই,O
,পুরান,O
,ইতিহাস,O
,মনে,O
,পইররা,O
,যায়,O
Sentence: 2252,এই,O
,ছবির,B-OBJ
,নীল,B-COL
,আকাশ,O
,বেমালা,O
,সুন্দর,O
Sentence: 2253,তুমি,O
,এক,O
,সন্ধ্যায়,O
,অফিসে,B-ORG
,গোনে,O
,বাড়ি,B-LOC
,ফিররা,O
,দ্যাখবা,O
,মুই,O
,আর,O
,নাই,O
Sentence: 2254,তোমার,O
,মাইয়া,B-REL
,তোমারে,O
,বেমালা,O
,ভালবাসে,O
Sentence: 2255,মোর,O
,মাঝে,O
,মাঝে,O
,চিল্লাইয়া,O
,কানতে,O
,ইচ্ছা,O
,করে,O
Sentence: 2256,তুমি,O
,চইল্লা,O
,যাওয়ার,O
,পর,O
,মোর,O
,জীবন,O
,থাইম্মা,O
,গ্যাছে,O
Sentence: 2257,মোর,O
,ছোডো,B-REL
,বুইন,I-REL
,কেমন,O
,যানি,O
,শান্ত,O
,হইয়া,O
,গ্যাছে,O
Sentence: 2258,বাপ,B-REL
,মায়ের,B-REL
,আদর,O
,ভালবাসা,O
,ছাড়া,O
,মুই,O
,বড়,O
,হইছি,O
Sentence: 2259,তুমি,O
,সত্যই,O
,বেমালা,O
,কঠিন,O
,সময়,O
,পার,O
,করছ,O
Sentence: 2260,বাপ,B-REL
,হইয়া,O
,মায়ের,B-REL
,দায়িত্ব,O
,পালন,O
,করা,O
,ম্যালা,O
,কঠিন,O
Sentence: 2261,এউক্কা,O
,গেদুরে,B-REL
,খালি,O
,হ্যার,O
,মায়ের,B-REL
,কোলেই,O
,মানায়,O
Sentence: 2262,মোর,O
,কোলে,O
,আইয়া,O
,গেদুডা,B-REL
,হ্যার,O
,মায়রে,B-REL
,খোজে,O
,মনে,O
,হয়,O
Sentence: 2263,মুই,O
,যে,O
,মা,B-REL
,হেইতে,O
,মুই,O
,মোর,O
,গেদুর,B-REL
,মুখের,O
,দিক,O
,চাইয়া,O
,ম্যালা,O
,কিছু,O
,বোঝতে,O
,পারি,O
Sentence: 2264,এই,O
,কঠিন,O
,বাস্তবের,O
,লগে,O
,তোমারে,O
,মানাইয়া,O
,লইয়া,O
,চলতে,O
,হইবে,O
Sentence: 2265,মাইয়াডা,O
,এউক্কা,O
,ভালো,O
,চাকরি,O
,করে,O
Sentence: 2266,এই,O
,মাসে,O
,পোলায়,B-REL
,হ্যার,O
,পরিবার,O
,লইয়া,O
,ঘোরতে,O
,যাওয়ার,O
,কথা,O
Sentence: 2267,মোর,O
,পরিবার,O
,আইজ,O
,বিয়ালে,O
,তোমার,O
,পরিবারের,O
,লগে,O
,কথা,O
,কইবে,O
Sentence: 2268,মোগো,O
,দুইজনের,O
,বিয়া,O
,হওয়ার,O
,কথা,O
,চলতেয়াছে,O
Sentence: 2269,মাইয়াডা,O
,এই,O
,পোলাডারে,O
,বিয়া,O
,করতে,O
,রাজি,O
,হইতেয়াছেনা,O
Sentence: 2270,মোর,O
,জামাই,B-REL
,মোগো,O
,লইয়া,O
,রাইতের,O
,বেলা,O
,ঘোরতে,O
,বাইর,O
,হইবে,O
Sentence: 2271,মোর,O
,পছন্দ,O
,হয়,O
,হেরহম,O
,পোলা,O
,মোর,O
,বাপ,B-REL
,মায়ের,B-REL
,পছন্দ,O
,হয়,O
,না,O
Sentence: 2272,তোমার,O
,নাহান,O
,মানুরা,O
,কহনো,O
,ঠিক,O
,হইবে,O
,না,O
Sentence: 2273,পোলাডা,O
,হ্যার,O
,পরিবারের,O
,পছন্দে,O
,বিয়া,O
,কইররা,O
,হালায়,O
Sentence: 2274,মোর,O
,ভাই,B-REL
,মাইয়াডার,O
,লগে,O
,গ্যাছেকাইল,O
,যোগাযোগ,O
,করে,O
Sentence: 2275,পোলায়,O
,কোন,O
,ধরনের,O
,মামলা,O
,চায়,O
,না,O
Sentence: 2276,হ্যায়,O
,বিয়াইত্যা,O
,হেইতে,O
,মামলা,O
,করতে,O
,চাইতেয়াছে,O
,না,O
Sentence: 2277,এই,O
,ব্যাপারডা,O
,জানাজানি,O
,হইলে,O
,মাতারির,O
,সংসার,O
,টেকপে,O
,না,O
Sentence: 2278,মোর,O
,দোস্ত,B-REL
,মাইয়াগো,O
,লগে,O
,হারা,O
,রাইত,O
,জাইজ্ঞা,O
,কথা,O
,কয়,O
Sentence: 2279,মোর,O
,কাবিনের,O
,টাহা,B-OBJ
,তোমারে,O
,পেরতেক,O
,মাসে,O
,মাসে,O
,দেতে,O
,হইবে,O
Sentence: 2280,মোর,O
,বড়,B-REL
,ভাই,I-REL
,সাত,O
,মাস,O
,প্রেম,O
,কইররা,O
,একজনরে,O
,বিয়া,O
,করছে,O
Sentence: 2281,মুই,O
,কেলাসের,O
,হগল,O
,পোলাগো,O
,লগেই,O
,মেশতাম,O
Sentence: 2282,তোমার,O
,বেমালা,O
,ভুল,O
,আল্লেহ,O
Sentence: 2283,এই,O
,তিন,O
,বছরের,O
,গেদুর,O
,দোষ,O
,কোম্মে,O
Sentence: 2284,তোমারে,O
,কইছিলাম,O
,বিয়াডা,O
,কইররা,O
,হালাও,O
Sentence: 2285,হুদা,O
,তোমার,O
,ভালোর,O
,লইজ্ঞা,O
,বিয়াডা,O
,কইররা,O
,হালাইতে,O
,কইলাম,O
Sentence: 2286,তোমার,O
,ভালোর,O
,লইজ্ঞাই,O
,মুই,O
,তোমারে,O
,থুইয়া,O
,দূরে,O
,চইল্লা,O
,আইছি,O
Sentence: 2287,মুই,O
,আর,O
,তুমি,O
,একলগে,O
,নাই,O
,মুই,O
,হেইডা,O
,মানতে,O
,পারতেয়াছি,O
,না,O
Sentence: 2288,মোর,O
,আর,O
,মোর,O
,স্বপনডা,O
,কবে,O
,যে,O
,পুরণ,O
,হইবে,O
Sentence: 2289,তোমার,O
,পরিবার,O
,মোর,O
,বাপের,B-REL
,লগে,O
,কথা,O
,কইতে,O
,চায়,O
Sentence: 2290,তোমার,O
,বিয়া,O
,হইবে,O
,হুইন্না,O
,মোরা,O
,বেমালা,O
,খুশি,O
Sentence: 2291,মোর,O
,বুইন,B-REL
,হ্যার,O
,দোস্তেরর,B-REL
,লগে,O
,ঘোরতে,O
,যাইতে,O
,চায়,O
Sentence: 2292,মোর,O
,দোস্তরা,B-REL
,সত্যই,O
,ভালো,O
,মনের,O
,মানু,O
Sentence: 2293,মোর,O
,দোস্তরা,B-REL
,হগলডি,O
,বেমালা,O
,মেধাবী,O
Sentence: 2294,মোর,O
,দোস্তগো,B-REL
,লগে,O
,ঘোরতে,O
,বেমালা,O
,ভালো,O
,লাগে,O
Sentence: 2295,হ্যাগো,O
,পরিবারে,O
,কোন,O
,কাইজ্জা,O
,হয়,O
,না,O
Sentence: 2296,মোর,O
,ভাই,B-REL
,বুইনের,B-REL
,ম্যালা,O
,ভালো,O
,ছবি,O
,আঁকে,O
Sentence: 2297,মোর,O
,গেরামের,B-LOC
,মানুগো,O
,মইধ্যে,O
,কোন,O
,রহম,O
,কাইজ্জা,O
,নাই,O
Sentence: 2298,আমনে,O
,বেমালা,O
,সুন্দর,O
,কইররা,O
,কথা,O
,কন,O
Sentence: 2299,তোমার,O
,সুন্দর,O
,সুন্দর,O
,ছবি,B-OBJ
,গুলা,O
,দেইখ্যা,O
,বেমালা,O
,আনন্দ,O
,পাইছি,O
Sentence: 2300,বিয়ার,O
,পর,O
,অনেক,O
,চিকনা,O
,মাইয়া,O
,মোডা,O
,হইয়া,O
,যায়,O
Sentence: 2301,মাইয়ারা,O
,বিয়া,O
,করার,O
,লইজ্ঞা,O
,ভদ্র,O
,পোলা,O
,খোজে,O
Sentence: 2302,মোর,O
,বেমালা,O
,ভয়,O
,লাগতেয়াছে,O
,কোনদিন,O
,মুই,O
,কিডন্যাপ,O
,হইয়া,O
,না,O
,যাই,O
Sentence: 2303,আইজ,O
,সিঙ্গেল,O
,দেইখ্যা,O
,ঘোরতে,O
,যাইতে,O
,পারি,O
,না,O
Sentence: 2304,বাস্তব,O
,জীবনে,O
,বিয়ার,O
,পরই,O
,কাইজ্জা,O
,শুরু,O
,হয়,O
Sentence: 2305,আইজ,O
,খয়রাতি,O
,দেইখ্যা,O
,কেউ,O
,মোরে,O
,ভালোবাসে,O
,না,O
Sentence: 2306,যতদিন,O
,এই,O
,পিরথিবিতে,B-LOC
,থাকমু,O
,তোমারে,O
,মনে,O
,রাহুম,O
Sentence: 2307,খালি,O
,মাইয়ারাই,O
,পারে,O
,সংসার,O
,গুছাইয়া,O
,থুইতে,O
Sentence: 2308,পোলাগো,O
,সহজ,O
,সরল,O
,মনডা,O
,লইয়া,O
,মাইয়ারা,O
,ফুটবল,B-OBJ
,খ্যালে,O
Sentence: 2309,পোলাডা,O
,গাড়ির,B-OBJ
,তলে,O
,পইররা,O
,মইরা,O
,যায়,O
Sentence: 2310,একবার,O
,তোমার,O
,হাত,O
,ধরলে,O
,আর,O
,কোনদিন,O
,ছাড়মু,O
,না,O
Sentence: 2311,তুমি,O
,ছাড়া,O
,মোর,O
,জীবনডা,O
,আন্ধার,O
Sentence: 2312,তোমার,O
,চুল,O
,পরার,O
,সমেস্যা,O
,লইয়া,O
,ডাক্তারের,B-ROLE
,ধারে,O
,যাইতে,O
,হইবে,O
Sentence: 2313,ভাল,O
,মানু,O
,এই,O
,পিরথিবিতে,B-LOC
,বেশি,O
,দিন,O
,বাচে,O
,না,O
Sentence: 2314,গেরামের,B-LOC
,বাড়ির,I-LOC
,এই,O
,মাইয়াডা,O
,বেমালা,O
,ভালো,O
,লাগছেলে,O
Sentence: 2315,পোলাডা,O
,ছুটির,O
,দিনেও,O
,কলেজে,B-ORG
,যায়,O
Sentence: 2316,মোর,O
,বাংলা,O
,ছিনেমা,O
,দ্যাখতে,O
,ভাল,O
,লাগে,O
Sentence: 2317,তোমারে,O
,মুই,O
,ধন্যবাদ,O
,জানাইতে,O
,চাই,O
Sentence: 2318,তোমার,O
,ছোট,B-REL
,ভাইর,I-REL
,জন্মদিন,O
,কবে,O
Sentence: 2319,তুমি,O
,কি,O
,মোরে,O
,এউক্কা,O
,ছবি,O
,তুইল্লা,O
,দেতে,O
,পারবা,O
Sentence: 2320,তোমার,O
,লগে,O
,মোর,O
,মায়,B-REL
,কথা,O
,কইতে,O
,চায়,O
Sentence: 2321,তোমার,O
,ধারে,O
,মুই,O
,এউক্কা,O
,পরামিশ,O
,চাই,O
Sentence: 2322,আমনে,O
,কি,O
,মোরে,O
,এউক্কা,O
,গান,O
,গাইয়া,O
,হুনাইবেন,O
Sentence: 2323,তুমি,O
,কি,O
,তোমার,O
,ভুল,O
,বোঝতে,O
,পারছো,O
Sentence: 2324,তুমি,O
,কি,O
,মোর,O
,লইজ্ঞা,O
,এউক্কা,O
,গান,O
,লেইক্ষা,O
,দেতে,O
,পারবা,O
Sentence: 2325,মোর,O
,পেরতেকদিন,O
,খ্যালতে,O
,ভাল্লাগে,O
Sentence: 2326,মোর,O
,দোস্তরা,B-REL
,বেইন্নাহালে,O
,ফুটবল,B-OBJ
,খ্যালতে,O
,মাঠে,B-LOC
,যায়,O
Sentence: 2327,তোমার,O
,বয়স,O
,কত,O
Sentence: 2328,মুই,O
,বেমালা,O
,বড়,O
,ভুল,O
,কইররা,O
,হালাইছি,O
Sentence: 2329,চান্দের,O
,আলো,O
,দ্যাখতে,O
,মোর,O
,ম্যালা,O
,ভাল,O
,লাগে,O
Sentence: 2330,তুমি,O
,বেইন্নাহালে,O
,উইঠ্যা,O
,চা,B-FOOD
,খাবা,O
Sentence: 2331,আমনে,O
,কি,O
,এট্টু,O
,এইহানে,O
,আইতে,O
,পারবেন,O
Sentence: 2332,তোর,O
,পরিক্ষা,O
,কবে,O
Sentence: 2333,মোর,O
,বিয়ালে,O
,খ্যালার,B-LOC
,মাডে,I-LOC
,যাইতে,O
,হইবে,O
Sentence: 2334,কিছু,O
,মানু,O
,বেমালা,O
,স্বার্থপর,O
,হয়,O
Sentence: 2335,মুই,O
,এউক্কা,O
,ভাল,O
,মানু,O
,হইতে,O
,চাই,O
Sentence: 2336,মোর,O
,পরিবার,O
,তোমারে,O
,কোনদিনও,O
,মাইন্না,O
,নেবে,O
,না,O
Sentence: 2337,আমনেরে,O
,থুইয়া,O
,মোর,O
,বান্ধুবি,B-REL
,ভালো,O
,নাই,O
Sentence: 2338,মাইয়াডার,O
,রাগ,O
,বেমালা,O
,বেশি,O
Sentence: 2339,আমনে,O
,কি,O
,চান,O
,মুই,O
,এইহানে,O
,গোনে,O
,চইল্লা,O
,যাই,O
Sentence: 2340,আমনে,O
,কি,O
,এই,O
,বিয়ায়,O
,রাজি,O
,হইছেন,O
Sentence: 2341,মোর,O
,আব্বার,B-REL
,মাথা,O
,গরম,O
,থাহে,O
Sentence: 2342,আমার,O
,বড়,B-REL
,ভাই,I-REL
,এউক্কা,O
,চ্যাতা,O
,লোক,O
Sentence: 2343,যে,O
,মাইয়া,O
,বেশি,O
,কথা,O
,কয়,O
,হ্যারে,O
,আমার,O
,পছন্দ,O
,না,O
Sentence: 2344,পোলাডা,O
,বেশি,O
,কথা,O
,কয়,O
Sentence: 2345,আমনে,O
,আইজ,O
,সকালে,O
,চা,B-FOOD
,খান,O
,নাই,O
Sentence: 2346,আইজগো,O
,বেইন্নাহালে,O
,মুই,O
,আর,O
,মোর,O
,দোস্তরা,B-REL
,ফুটবল,B-OBJ
,খ্যালতে,O
,মাডে,B-LOC
,গ্যাছি,O
Sentence: 2347,মুই,O
,মোর,O
,মায়ের,B-REL
,হগল,O
,কথা,O
,ম্যালা,O
,মন,O
,দিয়া,O
,হুনি,O
Sentence: 2348,মোর,O
,বান্ধুবির,B-REL
,এউক্কা,O
,ছোডো,B-ANI
,বিলই,I-ANI
,আছে,O
Sentence: 2349,ব্যাডায়,O
,হ্যার,O
,বউর,B-REL
,গায়ে,O
,হাত,O
,তোলে,O
Sentence: 2350,তোমার,O
,কি,O
,মানু,O
,দেহাইন্না,O
,শ্যাষ,O
Sentence: 2351,মোর,O
,বউ,B-REL
,মোরে,O
,কোনদিনও,O
,খোচা,O
,মাইররা,O
,কথা,O
,কয়,O
,নাই,O
Sentence: 2352,তুমি,O
,এউক্কা,O
,ভালো,O
,মাইয়া,O
,মানু,O
Sentence: 2353,তোমারে,O
,জোর,O
,কইররা,O
,বিয়া,O
,দেয়া,O
,হইছেলে,O
Sentence: 2354,হ্যায়,O
,দুইবেলা,O
,ভাত,B-FOOD
,খাইতে,O
,পারে,O
,না,O
Sentence: 2355,তোমার,O
,ধারে,O
,থাকলে,O
,মুই,O
,কল্পনার,O
,চাইয়াও,O
,বেশি,O
,সুখে,O
,থাহি,O
Sentence: 2356,মায়,B-REL
,আইজগো,O
,খাওনে,B-FOOD
,নুন,B-FOOD
,কম,O
,দেছে,O
Sentence: 2357,মোর,O
,মায়,B-REL
,হগল,O
,কালে,O
,বেমালা,O
,হাসি,O
,খুশি,O
,থাহে,O
Sentence: 2358,তোমার,O
,লইজ্ঞা,O
,এত,O
,কিছু,O
,কইররাও,O
,কোন,O
,লাভ,O
,হইলো,O
,না,O
Sentence: 2359,আমনে,O
,মোরে,O
,আর,O
,কত,O
,অবাক,O
,করবেন,O
Sentence: 2360,আমনে,O
,একটু,O
,কম,O
,চাডামি,O
,করেন,O
Sentence: 2361,আইজগো,O
,মোর,O
,ছোডো,B-REL
,বুইন,I-REL
,রানছে,O
Sentence: 2362,খাওনে,B-FOOD
,নুন,B-FOOD
,এট্টু,O
,বেশি,O
,হইয়া,O
,গ্যাছে,O
Sentence: 2363,খাওনে,B-FOOD
,নুন,B-FOOD
,কম,O
,হইলে,O
,আরো,O
,ভালো,O
,লাগতে,O
Sentence: 2364,আইজগো,O
,মুই,O
,বাইরে,O
,যামুই,O
Sentence: 2365,আমনে,O
,একলা,O
,একলা,O
,বায়রায়,O
,ঘোরতে,O
,যান,O
Sentence: 2366,মুই,O
,বেমালা,O
,জোস,O
,মেকাপ,O
,করি,O
Sentence: 2367,তুমি,O
,এককালে,O
,না,O
,বুইজঝা,O
,বেশি,O
,কথা,O
,কও,O
Sentence: 2368,আমনেরে,O
,কিছু,O
,কওয়া,O
,লাগেনা,O
,আমনে,O
,এমনেই,O
,মোর,O
,মনের,O
,কথা,O
,বুইজঝা,O
,যান,O
Sentence: 2369,তোমার,O
,চক্ষু,O
,থাহে,O
,অন্য,O
,মাইয়াগো,O
,দিকে,O
Sentence: 2370,তোমার,O
,বিয়াইত্যা,O
,জীবন,O
,সুখের,O
,হোক,O
Sentence: 2371,মোগো,O
,বাড়ির,O
,চকিদার,B-ROLE
,রাইতে,O
,মদ,B-FOOD
,খায়,O
Sentence: 2372,মোর,O
,জামাই,B-REL
,রাইতে,O
,দোস্তগো,B-REL
,লগে,O
,আড্ডা,O
,দেয়,O
Sentence: 2373,মুই,O
,আর,O
,মোর,O
,আব্বায়,B-REL
,বিয়া,B-LOC
,বাড়ি,I-LOC
,যাইতেয়াছি,O
Sentence: 2374,তুমি,O
,মোর,O
,ধারে,O
,ধরা,O
,পরার,O
,পরেও,O
,পরকীয়া,O
,করার,O
,কথা,O
,স্বীকার,O
,করতেয়াছো,O
,না,O
Sentence: 2375,এউক্কা,O
,বিয়াইত্যা,B-REL
,মাতারি,I-REL
,রাস্তা,B-LOC
,দিয়া,O
,হাইট্টা,O
,যাইতেয়াছে,O
Sentence: 2376,মোর,O
,মায়,B-REL
,মোর,O
,পড়াল্যাহার,O
,খরচ,O
,দেতে,O
,চায়,O
,না,O
Sentence: 2377,মোর,O
,মায়,B-REL
,বেমালা,O
,কষ্ট,O
,কইররা,O
,মোগো,O
,বড়,O
,করছে,O
Sentence: 2378,তোমার,O
,ছোট,B-REL
,ভাই,I-REL
,আগে,O
,নেশায়,O
,আসক্ত,O
,আল্লেহ,O
Sentence: 2379,পোলাডা,O
,হারাদিন,O
,বায়রায়,O
,বায়রায়,O
,থাহে,O
Sentence: 2380,মোর,O
,হুবু,B-REL
,চাচারাও,B-REL
,মোরে,O
,বেমালা,O
,ভালবাসে,O
Sentence: 2381,মোর,O
,মায়,B-REL
,আগের,O
,চাইয়া,O
,এহন,O
,বেমালা,O
,ভালো,O
,আছে,O
Sentence: 2382,মুই,O
,আর,O
,মোর,O
,ছোডো,B-REL
,বুইন,I-REL
,আইজগো,O
,খালার,B-LOC
,বাসায়,I-LOC
,ঘোরতে,O
,যামু,O
Sentence: 2383,মোর,O
,বড়,B-REL
,বুইন,I-REL
,এত,O
,বেইন্নাহালে,O
,ঘুমে,O
,গোনে,O
,ওঠতে,O
,পারে,O
,না,O
Sentence: 2384,মোর,O
,বড়,B-REL
,বুইন,I-REL
,বেমালা,O
,আইলসা,O
,এউক্কা,O
,কাম,O
,সময়মত,O
,করতে,O
,পারে,O
,না,O
Sentence: 2385,আমনের,O
,লগে,O
,মোর,O
,এউক্কা,O
,জরুলি,O
,কথা,O
,আছে,O
Sentence: 2386,বেইন্নাহালে,O
,জলদি,O
,উইঠ্যা,O
,বায়রায়,O
,এট্টু,O
,হাইট্টা,O
,আওয়া,O
,বেমালা,O
,উপকারি,O
Sentence: 2387,তুমি,O
,কি,O
,আমডা,B-FOOD
,খাইল্লা,O
Sentence: 2388,বাগের,B-LOC
,মাঝে,O
,যাইয়া,O
,মোর,O
,ছোডো,B-REL
,ভাই,I-REL
,দৌড়াইছে,O
Sentence: 2389,আমনে,O
,ফুটবল,B-OBJ
,খ্যালায়,O
,ঠইজ্ঞা,O
,গ্যালেন,O
Sentence: 2390,তুমি,O
,কিরকেট,O
,খেলায়,O
,জেতলে,O
Sentence: 2391,তুই,O
,এইহানে,O
,থাইক্কা,O
,যা,O
Sentence: 2392,আমনে,O
,মোরে,O
,দয়া,O
,কইররা,O
,বিশ্বাস,O
,করেন,O
Sentence: 2393,ছোডো,O
,গেদুডা,O
,অসুস্থ,O
,হইয়া,O
,পরছে,O
Sentence: 2394,তুমি,O
,কি,O
,মোর,O
,লইজ্ঞা,O
,অপেক্ষা,O
,করতে,O
,পারবা,O
Sentence: 2395,তুমি,O
,মোর,O
,ধারে,O
,মাফ,O
,চাও,O
Sentence: 2396,মুই,O
,বিয়ালে,O
,এট্টু,O
,ঘুমাইয়া,O
,নেলাম,O
Sentence: 2397,মোর,O
,আব্বায়,B-REL
,বর,B-REL
,ভাইর,I-REL
,উপরে,O
,চেইত্তা,O
,গ্যাল্লেহ,O
Sentence: 2398,তোমার,O
,কথা,O
,হুইন্না,O
,মুই,O
,বেমালা,O
,অবাক,O
,হইয়া,O
,গ্যাল্লাম,O
Sentence: 2399,তোমার,O
,কি,O
,মাথা,O
,বেথা,O
,করতেয়াছে,O
Sentence: 2400,মোর,O
,হাত,O
,খরচের,O
,টাহা,B-OBJ
,মোর,O
,আব্বায়,B-REL
,দেয়,O
Sentence: 2401,মোর,O
,বুইন,B-REL
,ইদানিং,O
,বেমালা,O
,খারাপ,O
,আচরণ,O
,করে,O
Sentence: 2402,মুই,O
,যেই,O
,পোলারে,O
,পছন্দ,O
,করি,O
,হ্যায়,O
,মোর,O
,পরিবারের,O
,কাউরে,O
,সম্মান,O
,করেনা,O
Sentence: 2403,মাইয়াডা,O
,হ্যারে,O
,বিয়া,O
,করবেনা,O
,কইয়া,O
,দেছে,O
Sentence: 2404,বাড়ি,O
,দিয়া,O
,বিয়ার,O
,লইজ্ঞা,O
,মোর,O
,লইজ্ঞা,O
,মাইয়া,O
,দ্যাহা,O
,শুরু,O
,করছে,O
Sentence: 2405,মোর,O
,বিয়া,O
,তোমার,O
,ছোডো,B-REL
,বুইনের,I-REL
,লগে,O
,ঠিক,O
,হইছে,O
Sentence: 2406,পোলাডা,O
,আরো,O
,দুজ্ঞা,O
,বছর,O
,পর,O
,বিয়া,O
,করতে,O
,চায়,O
Sentence: 2407,বাপে,B-REL
,মোগো,O
,হগল,O
,সম্পত্তি,O
,বেইচ্চা,O
,মোগো,O
,লইয়া,O
,গেরামের,B-LOC
,বাড়ি,I-LOC
,চইল্লা,O
,আইছে,O
Sentence: 2408,মুই,O
,হগলডিরে,O
,বুঝাইয়া,O
,বুঝাইয়া,O
,পাগল,O
,যে,O
,মোর,O
,মায়,B-REL
,এরহম,O
,কিছু,O
,করে,O
,নাই,O
Sentence: 2409,হ্যাগো,O
,পারিবারিক,O
,ভাবেই,O
,বিয়া,O
,হইছে,O
Sentence: 2410,হ্যাগো,O
,প্রেম,O
,কইররা,O
,বিয়া,O
,হইছেলে,O
Sentence: 2411,মোর,O
,হাউরি,B-REL
,বেমালা,O
,ভালো,O
,রান্দে,O
Sentence: 2412,আব্বায়,B-REL
,অশিক্ষিত,O
,এউক্কা,O
,পোলার,O
,লগে,O
,মোর,O
,বিয়া,O
,দেতে,O
,চাইল্লে,O
Sentence: 2413,আব্বায়,B-REL
,মান,O
,সম্মানের,O
,ডরে,O
,মামলা,O
,করেনাই,O
Sentence: 2414,পোলাডা,O
,চাচার,B-REL
,ডরে,O
,হ্যার,O
,বাপেরে,B-REL
,সত্য,O
,কথা,O
,কইতে,O
,পারেনাই,O
Sentence: 2415,মুই,O
,তহন,O
,বেমালা,O
,ছোডো,O
,যহন,O
,মোর,O
,মায়,B-REL
,মইরা,O
,গ্যাল্লেহ,O
Sentence: 2416,গেরামে,B-LOC
,গোনে,O
,আওয়া,O
,পোলাডা,O
,এহন,O
,ঢাকায়,B-LOC
,পড়াল্যাহা,O
,করতেয়াছে,O
Sentence: 2417,মোর,O
,লগে,O
,হ্যার,O
,পরিচয়,O
,হইছে,O
,ইস্কুলে,B-ORG
,যাইয়া,O
Sentence: 2418,মোরে,O
,দয়া,O
,কইররা,O
,পরামিশ,O
,দেন,O
,মুই,O
,এহন,O
,কি,O
,করতে,O
,পারি,O
Sentence: 2419,মোর,O
,বায়রায়,O
,ঘোরতে,O
,যাওয়ার,O
,কোন,O
,ইচ্ছা,O
,আল্লেহ,O
,না,O
Sentence: 2420,পোলাডা,O
,বিরি,B-OBJ
,পর্যন্ত,O
,খায়,O
,না,O
Sentence: 2421,পোরথোমদিক,O
,আমনেরে,O
,মুই,O
,এত,O
,ভালোবাস্তাম,O
,না,O
Sentence: 2422,পোলাডা,O
,সপ্তাখানেক,O
,আগে,O
,মোগো,O
,লগে,O
,দ্যাহা,O
,করছে,O
Sentence: 2423,অই,O
,মাইয়ারে,O
,যেমনেই,O
,হউক,O
,খুইজ্জা,O
,বাইর,O
,করতে,O
,হইবে,O
Sentence: 2424,পোলাডার,O
,কাহিনি,O
,হুইন্না,O
,মোরা,O
,হ্যারে,O
,সাহাইয্য,O
,করি,O
Sentence: 2425,পোলাডা,O
,হ্যার,O
,পরিবার,O
,সহ,O
,চান,O
,রাইতে,O
,মোগো,O
,লগে,O
,দ্যাহা,O
,করতে,O
,আহে,O
Sentence: 2426,মাইয়াডা,O
,বাংলাদেশে,B-LOC
,আইয়া,O
,হ্যার,O
,পছন্দের,O
,পোলার,O
,লগে,O
,বিয়া,O
,ঠিক,O
,করছে,O
Sentence: 2427,মোগো,O
,এলাকায়,O
,কেরেস্তাল,O
,ত্যালের,O
,দাম,O
,বাইররা,O
,গ্যাছে,O
Sentence: 2428,মোগো,O
,পেরতেকদিন,O
,হোবরি,B-FOOD
,খাইতে,O
,বেমালা,O
,ভালো,O
,লাগে,O
Sentence: 2429,হোবরি,B-FOOD
,মোর,O
,প্রিয়,O
,ফল,B-FOOD
Sentence: 2430,মোর,O
,আব্বায়,B-REL
,পেরতেকদিন,O
,নাহোইল,B-FOOD
,পানি,I-FOOD
,খায়,O
Sentence: 2431,মোর,O
,দাদার,B-REL
,বাড়ির,O
,পাছে,O
,এউক্কা,O
,হোবরি,B-OBJ
,গাছ,I-OBJ
,আছে,O
Sentence: 2432,মায়,B-REL
,ওশ্যায়,B-LOC
,বইয়া,O
,রাওয়ার,B-FOOD
,গোস্ত,I-FOOD
,রানতেয়াছে,O
Sentence: 2433,গেরামের,B-LOC
,মানে,O
,মাডির,B-OBJ
,পাইলায়,I-OBJ
,রান্দে,O
Sentence: 2434,মোর,O
,ছোডো,B-REL
,ভাই,I-REL
,উশ্যির,B-FOOD
,শালুন,I-FOOD
,দিয়া,O
,ভাত,B-FOOD
,খাইতে,O
,বেমালা,O
,ভালবাসে,O
Sentence: 2435,এই,O
,গেদুডা,O
,পাহা,B-FOOD
,কোম্বা,I-FOOD
,খাইতেয়াছে,O
Sentence: 2436,আব্বায়,B-REL
,গেরাম,B-LOC
,দিয়া,O
,আওয়ার,O
,কালে,O
,ম্যালা,O
,বড়,O
,বড়,O
,ছোলোম,B-FOOD
,কিন্না,O
,আনছে,O
Sentence: 2437,মোর,O
,মায়,B-REL
,লকট,B-FOOD
,খাইতেয়াছে,O
Sentence: 2438,মোর,O
,ছোডো,B-REL
,ভাই,I-REL
,বিয়ালে,O
,মাছায়,O
,উইঠ্যা,O
,লগের,O
,বাড়ির,O
,মাছার,O
,কইতর,B-ANI
,দ্যাহে,O
Sentence: 2439,মোগো,O
,গেরামের,B-LOC
,বাড়িতে,I-LOC
,বেমালা,O
,মুরহার,B-ANI
,ছাও,I-ANI
,আছে,O
Sentence: 2440,গেদুডা,O
,এউক্কা,O
,মুরহার,B-ANI
,ছাও,I-ANI
,কোলে,O
,নেছে,O
Sentence: 2441,মোর,O
,ছোডো,B-REL
,বুইন,I-REL
,একছের,O
,গোঙ্গা,O
Sentence: 2442,গেরামের,B-LOC
,বাড়ি,I-LOC
,যাইয়া,O
,মুই,O
,একলা,O
,একলা,O
,হাতোর,O
,কাটছি,O
Sentence: 2443,মোর,O
,আব্বায়,B-REL
,মায়,B-REL
,ভাই,B-REL
,বুই,B-REL
,হাইতনায়,O
,বইয়া,O
,আছে,O
Sentence: 2444,মোগো,O
,বাড়ির,O
,উগোইরডা,O
,বেমালা,O
,বড়,O
Sentence: 2445,গেদুডা,O
,এউক্কা,O
,বিলোই,B-ANI
,ছাওরে,I-ANI
,আদর,O
,করতেয়াছে,O
Sentence: 2446,দাউরের,B-OBJ
,উনানে,I-OBJ
,রান্দা,O
,খাওন,O
,একছের,O
,মজা,O
Sentence: 2447,মোর,O
,বড়,B-ROLE
,ভাই,I-ROLE
,বাইগুন,B-FOOD
,শালুনের,I-FOOD
,হুররা,I-FOOD
,দুফুরে,O
,ভাত,B-FOOD
,খাইল্লে,O
Sentence: 2448,মোর,O
,আব্বায়,B-ROLE
,কদু,B-FOOD
,দিয়া,I-FOOD
,ইছা,I-FOOD
,মাছের,I-FOOD
,হুররা,I-FOOD
,মেলা,O
,পছন্দ,O
,করে,O
Sentence: 2449,মোর,O
,শীতের,O
,কালে,O
,নাইতে,O
,ভালো,O
,লাগেনা,O
Sentence: 2450,মোর,O
,বুইন,B-REL
,গেরামের,B-LOC
,বাড়ি,I-LOC
,যাইয়া,O
,পুহুইরে,B-LOC
,নাইতে,O
,যায়,O
Sentence: 2451,মোর,O
,মায়,B-REL
,কয়,O
,যে,O
,ট্যাঙ্গা,B-FOOD
,খাইলে,O
,মোর,O
,বুদ্ধি,O
,কইম্মা,O
,যাইবে,O
Sentence: 2452,মোর,O
,আব্বায়,B-REL
,বাজারে,B-LOC
,গোনে,O
,মোগো,O
,লইজ্ঞা,O
,ট্যাঙ্গা,B-FOOD
,কিন্না,O
,আনছে,O
Sentence: 2453,মোর,O
,গেরামের,B-LOC
,বাড়ির,I-LOC
,উডান,I-LOC
,বেমালা,O
,বড়,O
Sentence: 2454,এই,O
,গেদুডা,O
,গেরামের,B-LOC
,বাড়ির,I-LOC
,উডানে,O
,খ্যালতেআছে,O
Sentence: 2455,ছোডো,O
,গেদুডা,O
,বেমালা,O
,অসুস্থ,O
Sentence: 2456,এউক্কা,O
,আহত,O
,গেদু,O
,রাস্তায়,B-LOC
,খারাইয়া,O
,কানতেয়াছে,O
Sentence: 2457,মোর,O
,ছোডো,B-REL
,বুইনেরে,I-REL
,আইজগো,O
,বেইন্নাহালে,O
,হাসপাতালে,B-ORG
,নেওয়া,O
,হইছে,O
Sentence: 2458,আব্বায়,B-REL
,কইছে,O
,বইশ্যা,O
,হইলে,O
,বারিন্দার,O
,গাছে,O
,পানি,B-FOOD
,দেওয়ার,O
,দরকার,O
,নাই,O
Sentence: 2459,মোর,O
,মায়,B-REL
,বইশ্যা,O
,হইলেও,O
,বারিন্দার,O
,গাছে,O
,পানি,B-FOOD
,দ্যায়,O
Sentence: 2460,আব্বায়,B-REL
,কইছে,O
,গাছে,O
,বেশি,O
,পানি,B-FOOD
,দেলে,O
,গাছ,O
,মইররা,O
,যায়,O
Sentence: 2461,গ্যাছেকাইল,O
,বিয়ালে,O
,মোগো,O
,এইহানে,O
,বেমালা,O
,বইশ্যা,O
,হইছে,O
Sentence: 2462,মোর,O
,মায়,B-REL
,আইজগো,O
,হোয়ার,B-FOOD
,শালুন,I-FOOD
,রানতেয়াছে,O
Sentence: 2463,গরমের,O
,কালে,O
,নুন,B-FOOD
,দিয়া,O
,হোয়া,B-FOOD
,খাইতে,O
,বেমালা,O
,ভালো,O
,লাগে,O
Sentence: 2464,হোয়া,B-FOOD
,খাইতে,O
,বেমালা,O
,সুস্বাদু,O
Sentence: 2465,আব্বায়,B-REL
,আইজগো,O
,বেইন্নাহালে,O
,বাজারগোনে,O
,টমাটো,B-FOOD
,কিন্না,O
,আনছে,O
Sentence: 2466,দিন,O
,দিন,O
,টমাটোর,B-FOOD
,দাম,O
,বাড়তেই,O
,আছে,O
Sentence: 2467,মোর,O
,কউররার,B-FOOD
,ত্যাল,I-FOOD
,দিয়া,O
,মাছ,B-FOOD
,ভাইজ্জা,I-FOOD
,খাইতে,O
,বেমালা,O
,ভালো,O
,লাগে,O
Sentence: 2468,মোর,O
,দাদায়,B-REL
,চুলে,O
,কউররার,O
,ত্যাল,O
,দ্যায়,O
Sentence: 2469,মোর,O
,নানায়,B-REL
,কইছে,O
,কউররার,O
,ত্যাল,O
,চুল,O
,পরা,O
,কমায়,O
Sentence: 2470,এউক্কা,O
,চাষি,B-ROLE
,বাজারে,O
,টমাটো,B-FOOD
,বেচে,O
Sentence: 2471,মোর,O
,আব্বায়,B-REL
,শরিলে,O
,কউররার,O
,ত্যাল,O
,মালিশ,O
,করে,O
Sentence: 2472,দিন,O
,দিন,O
,মুই,O
,বেমালা,O
,অসুস্থ,O
,হইয়া,O
,যাইতেয়াছি,O
Sentence: 2473,যেইহানে,O
,সেইহানে,O
,ছ্যাপ,O
,হালাইন্না,O
,এককালে,O
,নিষেধ,O
Sentence: 2474,মোর,O
,আম্মায়,B-REL
,কইছে,O
,পেরতেকদিন,O
,ট্যাঙ্গা,B-FOOD
,খাইলে,O
,মোর,O
,শরিলের,O
,রক্ত,O
,পানি,O
,হইয়া,O
,যাইবে,O
Sentence: 2475,মোর,O
,ছোডো,B-REL
,ভাইর,I-REL
,প্রিয়,O
,ফল,B-FOOD
,হইলে,O
,লকট,B-FOOD
Sentence: 2476,গেদুডার,O
,কয়দিন,O
,ধইররা,O
,সর্দি,O
,কাশ,O
Sentence: 2477,মোগো,O
,গেরামের,B-LOC
,বাজারে,I-LOC
,বেমালা,O
,বড়,O
,এউক্কা,O
,দেশী,B-ANI
,মুরহার,I-ANI
,দোকান,B-LOC
,আছে,O
Sentence: 2478,বেইন্নাহালে,O
,ঘুমে,O
,গোনে,O
,উইটঠা,O
,নাহইল,B-FOOD
,পানি,I-FOOD
,খাইতে,O
,মোর,O
,বেমালা,O
,ভালো,O
,লাগে,O
Sentence: 2479,মুই,O
,আইজগো,O
,উশ্যি,B-FOOD
,ভাজি,I-FOOD
,দিয়া,O
,দুফুরে,O
,ভাত,B-FOOD
,খাইছি,O
Sentence: 2480,মায়,B-REL
,মোর,O
,লইজ্ঞা,O
,উশ্যি,B-FOOD
,ভাজি,I-FOOD
,রানছে,O
Sentence: 2481,মায়,B-REL
,ওশ্যায়,O
,বইয়া,O
,মাডির,B-OBJ
,পাইলায়,I-OBJ
,মুরহার,B-FOOD
,গোস্ত,I-FOOD
,রানছে,O
Sentence: 2482,বেমালা,O
,মানু,O
,শখের,O
,ঠেলায়,O
,মাছার,O
,উপরে,O
,কইতর,B-ANI
,পালে,O
Sentence: 2483,দুজ্ঞাদিন,O
,ধইররা,O
,মোর,O
,বেমালা,O
,ঠান্ডা,O
,জ্বর,O
Sentence: 2484,বেইন্নাহালে,O
,ঘুমে,O
,গোনে,O
,উইটঠা,O
,ঘরের,O
,উগোইর,O
,পরিষ্কার,O
,করতে,O
,হইবে,O
Sentence: 2485,নুন,B-FOOD
,দিয়া,O
,হবরি,B-FOOD
,খাইতে,O
,মোর,O
,ছোডো,B-REL
,বুইনে,I-REL
,বেমালা,O
,পছন্দ,O
,করে,O
Sentence: 2486,মায়,B-REL
,ওশ্যায়,O
,বইয়া,O
,আব্বার,B-REL
,লইজ্ঞা,O
,উশ্যির,B-FOOD
,শালুন,I-FOOD
,রানছে,O
Sentence: 2487,মুই,O
,আর,O
,আব্বায়,B-REL
,গ্যাছেকাইল,O
,সিলেট,B-LOC
,গোনে,O
,ঢাকায়,B-LOC
,আইছি,O
Sentence: 2488,মায়,B-REL
,দাউর,B-OBJ
,উনানে,I-OBJ
,রানতেয়াছে,O
Sentence: 2489,মোর,O
,বড়,B-REL
,বুইনডা,I-REL
,কাঁচা,B-FOOD
,আমের,I-FOOD
,শরবত,I-FOOD
,খাইতে,O
,বেমালা,O
,ভালবাসে,O
Sentence: 2490,এই,O
,গোঙ্গা,O
,পোলাডা,O
,দুজ্ঞাদিন,O
,ধইররা,O
,পড়াল্যাহা,O
,করতেয়াছে,O
,না,O
Sentence: 2491,বিয়ালে,O
,মায়,B-REL
,মোর,O
,লইজ্ঞা,O
,হোয়ার,B-FOOD
,স্যুপ,I-FOOD
,রানছে,O
Sentence: 2492,মোর,O
,ইস্কুলে,B-ORG
,কোন,O
,খ্যালার,B-LOC
,মাঠ,I-LOC
,নাই,O
Sentence: 2493,মোরা,O
,হগলডি,O
,একলগে,O
,খ্যালা,O
,দেখতেয়াছিলাম,O
Sentence: 2494,বিশ্বকাপ,B-ORG
,কিরকেট,O
,খ্যালা,O
,আইজগো,O
,গোনে,O
,শুরু,O
Sentence: 2495,আইজগো,O
,ইংল্যান্ড,B-LOC
,বিশ্বকাপ,B-ORG
,কিরকেট,O
,খ্যালায়,O
,জিততা,O
,গ্যাছে,O
Sentence: 2496,লও,O
,মোরা,O
,হগলডি,O
,গান,O
,গাই,O
Sentence: 2497,তুমি,O
,কি,O
,মোরে,O
,এক,O
,গেলাস,B-OBJ
,পানি,B-FOOD
,আইননা,O
,দেতে,O
,পারবা,O
Sentence: 2498,মুই,O
,পারমু,O
,না,O
,পানি,B-FOOD
,দেতে,O
Sentence: 2499,তোমার,O
,ভাই,B-REL
,পড়াল্যাহায়,O
,বেমালা,O
,মেধাবি,O
Sentence: 2500,আচ্ছা,O
,কও,O
,দেহি,O
,বাংলাদেশে,B-LOC
,কয়ডা,O
,জেলা,B-LOC
Sentence: 2501,সামনের,O
,দিক,O
,যাইয়া,O
,মাইয়াডা,O
,বেমালা,O
,হাসবে,O
Sentence: 2502,মুই,O
,হুমমে,O
,যামুনা,O
Sentence: 2503,মুই,O
,হুমমে,O
,যামু,O
Sentence: 2504,একটা,O
,কবিতা,O
,কও,O
Sentence: 2505,মোর,O
,কবিতা,O
,পছন্দ,O
Sentence: 2506,মোর,O
,কপাল,O
,ভালা,O
Sentence: 2507,হে,O
,কেমনে,O
,ভিম্রি,O
,দিছে,O
,দেখ,O
Sentence: 2508,কি,O
,পাইছেন,O
Sentence: 2509,তোরে,O
,দেইক্কা,O
,নিমু,O
Sentence: 2510,ভুইলা,O
,গেছো,O
Sentence: 2511,কি,O
,সালুন,B-FOOD
Sentence: 2512,মুই,O
,পারমু,O
,না,O
Sentence: 2513,হে,O
,পলাইছে,O
Sentence: 2514,হে,O
,একছে,O
,ডউররা,O
Sentence: 2515,সালুন,B-FOOD
,নাই,O
Sentence: 2516,ধারে,O
,আও,O
Sentence: 2517,আমনেরে,O
,পাডাইছে,O
Sentence: 2518,শিমুর,B-PER
,গোলাপি,B-COL
,রং,I-COL
,পছন্দ,O
Sentence: 2519,শিমুর,B-PER
,আকাশী,B-COL
,রং,I-COL
,পছন্দ,O
Sentence: 2520,শিমুর,B-PER
,ধূসর,B-COL
,রং,I-COL
,পছন্দ,O
Sentence: 2521,শিমুর,B-PER
,মেরুন,B-COL
,রং,I-COL
,পছন্দ,O
Sentence: 2522,শিমুর,B-PER
,কমলা,B-COL
,রং,I-COL
,পছন্দ,O
Sentence: 2523,শিমুর,B-PER
,খয়েরি,B-COL
,রং,I-COL
,পছন্দ,O
Sentence: 2524,আমনেরা,O
,আগে,O
,যান,O
Sentence: 2525,হামনে,O
,কোমমেইদ্যা,O
,আইছেন,O
Sentence: 2526,সামলাইয়া,O
,রাহিস,O
Sentence: 2527,মুই,O
,ঠিক,O
,থাকলে,O
,কি,O
,করবে,O
Sentence: 2528,মোর,O
,কতা,O
,বোজোছ,O
,তুই,O
Sentence: 2529,মোর,O
,পিছনে,O
,কি,O
Sentence: 2530,তোরে,O
,মোরা,O
,দেকমু,O
,আনে,O
Sentence: 2531,যাওয়ার,O
,ক্যালপ,O
,কোমমে,O
,গেছিলি,O
Sentence: 2532,জানডা,O
,ঘরে,O
,রাইখখ্যা,O
Sentence: 2533,মাতায়,O
,হাত,O
,দিয়া,O
,ক,O
,মোরে,O
,ধোকা,O
,দিবি,O
,না,O
Sentence: 2534,তোর,O
,নাম,O
,লেইকক্যা,O
,দিছি,O
Sentence: 2535,হয়,O
,কইলে,O
,কইস,O
,না,O
,কইলেও,O
,কইস,O
Sentence: 2536,মুই,O
,জানি,O
,তুই,O
,আইছো,O
Sentence: 2537,তুই,O
,কাইল,O
,আইস,O
Sentence: 2538,মুই,O
,জানি,O
,তুই,O
,আইছো,O
Sentence: 2539,সিটি,B-ORG
,কর্পোরেশন,I-ORG
,অফিস,I-ORG
,আছে,O
Sentence: 2540,মেলা,O
,সমস্যায়,O
,আছি,O
Sentence: 2541,মুই,O
,সত্যিই,O
,মেলা,O
,অসায়,O
,বোধ,O
,করতেআছি,O
Sentence: 2542,মুই,O
,মেলা,O
,অসায়,O
,বোধ,O
,করতেআছি,O
Sentence: 2543,মেলা,O
,অসায়,O
,বোধ,O
,করতেআছি,O
Sentence: 2544,অসায়,O
,বোধ,O
,করতেআছি,O
Sentence: 2545,মুই,O
,সত্যিই,O
,মেলা,O
,অসায়,O
Sentence: 2546,ভিডিও,O
,বানাইন্নার,O
,কি,O
,দরকার,O
,অ্যালেহ,O
Sentence: 2547,বানাইন্নার,O
,কি,O
,দরকার,O
,অ্যালেহ,O
Sentence: 2548,মোরে,O
,বোলা,O
Sentence: 2549,সে,O
,সিলেট,B-LOC
,দিয়া,O
,মোর,O
,লগে,O
,দেহা,O
,করতে,O
,আইসেলে,O
Sentence: 2550,মোর,O
,লগে,O
,দেহা,O
,করতে,O
,আইসেলে,O
Sentence: 2551,দেহা,O
,করতে,O
,আইসেলে,O
Sentence: 2552,ফোয়াইবা,O
,সিলেট্টুন,B-LOC
,ধাহা,B-LOC
,আইসে,O
Sentence: 2553,ছুইবেন,O
,না,O
Sentence: 2554,অইয়া,O
,গেছি,O
Sentence: 2555,আসল,O
,কতায়,O
,আও,O
Sentence: 2556,মুই,O
,ভাত,B-FOOD
,খামু,O
,না,O
,রাগইছি,O
Sentence: 2557,হামনে,O
,মোরে,O
,হালাইয়া,O
,যাইবেন,O
Sentence: 2558,বিয়া,O
,হইছে,O
,অনেক,O
,বছর,O
,আগে,O
Sentence: 2559,যাওয়ার,O
,কতা,O
,নাই।,O
Sentence: 2560,চিন্তা,O
,হরছি,O
,কিছু,O
,এউক্কা,O
,হরমু,O
Sentence: 2561,ওইডাই,O
,ভালো,O
,হইবে,O
,তোর,O
,লইগ্গা,O
Sentence: 2562,বাড়ি,O
,আওয়ার,O
,সোমায়,O
,হইয়্যা,O
,গেছে,O
Sentence: 2563,সে,O
,খাওন,O
,থামাইয়্যা,O
,কইল,O
Sentence: 2564,খাওন,O
,খাইতে,O
,গেছে,O
Sentence: 2565,কতা,O
,কোম,O
,কইয়া,O
,খাইতে,O
,থাক,O
Sentence: 2566,খাইয়া,O
,তার,O
,দিকে,O
,গ্যাছে,O
Sentence: 2567,দেইখ্যা,O
,চক্কু,O
,গ্যালে,O
Sentence: 2568,সুন্দর,O
,কিছু,O
,হইতে,O
,পারে,O
Sentence: 2569,বিয়া,O
,হরছে,O
,মোর,O
,ছোট,B-REL
,ভাই,I-REL
Sentence: 2570,মাতায়,O
,বুদ্ধি,O
,হয়,O
,নাই,O
Sentence: 2571,আন্ডা,B-FOOD
,দেওয়া,O
,আটকাইয়া,O
,দে,O
Sentence: 2572,হগোলডিরে,O
,কওয়া,O
,হইছে,O
Sentence: 2573,কওয়া,O
,হইছে,O
Sentence: 2574,হামনের,O
,এডা,O
,হরা,O
,লাগবে,O
Sentence: 2575,হরা,O
,লাগবে,O
Sentence: 2576,চিল্যা,O
,আবি,O
Sentence: 2577,মুই,O
,তারে,O
,কইলাম,O
,এডা,O
,করিস,O
,না,O
Sentence: 2578,মুই,O
,তারে,O
,কইলাম,O
Sentence: 2579,এডা,O
,করিস,O
,না,O
Sentence: 2580,কি,O
,দরকার,O
,অ্যালেহ,O
Sentence: 2581,দরকার,O
,অ্যালেহ,O
Sentence: 2582,বানাইন্নার,O
,কি,O
,দরকার,O
Sentence: 2583,এইরহম,O
,করতেয়াছে,O
,কির,O
,লইগ্গা,O
,বইয়া,O
,বইয়া,O
Sentence: 2584,কির,O
,লইগ্গা,O
,বইয়া,O
,বইয়া,O
Sentence: 2585,এইরহম,O
,করতেয়াছে,O
Sentence: 2586,এইয়া,O
,কেমনে,O
,সম্ভব,O
Sentence: 2587,এইয়া,O
,কেমনে,O
,সম্ভব,O
Sentence: 2588,তুমি,O
,এত্ত,O
,ঘুমাও,O
,কির,O
,লইগ্গা,O
Sentence: 2589,তুমি,O
,ঘুমাও,O
,কির,O
,লইগ্গা,O
Sentence: 2590,ঘুমাও,O
,কির,O
,লইগ্গা,O
Sentence: 2591,এত্ত,O
,ঘুমাও,O
,কির,O
,লইগ্গা,O
Sentence: 2592,তুমি,O
,ঘুমাও,O
Sentence: 2593,তোর,O
,কাম,O
,নাই,O
Sentence: 2594,কতাডা,O
,ঠিক,O
,কি,O
,আছে,O
Sentence: 2595,তোর,O
,কানডামুই,O
,লাল,B-COL
,হইরা,O
,হালামু,O
Sentence: 2596,মুই,O
,সমস্যায়,O
,আছি,O
Sentence: 2597,সমস্যায়,O
,আছি,O
Sentence: 2598,তোমার,O
,লগে,O
,মোর,O
,দরকারী,O
,কথা,O
,আছে,O
Sentence: 2599,তোমার,O
,লগে,O
,মোর,O
,কথা,O
,আছে,O
Sentence: 2600,মোর,O
,দরকারী,O
,কথা,O
,আছে,O
Sentence: 2601,দরকারী,O
,কথা,O
,আছে,O
Sentence: 2602,কথা,O
,আছে,O
Sentence: 2603,মোর,O
,বিন্নাহালে,O
,উইঠাই,O
,চা,B-FOOD
,খাওনের,O
,অভ্যাস,O
Sentence: 2604,বিন্নাহালে,O
,উইঠাই,O
,চা,B-FOOD
,খাওনের,O
,অভ্যাস,O
Sentence: 2605,চা,B-FOOD
,খাওনের,O
,অভ্যাস,O
Sentence: 2606,তুমি,O
,দুফুরে,O
,কিডা,O
,খাইছেলা,O
Sentence: 2607,দুফুরে,O
,কিডা,O
,খাইছেলা,O
Sentence: 2608,তুমি,O
,কি,O
,রাইতের,O
,কালে,O
,বাইরাই,O
,বাইর,O
,হোবা,O
Sentence: 2609,রাইতের,O
,কালে,O
,বাইরাই,O
,বাইর,O
,হোবা,O
Sentence: 2610,বাইরাই,O
,বাইর,O
,হোবা,O
Sentence: 2611,তুমি,O
,কি,O
,বাইরাই,O
,বাইর,O
,হোবা,O
Sentence: 2612,বাইর,O
,হোবা,O
Sentence: 2613,আমনের,O
,লগে,O
,কথা,O
,কইতে,O
,পাইরা,O
,ভালো,O
,লাগছে,O
,আমার,O
Sentence: 2614,কথা,O
,কইতে,O
,পাইরা,O
,ভালো,O
,লাগছে,O
,আমার,O
Sentence: 2615,ভালো,O
,লাগছে,O
,আমার,O
Sentence: 2616,রং,B-COL
,হরতে,O
,পারবি,O
,তুই,O
Sentence: 2617,কেমনে,O
,কাম,O
,করতাম,O
Sentence: 2618,মুই,O
,মেলা,O
,সমস্যায়,O
,আছি,O
Sentence: 2619,কথা,O
,কইতে,O
,পাইরা,O
,ভালো,O
,লাগছে,O
Sentence: 2620,কথা,O
,ভালো,O
,লাগছে,O
Sentence: 2621,আমনের,O
,লগে,O
,কথা,O
Sentence: 2622,খেলবি,O
,নাহি,O
,মোর,O
,মাইয়ার,O
,লগে,O
Sentence: 2623,মোর,O
,এহন,O
,তোরে,O
,ভাললাগে,O
Sentence: 2624,মোর,O
,কতা,O
,বোজোছ,O
,তুই,O
Sentence: 2625,খোদার,O
,কসম,O
,মোর,O
,গাও,O
,জ্বরে,O
,পুইড়া,O
,যাইতে,O
,আছে,O
Sentence: 2626,তোরে,O
,মোরা,O
,দেকমু,O
,আনে,O
Sentence: 2627,তুমি,O
,দুফুরে,O
,কিডা,O
,ভাত,B-FOOD
,খাইছেলা,O
Sentence: 2628,দুফুরে,O
,কিডা,O
,ভাত,B-FOOD
,খাইছেলা,O
Sentence: 2629,দুফুরে,O
,কিডা,O
,খাইছেলা,O
Sentence: 2630,কিডা,O
,ভাত,O
Sentence: 2631,সব,O
,চাইয়া,O
,ধারের,O
,মানুদা,O
Sentence: 2632,ভালো,O
,লাগছে,O
Sentence: 2633,ভালো,O
,লাগছে,O
Sentence: 2634,কথা,O
,কইতে,O
,পাইরা,O
,ভালো,O
,লাগছে,O
,আমার,O
Sentence: 2635,তোমারে,O
,মুই,O
,কল,O
,দিমুনা,O
Sentence: 2636,কল,O
,দিমুনা,O
Sentence: 2637,কল,O
,দিমু,O
Sentence: 2638,তোমারে,O
,কল,O
,দিমু,O
Sentence: 2639,কল,O
,দিমু,O
,না,O
Sentence: 2640,তোমার,O
,এত্ত,O
,ঘুম,O
,আয়,O
,কির,O
,লইগ্গা,O
Sentence: 2641,তোমার,O
,ঘুম,O
,আয়,O
,কির,O
,লইগ্গা,O
Sentence: 2642,এত্ত,O
,ঘুম,O
,আয়,O
,কির,O
,লইগ্গা,O
Sentence: 2643,ঘুম,O
,আয়,O
,কির,O
,লইগ্গা,O
Sentence: 2644,তোমার,O
,এত্ত,O
,ঘুম,O
,কির,O
,লইগ্গা,O
Sentence: 2645,পোলাউগা,O
,ইউকা,O
,ধোলা,B-COL
,রঙের,I-COL
,ইউক্কা,O
,গুঞ্জি,B-OBJ
,পইড়া,O
,আইসেলো,O
Sentence: 2646,সে,O
,এহন,O
,রাজশাহী,B-LOC
,গেসিগ্গা,O
Sentence: 2647,সে,O
,এক্কালেই,O
,ভেটকাই,O
,না,O
Sentence: 2648,সে,O
,ভেটকাই,O
,না,O
Sentence: 2649,সে,O
,ভেটকাই,O
Sentence: 2650,ভেটকাই,O
,না,O
Sentence: 2651,এক্কালেই,O
,ভেটকাই,O
,না,O
Sentence: 2652,সে,O
,রাজশাহী,B-LOC
,গেসিগ্গা,O
Sentence: 2653,রাজশাহী,B-LOC
,গেসিগ্গা,O
Sentence: 2654,গেসিগ্গা,O
Sentence: 2655,সে,O
,এহন,O
,রাজশাহী,B-LOC
Sentence: 2656,আমনের,O
,সব,O
,চাইয়া,O
,ধারের,O
,মানুদা,O
,কেডা,O
Sentence: 2657,আমনের,O
,ধারের,O
,মানুদা,O
,কেডা,O
Sentence: 2658,ধারের,O
,মানুদা,O
,কেডা,O
Sentence: 2659,সব,O
,চাইয়া,O
,ধারের,O
,মানুদা,O
Sentence: 2660,ধাহা,B-LOC
,আইসে,O
Sentence: 2661,ফোয়াইবা,O
,সিলেট্টুন,B-LOC
Sentence: 2662,ফোয়াইবা,O
,ধাহা,B-LOC
,আইসে,O
Sentence: 2663,ইউকা,O
,ধোলা,B-COL
,রঙের,I-COL
,ইউক্কা,O
,গুঞ্জি,B-OBJ
,পইড়া,O
,আইসেলো,O
Sentence: 2664,ধোলা,B-COL
,রঙের,I-COL
,ইউক্কা,O
,গুঞ্জি,B-OBJ
Sentence: 2665,ইউকা,O
,ধোলা,B-COL
,রঙের,I-COL
,গুঞ্জি,B-OBJ
,পইড়া,O
,আইসেলো,O
Sentence: 2666,ধোলা,B-COL
,রঙের,I-COL
,গুঞ্জি,B-OBJ
Sentence: 2667,গুঞ্জি,B-OBJ
,পইড়া,O
,আইসেলো,O
Sentence: 2668,পইড়া,O
,আইসেলো,O
Sentence: 2669,মোর,O
,মেলা,O
,খারাপ,O
,লাগছে,O
Sentence: 2670,মোর,O
,খারাপ,O
,লাগছে,O
Sentence: 2671,মেলা,O
,খারাপ,O
,লাগছে,O
Sentence: 2672,খারাপ,O
,লাগছে,O
Sentence: 2673,তুমি,O
,কোন,O
,স্কুলে,B-ORG
,পড়ো,O
Sentence: 2674,কোন,O
,স্কুলে,B-ORG
,পড়ো,O
Sentence: 2675,আমাগো,O
,বাড়ি,O
,চাঁদপুর,B-LOC
Sentence: 2676,আমাগো,O
,বাড়ি,O
,যশোর,B-LOC
Sentence: 2677,তুমি,O
,কোম্মে,O
,যাও,O
Sentence: 2678,কোম্মে,O
,যাও,O
Sentence: 2679,হের,O
,বই,B-OBJ
,পড়তে,O
,এক্কালেই,O
,ভালো,O
,লাগে,O
,না,O
Sentence: 2680,তোর,O
,পড়ালেহা,O
,করতে,O
,এক্কালেও,O
,ভালো,O
,লাগে,O
,না,O
Sentence: 2681,পড়ালেহা,O
,করতে,O
,এক্কালেও,O
,ভালো,O
,লাগে,O
,না,O
Sentence: 2682,তোর,O
,পড়ালেহা,O
,করতে,O
,ভালো,O
,লাগে,O
,না,O
Sentence: 2683,তোর,O
,পড়ালেহা,O
,করতে,O
,এক্কালেও,O
,ভালো,O
,লাগে,O
Sentence: 2684,ভালো,O
,লাগে,O
,না,O
Sentence: 2685,মুই,O
,কামে,O
,যাইতে,O
,চাই,O
Sentence: 2686,কামে,O
,যাইতে,O
,চাই,O
,না,O
Sentence: 2687,যাইতে,O
,চাই,O
,না,O
Sentence: 2688,চাই,O
,না,O
Sentence: 2689,কামে,O
,যাইতে,O
,চাই,O
Sentence: 2690,যাইতে,O
,চাই,O
Sentence: 2691,আমনে,O
,এই,O
,কলমদা,B-OBJ
,নেন,O
Sentence: 2692,এই,O
,কলমদা,B-OBJ
,নেন,O
Sentence: 2693,কলমদা,B-OBJ
,নেন,O
Sentence: 2694,আমনে,O
,কলমদা,B-OBJ
,নেন,O
Sentence: 2695,তুমি,O
,যাবা,O
Sentence: 2696,বাচ্চা,O
,কানতেয়াছে,O
,খাওন,O
,খাওয়ায়ো,O
Sentence: 2697,নিজের,O
,থাহার,O
,জায়গা,O
,নাই,O
,ইমতিয়াজেগো,O
,বাড়ি,O
,মনে,O
,হরসি,O
Sentence: 2698,মোরে,O
,সত্য,O
,কথা,O
,কন,O
Sentence: 2699,সত্য,O
,কথা,O
,কন,O
Sentence: 2700,কথা,O
,কন,O
Sentence: 2701,মোরে,O
,সত্য,O
,কন,O
Sentence: 2702,সত্য,O
,কন,O
Sentence: 2703,বাচ্চা,O
,কানতেয়াছে,O
Sentence: 2704,খাওন,B-FOOD
,খাওয়ায়ো,O
Sentence: 2705,তুমি,O
,ঘুমে,O
,গনে,O
,হায়ালে,O
,উঠাই,O
,যাও,O
Sentence: 2706,ঘুমে,O
,গনে,O
,হায়ালে,O
,উঠাই,O
,যাও,O
Sentence: 2707,হায়ালে,O
,উঠাই,O
,যাও,O
Sentence: 2708,উঠাই,O
,যাও,O
Sentence: 2709,তুমি,O
,হায়ালে,O
,উঠাই,O
,যাও,O
Sentence: 2710,মুই,O
,বেইনাহালে,O
,নাস্তা,O
,কইররা,O
,স্কুলে,O
,যাই,O
Sentence: 2711,বেইনাহালে,O
,নাস্তা,B-FOOD
,কইররা,O
,স্কুলে,B-ORG
,যাই,O
Sentence: 2712,নাস্তা,B-FOOD
,কইররা,O
,স্কুলে,B-ORG
,যাই,O
Sentence: 2713,স্কুলে,B-ORG
,যাই,O
Sentence: 2714,মুই,O
,নাস্তা,B-FOOD
,কইররা,O
,স্কুলে,B-ORG
,যাই,O
Sentence: 2715,মুই,O
,বেইনাহালে,O
,কিছু,O
,খাইতে,O
,ভালো,O
,লাগে,O
,না,O
Sentence: 2716,বেইনাহালে,O
,কিছু,O
,খাইতে,O
,ভালো,O
,লাগে,O
,না,O
Sentence: 2717,কিছু,O
,খাইতে,O
,ভালো,O
,লাগে,O
,না,O
Sentence: 2718,খাইতে,O
,ভালো,O
,লাগে,O
,না,O
Sentence: 2719,ভালো,O
,লাগে,O
,না,O
Sentence: 2720,লাগে,O
,না,O
Sentence: 2721,মুই,O
,কিছু,O
,খাইতে,O
,ভালো,O
,লাগে,O
Sentence: 2722,মুই,O
,কিছু,O
,খাইতে,O
,ভালো,O
,লাগে,O
Sentence: 2723,মুই,O
,কিছু,O
,ভালো,O
,লাগে,O
Sentence: 2724,মুই,O
,খাইতে,O
,ভালো,O
,লাগে,O
Sentence: 2725,মুই,O
,বেইনাহালে,O
,কিছু,O
,খাইতে,O
,ভালো,O
,লাগে,O
Sentence: 2726,বেইনাহালে,O
,কিছু,O
,খাইতে,O
,ভালো,O
,লাগে,O
Sentence: 2727,কিছু,O
,খাইতে,O
,ভালো,O
,লাগে,O
Sentence: 2728,খাইতে,O
,ভালো,O
,লাগে,O
Sentence: 2729,ভালো,O
,লাগে,O
Sentence: 2730,মুই,O
,কিছু,O
,খাইতে,O
,ভালো,O
,লাগে,O
Sentence: 2731,মুই,O
,কিছু,O
,খাইতে,O
,ভালো,O
,লাগে,O
Sentence: 2732,মুই,O
,কিছু,O
,ভালো,O
,লাগে,O
Sentence: 2733,মুই,O
,খাইতে,O
,ভালো,O
,লাগে,O
Sentence: 2734,মোরা,O
,থোইক্কা,O
,গেছি,O
Sentence: 2735,মুই,O
,ভালো,O
,আছি,O
Sentence: 2736,ভালো,O
,আছি,O
Sentence: 2737,মুই,O
,ভালো,O
,নেই,O
Sentence: 2738,তুই,O
,ক্যামোন,O
,আছ,O
Sentence: 2739,ভালো,O
,লাগে,O
,না,O
Sentence: 2740,মোর,O
,ভালো,O
,লাগে,O
,না,O
Sentence: 2741,মুই,O
,ক্রিকেট,O
,খেলমু,O
Sentence: 2742,ক্রিকেট,O
,খেলমু,O
Sentence: 2743,তুমি,O
,কোম্মে,O
Sentence: 2744,ইউক্কু,O
,বিলোই,B-ANI
,দুয়ারের,O
,সামনে,O
,বইয়া,O
,রইছে,O
Sentence: 2745,বিলোই,B-ANI
,দুয়ারের,O
,সামনে,O
,বইয়া,O
,রইছে,O
Sentence: 2746,দুয়ারের,O
,সামনে,O
,বইয়া,O
,রইছে,O
Sentence: 2747,সামনে,O
,বইয়া,O
,রইছে,O
Sentence: 2748,বইয়া,O
,রইছে,O
Sentence: 2749,মুই,O
,কামে,O
,যাইতে,O
,চাই,O
,না,O
Sentence: 2750,তমি,O
,কোম্মে,O
,দিয়া,O
,আইছো,O
Sentence: 2751,কোম্মে,O
,দিয়া,O
,আইছো,O
Sentence: 2752,তুমি,O
,কোম্মে,O
,থাহো,O
Sentence: 2753,কোম্মে,O
,থাহো,O
Sentence: 2754,মুই,O
,ভালো,O
,নাই,O
Sentence: 2755,আপনে,O
,ক্যামোন,O
,আছেন,O
Sentence: 2756,তুমি,O
,ক্যামোন,O
,আছ,O
Sentence: 2757,কোম্মো,O
,যাও,O
Sentence: 2758,কোম্মো,O
,দিয়া,O
,আইছো,O
Sentence: 2759,কোম্মে,O
,দিয়া,O
,আইছ,O
Sentence: 2760,তমি,O
,কি,O
,হরো,O
Sentence: 2761,কেনো,O
,কইতাছো,O
Sentence: 2762,কি,O
,হরো,O
Sentence: 2763,মোর,O
,মোন,O
,ভালো,O
,নাই,O
Sentence: 2764,মোন,O
,ভালো,O
,নাই,O
Sentence: 2765,আম্মেগো,O
,বাড়ি,O
,কোম্মে,O
Sentence: 2766,মুই,O
,স্কুলে,B-ORG
,যাইনা,O
Sentence: 2767,মুই,O
,যাবো,O
,না,O
Sentence: 2768,মুই,O
,স্কুলে,B-ORG
,যাই,O
,নাই,O
Sentence: 2769,তোমারে,O
,এইহান,O
,থাইক্কা,O
,যাইতে,O
,কইছি,O
Sentence: 2770,এইহান,O
,থাইক্কা,O
,যাইতে,O
,কইছি,O
Sentence: 2771,তুমি,O
,কি,O
,কাম,O
,হরো,O
Sentence: 2772,কি,O
,কাম,O
,হরো,O
Sentence: 2773,কাম,O
,হরো,O
Sentence: 2774,কথা,O
,কম,O
,কও,O
Sentence: 2775,এই,O
,কামডা,O
,হর,O
Sentence: 2776,কামডা,O
,কর,O
Sentence: 2777,বেইন্নাকালে,O
,কাম,O
,হর,O
Sentence: 2778,সন্ধ্যায়,O
,কাম,O
,হরো,O
Sentence: 2779,এক,O
,গালে,O
,একটা,O
,থাপ্পড়,O
,মাইরা,O
,দিমু,O
Sentence: 2780,একটা,O
,থাপ্পড়,O
,মাইরা,O
,দিমু,O
Sentence: 2781,মুই,O
,ভাত,B-FOOD
,খামু,O
Sentence: 2782,ভাত,B-FOOD
,খামু,O
Sentence: 2783,মোর,O
,কাম,O
,আছে,O
Sentence: 2784,কাম,O
,আছে,O
Sentence: 2785,মোরা,O
,যামু,O
Sentence: 2786,তোমার,O
,নাম,O
,কী,O
Sentence: 2787,মোর,O
,নাম,O
,নয়ন,O
Sentence: 2788,মুই,O
,তোমারে,O
,ভালোবাসি,O
Sentence: 2789,তোমারে,O
,ভালোবাসি,O
Sentence: 2790,তুমি,O
,কোম্মে,O
,যাও,O
Sentence: 2791,কোম্মে,O
,যাচ্ছ,O
Sentence: 2792,কি,O
,আনমু,O
Sentence: 2793,বাচ্চা,O
,কানৃদে,O
Sentence: 2794,মুই,O
,খাই,O
Sentence: 2795,মুই,O
,খেলি,O
Sentence: 2796,মুই,O
,খামু,O
Sentence: 2797,মুই,O
,পড়ি,O
Sentence: 2798,মুই,O
,পড়মু,O
Sentence: 2799,মুই,O
,স্কুলে,B-ORG
,যামু,O
Sentence: 2800,স্কুলে,B-ORG
,যামু,O
Sentence: 2801,মুই,O
,ভাত,B-FOOD
,খামু,O
,না,O
Sentence: 2802,খামু,O
,না,O
Sentence: 2803,তুমি,O
,কি,O
,হরো,O
Sentence: 2804,কি,O
,হরো,O
Sentence: 2805,মুই,O
,খেলি,O
Sentence: 2806,খেলি,O
Sentence: 2807,তুমি,O
,ভাত,B-FOOD
,খাইছো,O
Sentence: 2808,কি,O
,খবর,O
,তোমার,O
Sentence: 2809,কি,O
,খবর,O
Sentence: 2810,তোমাগো,O
,বাড়ি,O
,কোম্মে,O
Sentence: 2811,বাড়ি,O
,কোম্মে,O
Sentence: 2812,কি,O
,হরো,O
,সবাই,O
Sentence: 2813,কি,O
,হরো,O
Sentence: 2814,মুই,O
,রিক্সায়,B-OBJ
,হইরা,O
,আমু,O
Sentence: 2815,রিক্সা,B-OBJ
,আমু,O
Sentence: 2816,মোর,O
,নাম,O
,আরিফ,B-PER
Sentence: 2817,তুমি,O
,কি,O
,হরো,O
Sentence: 2818,কি,O
,হরো,O
Sentence: 2819,তোমার,O
,বয়স,O
,কতো,O
Sentence: 2820,না,O
,ভালো,O
,নাই,O
Sentence: 2821,মুই,O
,রাগ,O
,করছি,O
Sentence: 2822,আমি,O
,তোমার,O
,লগে,O
,পরে,O
,কতা,O
,কমু,O
Sentence: 2823,এই,O
,বাড়িটা,O
,আমাগো,O
Sentence: 2824,সুন্দর,O
,হইয়া,O
,ব,O
Sentence: 2825,আমাগো,O
,বাড়িতে,O
,কেউ,O
,আয়,O
,নায়,O
Sentence: 2826,কী,O
,হরেন,O
Sentence: 2827,ভাই,B-REL
,কি,O
,হরেন,O
Sentence: 2828,করতে,O
,পারতেছি,O
,না,O
,অনেক,O
,জ্বর,O
Sentence: 2829,আপেল,B-FOOD
,মোর,O
,পছন্দ,O
Sentence: 2830,আঙ্গুল,B-FOOD
,ফল,O
,মোর,O
,পছন্দ,O
Sentence: 2831,হে,O
,অনেক,O
,খায়,O
Sentence: 2832,মুই,O
,কি,O
,হরলাম,O
Sentence: 2833,আইজগো,O
,বাইরে,O
,যামু,O
Sentence: 2834,আইজগো,O
,বাইরে,O
,যামু,O
,না,O
Sentence: 2835,মোরে,O
,সত্য,O
,কথা,O
,কন,O
Sentence: 2836,সত্য,O
,কথা,O
,কন,O
Sentence: 2837,কথা,O
,কন,O
Sentence: 2838,মোরে,O
,সত্য,O
,কন,O
Sentence: 2839,সত্য,O
,কন,O
Sentence: 2840,তুমি,O
,ঘুমে,O
,গনে,O
,হায়ালে,O
,উঠাই,O
,যাও,O
Sentence: 2841,ঘুমে,O
,গনে,O
,হায়ালে,O
,উঠাই,O
,যাও,O
Sentence: 2842,হায়ালে,O
,উঠাই,O
,যাও,O
Sentence: 2843,উঠাই,O
,যাও,O
Sentence: 2844,তুমি,O
,হায়ালে,O
,উঠাই,O
,যাও,O
Sentence: 2845,মুই,O
,বেইনাহালে,O
,নাস্তা,B-FOOD
,কইররা,O
,স্কুলে,B-ORG
,যাই,O
Sentence: 2846,বেইনাহালে,O
,নাস্তা,B-FOOD
,কইররা,O
,স্কুলে,B-ORG
,যাই,O
Sentence: 2847,নাস্তা,B-FOOD
,কইররা,O
,স্কুলে,B-ORG
,যাই,O
Sentence: 2848,স্কুলে,B-ORG
,যাই,O
Sentence: 2849,মোগো,O
,কাম,O
,আছে,O
Sentence: 2850,তোমার,O
,কাম,O
,আছে,O
Sentence: 2851,আম্মের,O
,ফাইন্নে,O
Sentence: 2852,তুই,O
,আইজগো,O
,স্কুলে,B-ORG
,গেছিলি,O
Sentence: 2853,আইজগো,O
,স্কুলে,B-ORG
,গেছিলি,O
Sentence: 2854,কি,O
,কি,O
,আনমু,O
Sentence: 2855,মুই,O
,বেইনাহালে,O
,কিছু,O
,খাইতে,O
,ভালো,O
,লাগে,O
,না,O
Sentence: 2856,বেইনাহালে,O
,কিছু,O
,খাইতে,O
,ভালো,O
,লাগে,O
,না,O
Sentence: 2857,কিছু,O
,খাইতে,O
,ভালো,O
,লাগে,O
,না,O
Sentence: 2858,খাইতে,O
,ভালো,O
,লাগে,O
,না,O
Sentence: 2859,ভালো,O
,লাগে,O
,না,O
Sentence: 2860,লাগে,O
,না,O
Sentence: 2861,মুই,O
,বেইনাহালে,O
,খাইতে,O
,ভালো,O
,লাগে,O
,না,O
Sentence: 2862,মুই,O
,বেইনাহালে,O
,খাইতে,O
,ভালো,O
,লাগে,O
Sentence: 2863,মুই,O
,বেইনাহালে,O
,কিছু,O
,খাইতে,O
,ভালো,O
,লাগে,O
Sentence: 2864,বেইনাহালে,O
,কিছু,O
,খাইতে,O
,ভালো,O
,লাগে,O
Sentence: 2865,কিছু,O
,খাইতে,O
,ভালো,O
,লাগে,O
Sentence: 2866,খাইতে,O
,ভালো,O
,লাগে,O
Sentence: 2867,ভালো,O
,লাগে,O
Sentence: 2868,মোর,O
,প্রশ্নের,O
,উত্তর,O
,দেন,O
Sentence: 2869,প্রশ্নের,O
,উত্তর,O
,দেন,O
Sentence: 2870,উত্তর,O
,দেন,O
Sentence: 2871,মুই,O
,অসুস্থ,O
,হইয়া,O
,পড়ছেলাম,O
Sentence: 2872,অসুস্থ,O
,হইয়া,O
,পড়ছেলাম,O
Sentence: 2873,মুই,O
,হেরে,O
,দেখতে,O
,পাইলাম,O
Sentence: 2874,হেরে,O
,দেখতে,O
,পাইলাম,O
Sentence: 2875,দেখতে,O
,পাইলাম,O
Sentence: 2876,এইহানে,O
,অপেক্ষা,O
,করেন,O
Sentence: 2877,অপেক্ষা,O
,করেন,O
Sentence: 2878,সময়,O
,শেষ,O
,হইয়া,O
,গেছে,O
Sentence: 2879,শিমুর,O
,লাল,O
,রং,O
,পছন্দ,O
Sentence: 2880,শিমুর,B-PER
,সবুজ,B-COL
,রং,I-COL
,পছন্দ,O
Sentence: 2881,শিমুর,B-PER
,কালো,B-COL
,রং,I-COL
,পছন্দ,O
Sentence: 2882,হেয়,O
,বেশি,O
,উচা,O
,না,O
Sentence: 2883,মুই,O
,মাফ,O
,চাই,O
Sentence: 2884,মাফ,O
,চাই,O
Sentence: 2885,মুই,O
,চাই,O
Sentence: 2886,হেয়,O
,উইঠ্যা,O
,খারাইছে,O
,না,O
Sentence: 2887,উইঠ্যা,O
,খারাইছে,O
,না,O
Sentence: 2888,খারাইছে,O
,না,O
Sentence: 2889,হেয়,O
,খারাইছে,O
,না,O
Sentence: 2890,মুই,O
,বেশি,O
,উচা,O
Sentence: 2891,মুই,O
,উচা,O
Sentence: 2892,মুই,O
,বেশি,O
,উচা,O
,না,O
Sentence: 2893,বেশি,O
,উচা,O
,না,O
Sentence: 2894,উচা,O
,না,O
Sentence: 2895,মুই,O
,উচা,O
,না,O
Sentence: 2896,হেয়,O
,বেশি,O
,উচা,O
Sentence: 2897,মুই,O
,হারাইয়া,O
,গেছি,O
Sentence: 2898,হারাইয়া,O
,গেছি,O
Sentence: 2899,মুই,O
,ঠিক,O
,আছি,O
Sentence: 2900,ঠিক,O
,আছি,O
Sentence: 2901,মুই,O
,ফিররা,O
,আইলাম,O
Sentence: 2902,ফিররা,O
,আইলাম,O
Sentence: 2903,মুই,O
,আইলাম,O
Sentence: 2904,মুই,O
,কেক,B-FOOD
,পছন্দ,O
,করি,O
Sentence: 2905,কেক,B-FOOD
,পছন্দ,O
,করি,O
Sentence: 2906,পছন্দ,O
,করি,O
Sentence: 2907,মুই,O
,কেক,B-FOOD
,পছন্দ,O
,করি,O
,না,O
Sentence: 2908,কেক,B-FOOD
,পছন্দ,O
,করি,O
,না,O
Sentence: 2909,পছন্দ,O
,করি,O
,না,O
Sentence: 2910,কেক,B-FOOD
,পছন্দ,O
,না,O
Sentence: 2911,এত্তুহানে,O
,ঘুমাইয়া,O
,লও,O
Sentence: 2912,ঘুমাইয়া,O
,লও,O
Sentence: 2913,মুই,O
,এল্লাহ,O
,আল্লাম,O
Sentence: 2914,এল্লাহ,O
,আল্লাম,O
Sentence: 2915,মুই,O
,আল্লাম,O
Sentence: 2916,মোর,O
,লগে,O
,আয়েন,O
Sentence: 2917,লগে,O
,আয়েন,O
Sentence: 2918,হেয়,O
,চেইতা,O
,গেলেহ,O
Sentence: 2919,চেইতা,O
,গেলেহ,O
Sentence: 2920,হেয়,O
,গেলেহ,O
Sentence: 2921,মোর,O
,হাত্তা,O
,ধরেন,O
Sentence: 2922,হাত্তা,O
,ধরেন,O
Sentence: 2923,মুই,O
,অবাক,O
,হিয়া,O
,গাল্লাহম,O
Sentence: 2924,অবাক,O
,হিয়া,O
,গাল্লাহম,O
Sentence: 2925,হিয়া,O
,গাল্লাহম,O
Sentence: 2926,মুই,O
,অবাক,O
Sentence: 2927,মুই,O
,আমু,O
,না,O
Sentence: 2928,আমু,O
,না,O
Sentence: 2929,মুই,O
,আমু,O
Sentence: 2930,মুই,O
,থোগমু,O
,না,O
Sentence: 2931,থোগমু,O
,না,O
Sentence: 2932,মুই,O
,থোগমু,O
Sentence: 2933,মোর,O
,হাতে,O
,ব্যথা,O
,করতেয়াছে,O
Sentence: 2934,হাতে,O
,ব্যথা,O
,করতেয়াছে,O
Sentence: 2935,ব্যথা,O
,করতেয়াছে,O
Sentence: 2936,মোর,O
,হাতে,O
,ব্যথা,O
Sentence: 2937,হাতে,O
,ব্যথা,O
Sentence: 2938,মোর,O
,ঠোঙ্গে,O
,ব্যথা,O
,করতেয়াছে,O
Sentence: 2939,ঠোঙ্গে,O
,ব্যথা,O
,করতেয়াছে,O
Sentence: 2940,মোর,O
,ঠোঙ্গে,O
,ব্যথা,O
Sentence: 2941,ঠোঙ্গে,O
,ব্যথা,O
Sentence: 2942,আমনেরে,O
,কেডা,O
,পাডাইছে,O
Sentence: 2943,কেডা,O
,পাডাইছে,O
Sentence: 2944,পাডাইছে,O
Sentence: 2945,আগে,O
,যান,O
Sentence: 2946,আমনেরা,O
,যান,O
Sentence: 2947,মোরে,O
,বোলাইবেন,O
,না,O
Sentence: 2948,পছন্দ,O
,করি,O
Sentence: 2949,ডাক্তর,B-ROLE
,ন,O
,কসাই,B-ROLE
Sentence: 2950,তুই,O
,কসাই,B-ROLE
Sentence: 2951,দুগ্‌গা,O
,পোলা,B-REL
,আছিল,O
Sentence: 2952,কোন,O
,মানুষর,O
,দুই,O
,পুয়া,B-REL
,আছিল্,O
Sentence: 2953,কোন,O
,মানুষর,O
Sentence: 2954,মানুষর,O
,দুই,O
,পুয়া,B-REL
,আছিল্,O
Sentence: 2955,কেমনে,O
,করতাম,O
Sentence: 2956,আমার,O
,হলুদ,B-COL
,রং,I-COL
,পছন্দ,O
Sentence: 2957,আমার,O
,লাল,B-COL
,রং,I-COL
,পছন্দ,O
Sentence: 2958,আমার,O
,সবুজ,B-COL
,রং,I-COL
,পছন্দ,O
Sentence: 2959,আমার,O
,কালো,B-COL
,রং,I-COL
,পছন্দ,O
Sentence: 2960,আমার,O
,সাদা,B-COL
,রং,I-COL
,পছন্দ,O
Sentence: 2961,আফেল,B-FOOD
,পছন্দ,O
Sentence: 2962,মুই,O
,আফেল,B-FOOD
,পছন্দ,O
,করি,O
,না,O
Sentence: 2963,আফেল,B-FOOD
,পছন্দ,O
,করি,O
,না,O
Sentence: 2964,পছন্দ,O
,করি,O
,না,O
Sentence: 2965,মোরে,O
,লইয়া,O
,লয়েন,O
Sentence: 2966,অ্যাহা,O
,তুই,O
,দি,O
,কসাই,B-ROLE
,হায়,O
,তোরে,O
,ডাক্তার,B-ROLE
,কয়,O
,কেডা,O
Sentence: 2967,আমার,O
,কমলা,B-COL
,রং,I-COL
,পছন্দ,O
Sentence: 2968,আমার,O
,খয়েরি,B-COL
,রং,I-COL
,পছন্দ,O
Sentence: 2969,আফেল,B-FOOD
,পছন্দ,O
,না,O
Sentence: 2970,মোর,O
,ঠান্ডা,O
,লাগযে,O
Sentence: 2971,ঠান্ডা,O
,লাগযে,O
Sentence: 2972,মুই,O
,বিদেশ,O
,গেল্লাহম,O
Sentence: 2973,বিদেশ,O
,গেল্লাহম,O
Sentence: 2974,মোরে,O
,ঐহানে,O
,লইয়া,O
,লয়েন,O
Sentence: 2975,ঐহানে,O
,লইয়া,O
,লয়েন,O
Sentence: 2976,লইয়া,O
,লয়েন,O
Sentence: 2977,শিমুর,B-PER
,সাদা,B-COL
,রং,I-COL
,পছন্দ,O
Sentence: 2978,শিমুর,B-PER
,নীল,B-COL
,রং,I-COL
,পছন্দ,O
Sentence: 2979,শিমুর,B-PER
,বেগুনি,B-COL
,রং,I-COL
,পছন্দ,O
Sentence: 2980,বোলাইবেন,O
,না,O
Sentence: 2981,মোরে,O
,বোলাইবেন,O
Sentence: 2982,মুই,O
,আফেল,B-FOOD
,পছন্দ,O
,করি,O
Sentence: 2983,আফেল,B-FOOD
,পছন্দ,O
,করি,O
Sentence: 2984,শেষ,O
,হইয়া,O
,গেছে,O
Sentence: 2985,হইয়া,O
,গেছে,O
Sentence: 2986,সময়,O
,শেষ,O
Sentence: 2987,মোরা,O
,অপেক্ষা,O
,করমু,O
Sentence: 2988,অপেক্ষা,O
,করমু,O
Sentence: 2989,হেয়,O
,উইঠ্যা,O
,খারাইছে,O
Sentence: 2990,উইঠ্যা,O
,খারাইছে,O
Sentence: 2991,হেয়,O
,খারাইছে,O
Sentence: 2992,আমার,O
,নীল,B-COL
,রং,I-COL
,পছন্দ,O
Sentence: 2993,আমার,O
,বেগুনি,B-COL
,রং,I-COL
,পছন্দ,O
Sentence: 2994,আমার,O
,গোলাপি,B-COL
,রং,I-COL
,পছন্দ,O
Sentence: 2995,আমার,O
,আকাশী,B-COL
,রং,I-COL
,পছন্দ,O
Sentence: 2996,আমার,O
,ধূসর,B-COL
,রং,I-COL
,পছন্দ,O
Sentence: 2997,আমার,O
,মেরুন,B-COL
,রং,I-COL
,পছন্দ,O
Sentence: 2998,মুই,O
,নাস্তা,B-FOOD
,কইররা,O
,স্কুলে,B-ORG
,যাই,O
Sentence: 2999,মুই,O
,বেইনাহালে,O
,নাস্তা,B-FOOD
,কইররা,O
,স্কুলে,B-ORG
,যাই,O
,না,O
Sentence: 3000,বেইনাহালে,O
,নাস্তা,B-FOOD
,কইররা,O
,স্কুলে,B-ORG
,যাই,O
,না,O
Sentence: 3001,নাস্তা,B-FOOD
,কইররা,O
,স্কুলে,B-ORG
,যাই,O
,না,O
Sentence: 3002,স্কুলে,B-ORG
,যাই,O
,না,O
Sentence: 3003,মুই,O
,নাস্তা,B-FOOD
,কইররা,O
,স্কুলে,B-ORG
,যাই,O
,না,O
Sentence: 3004,হেয়,O
,পরের,O
,মাসে,O
,বিদেশ,B-LOC
,চইল্যা,O
,যাইবে,O
Sentence: 3005,পরের,O
,মাসে,O
,বিদেশ,B-LOC
,চইল্যা,O
,যাইবে,O
Sentence: 3006,হেয়,O
,বিদেশ,B-LOC
,চইল্যা,O
,যাইবে,O
Sentence: 3007,বিদেশ,B-LOC
,চইল্যা,O
,যাইবে,O
Sentence: 3008,চইল্যা,O
,যাইবে,O
Sentence: 3009,মাইয়াডা,O
,বেমালা,O
,বেদ্দপ,O
Sentence: 3010,বেমালা,O
,বেদ্দপ,O
Sentence: 3011,বেমালা,O
,বেদ্দপ,O
Sentence: 3012,হেয়,O
,বেমালা,O
,বেদ্দপ,O
Sentence: 3013,হেয়,O
,বেদ্দপ,O
Sentence: 3014,পোলাডা,O
,রাস্তা,B-LOC
,দিয়া,O
,হইত্তা,O
,যাইতেয়াছে,O
Sentence: 3015,রাস্তা,B-LOC
,দিয়া,O
,হইত্তা,O
,যাইতেয়াছে,O
Sentence: 3016,হইত্তা,O
,যাইতেয়াছে,O
Sentence: 3017,পোলাডা,O
,হইত্তা,O
,যাইতেয়াছে,O
Sentence: 3018,পোলাডা,O
,রাস্তা,B-LOC
,দিয়া,O
,যাইতেয়াছে,O
Sentence: 3019,মাইয়গা,O
,লাল,B-COL
,রুঙ্গা,I-COL
,শাড়ি,B-OBJ
,পইড়া,O
,মোর,O
,লগে,O
,দেহা,O
,হরতে,O
,আইসিল,O
Sentence: 3020,মাইয়গা,O
,শাড়ি,B-OBJ
,পইড়া,O
,মোর,O
,লগে,O
,দেহা,O
,হরতে,O
,আইসিল,O
Sentence: 3021,লাল,B-COL
,রুঙ্গা,I-COL
,শাড়ি,B-OBJ
Sentence: 3022,মোর,O
,লগে,O
,দেহা,O
,হরতে,O
,আইসিল,O
Sentence: 3023,দেহা,O
,হরতে,O
,আইসিল,O
Sentence: 3024,মাইয়গা,O
,দেহা,O
,হরতে,O
,আইসিল,O
Sentence: 3025,মাইয়গা,O
,মোর,O
,লগে,O
,দেহা,O
,হরতে,O
,আইসিল,O
Sentence: 3026,শাড়ি,B-OBJ
,পইড়া,O
,মোর,O
,লগে,O
,দেহা,O
,হরতে,O
,আইসিল,O
Sentence: 3027,মোর,O
,লগে,O
,দেহা,O
Sentence: 3028,লাল,B-COL
,রুঙ্গা,I-COL
,শাড়ি,B-OBJ
,পইড়া,O
,মোর,O
,লগে,O
,দেহা,O
Sentence: 3029,মায়ে,O
,ওইদিন,O
,হাসইও,O
,কথাই,O
,কইসেলে,O
Sentence: 3030,মায়ে,B-REL
,হাসইও,O
,কথাই,O
,কইসেলে,O
Sentence: 3031,হাসইও,O
,কথাই,O
,কইসেলে,O
Sentence: 3032,মুই,O
,ওইহানে,O
,যামু,O
Sentence: 3033,হুমমে,O
,যামু,O
,না,O
Sentence: 3034,হুমমে,O
,যামু,O
Sentence: 3035,মোরা,O
,থোইক্কা,O
,গেছি,O
Sentence: 3036,থোইক্কা,O
,গেছি,O
Sentence: 3037,মোরা,O
,থোইক্কা,O
,গেলাম,O
Sentence: 3038,থোইক্কা,O
,গেলাম,O
Sentence: 3039,মোরা,O
,গেলাম,O
Sentence: 3040,আমডা,B-FOOD
,কেডা,O
,খাইল্লে,O
Sentence: 3041,কেডা,O
,খাইল্লে,O
Sentence: 3042,আমডা,B-FOOD
,খাইল্লে,O
Sentence: 3043,আমি,O
,আছি,O
Sentence: 3044,মোরে,O
,বিশ্বাস,O
,করো,O
Sentence: 3045,বিশ্বাস,O
,করো,O
Sentence: 3046,শুক্কুরবার,O
,মোরা,O
,গেলাম,O
Sentence: 3047,শুক্কুরবার,O
,মায়ে,O
,ওইদিন,O
,হাসইও,O
,কথাই,O
,কইসেলে,O
Sentence: 3048,মোর,O
,গাড়িডা,B-OBJ
,গতকাইল,O
,চুরি,O
,হইয়া,O
,গেছে,O
Sentence: 3049,মোর,O
,বাসায়,O
,গতকাইল,O
,রাইতে,O
,চুরি,O
,হইছে,O
Sentence: 3050,বাসায়,O
,গতকাইল,O
,রাইতে,O
,চুরি,O
,হইছে,O
Sentence: 3051,গতকাইল,O
,রাইতে,O
,চুরি,O
,হইছে,O
Sentence: 3052,মোর,O
,গাডির,B-OBJ
,রঙ,B-COL
,হইলে,O
,লাল,B-COL
Sentence: 3053,গাডির,B-OBJ
,রঙ,B-COL
,হইলে,O
,লাল,B-COL
Sentence: 3054,সহজ,O
,ভাষায়,O
,কথা,O
,কওয়া,O
,উচিৎ,O
Sentence: 3055,মুই,O
,আমনের,O
,লগে,O
,আছি,O
Sentence: 3056,আমনের,O
,লগে,O
,আছি,O
Sentence: 3057,লগে,O
,আছি,O
Sentence: 3058,মোর,O
,আব্বায়,O
,বিদেশ,B-LOC
,থাকে,O
Sentence: 3059,আব্বায়,O
,বিদেশ,B-LOC
,থাকে,O
Sentence: 3060,বিদেশ,B-LOC
,থাকে,O
Sentence: 3061,মোর,O
,বড়,B-REL
,বুইন,I-REL
,মোরে,O
,বেমালা,O
,ভালোবাসে,O
Sentence: 3062,বড়,B-REL
,বুইন,I-REL
,মোরে,O
,বেমালা,O
,ভালোবাসে,O
Sentence: 3063,বুইন,B-REL
,মোরে,O
,বেমালা,O
,ভালোবাসে,O
Sentence: 3064,মোরে,O
,বেমালা,O
,ভালোবাসে,O
Sentence: 3065,মোর,O
,বুইন,B-REL
,মোরে,O
,বেমালা,O
,ভালোবাসে,O
Sentence: 3066,মোর,O
,বড়,B-REL
,বুইনরে,I-REL
,মুই,O
,অনেক,O
,ভালোবাসি,O
Sentence: 3067,বড়,B-REL
,বুইনরে,I-REL
,মুই,O
,অনেক,O
,ভালোবাসি,O
Sentence: 3068,বুইনরে,B-REL
,মুই,O
,অনেক,O
,ভালোবাসি,O
Sentence: 3069,আমনের,O
,বড়,B-REL
,বুইনের,I-REL
,কি,O
,বিয়া,O
,হইয়া,O
,গেছে,O
Sentence: 3070,বড়,B-REL
,বুইনের,I-REL
,কি,O
,বিয়া,O
,হইয়া,O
,গেছে,O
Sentence: 3071,বুইনের,B-REL
,কি,O
,বিয়া,O
,হইয়া,O
,গেছে,O
Sentence: 3072,কি,O
,বিয়া,O
,হইয়া,O
,গেছে,O
Sentence: 3073,আমনের,O
,বুইনের,B-REL
,কি,O
,বিয়া,O
,হইয়া,O
,গেছে,O
Sentence: 3074,আমনের,O
,কি,O
,বিয়া,O
,হইয়া,O
,গেছে,O
Sentence: 3075,তোর,O
,বড়,B-REL
,ভাইয়ের,I-REL
,নাম,O
,কি,O
Sentence: 3076,বড়,B-REL
,ভাইয়ের,I-REL
,নাম,O
,কি,O
Sentence: 3077,ভাইয়ের,B-REL
,নাম,O
,কি,O
Sentence: 3078,বিদেশ,B-LOC
,ঘোরতে,O
,যাওয়া,O
,মোর,O
,স্বপ্ন,O
Sentence: 3079,ঘোরতে,O
,যাওয়া,O
,মোর,O
,স্বপ্ন,O
Sentence: 3080,মোর,O
,স্বপ্ন,O
Sentence: 3081,মুই,O
,কখনই,O
,তোমারে,O
,ভুলমু,O
,না,O
Sentence: 3082,কখনই,O
,তোমারে,O
,ভুলমু,O
,না,O
Sentence: 3083,তোমারে,O
,ভুলমু,O
,না,O
Sentence: 3084,ভুলমু,O
,না,O
Sentence: 3085,তুমি,O
,মোর,O
,জীবনের,O
,আলো,O
Sentence: 3086,মোর,O
,জীবনের,O
,আলো,O
Sentence: 3087,জীবনের,O
,আলো,O
Sentence: 3088,মোরে,O
,হেইহানে,O
,লইয়া,O
,লউ,O
Sentence: 3089,হেইহানে,O
,লইয়া,O
,লউ,O
Sentence: 3090,মেলা,O
,দিন,O
,আগে,O
,এক,O
,গেরামে,O
,এক,O
,টুপি,B-ROLE
,বিক্রেতা,I-ROLE
,ছেলো,O
Sentence: 3091,এক,O
,গেরামে,O
,এক,O
,টুপি,B-ROLE
,বিক্রেতা,I-ROLE
,ছেলো,O
Sentence: 3092,এক,O
,টুপি,B-ROLE
,বিক্রেতা,I-ROLE
,ছেলো,O
Sentence: 3093,টুপি,B-ROLE
,বিক্রেতা,I-ROLE
,ছেলো,O
Sentence: 3094,হেই,O
,কালে,O
,লগে,O
,দিয়া,O
,এউক্কা,O
,হিয়াল,B-ANI
,যায়তেয়াছেলো,O
Sentence: 3095,তোমারে,O
,দেইখা,O
Sentence: 3096,থমকে,O
,খারাইয়া,O
,আছেলাম,O
Sentence: 3097,খারাইয়া,O
,আছেলাম,O
Sentence: 3098,আব্বা,B-REL
,মোর,O
,লাইগা,O
,লাল,B-COL
,জামা,B-OBJ
,কিন্ন্যা,O
,আনছে,O
Sentence: 3099,মোর,O
,লাইগা,O
,লাল,B-COL
,জামা,B-OBJ
,কিন্ন্যা,O
,আনছে,O
Sentence: 3100,লাল,B-COL
,জামা,B-OBJ
,কিন্ন্যা,O
,আনছে,O
Sentence: 3101,জামা,B-OBJ
,কিন্ন্যা,O
,আনছে,O
Sentence: 3102,কিন্ন্যা,O
,আনছে,O
Sentence: 3103,আব্বা,B-REL
,লাল,B-COL
,জামা,B-OBJ
,কিন্ন্যা,O
,আনছে,O
Sentence: 3104,আব্বা,B-REL
,জামা,B-OBJ
,কিন্ন্যা,O
,আনছে,O
Sentence: 3105,আব্বা,B-REL
,কিন্ন্যা,O
,আনছে,O
Sentence: 3106,আব্বা,B-REL
,মোর,O
,লাইগা,O
,সবুজ,B-COL
,জামা,B-OBJ
,কিন্ন্যা,O
,আনছে,O
Sentence: 3107,আব্বা,B-REL
,মোর,O
,লাইগা,O
,কালো,B-COL
,জামা,B-OBJ
,কিন্ন্যা,O
,আনছে,O
Sentence: 3108,আব্বা,B-REL
,মোর,O
,লাইগা,O
,সাদা,B-COL
,জামা,B-OBJ
,কিন্ন্যা,O
,আনছে,O
Sentence: 3109,আব্বা,B-REL
,মোর,O
,লাইগা,O
,নীল,B-COL
,জামা,B-OBJ
,কিন্ন্যা,O
,আনছে,O
Sentence: 3110,চুলগুলান,O
,মেলা,O
,লম্বা,O
Sentence: 3111,মেলা,O
,লম্বা,O
Sentence: 3112,হেরে,O
,কাজল,B-OBJ
,দেলে,O
,মেলা,O
,ভালো,O
,লাগে,O
Sentence: 3113,কাজল,B-OBJ
,দেলে,O
,মেলা,O
,ভালো,O
,লাগে,O
Sentence: 3114,মেলা,O
,ভালো,O
,লাগে,O
Sentence: 3115,তুমি,O
,এইহানে,O
,থাকলে,O
,মুই,O
,খুশি,O
Sentence: 3116,এইহানে,O
,থাকলে,O
,মুই,O
,খুশি,O
Sentence: 3117,থাকলে,O
,মুই,O
,খুশি,O
Sentence: 3118,মুই,O
,খুশি,O
Sentence: 3119,মোর,O
,লাল,B-COL
,রঙের,I-COL
,গাড়িডা,B-OBJ
,গতকাইল,O
,চুরি,O
,হইয়া,O
,গেছে,O
Sentence: 3120,লাল,B-COL
,রঙের,I-COL
,গাড়িডা,B-OBJ
,গতকাইল,O
,চুরি,O
,হইয়া,O
,গেছে,O
Sentence: 3121,গাড়িডা,B-OBJ
,গতকাইল,O
,চুরি,O
,হইয়া,O
,গেছে,O
Sentence: 3122,গতকাইল,O
,চুরি,O
,হইয়া,O
,গেছে,O
Sentence: 3123,চুরি,O
,হইয়া,O
,গেছে,O
Sentence: 3124,শুক্কুরবার,O
,মোরা,O
,থোইক্কা,O
,গেছি,O
Sentence: 3125,হে,O
,মোরে,O
,অপমান,O
,হরে,O
Sentence: 3126,মোরে,O
,অপমান,O
,হরে,O
Sentence: 3127,অপমান,O
,হরে,O
Sentence: 3128,হে,O
,অপমান,O
,হরে,O
Sentence: 3129,তুমি,O
,কি,O
,মোরে,O
,চেনো,O
Sentence: 3130,শুক্কুরবার,O
,মায়ে,B-REL
,হাসইও,O
,কথাই,O
,কইসেলে,O
Sentence: 3131,শুক্কুরবার,O
,মুই,O
,ওইহানে,O
,যামু,O
Sentence: 3132,শুক্কুরবার,O
,হুমমে,O
,যামু,O
,না,O
Sentence: 3133,শুক্কুরবার,O
,হুমমে,O
,যামু,O
Sentence: 3134,তুমি,O
,মোরে,O
,চেনো,O
Sentence: 3135,মোরে,O
,চেনো,O
Sentence: 3136,মুই,O
,আইজ,O
,বেইন্ন্যা,O
,কালে,O
,ফুটবল,B-OBJ
,খেলেছি,O
Sentence: 3137,আইজ,O
,বেইন্ন্যা,O
,কালে,O
,ফুটবল,B-OBJ
,খেলেছি,O
Sentence: 3138,বেইন্ন্যা,O
,কালে,O
,ফুটবল,B-OBJ
,খেলেছি,O
Sentence: 3139,মুই,O
,বেইন্ন্যা,O
,কালে,O
,ফুটবল,B-OBJ
,খেলেছি,O
Sentence: 3140,মুই,O
,কালে,O
,ফুটবল,B-OBJ
,খেলেছি,O
Sentence: 3141,মুই,O
,তোমার,O
,মনের,O
,কথা,O
,বোঝতে,O
,পারি,O
,না,O
Sentence: 3142,তোমার,O
,মনের,O
,কথা,O
,বোঝতে,O
,পারি,O
,না,O
Sentence: 3143,মনের,O
,কথা,O
,বোঝতে,O
,পারি,O
,না,O
Sentence: 3144,মুই,O
,মনের,O
,কথা,O
,বোঝতে,O
,পারি,O
,না,O
Sentence: 3145,মুই,O
,কথা,O
,বোঝতে,O
,পারি,O
,না,O
Sentence: 3146,মুই,O
,বোঝতে,O
,পারি,O
,না,O
Sentence: 3147,তোমার,O
,লাইগা,O
,মোর,O
,বেমালা,O
,কষ্ট,O
,হয়,O
Sentence: 3148,মোর,O
,বেমালা,O
,কষ্ট,O
,হয়,O
Sentence: 3149,মোগো,O
,হপন,O
,মেলা,O
,বড়,O
Sentence: 3150,মুই,O
,এউক্কা,O
,পোলা,O
Sentence: 3151,মুই,O
,এউক্কা,O
,মাইয়া,O
Sentence: 3152,আমনের,O
,লগে,O
,পরিচিত,O
,হইয়া,O
,ভালো,O
,লাগছে,O
Sentence: 3153,পরিচিত,O
,হইয়া,O
,ভালো,O
,লাগছে,O
Sentence: 3154,ভালো,O
,লাগছে,O
Sentence: 3155,মেলাদিন,O
,পর,O
,আমনেরে,O
,দেখলাম,O
Sentence: 3156,মেলাদিন,O
,পর,O
Sentence: 3157,আমনেরে,O
,দেখলাম,O
Sentence: 3158,পরথমে,O
,আমনেরে,O
,এউক্কা,O
,দোকানে,O
,যাইতে,O
,হইবে,O
Sentence: 3159,আমনেরে,O
,এউক্কা,O
,দোকানে,O
,যাইতে,O
,হইবে,O
Sentence: 3160,এউক্কা,O
,দোকানে,O
,যাইতে,O
,হইবে,O
Sentence: 3161,দোকানে,O
,যাইতে,O
,হইবে,O
Sentence: 3162,যাইতে,O
,হইবে,O
Sentence: 3163,পরথমে,O
,এউক্কা,O
,দোকানে,O
,যাইতে,O
,হইবে,O
Sentence: 3164,পরথমে,O
,দোকানে,O
,যাইতে,O
,হইবে,O
Sentence: 3165,মেলাদিন,O
,পর,O
,তোমারে,O
,দেখলাম,O
Sentence: 3166,মেলাদিন,O
,পর,O
Sentence: 3167,তোমারে,O
,দেখলাম,O
Sentence: 3168,তোমারে,O
,দেইখা,O
,থমকে,O
,খারাইয়া,O
,আছেলাম,O
Sentence: 3169,তোমারে,O
,দেইখা,O
Sentence: 3170,থমকে,O
,খারাইয়া,O
,আছেলাম,O
Sentence: 3171,খারাইয়া,O
,আছেলাম,O
Sentence: 3172,আব্বা,B-REL
,মোর,O
,লাইগা,O
,লাল,B-COL
,জামা,B-OBJ
,কিন্ন্যা,O
,আনছে,O
Sentence: 3173,মোর,O
,লাইগা,O
,লাল,B-COL
,জামা,B-OBJ
,কিন্ন্যা,O
,আনছে,O
Sentence: 3174,লাল,B-COL
,জামা,B-OBJ
,কিন্ন্যা,O
,আনছে,O
Sentence: 3175,জামা,B-OBJ
,কিন্ন্যা,O
,আনছে,O
Sentence: 3176,কিন্ন্যা,O
,আনছে,O
Sentence: 3177,আব্বা,B-REL
,লাল,B-COL
,জামা,B-OBJ
,কিন্ন্যা,O
,আনছে,O
Sentence: 3178,আব্বা,B-REL
,জামা,B-OBJ
,কিন্ন্যা,O
,আনছে,O
Sentence: 3179,আব্বা,B-REL
,কিন্ন্যা,O
,আনছে,O
Sentence: 3180,আব্বা,B-REL
,মোর,O
,লাইগা,O
,সবুজ,B-COL
,জামা,B-OBJ
,কিন্ন্যা,O
,আনছে,O
Sentence: 3181,আব্বা,B-REL
,মোর,O
,লাইগা,O
,কালো,B-COL
,জামা,B-OBJ
,কিন্ন্যা,O
,আনছে,O
Sentence: 3182,আব্বা,B-REL
,মোর,O
,লাইগা,O
,সাদা,B-COL
,জামা,B-OBJ
,কিন্ন্যা,O
,আনছে,O
Sentence: 3183,আব্বা,B-REL
,মোর,O
,লাইগা,O
,নীল,B-COL
,জামা,B-OBJ
,কিন্ন্যা,O
,আনছে,O
Sentence: 3184,আব্বা,B-REL
,মোর,O
,লাইগা,O
,বেগুনি,B-COL
,জামা,B-OBJ
,কিন্ন্যা,O
,আনছে,O
Sentence: 3185,আব্বা,B-REL
,মোর,O
,লাইগা,O
,গোলাপি,B-COL
,জামা,B-OBJ
,কিন্ন্যা,O
,আনছে,O
Sentence: 3186,আব্বা,B-REL
,মোর,O
,লাইগা,O
,আকাশী,B-COL
,জামা,B-OBJ
,কিন্ন্যা,O
,আনছে,O
Sentence: 3187,আব্বা,B-REL
,মোর,O
,লাইগা,O
,মেরুন,B-COL
,জামা,B-OBJ
,কিন্ন্যা,O
,আনছে,O
Sentence: 3188,আব্বা,B-REL
,মোর,O
,লাইগা,O
,কমলা,B-COL
,জামা,B-OBJ
,কিন্ন্যা,O
,আনছে,O
Sentence: 3189,আব্বা,B-REL
,মোর,O
,লাইগা,O
,খয়েরি,B-COL
,জামা,B-OBJ
,কিন্ন্যা,O
,আনছে,O
Sentence: 3190,মোর,O
,দোস্তো,B-REL
,মোরে,O
,লাল,B-COL
,জামা,B-OBJ
,কিন্ন্যা,O
,দেছে,O
Sentence: 3191,দোস্তো,B-REL
,মোরে,O
,লাল,B-COL
,জামা,B-OBJ
,কিন্ন্যা,O
,দেছে,O
Sentence: 3192,মোরে,O
,লাল,B-COL
,জামা,B-OBJ
,কিন্ন্যা,O
,দেছে,O
Sentence: 3193,লাল,B-COL
,জামা,B-OBJ
,কিন্ন্যা,O
,দেছে,O
Sentence: 3194,জামা,B-OBJ
,কিন্ন্যা,O
,দেছে,O
Sentence: 3195,কিন্ন্যা,O
,দেছে,O
Sentence: 3196,মোর,O
,দোস্তো,B-REL
,মোরে,O
,একডা,O
,লাল,B-COL
,গোলাপ,B-OBJ
,কিন্ন্যা,O
,দেছে,O
Sentence: 3197,দোস্তো,B-REL
,মোরে,O
,একডা,O
,লাল,B-COL
,গোলাপ,B-OBJ
,কিন্ন্যা,O
,দেছে,O
Sentence: 3198,মোরে,O
,একডা,O
,লাল,B-COL
,গোলাপ,B-OBJ
,কিন্ন্যা,O
,দেছে,O
Sentence: 3199,একডা,O
,লাল,B-COL
,গোলাপ,B-OBJ
,কিন্ন্যা,O
,দেছে,O
Sentence: 3200,লাল,B-COL
,গোলাপ,B-OBJ
,কিন্ন্যা,O
,দেছে,O
Sentence: 3201,গোলাপ,B-OBJ
,কিন্ন্যা,O
,দেছে,O
Sentence: 3202,মোরা,O
,জীবনে,O
,ভুলতে,O
,পারমু,O
,না,O
Sentence: 3203,জীবনে,O
,ভুলতে,O
,পারমু,O
,না,O
Sentence: 3204,ভুলতে,O
,পারমু,O
,না,O
Sentence: 3205,মোরা,O
,ভুলতে,O
,পারমু,O
,না,O
Sentence: 3206,মোরা,O
,জীবনে,O
,পারমু,O
,না,O
Sentence: 3207,মোরা,O
,পারমু,O
,না,O
Sentence: 3208,এই,O
,লেদা,O
,পোলাডা,O
,এউক্কা,O
,বল,B-OBJ
,দিয়া,O
,খেলতেয়াছে,O
Sentence: 3209,পোলাডা,O
,এউক্কা,O
,বল,B-OBJ
,দিয়া,O
,খেলতেয়াছে,O
Sentence: 3210,এউক্কা,O
,বল,B-OBJ
,দিয়া,O
,খেলতেয়াছে,O
Sentence: 3211,বল,B-OBJ
,দিয়া,O
,খেলতেয়াছে,O
Sentence: 3212,এই,O
,লেদা,O
,পোলাডা,O
,বল,B-OBJ
,দিয়া,O
,খেলতেয়াছে,O
Sentence: 3213,পোলাডা,O
,বল,B-OBJ
,দিয়া,O
,খেলতেয়াছে,O
Sentence: 3214,বেডাডা,O
,ফোনে,B-OBJ
,কথা,O
,কয়তেয়াছে,O
Sentence: 3215,ফোনে,B-OBJ
,কথা,O
,কয়তেয়াছে,O
Sentence: 3216,কথা,O
,কয়তেয়াছে,O
Sentence: 3217,তোমার,O
,পছন্দের,O
,কতোডি,O
,বই,B-OBJ
,কিনছি,O
Sentence: 3218,পছন্দের,O
,কতোডি,O
,বই,B-OBJ
,কিনছি,O
Sentence: 3219,কতোডি,O
,বই,B-OBJ
,কিনছি,O
Sentence: 3220,কতোডি,O
,বই,B-OBJ
,কিনছি,O
Sentence: 3221,বই,B-OBJ
,কিনছি,O
Sentence: 3222,তোমার,O
,পছন্দের,O
,কতোডি,O
,বই,B-OBJ
,কিনছি,O
Sentence: 3223,তোমার,O
,পছন্দের,O
,বই,B-OBJ
,কিনছি,O
Sentence: 3224,আমনে,O
,নিজের,O
,পরিবার,O
,লইয়া,O
,বহেন,O
Sentence: 3225,নিজের,O
,পরিবার,O
,লইয়া,O
,বহেন,O
Sentence: 3226,পরিবার,O
,লইয়া,O
,বহেন,O
Sentence: 3227,লইয়া,O
,বহেন,O
Sentence: 3228,আমনে,O
,পরিবার,O
,লইয়া,O
,বহেন,O
Sentence: 3229,আমনে,O
,লইয়া,O
,বহেন,O
Sentence: 3230,মোরে,O
,এউক্কা,O
,সাহায্য,O
,করবেন,O
Sentence: 3231,এউক্কা,O
,সাহায্য,O
,করবেন,O
Sentence: 3232,সাহায্য,O
,করবেন,O
Sentence: 3233,মোরে,O
,সাহায্য,O
,করবেন,O
Sentence: 3234,তুমি,O
,মোর,O
,লগে,O
,আর,O
,কথা,O
,কবা,O
,না,O
Sentence: 3235,মোর,O
,লগে,O
,আর,O
,কথা,O
,কবা,O
,না,O
Sentence: 3236,আর,O
,কথা,O
,কবা,O
,না,O
Sentence: 3237,কথা,O
,কবা,O
,না,O
Sentence: 3238,কবা,O
,না,O
Sentence: 3239,তুমি,O
,আর,O
,কথা,O
,কবা,O
,না,O
Sentence: 3240,তুমি,O
,কথা,O
,কবা,O
,না,O
Sentence: 3241,তুমি,O
,কবা,O
,না,O
Sentence: 3242,এউক্কা,O
,রঙ্গিন,B-COL
,ছবি,O
,তোলতে,O
,হইবো,O
,মোগো,O
,বেবাকের,O
Sentence: 3243,এউক্কা,O
,রঙ্গিন,B-COL
,ছবি,O
,তোলতে,O
,হইবো,O
,মোগো,O
Sentence: 3244,এউক্কা,O
,রঙ্গিন,B-COL
,ছবি,O
,তোলতে,O
,হইবো,O
Sentence: 3245,রঙ্গিন,B-COL
,ছবি,O
,তোলতে,O
,হইবো,O
Sentence: 3246,ছবি,O
,তোলতে,O
,হইবো,O
Sentence: 3247,তোলতে,O
,হইবো,O
Sentence: 3248,এউক্কা,O
,রঙ্গিন,B-COL
,ছবি,O
,তোলতে,O
,হইবো,O
,মোগো,O
Sentence: 3249,রঙ্গিন,B-COL
,ছবি,O
,তোলতে,O
,হইবো,O
,মোগো,O
Sentence: 3250,ছবি,O
,তোলতে,O
,হইবো,O
,মোগো,O
Sentence: 3251,তোলতে,O
,হইবো,O
,মোগো,O
Sentence: 3252,আর,O
,কতো,O
,ছুটি,O
,কাডামু,O
Sentence: 3253,কতো,O
,ছুটি,O
,কাডামু,O
Sentence: 3254,ছুটি,O
,কাডামু,O
Sentence: 3255,আমনে,O
,বাইচ্চা,O
,আছেন,O
Sentence: 3256,বাইচ্চা,O
,আছেন,O
Sentence: 3257,আমনে,O
,আছেন,O
Sentence: 3258,দেখা,O
,করা,O
,যাইবে,O
Sentence: 3259,করা,O
,যাইবে,O
Sentence: 3260,দেখা,O
,যাইবে,O
Sentence: 3261,মুই,O
,মোর,O
,পরিবারের,O
,লগে,O
,কথা,O
,কইতে,O
,চাই,O
Sentence: 3262,মোর,O
,পরিবারের,O
,লগে,O
,কথা,O
,কইতে,O
,চাই,O
Sentence: 3263,পরিবারের,O
,লগে,O
,কথা,O
,কইতে,O
,চাই,O
Sentence: 3264,কথা,O
,কইতে,O
,চাই,O
Sentence: 3265,মুই,O
,পরিবারের,O
,লগে,O
,কথা,O
,কইতে,O
,চাই,O
Sentence: 3266,মোর,O
,পরিবারে,O
,মুই,O
,মা,B-REL
,আব্বা,B-REL
,আর,O
,এউক্কা,O
,ছোডো,B-REL
,বুইন,I-REL
Sentence: 3267,মোর,O
,পরিবারে,O
,মুই,O
,মা,B-REL
,আব্বা,B-REL
Sentence: 3268,মোর,O
,পরিবারে,O
,মুই,O
Sentence: 3269,মোর,O
,পরিবারে,O
,মুই,O
,মা,B-REL
,আব্বা,B-REL
,আর,O
,ছোডো,B-REL
,বুইন,I-REL
Sentence: 3270,মোর,O
,পরিবারে,O
,মুই,O
,মা,B-REL
,আব্বা,B-REL
,আর,O
,বুইন,B-REL
Sentence: 3271,এউক্কা,O
,ছোডো,B-REL
,বুইন,I-REL
Sentence: 3272,মোগো,O
,বেবাগডি,O
,একসময়,O
,একলগে,O
,আছি,O
Sentence: 3273,বেবাগডি,O
,একসময়,O
,একলগে,O
,আছি,O
Sentence: 3274,একসময়,O
,একলগে,O
,আছি,O
Sentence: 3275,একলগে,O
,আছি,O
Sentence: 3276,মোগো,O
,বেবাগডি,O
,একলগে,O
,আছি,O
Sentence: 3277,এউক্কা,O
,কথাও,O
,আর,O
,কইয়ো,O
,না,O
Sentence: 3278,কথাও,O
,আর,O
,কইয়ো,O
,না,O
Sentence: 3279,আর,O
,কইয়ো,O
,না,O
Sentence: 3280,কইয়ো,O
,না,O
Sentence: 3281,এউক্কা,O
,কথাও,O
,কইয়ো,O
,না,O
Sentence: 3282,আমনেরা,O
,যারা,O
,মোরে,O
,এহনো,O
,চেনেন,O
,না,O
Sentence: 3283,যারা,O
,মোরে,O
,এহনো,O
,চেনেন,O
,না,O
Sentence: 3284,মোরে,O
,এহনো,O
,চেনেন,O
,না,O
Sentence: 3285,এহনো,O
,চেনেন,O
,না,O
Sentence: 3286,চেনেন,O
,না,O
Sentence: 3287,আমনেরা,O
,মোরে,O
,এহনো,O
,চেনেন,O
,না,O
Sentence: 3288,আমনেরা,O
,এহনো,O
,চেনেন,O
,না,O
Sentence: 3289,আমনেরা,O
,চেনেন,O
,না,O
Sentence: 3290,হিতাহে,B-OBJ
,হুইয়া,O
,টিভি,B-OBJ
,দেখতেয়াছিলাম,O
Sentence: 3291,হুইয়া,O
,টিভি,B-OBJ
,দেখতেয়াছিলাম,O
Sentence: 3292,টিভি,B-OBJ
,দেখতেয়াছিলাম,O
Sentence: 3293,হিতাহে,B-OBJ
,টিভি,B-OBJ
,দেখতেয়াছিলাম,O
Sentence: 3294,লও,O
,ঘুড্ডি,B-OBJ
,উড়াই,O
Sentence: 3295,ঘুড্ডি,B-OBJ
,উড়াই,O
Sentence: 3296,লও,O
,উড়াই,O
Sentence: 3297,মুই,O
,লেদা,O
,কালে,O
,বেমালা,O
,বেধাবী,O
,আছিলাম,O
Sentence: 3298,লেদা,O
,কালে,O
,বেমালা,O
,বেধাবী,O
,আছিলাম,O
Sentence: 3299,বেমালা,O
,বেধাবী,O
,আছিলাম,O
Sentence: 3300,বেধাবী,O
,আছিলাম,O
Sentence: 3301,মুই,O
,বেমালা,O
,বেধাবী,O
,আছিলাম,O
Sentence: 3302,মুই,O
,বেধাবী,O
,আছিলাম,O
Sentence: 3303,মোর,O
,নৌকায়,B-OBJ
,ঘুরতে,O
,বেমালা,O
,ভালো,O
,লাগে,O
Sentence: 3304,নৌকায়,B-OBJ
,ঘুরতে,O
,বেমালা,O
,ভালো,O
,লাগে,O
Sentence: 3305,ঘুরতে,O
,বেমালা,O
,ভালো,O
,লাগে,O
Sentence: 3306,বেমালা,O
,ভালো,O
,লাগে,O
Sentence: 3307,ভালো,O
,লাগে,O
Sentence: 3308,মোর,O
,ঘুরতে,O
,বেমালা,O
,ভালো,O
,লাগে,O
Sentence: 3309,মোর,O
,বেমালা,O
,ভালো,O
,লাগে,O
Sentence: 3310,মোর,O
,ভালো,O
,লাগে,O
Sentence: 3311,জাইলারা,B-ROLE
,মাছ,B-ANI
,ধরতেয়াছে,O
Sentence: 3312,মাছ,B-ANI
,ধরতেয়াছে,O
Sentence: 3313,জাইলারা,B-ROLE
,রতেয়াছে,O
Sentence: 3314,মুই,O
,আম,B-FOOD
,খামু,O
Sentence: 3315,আম,B-FOOD
,খামু,O
Sentence: 3316,মুই,O
,খামু,O
Sentence: 3317,আম,B-FOOD
,মোর,O
,প্রিয়,O
,ফল,B-FOOD
Sentence: 3318,মোর,O
,প্রিয়,O
,ফল,B-FOOD
Sentence: 3319,প্রিয়,O
,ফল,B-FOOD
Sentence: 3320,আম,B-FOOD
,প্রিয়,O
,ফল,B-FOOD
Sentence: 3321,আইজ,O
,তোমার,O
,ভাইরে,B-REL
,দেখলাম,O
Sentence: 3322,তোমার,O
,ভাইরে,B-REL
,দেখলাম,O
Sentence: 3323,ভাইরে,B-REL
,দেখলাম,O
Sentence: 3324,আইজ,O
,ভাইরে,B-REL
,দেখলাম,O
Sentence: 3325,তমার,O
,গানের,O
,গলা,O
,মেলা,O
,ভালো,O
Sentence: 3326,গানের,O
,গলা,O
,মেলা,O
,ভালো,O
Sentence: 3327,গলা,O
,মেলা,O
,ভালো,O
Sentence: 3328,মেলা,O
,ভালো,O
Sentence: 3329,তমার,O
,গলা,O
,মেলা,O
,ভালো,O
Sentence: 3330,মুই,O
,তোমার,O
,হাসির,O
,প্রেমে,O
,পরছি,O
Sentence: 3331,তোমার,O
,পরিবারে,O
,কেডা,O
,কেডা,O
,আছে,O
Sentence: 3332,পরিবারে,O
,কেডা,O
,কেডা,O
,আছে,O
Sentence: 3333,কেডা,O
,কেডা,O
,আছে,O
Sentence: 3334,কেডা,O
,আছে,O
Sentence: 3335,ক্রিকেট,O
,খেলা,O
,তোমার,O
,কেমন,O
,লাগে,O
Sentence: 3336,খেলা,O
,তোমার,O
,কেমন,O
,লাগে,O
Sentence: 3337,তোমার,O
,কেমন,O
,লাগে,O
Sentence: 3338,কেমন,O
,লাগে,O
Sentence: 3339,ক্রিকেট,O
,তোমার,O
,কেমন,O
,লাগে,O
Sentence: 3340,ক্রিকেট,O
,কেমন,O
,লাগে,O
Sentence: 3341,মোর,O
,ধারে,O
,মোডেও,O
,ভালো,O
,লাগে,O
,না,O
Sentence: 3342,মোর,O
,বেমালা,O
,ভালো,O
,লাগে,O
Sentence: 3343,তোমার,O
,বাপে,B-REL
,কি,O
,করে,O
Sentence: 3344,বাপে,B-REL
,কি,O
,করে,O
Sentence: 3345,কি,O
,করে,O
Sentence: 3346,তোমার,O
,ভাই,B-REL
,কম্মে,O
,চাকরি,O
,করে,O
Sentence: 3347,ভাই,B-REL
,কম্মে,O
,চাকরি,O
,করে,O
Sentence: 3348,কম্মে,O
,চাকরি,O
,করে,O
Sentence: 3349,চাকরি,O
,করে,O
Sentence: 3350,মুই,O
,মুরহার,B-FOOD
,গোস্তো,I-FOOD
,বেশি,O
,পছন্দ,O
,করি,O
Sentence: 3351,মুরহার,B-FOOD
,গোস্তো,I-FOOD
,বেশি,O
,পছন্দ,O
,করি,O
Sentence: 3352,গোস্তো,B-FOOD
,বেশি,O
,পছন্দ,O
,করি,O
Sentence: 3353,বেশি,O
,পছন্দ,O
,করি,O
Sentence: 3354,পছন্দ,O
,করি,O
Sentence: 3355,মুই,O
,গোস্তো,B-FOOD
,বেশি,O
,পছন্দ,O
,করি,O
Sentence: 3356,তুমি,O
,কি,O
,খাইতে,O
,পছন্দ,O
,করো,O
Sentence: 3357,কি,O
,খাইতে,O
,পছন্দ,O
,করো,O
Sentence: 3358,খাইতে,O
,পছন্দ,O
,করো,O
Sentence: 3359,মুই,O
,ইচা,B-FOOD
,মাছ,I-FOOD
,খাইতে,O
,পছন্দ,O
,করি,O
Sentence: 3360,ইচা,B-FOOD
,মাছ,I-FOOD
,খাইতে,O
,পছন্দ,O
,করি,O
Sentence: 3361,মাছ,B-FOOD
,খাইতে,O
,পছন্দ,O
,করি,O
Sentence: 3362,খাইতে,O
,পছন্দ,O
,করি,O
Sentence: 3363,করতেয়াছেন,O
,কি,O
,আমনে,O
,এহন,O
Sentence: 3364,করতেয়াছেন,O
,কি,O
,আমনে,O
Sentence: 3365,করতেয়াছেন,O
,কি,O
,এহন,O
Sentence: 3366,মুই,O
,একটা,O
,বই,B-OBJ
,পড়তেয়াছি,O
Sentence: 3367,একটা,O
,বই,B-OBJ
,পড়তেয়াছি,O
Sentence: 3368,বই,B-OBJ
,পড়তেয়াছি,O
Sentence: 3369,মুই,O
,বই,B-OBJ
,পড়তেয়াছি,O
Sentence: 3370,আমনে,O
,কি,O
,অন্য,O
,বই,B-OBJ
,পরছেন,O
Sentence: 3371,অন্য,O
,বই,B-OBJ
,পরছেন,O
Sentence: 3372,বই,B-OBJ
,পরছেন,O
Sentence: 3373,তুমি,O
,কি,O
,সরকারি,B-ROLE
,চাকরি,I-ROLE
,করতেয়াছেন,O
Sentence: 3374,সরকারি,B-ROLE
,চাকরি,I-ROLE
,করতেয়াছেন,O
Sentence: 3375,চাকরি,O
,করতেয়াছেন,O
Sentence: 3376,তুমি,O
,সরকারি,B-ROLE
,চাকরি,I-ROLE
,করতেয়াছেন,O
Sentence: 3377,তুমি,O
,চাকরি,O
,করতেয়াছেন,O
Sentence: 3378,মুই,O
,একজন,O
,সরকারি,B-ROLE
,কর্মকর্তা,I-ROLE
Sentence: 3379,মুই,O
,সরকারি,B-ROLE
,কর্মকর্তা,I-ROLE
Sentence: 3380,তুমি,O
,কি,O
,চাকরি,O
,করতেয়াছ,O
Sentence: 3381,কি,O
,চাকরি,O
,করতেয়াছ,O
Sentence: 3382,মুই,O
,কির,O
,লাইগা,O
,হক্কল,O
,কালে,O
,কষ্ট,O
,পাই,O
Sentence: 3383,কির,O
,লাইগা,O
,হক্কল,O
,কালে,O
,কষ্ট,O
,পাই,O
Sentence: 3384,হক্কল,O
,কালে,O
,কষ্ট,O
,পাই,O
Sentence: 3385,কষ্ট,O
,পাই,O
Sentence: 3386,মোর,O
,ভালোবাসায়,O
,কম,O
,কি,O
,আছেলো,O
Sentence: 3387,ভালোবাসায়,O
,কম,O
,কি,O
,আছেলো,O
Sentence: 3388,কম,O
,কি,O
,আছেলো,O
Sentence: 3389,হেরা,O
,তিন,O
,ভাই,O
,আছেলো,O
,তয়,O
,হেগো,O
,মইধ্যে,O
,মিল,O
,আছিলো,O
,না,O
Sentence: 3390,হেরা,O
,তিন,O
,ভাই,O
,আছেলো,O
Sentence: 3391,তয়,O
,হেগো,O
,মইধ্যে,O
,মিল,O
,আছিলো,O
,না,O
Sentence: 3392,হেগো,O
,মইধ্যে,O
,মিল,O
,আছিলো,O
,না,O
Sentence: 3393,মিল,O
,আছিলো,O
,না,O
Sentence: 3394,মিল,O
,আছিলো,O
Sentence: 3395,হেরা,O
,তিন,O
,ভাই,O
,আছেলো,O
,তয়,O
,হেগো,O
,মইধ্যে,O
,মিল,O
,আছিলো,O
Sentence: 3396,আমনে,O
,মোর,O
,লগে,O
,এমনে,O
,কথা,O
,কইতে,O
,পারেন,O
,না,O
Sentence: 3397,মোর,O
,লগে,O
,এমনে,O
,কথা,O
,কইতে,O
,পারেন,O
,না,O
Sentence: 3398,এমনে,O
,কথা,O
,কইতে,O
,পারেন,O
,না,O
Sentence: 3399,কথা,O
,কইতে,O
,পারেন,O
,না,O
Sentence: 3400,আমনে,O
,এমনে,O
,কথা,O
,কইতে,O
,পারেন,O
,না,O
Sentence: 3401,আমনে,O
,কথা,O
,কইতে,O
,পারেন,O
,না,O
Sentence: 3402,আইজ,O
,কয়,O
,তারিখ,O
Sentence: 3403,কয়,O
,তারিখ,O
Sentence: 3404,হগলডি,O
,কেমন,O
,আছ,O
Sentence: 3405,আইজ,O
,দুফারে,O
,মোগো,O
,দাওয়াত,O
,আছে,O
Sentence: 3406,দুফারে,O
,মোগো,O
,দাওয়াত,O
,আছে,O
Sentence: 3407,মোগো,O
,দাওয়াত,O
,আছে,O
Sentence: 3408,দাওয়াত,O
,আছে,O
Sentence: 3409,ঘড়িতে,B-OBJ
,কয়ডা,O
,বাজে,O
Sentence: 3410,কয়ডা,O
,বাজে,O
Sentence: 3411,আইজ,O
,মোর,O
,জন্মদিন,O
Sentence: 3412,মোর,O
,জন্মদিন,O
Sentence: 3413,আইজ,O
,জন্মদিন,O
Sentence: 3414,হে,O
,মোরে,O
,এউক্কা,O
,উপহার,B-OBJ
,দেছে,O
Sentence: 3415,মোরে,O
,এউক্কা,O
,উপহার,B-OBJ
,দেছে,O
Sentence: 3416,এউক্কা,O
,উপহার,B-OBJ
,দেছে,O
Sentence: 3417,উপহার,B-OBJ
,দেছে,O
Sentence: 3418,হে,O
,মেলা,O
,বেলা,O
,কইররা,O
,ঘুমায়,O
Sentence: 3419,মেলা,O
,বেলা,O
,কইররা,O
,ঘুমায়,O
Sentence: 3420,বেলা,O
,কইররা,O
,ঘুমায়,O
Sentence: 3421,এহন,O
,তুমি,O
,গান,O
,গাইতে,O
,পারবা,O
,না,O
Sentence: 3422,তুমি,O
,গান,O
,গাইতে,O
,পারবা,O
,না,O
Sentence: 3423,গান,O
,গাইতে,O
,পারবা,O
,না,O
Sentence: 3424,গাইতে,O
,পারবা,O
,না,O
Sentence: 3425,আমনে,O
,মেলা,O
,ভালো,O
,মানুষ,O
Sentence: 3426,মেলা,O
,ভালো,O
,মানুষ,O
Sentence: 3427,ভালা,O
,মানুষ,O
Sentence: 3428,আমনে,O
,ভালো,O
,মানুষ,O
Sentence: 3429,মোরা,O
,ঢাহায়,B-LOC
,থাহি,O
Sentence: 3430,ঢাহায়,B-LOC
,থাহি,O
Sentence: 3431,মুই,O
,ঢাহার,B-LOC
,মিরপুরে,B-LOC
,থাহি,O
Sentence: 3432,ঢাহার,B-LOC
,মিরপুরে,B-LOC
,থাহি,O
Sentence: 3433,মিরপুরে,B-LOC
,থাহি,O
Sentence: 3434,মুই,O
,মিরপুরে,B-LOC
,থাহি,O
Sentence: 3435,মুই,O
,হের,O
,চোহের,O
,মায়ায়,O
,পরছি,O
Sentence: 3436,হের,O
,চোহের,O
,মায়ায়,O
,পরছি,O
Sentence: 3437,চোহের,O
,মায়ায়,O
,পরছি,O
Sentence: 3438,মায়ায়,O
,পরছি,O
Sentence: 3439,মুই,O
,চোহের,O
,মায়ায়,O
,পরছি,O
Sentence: 3440,মুই,O
,মায়ায়,O
,পরছি,O
Sentence: 3441,হের,O
,হাসি,O
,বেমালা,O
,সুন্দর,O
Sentence: 3442,হাসি,O
,বেমালা,O
,সুন্দর,O
Sentence: 3443,হে,O
,হের,O
,পরিবাররে,O
,ভালোবাসে,O
Sentence: 3444,হের,O
,পরিবাররে,O
,ভালোবাসে,O
Sentence: 3445,পরিবাররে,O
,ভালোবাসে,O
Sentence: 3446,হে,O
,পরিবাররে,O
,ভালোবাসে,O
Sentence: 3447,হের,O
,লাইগা,O
,মুই,O
,সবকিছু,O
,করতে,O
,পারি,O
Sentence: 3448,মুই,O
,সবকিছু,O
,করতে,O
,পারি,O
Sentence: 3449,সবকিছু,O
,করতে,O
,পারি,O
Sentence: 3450,হের,O
,লাইগা,O
,সবকিছু,O
,করতে,O
,পারি,O
Sentence: 3451,মুই,O
,হেরে,O
,ভালোবাসি,O
Sentence: 3452,হেরে,O
,ভালোবাসি,O
Sentence: 3453,গের,O
,চুলগুলান,O
,মেলা,O
,লম্বা,O
Sentence: 3454,এডা,O
,কেডা,O
Sentence: 3455,উনি,O
,কেডা,O
Sentence: 3456,হামনে,O
,কন,O
Sentence: 3457,হামনে,O
,মোর,O
,লগে,O
,যাইবেন,O
Sentence: 3458,হামনে,O
,ভাইর,O
,ভক্ত,O
Sentence: 3459,তুই,O
,কোই,O
Sentence: 3460,তোর,O
,নাম,O
,কি,O
,সামি,O
Sentence: 3461,দেইখ্যা,O
,কেমন,O
,যানি,O
,লাগজে,O
Sentence: 3462,জম্মের,O
,কাম,O
,হইছে,O
Sentence: 3463,হগোডির,O
,বউ,B-REL
,সুন্দর,O
,মোর,O
,বউ,B-REL
,কালা,O
Sentence: 3464,সামসু,B-PER
,মেয়া,I-PER
,মোর,O
,চাইয়া,O
,ছোডো,O
Sentence: 3465,যাওয়ার,O
,ক্যালা,O
,কোমমে,O
,গেছিলি,O
Sentence: 3466,ভাললাগে,O
,না,O
Sentence: 3467,তোর,O
,কানে,O
,কতা,O
,যায়,O
Sentence: 3468,মুই,O
,তো,O
,ডরাইছেলাম,O
Sentence: 3469,গরু,B-ANI
,বান্দা,O
,লাগবে,O
,না,O
Sentence: 3470,মুই,O
,বাফেরে,O
,চিনি,O
Sentence: 3471,আব্বারে,O
,কইলাম,O
,মোরে,O
,বিয়া,O
,হরাবা,O
,না,O
Sentence: 3472,মুই,O
,তোর,O
,লইগগ্যা,O
,কি,O
,আনমু,O
Sentence: 3473,তোর,O
,কতা,O
,মোনে,O
,থাকপে,O
Sentence: 3474,মোগো,O
,বাড়ি,O
,ক্যা,O
Sentence: 3475,এইয়া,O
,কি,O
,খাওন,O
Sentence: 3476,এহেনে,O
,মানু,O
,মরে,O
Sentence: 3477,তুই,O
,রং,B-ROLE
,ম্যাস্তুরি,I-ROLE
Sentence: 3478,পারমু,O
,না,O
Sentence: 3479,করমু,O
,না,O
Sentence: 3480,পরমু,O
,না,O
Sentence: 3481,জামু,O
,না,O