Sentence #,noakhali_word,bio_tag
Sentence: 1,কেইক্কান,O
,আছেন,O
Sentence: 2,আইজ্জা,O
,আর,O
,মন,O
,ভালা,O
,নাই,O
Sentence: 3,তুমি,O
,কিআ,O
,করর,O
Sentence: 4,এতো,O
,গরমে,O
,আর,O
,কিচ্ছু,O
,ভালা,O
,লাগে,O
,না,O
Sentence: 5,পোলাডা,O
,একটা,O
,সাদা,B-COL
,রং,I-COL
,এর,O
,শার্ট,B-OBJ
,পড়ি,O
,আইসিলো,O
Sentence: 6,মাইয়াডা,O
,লাল,B-COL
,রং,I-COL
,এর,O
,শাড়ি,B-OBJ
,পরি,O
,আমার,O
,লগে,O
,দেখা,O
,করতে,O
,আইসিলো,O
Sentence: 7,পোলাডা,O
,সিলেট,B-LOC
,থেইকা,O
,ঢাকায়,B-LOC
,আইসে,O
Sentence: 8,মাইয়াডা,O
,সিলেট,B-LOC
,থেইকা,O
,আশা,O
,পোলাডারে,O
,অনেক,O
,ভালোবাসে,O
Sentence: 9,পোলাডা,O
,মাইয়াডারে,O
,এখনো,O
,ভালোবাসার,O
,চোখে,O
,দেখেনো,O
Sentence: 10,মাইয়াদা,O
,হিগার,O
,স্বপ্নের,O
,ভিতরে,O
,খালি,O
,পোলাগারে,O
,লই,O
,চিন্তা,O
,করতে,O
,থাকে,O
Sentence: 11,আর,O
,অনেকদিন,O
,আগে,O
,একবার,O
,বিয়া,O
,অইছিলো,O
Sentence: 12,আর,O
,মা,B-REL
,অরে,O
,কৈসিলো,O
,বিয়া,O
,হইলে,O
,জীবন,O
,পরিবর্তন,O
,হয়ে,O
,যায়,O
Sentence: 13,মা,B-REL
,যেদিন,O
,ঠিক,O
,কথা,O
,যে,O
,কৈসিলো,O
Sentence: 14,আম্মা,B-REL
,বেক,O
,সময়,O
,আর,O
,মনের,O
,কথা,O
,বুঝে,O
Sentence: 15,আনগো,O
,বাসার,O
,কামের,B-ROLE
,মাইয়া,I-ROLE
,ইগা,O
,ওন,O
,আর,O
,ভালা,O
,কাম,O
,করে,O
,না,O
Sentence: 16,আনগো,O
,বাসার,O
,কামের,B-ROLE
,মাইয়া,I-ROLE
,ইগা,O
,দুইদিন,O
,ধরি,O
,পলাইরৈসে,O
Sentence: 17,আনগো,O
,বাড়ির,O
,দারোয়ান,B-ROLE
,হেতের,O
,গ্রামের,B-LOC
,বাড়ি,I-LOC
,গেচে,O
,গুরবার,O
,লাই,O
Sentence: 18,আন্নেরে,O
,আই,O
,কল,O
,দিমু,O
,না,O
Sentence: 19,ইয়ান,O
,বেশি,O
,অসইজ্যো,O
,আসিল,O
Sentence: 20,হেয়,O
,শীলোট,B-LOC
,তুন,O
,আর,O
,লগে,O
,দেয়া,O
,কইত্তে,O
,আইছিল,O
Sentence: 21,হেয়,O
,অন,O
,রাসসায়ী,B-LOC
,চলি,O
,গেছে,O
Sentence: 22,হেতে,O
,অন,O
,হেতের,O
,দোস্তের,B-REL
,লগে,O
,বিড়ি,B-OBJ
,টানে,O
Sentence: 23,হেতে,O
,এক্কারেই,O
,আশেনা,O
Sentence: 24,হিগা,O
,আরে,O
,বেইজ্জুদি,O
,করে,O
Sentence: 25,হিগার,O
,বই,B-OBJ
,হইটটে,O
,এককারে,O
,বালা,O
,লাগে,O
,না,O
Sentence: 26,আন্নের,O
,কি,O
,বই,B-OBJ
,হড়ার,O
,ঐববাস,O
,আছে,O
Sentence: 27,তুই,O
,য়ারে,O
,চিনো,O
Sentence: 28,আই,O
,তোরে,O
,আগে,O
,কোনোসুমে,O
,দেই,O
,ন,O
Sentence: 29,আই,O
,তোরে,O
,চিনতে,O
,হাইরলাম,O
,না,O
Sentence: 30,আর,O
,হরালেয়া,O
,কইত্তে,O
,একছের,O
,ভালা,O
,লাগে,O
,না,O
Sentence: 31,আন্নের,O
,হরালেয়া,O
,করন,O
,দরকার,O
Sentence: 32,আন্নেরে,O
,হরালেয়া,O
,কইত্তে,O
,অইবো,O
Sentence: 33,আন্নের,O
,কি,O
,হরালেয়া,O
,কইত্তে,O
,একছের,O
,ভালা,O
,লাগে,O
,না,O
Sentence: 34,তোর,O
,হরালেয়া,O
,কইরতো,O
,অইবো,O
Sentence: 35,তুই,O
,কি,O
,আর,O
,হরালেয়া,O
,কইত্তি,O
,নও,O
Sentence: 36,তুই,O
,কি,O
,হরালেয়া,O
,ছাড়দিয়া,O
,লাইতো,O
,চাস,O
Sentence: 37,তোর,O
,কি,O
,হরালেয়া,O
,কইত্তে,O
,একছের,O
,ভালা,O
,লাগে,O
,না,O
Sentence: 38,তুই,O
,কি,O
,অন,O
,খাইতো,O
,বইবি,O
Sentence: 39,আইজগা,O
,আর,O
,খাইতে,O
,ভালা,O
,লগের,O
,না,O
Sentence: 40,আর,O
,স্কুলে,B-ORG
,মেলা,O
,বনদু,B-REL
,আছে,O
Sentence: 41,আর,O
,ছোড,B-REL
,বইন,I-REL
,স্কুলে,B-ORG
,যাইতো,O
,চায়,O
,না,O
Sentence: 42,আর,O
,স্কুলো,B-ORG
,যাইতো,O
,মেলা,O
,ভালা,O
,লাগে,O
Sentence: 43,হেতে,O
,হেতেগো,O
,গ্রামে,B-LOC
,এককান,O
,স্কুলে,B-ORG
,হড়ালেয়া,O
,করে,O
Sentence: 44,হেতে,O
,স্কুলো,B-ORG
,যাইতো,O
,চায়,O
,না,O
Sentence: 45,হেতের,O
,স্কুলে,B-ORG
,যাই,O
,হড়ালেয়া,O
,কইরতো,O
,ভালা,O
,লাগে,O
,না,O
Sentence: 46,হেতে,O
,স্কুলো,B-ORG
,যাই,O
,বনদুগোর,B-REL
,লগে,O
,গল্ফ,O
,করে,O
Sentence: 47,হেতে,O
,স্কুলের,B-LOC
,মাডো,I-LOC
,হইত্তোদিন,O
,ক্রিকেট,O
,খেলে,O
Sentence: 48,হেতি,O
,স্কুলের,B-LOC
,মাডো,I-LOC
,মাতা,O
,ঘুরি,O
,হড়ি,O
,গেছেগই,O
Sentence: 49,হেতে,O
,মেলা,O
,দিন,O
,আগে,O
,স্কুলের,B-ORG
,অগগা,O
,বইতালিরে,O
,ভালোবাইসতো,O
Sentence: 50,হোলাগা,O
,হেতাগো,O
,গ্রামের,B-LOC
,ছোট্ট,O
,এককান,O
,স্কুলতুন,B-ORG
,হড়ালেয়া,O
,করি,O
,এসএসসি,O
,হাস,O
,কইচ্ছে,O
Sentence: 51,তোংগো,O
,বাসা,O
,কোনাই,O
Sentence: 52,ঢাকা,B-LOC
,বাংলাদেশ,B-LOC
,এর,O
,রাইজধানী,O
Sentence: 53,তুই,O
,কি,O
,আর,O
,লগে,O
,হেম,O
,কইরবা,O
Sentence: 54,আই,O
,আইজগা,O
,সকালে,O
,ফুলবল,B-OBJ
,খেইলছি,O
Sentence: 55,আই,O
,তোওর,O
,মনে,O
,কতা,O
,বুজি,O
Sentence: 56,তোওর,O
,লাই,O
,আর,O
,মেলা,O
,কষ্ট,O
,লাগে,O
Sentence: 57,আংগোর,O
,স্বপ্ফন,O
,মেলা,O
,বড্ডা,O
Sentence: 58,কম,O
,বয়সি,O
,অগগা,O
,হোলা,O
,বাআরা,O
,রাস্তার,B-LOC
,অচে,O
,ফুটপাতে,B-LOC
,দৌড়ার,O
Sentence: 59,লেদা,O
,বাইচ্চা,O
,বিছনাত,B-OBJ
,লাফাই,O
,উডের,O
Sentence: 60,এগগা,O
,হোলা,O
,বিছনাত,B-OBJ
,লাফাআর,O
Sentence: 61,অগগা,O
,হোলা,O
,এক,O
,বিছনাত,B-OBJ
,তুন,O
,আরোক,O
,বিছানাত,B-OBJ
,লাফ,O
,দেএর,O
Sentence: 62,লেদা,O
,বাইচ্চা,O
,ফুটপাতে,B-LOC
,আডেএর,O
Sentence: 63,আই,O
,অগগা,O
,হোলা,O
Sentence: 64,আই,O
,অগগা,O
,বইতালি,O
Sentence: 65,আর,O
,জামাই,B-REL
,আরে,O
,অনেক,O
,ভালোবাসে,O
Sentence: 66,স্কুল,B-ORG
,জীবনতুন,O
,হেতাগো,O
,পেম,O
,আছিলো,O
Sentence: 67,আই,O
,বিয়া,O
,কইচ্ছি,O
,দশ,O
,বছর,O
,অর,O
Sentence: 68,অসম্ভব,O
,ভালা,O
,ছবি,O
Sentence: 69,মেলা,O
,দিন,O
,হরে,O
,এককান,O
,ভালা,O
,ছবি,O
,দেইকছি,O
Sentence: 70,অসম্ভব,O
,ভালা,O
,লেইকছে,O
Sentence: 71,বহুতদিন,O
,হরে,O
,এককান,O
,ভালো,O
,লেয়া,O
,হইড়লাম,O
Sentence: 72,প্রচন্ড,O
,মাথাব্যথা,O
,কইত্তাছিলো,O
Sentence: 73,কিছুই,O
,বুইঝদাম,O
,হারিনো,O
Sentence: 74,হেতন,O
,এটা,O
,দেই,O
,অজ্ঞান,O
,হই,O
,গেছে,O
Sentence: 75,এককতাত,O
,আন্নেরে,O
,অনেক,O
,সুন্দর,O
,লাগের,O
Sentence: 76,আন্নের,O
,ছবির,B-OBJ
,তুন,O
,বাস্তবে,O
,আন্নে,O
,বেশি,O
,সুন্দর,O
Sentence: 77,আন্নের,O
,হাসির,O
,কাছে,O
,বেক,O
,কিছু,O
,হার,O
,মানি,O
,যায়,O
Sentence: 78,আন্নের,O
,চোকগুন,O
,অনেক,O
,সোন্দর,O
Sentence: 79,আন্নের,O
,লগে,O
,পরিচয়,O
,অই,O
,ভালা,O
,লাইগছে,O
Sentence: 80,মেলাদিন,O
,হরে,O
,আন্নেরে,O
,দেইকলাম,O
Sentence: 81,দুই,O
,ভাইর,B-REL
,ভিত্তে,O
,জাগা,O
,জমি,O
,লই,O
,কাইজ্জা,O
,অয়,O
Sentence: 82,হরে,O
,এক,O
,ভাই,B-REL
,কুয়েত,B-LOC
,চলি,O
,গেছে,O
,আরেক,O
,ভাই,B-REL
,সুদান,B-LOC
,চলি,O
,গেছে,O
Sentence: 83,কিছুদিন,O
,হরে,O
,সুদান,B-LOC
,হেরত,O
,বেডাগা,O
,বিয়া,O
,কইচ্ছে,O
Sentence: 84,ফোন,B-OBJ
,হালাই,O
,লেপটিনে,O
,গেলে,O
,মনে,O
,অয়,O
,লাজেন,O
,জরুরী,O
,ফাইল,B-OBJ
,হালাই,O
,অফিসে,B-ORG
,বসি,O
,রইছি,O
Sentence: 85,যতাগো,O
,গালি,O
,দেয়ন,O
,ওই,O
,গেছে,O
,হেতারা,O
,দয়াকরি,O
,লাইনতুন,O
,সড়িদাড়ান,O
Sentence: 86,হিছনে,O
,অনো,O
,মেলা,O
,মানুষ,O
,লাইনে,O
,খাড়াই,O
,রইছে,O
Sentence: 87,হেতাগোরে,O
,গালি,O
,দেওনের,O
,লাই,O
,সুযোগ,O
,করি,O
,দেন,O
Sentence: 88,বেশি,O
,কিছু,O
,কইত্তান,O
,না,O
,কারন,O
,আবেগছ,O
,চোখের,O
,হানি,O
,চলি,O
,আইছে,O
Sentence: 89,তুউই,O
,কইছো,O
,যেতে,O
,থাইকবার,O
,হেতে,O
,এননেই,O
,থাকি,O
,যাইবো,O
Sentence: 90,আগেদি,O
,আন্নেরে,O
,এককান,O
,দোয়ানে,O
,যাইতে,O
,অইবো,O
Sentence: 91,নিজের,O
,হছন্দের,O
,বিয়াত,O
,বাফ,B-REL
,মারে,B-REL
,রাজি,O
,করানি,O
,অইছে,O
Sentence: 92,মাইয়াগা,O
,লাল,B-COL
,শাড়ি,B-OBJ
,হরি,O
,খাড়াই,O
,রইছে,O
Sentence: 93,বউগার,B-REL
,লাই,O
,বন্দুগোর,B-REL
,কাছে,O
,আর,O
,মুখ,O
,দেখাইবার,O
,উফায়,O
,নাই,O
Sentence: 94,আরে,O
,বেকের,O
,সামনে,O
,মাইত্তে,O
,মাইত্তে,O
,বাসাত,O
,লই,O
,আইনছে,O
Sentence: 95,আই,O
,জানি,O
,ইয়ানে,O
,অনেক,O
,মাইয়া,O
,অগল,O
,কমেন্ট,O
,হইডতে,O
,আইবো,O
Sentence: 96,মাঝে,O
,মাঝে,O
,মনে,O
,অয়,O
,ঘরবাড়ি,O
,বেক,O
,মশার,B-ANI
,নামি,O
,দি,O
,হালাই,O
,আই,O
,জঙ্গলে,B-LOC
,চলি,O
,যাই,O
Sentence: 97,তোউর,O
,অই,O
,আছি,O
,আই,O
,তোউর,O
,অই,O
,থাকুম,O
Sentence: 98,হারা,O
,জীবন,O
,আই,O
,তোয়ারে,O
,ভালোবাসি,O
,যামু,O
Sentence: 99,পাশে,O
,থাকিও,O
,সারাজীবন,O
,দূরে,O
,যাইয়ো,O
,না,O
Sentence: 100,তোয়রে,O
,ছাড়া,O
,আর,O
,এক্কানাও,O
,ভালা,O
,লাগে,O
,না,O
Sentence: 101,কুনুগারে,O
,আবেগের,O
,ভালোবাসা,O
,দিচ্ছা,O
,মনের,O
,ভালোবাসা,O
,দিচ,O
Sentence: 102,কিল্লাই,O
,আবেগের,O
,ভালোবাসা,O
,একদিন,O
,বিবেকের,O
,কাছে,O
,হারি,O
,যাইবো,O
Sentence: 103,কেন্নে,O
,বুঝাইতাম,O
,হেতেরে,O
,আই,O
,কতটা,O
,ভালোবাসি,O
Sentence: 104,মেলা,O
,দিন,O
,হর,O
,তোমার,O
,দেয়া,O
,হাইলাম,O
Sentence: 105,তোমারে,O
,দেই,O
,থমকী,O
,খাড়াই,O
,গেছি,O
Sentence: 106,আই,O
,খুব,O
,কষ্ট,O
,নিজেরে,O
,সামলাই,O
,লইছি,O
Sentence: 107,যেত্তে,O
,তুই,O
,আরে,O
,দেখিও,O
,না,O
,দেইকবার,O
,ভান,O
,কইচ্ছোত,O
,আর,O
,দারুন,O
,লাইগছে,O
Sentence: 108,তোয়ারে,O
,হেই,O
,অনুভূতির,O
,কতা,O
,বলি,O
,বুঝাইতে,O
,হাইরতান্ন,O
Sentence: 109,তোয়ারে,O
,খুব,O
,মনে,O
,হইডতাছে,O
,তোয়ারে,O
,লাল,B-COL
,গোলাপ,B-OBJ
,দিয়ুম,O
Sentence: 110,আর,O
,জীবনে,O
,কেউ,O
,নাই,O
,তুউই,O
,ছাড়া,O
Sentence: 111,আর,O
,জীবনে,O
,কোন,O
,স্বপ্ন,O
,নাই,O
,তুউই,O
,ছাড়া,O
Sentence: 112,আর,O
,দুই,O
,চোক,O
,কিচ্ছু,O
,খোজেনা,O
,তোয়ারে,O
,ছাড়া,O
Sentence: 113,যেত্তে,O
,মাইয়া,O
,বুঝে,O
,হেত্তে,O
,হোলা,O
,বুঝে,O
,না,O
Sentence: 114,তুউই,O
,শুধু,O
,মনে,O
,রাখিও,O
,আরে,O
,হারা,O
,বেলা,O
Sentence: 115,চোকের,O
,হানি,O
,মুছি,O
,দিয়ুম,O
,তোয়ার,O
,ঐ,O
,হাসি,O
,দি,O
Sentence: 116,হেটার,O
,লাই,O
,তো,O
,বন্দু,B-REL
,তোমারে,O
,এত,O
,ভালোবাসি,O
Sentence: 117,কত,O
,সুন্দর,O
,তুমি,O
,হেমে,O
,হইড়ছি,O
,আমি,O
Sentence: 118,হোলারা,O
,ভালোবাসার,O
,অবিনয়,O
,কইত্তে,O
,কইত্তে,O
,কন,O
,যে,O
,সত্যি,O
,কারের,O
,ভালোবাসি,O
,হালায়,O
,হেটা,O
,হিগুন,O
,নিজেও,O
,জানে,O
,না,O
Sentence: 119,মাইয়ারা,O
,সত্যিকারের,O
,ভালোবাইসতে,O
,বাইসতে,O
,কঅন,O
,যে,O
,অবিনয়,O
,শুরু,O
,করে,O
,নিজেও,O
,কইতে,O
,হারে,O
,না,O
Sentence: 120,এই,O
,দুনিয়াত,B-LOC
,প্রিরিয়,O
,মানুষগুন,O
,ছাড়া,O
,বাচন,O
,কষ্টকর,O
,অইলেও,O
,কিন্ত,O
,অসম্ভব,O
,ন,O
Sentence: 121,কারোর,O
,লাই,O
,করোর,O
,জীবন,O
,থামি,O
,থাকে,O
,না,O
Sentence: 122,কাউরে,O
,প্রচুর,O
,ভালোবাইসবার,O
,মধ্যে,O
,দুর্বলতা,O
,আছে,O
Sentence: 123,হোলা,O
,আর,O
,মাইয়া,O
,বন্দু,B-REL
,অইতো,O
,হারে,O
,কিন্ত,O
,তারা,O
,অবশ্যই,O
,হেমে,O
,হড়ে,O
Sentence: 124,হোলা,O
,গোর,O
,লাই,B-LOC
,সব,O
,চাইতে,O
,প্রিয়,O
,হইলো,O
,মাইয়াগো,O
,হাসি,O
Sentence: 125,তোমারে,O
,দু,O
,চোখে,O
,এখন,O
,ও,O
,দেখা,O
,বাকী,O
Sentence: 126,তোমারে,O
,কাছে,O
,আই,O
,জড়াই,O
,ধরন,O
,বাকি,O
Sentence: 127,আর,O
,মেলা,O
,ঠাণ্ডা,O
,লাগের,O
Sentence: 128,আর,O
,মন,O
,মেলা,O
,খারাপ,O
Sentence: 129,আন্নের,O
,কি,O
,মন,O
,খারাপ,O
,নি,O
Sentence: 130,তোমার,O
,কি,O
,মন,O
,খারাপ,O
,নি,O
Sentence: 131,আব্বা,B-REL
,আর,O
,লাই,O
,লাল,B-COL
,জামা,B-OBJ
,লই,O
,আছে,O
Sentence: 132,আর,O
,বন্ধু,B-REL
,আর,O
,লাই,O
,লাল,B-COL
,শাড়ি,B-OBJ
,আইনসে,O
Sentence: 133,আর,O
,বন্ধু,B-REL
,আর,O
,লাই,O
,লাল,B-COL
,গোলাপ,B-OBJ
,কিনি,O
,আন্সে,O
Sentence: 134,আর,O
,আম্মা,B-REL
,আমারে,O
,নিয়ে,O
,পার্কে,B-LOC
,ঘুরতে,O
,গেছে,O
Sentence: 135,যেই,O
,ভালোবাসা,O
,যত,O
,বিতরে,O
,সেই,O
,ভালোবাসা,O
,তত,O
,বেশি,O
Sentence: 136,ভালোবাসা,O
,পানের,O
,চাইতে,O
,দেয়ায়,O
,বেশি,O
,খুশি,O
,লাগে,O
Sentence: 137,যোদি,O
,করে,O
,ভালা,O
,বাস,O
,তারে,O
,ছাড়ি,O
,দে,O
Sentence: 138,যদি,O
,হেতে,O
,তোর,O
,কাছে,O
,চলি,O
,আইয়ে,O
,তাইলে,O
,বুঝব,O
,ভালোবাসে,O
Sentence: 139,আর,O
,যদি,O
,না,O
,আইয়ে,O
,তাইলে,O
,হেতে,O
,আন্নের,O
,আছিলই,O
,না,O
,কোনসময়,O
Sentence: 140,যেসময়,O
,কোনো,O
,বেডা,O
,কোনো,O
,বেডি,O
,রে,O
,ভালা,O
,বাসে,O
,হেত,O
,হেতির,O
,লাই,O
,বেগিন,O
,করতে,O
,হারে,O
Sentence: 141,খালি,O
,মুখ,O
,দি,O
,ভালাবাসি,O
,ভালোবাসি,O
,কনের,O
,চাইতে,O
,মনের,O
,ভিতর,O
,তুন,O
,ভালাবাসা,O
,মেলা,O
,কঠিন,O
Sentence: 142,ভালাভাসি,O
,বলতে,O
,এজ্ঞা,O
,আরেজ্ঞা,O
,রে,O
,বুজন,O
Sentence: 143,আই,O
,যে,O
,মানুষ,O
,গারে,O
,ভালবাসাম,O
,হেতে,O
,যদি,O
,না,O
,বুঝবার,O
,না,O
,পারে,O
,তাইলে,O
,এই,O
,প্রেম,O
,করবার,O
,কোনো,O
,লাভ,O
,আছে,O
,কই,O
,মনে,O
,হয়,O
,না,O
Sentence: 144,নিজে,O
,অশুকি,O
,থাই,O
,আরেজ্ঞারে,O
,ভালা,O
,ভাশন,O
,যায়,O
,না,O
Sentence: 145,কনুগা,O
,আন্নের,O
,জীবনে,O
,সুখ,O
,আনি,O
,দিবো,O
,এইডা,O
,ভাবি,O
,কারো,O
,লগে,O
,প্রেম,O
,এ,O
,জরাইয়েন,O
,না,O
Sentence: 146,আননে,O
,কারো,O
,জীবনে,O
,ভালোবাসা,O
,আনি,O
,দিবেন,O
,এই,O
,চিন্তা,O
,করে,O
,পীড়িত,O
,করেন,O
Sentence: 147,সত্যিকারের,O
,ভালোবাসা,O
,শুধু,O
,ভালোবাসার,O
,মানুষরে,O
,সুখি,O
,কইরতো,O
,চায়,O
,তার,O
,থেকে,O
,কোন,O
,কিছু,O
,পতিদান,O
,চায়,O
,না,O
Sentence: 148,ভালোবাসা,O
,মানে,O
,কারো,O
,পাইজান,O
,নো,O
,বলতে,O
,পারো,O
,নিজেই,O
,কারো,O
,জন্যে,O
,হেরে,O
,যাওয়া,O
Sentence: 149,আন্ন,O
,কোনোদিন,O
,হার্তেন,O
,নো,O
,কারো,O
,ভালোবাসা,O
,লই,O
,যাইতে,O
,কিংবা,O
,অন্যের,O
,ভালা,O
,লাগার,O
,মানুষ,O
,হইতে,O
Sentence: 150,চোখের,O
,সামনে,O
,যাদেরকে,O
,দেখসেন,O
,তাদেরকে,O
,কাইলগা,O
,যে,O
,দেখবেন,O
,হেডার,O
,কোনো,O
,নিচয়টা,O
,নাইয়েরর,O
Sentence: 151,ভালা,O
,লাগে,O
,তোর,O
,ওই,O
,কাজল,B-OBJ
,কালা,B-COL
,চোক,O
Sentence: 152,তোর,O
,মনের,O
,কথা,O
,আজ,O
,আমাকে,O
,খুলে,O
,বল,O
Sentence: 153,আমার,O
,হাত,O
,ধরে,O
,চলার,O
,শুরু,O
,কর,O
,পিছনে,O
,ফিরণ,O
,লাগবো,O
,না,O
Sentence: 154,গোলাপ,B-OBJ
,ফুল,I-OBJ
,দিয়ুম,O
,আই,O
,তোমার,O
,হাতে,O
Sentence: 155,এই,O
,মন,O
,দা,O
,তোরে,O
,দি,O
,দিলাম,O
Sentence: 156,তোর,O
,এই,O
,মন,O
,আমি,O
,নিয়ে,O
,নিলাম,O
Sentence: 157,হাজার,O
,কথার,O
,মাঝে,O
,এককান,O
,মনে,O
,কথা,O
,লুকাই,O
,আছে,O
Sentence: 158,বেগীন,O
,মুখে,O
,কোন,O
,যায়,O
,না,O
Sentence: 159,হাজার,O
,কথার,O
,মাঝে,O
,ওই,O
,এক্কান,O
,কথা,O
,বুঝি,O
,নেন,O
,লাগে,O
Sentence: 160,যতদিন,O
,বাচি,O
,আছি,O
,ততদিন,O
,তোর,O
,কথা,O
,রাখুম,O
Sentence: 161,যত,O
,কষ্ট,O
,অক,O
,সব,O
,মানি,O
,লমু,O
,হিয়ার,O
,হরেও,O
,তোমারেই,O
,ভালোবাসুম,O
Sentence: 162,দেখো,O
,কি,O
,সুন্দর,O
,মিষ্টি,O
,চান্দের,O
,মিষ্টি,O
,হাসি,O
Sentence: 163,হুলে,B-OBJ
,হুলে,B-OBJ
,সাজাই,O
,রাইখছি,O
,আর,O
,এ,O
,মন,O
,তুমি,O
,আইলে,O
,দুইজন,O
,মিলি,O
,সাজাইয়ুম,O
,জীবন,O
Sentence: 164,হরাশোনা,O
,করি,O
,কি,O
,অইব,O
,যদি,O
,তোয়ারে,O
,না,O
,পাওয়া,O
,যায়,O
Sentence: 165,মাইয়াগো,O
,পোস্ট,O
,অইতাছে,O
,মাছের,B-LOC
,বাজার,I-LOC
,বেকে,O
,আই,O
,ভিড়,O
,জমায়,O
Sentence: 166,হোলাগো,O
,পোস্ট,O
,অইছে,O
,সোনার,O
,দোয়ান,O
,হেটার,O
,লাই,O
,কম,O
,লোক,O
,ইয়ানে,O
,আইয়ে,O
Sentence: 167,ইইত্তিদিন,O
,ঘুমাইবার,O
,আগে,O
,মনে,O
,মনে,O
,ভাবি,O
,যাই,O
,হোক,O
,বিয়া,O
,কইরবার,O
,আরুগ্গা,O
,দিন,O
,আগাই,O
,আইছে,O
Sentence: 168,বিয়াত,O
,হোলাহক্ক,B-REL
,দাবি,O
,কইচ্ছে,O
,দুগা,O
,স্বর্নের,B-OBJ
,জিনিস,I-OBJ
,মাইয়,B-REL
,হক্ক,I-REL
,রাজি,O
,অই,O
,গেছে,O
Sentence: 169,এ,O
,সময়ে,O
,প্রেমহীন,O
,মানুষ,O
,খুজি,O
,হাওআ,O
,কইষ্ট,O
,কর,O
Sentence: 170,মিষ্টি,O
,হাসি,O
,দি,O
,কতা,O
,কই,O
,হাগল,O
,করি,O
,দিলা,O
Sentence: 171,তোয়ারে,O
,লই,O
,আরাই,O
,যাইয়ুম,O
,আকাশোর,O
,নিলে,O
Sentence: 172,চলোনা,O
,কিছু,O
,না,O
,মানি,O
,ভালোবাসি,O
Sentence: 173,চলো,O
,দুইজন,O
,মিলি,O
,সুখের,O
,পৃথিবীর,B-LOC
,সাজাই,O
Sentence: 174,তোয়ারে,O
,লই,O
,আর,O
,সব,O
,কল্পনা,O
Sentence: 175,তোয়ারে,O
,রিদয়ে,O
,রাখুম,O
,সারাজীবন,O
Sentence: 176,তুউই,O
,যদি,O
,কই,O
,বৃষ্টি,O
,অইয়ুম,O
,আইজ,O
Sentence: 177,চলো,O
,দুইজন,O
,মিলি,O
,আত,O
,ধরি,O
,আরাই,O
Sentence: 178,তোয়ারে,O
,ছুই,O
,দিবার,O
,লাই,O
,চাই,O
,অনুমুতি,O
Sentence: 179,এ,O
,ছবির,O
,বেগগুন,O
,গান,O
,মেলা,O
,প্রিয়,O
,আছিলো,O
,অনো,O
,আছে,O
Sentence: 180,সইত্য,O
,ভালোবাসা,O
,হারেনা,O
,মিথ্যাআন,O
,হারি,O
,যায়,O
Sentence: 181,এয়ান,O
,হেই,O
,সোনালী,O
,যুগের,O
,প্রাচীন,O
,গান,O
,যে,O
,গান,O
,হুইনলে,O
,বুকআন,O
,ভরি,O
,যায়,O
Sentence: 182,যতবার,O
,দেই,O
,ততবার,O
,ভালা,O
,লাগে,O
,মৌসুমিরে,B-PER
,এই,O
,গানে,O
,ভালা,O
,লাগের,O
Sentence: 183,অনো,O
,ভালা,O
,লাগে,O
,গান,O
,আন,O
Sentence: 184,কালা,B-COL
,আর,O
,লাল,B-COL
,শাড়িতে,B-OBJ
,মৌসুমীকে,B-PER
,অসম্ভব,O
,সুন্দর,O
,লাগে,O
Sentence: 185,মনে,O
,হড়ি,O
,যায়,O
,আর,O
,ভালোবাসার,O
,মানুষ,O
,আনের,O
,কতা,O
Sentence: 186,গান,O
,আন,O
,হুইনলেই,O
,পুরান,O
,ইতিহাস,O
,এর,O
,কতা,O
,মনে,O
,হড়ে,O
Sentence: 187,এই,O
,ছবির,O
,বেক,O
,গানগুন,O
,মেলা,O
,সুন্দর,O
Sentence: 188,বেক,O
,সময়,O
,গান,O
,গুলো,O
,হুন,O
,তে,O
,ভালা,O
,লাগে,O
Sentence: 189,মৌসুমী,B-PER
,আপাকে,O
,বলছি,O
,এরকম,O
,একখান,O
,ছবি,O
,আমগোরে,O
,উপহার,O
,দেয়,O
Sentence: 190,মৌসুমী,B-PER
,আসলেই,O
,মেলা,O
,সুন্দরী,O
,আই,O
,কাছ,O
,থেকে,O
,দেখি,O
,আসছি,O
Sentence: 191,একদিন,O
,দেইয়ের,O
,পিতিবির,B-LOC
,মায়া,O
,ছাড়ি,O
,চলি,O
,জাইয়ুম,O
,পারাপারে,O
Sentence: 192,চোক,O
,এইগা,O
,মেললেই,O
,দেখি,O
,তোমারে,O
,চোক,O
,বুঝলেই,O
,পাই,O
,আরো,O
,কাছে,O
Sentence: 193,আরো,O
,বেশি,O
,ভালো,O
,বাসা,O
,দিতে,O
,চাই,O
Sentence: 194,এই,O
,গান,O
,এত,O
,প্রিয়,O
,এখনও,O
,শুনি,O
,মেলা,O
,সুন্দর,O
,একখান,O
,অনুভুতি,O
,কাম,O
,করে,O
Sentence: 195,যৌবনে,O
,আসার,O
,আগেই,O
,তাকে,O
,বালা,O
,বাসছিলাম,O
,আবার,O
,যৌবনে,O
,শেষ,O
,হবার,O
,পরেও,O
,তাকেই,O
,ভালো,O
,বাসবো,O
Sentence: 196,সাত,O
,বছর,O
,পর,O
,খুঁজি,O
,পাইসি,O
,আমার,O
,প্রিয়,O
,গান,O
,অন,O
Sentence: 197,জীবনে,O
,অনেক,O
,গান,O
,হুনি,O
,তারপর,O
,ও,O
,কেন,O
,জানি,O
,না,O
,এই,O
,গুলার,O
,মত,O
,আর,O
,ভালা,O
,লাগে,O
,না,O
Sentence: 198,জেইসময়,O
,নতুন,O
,গান,O
,বাইর,O
,হয়,O
,তখন,O
,তুন,O
,হুনিয়ের,O
Sentence: 199,এই,O
,গান,O
,অন,O
,যে,O
,কত,O
,বড়,O
,হুনছি,O
,তার,O
,কোনো,O
,হিসাব,O
,নাইয়ের,O
Sentence: 200,ছোটবেলার,O
,কথা,O
,মনে,O
,পড়ে,O
,যার,O
Sentence: 201,মাত্র,O
,এক,O
,বছর,O
,পর,O
,গানটার,O
,একযুগ,O
,হয়,O
,যাইবো,O
Sentence: 202,ববিশোতে,O
,আর,O
,পোলা,B-REL
,মাইয়া,B-REL
,জোন,O
,দেখবো,O
,হেগুনের,O
,বাপ,B-REL
,কথা,O
,টা,O
,রোমান্টিক,O
,আছিলো,O
Sentence: 203,এই,O
,গান,O
,টা,O
,যে,O
,কতবার,O
,হুনছি,O
,আই,O
,নিজেই,O
,জানি,O
,না,O
Sentence: 204,এইভাবে,O
,চলে,O
,যাইবো,O
,সময়,O
,কিন্তু,O
,থাই,O
,যাইবো,O
,কিছু,O
,গান,O
Sentence: 205,হিগুন,O
,রে,O
,অনেক,O
,ধন্যবাদ,O
,জেগুন,O
,গান,O
,গুন,O
,উপহার,O
,দি,O
,গেছে,O
Sentence: 206,রুমি,B-PER
,ভাইয়া,B-REL
,আবার,O
,ফিরে,O
,আইয়ছে,O
,নতুন,O
,গান,O
,লই,O
Sentence: 207,পুরনো,O
,দিনের,O
,কথা,O
,মনে,O
,পরে,O
,গেলো,O
,রে,O
Sentence: 208,হারাই,O
,যায়,O
,কত,O
,কিছু,O
,আর,O
,কত,O
,আপনজন,O
Sentence: 209,হুদা,O
,গানআন,O
,যেমন,O
,আছিলো,O
,তেমনি,O
,রই,O
,গেছ,O
Sentence: 210,এই,O
,গান,O
,গুন,O
,লই,O
,মেলা,O
,আবেগ,O
,আছে,O
Sentence: 211,এ,O
,গান,O
,আন,O
,হুনি,O
,আর,O
,চোকে,O
,হানি,O
,চলি,O
,আইছে,O
Sentence: 212,এগিন,O
,গান,O
,ছোড,O
,বেলারতুন,O
,হুনি,O
,বড়,O
,অইছি,O
Sentence: 213,এই,O
,গান,O
,আন,O
,হুনি,O
,মনে,O
,অইছে,O
,আই,O
,বাংলাদেশ,B-LOC
,এর,O
,তুন,O
,গুরি,O
,আইছি,O
Sentence: 214,এই,O
,ছবি,B-OBJ
,টা,O
,দেখলে,O
,বুঝা,O
,যায়,O
,আমগো,O
,দেশের,B-LOC
,লাই,O
,কত,O
,কষ্ট,O
,করছে,O
,মুক্তিযুদ্ধ,B-ROLE
,ভাইরা,I-ROLE
Sentence: 215,আমরা,O
,কোনো,O
,দিন,O
,ভুলতে,O
,পারতাম,O
,না,O
Sentence: 216,যতদিন,O
,পৃথিবীর,B-LOC
,বুকে,O
,বাংলাদেশ,B-LOC
,নামটি,O
,থাকবে,O
,ততদিন,O
,পর্যন্ত,O
,এই,O
,গান,O
,আন,O
,চলতে,O
,থাকবো,O
Sentence: 217,মুক্তিযুদ্ধের,B-ROLE
,ভাইয়েরা,I-ROLE
,আমদের,O
,জন্য,O
,অনেক,O
,কষ্ট,O
,করেছে,O
Sentence: 218,গানটা,O
,শুনে,O
,আমার,O
,অনেক,O
,ভালা,O
,লাগছে,O
Sentence: 219,গানটা,O
,শুনে,O
,চোকের,O
,পানি,O
,পরই,O
,যায়,O
,সত্যি,O
,ভালা,O
,লাগলো,O
Sentence: 220,ভারতীয়,B-ROLE
,হয়েও,O
,যেন,O
,কোথাও,O
,বাংলাদেশী,O
,অনুভব,B-ROLE
,করি,O
Sentence: 221,আজকের,O
,এই,O
,দিন,O
,এ,O
,বাংলাদেশ,B-LOC
,রে,O
,মেলা,O
,মনে,O
,পরে,O
Sentence: 222,সেই,O
,ছোটবেলার,O
,কথা,O
,মনে,O
,পড়ে,O
,যতবার,O
,গান,O
,এইয়ান,O
,হুনী,O
,অতীতে,O
,ফিরে,O
,যাই,O
,খালি,O
Sentence: 223,এই,O
,ছোট,O
,পোলাগো,O
,একটা,O
,বল,B-OBJ
,লই,O
,খেলার,O
Sentence: 224,লোকটি,O
,ফোন,B-OBJ
,কথা,O
,কইতেছে,O
Sentence: 225,ভাইরে,O
,মেলা,O
,মানুষ,O
,গুরে,O
,বেরার্,O
Sentence: 226,রাতে,O
,একদল,O
,লোক,O
,একসাথে,O
,ভাইরে,O
,বইই,O
,থায়,O
Sentence: 227,জায়গায়,O
,হিন,O
,সময়,O
,এ,O
,নিজদের,O
,মত,O
,করি,O
,গুচাই,O
,নেয়ার,O
,চেষ্টা,O
,করিয়ের,O
Sentence: 228,আজ,O
,তোর,O
,মাইয়া,B-REL
,রে,O
,লই,O
,মেলা,B-LOC
,ঘুরছি,O
,কিন্তু,O
,কোনো,O
,আনন্দ,O
,পাই,O
,নো,O
Sentence: 229,তোমার,O
,পচ্ছন্দর,O
,বই,B-OBJ
,কিনছি,O
Sentence: 230,বেক,O
,কিচু,O
,কিরকম,O
,জানি,O
,শান্ত,O
,আর,O
,ফাঁকা,O
,লাগতেসে,O
Sentence: 231,আই,O
,জানি,O
,আর,O
,আমগো,O
,মধ্যে,O
,কোনো,O
,দিন,O
,ও,O
,এই,O
,পারে,O
,বই,B-OBJ
,পড়া,O
,হবে,O
,না,O
Sentence: 232,তুমি,O
,যে,O
,নেই,O
,এই,O
,সত্যি,O
,এইন,O
,আই,O
,বিশ্বাস,O
,করতে,O
,পারতেছি,O
,না,O
Sentence: 233,কেন,O
,জানি,O
,মনে,O
,ওই,O
,বেলা,O
,শেষ,O
,হই,O
,তুই,O
,ঠিক,O
,এই,O
,ঘরে,O
,আসবে,O
Sentence: 234,আই,O
,এক,O
,সন্ধার,O
,অফিস,B-ORG
,থেকে,O
,বাসায়,O
,ফিরে,O
,দেইয়ুম,O
,তুই,O
,আছো,O
,সত্যি,O
,তুই,O
,আছো,O
Sentence: 235,তুমি,O
,তোমার,O
,মাইয়া,B-REL
,রে,O
,লই,O
,মেলা,O
,বেস্ত,O
,দেখা,O
,যায়,O
Sentence: 236,আই,O
,কোন,O
,দিন,O
,চিন্তা,O
,করি,O
,হারি,O
,নো,O
,আর,O
,মাইয়াগা,B-REL
,হেইগার,O
,মা,B-REL
,রে,O
,ছাড়া,O
,বড়,O
,হইবো,O
,আদর,O
,ভালোবাসা,O
,ছাড়া,O
,কাজের,B-ROLE
,লোকের,I-ROLE
,লগে,O
Sentence: 237,ধম,O
,ভন্দ,O
,হই,O
,আসতেছে,O
,চিৎকার,O
,করে,O
,কাদতে,O
,ইচ্ছা,O
,করে,O
Sentence: 238,তুমি,O
,জানো,O
,নি,O
,সত্যিই,O
,মেলা,O
,কঠিন,O
,বাপ,B-REL
,হই,O
,মার,B-REL
,বরণ,O
,পোষণ,O
,নেন,O
Sentence: 239,সন্তানের,O
,একমাত্র,O
,তার,O
,মায়ের,B-REL
,কোলে,O
,মানায়,O
Sentence: 240,তোমার,O
,মাইয়া,B-REL
,আমার,O
,কোলে,O
,আই,O
,সুদু,O
,তোমারে,O
,খুঁজে,O
,মনে,O
,হয়,O
Sentence: 241,তুমি,O
,চলে,O
,যাওয়ার,O
,পর,O
,তোর,O
,মেয়ে,B-REL
,কেমন,O
,চুপ,O
,চাপ,O
,হয়ে,O
,গেছে,O
Sentence: 242,এই,O
,হয়তো,O
,কেউ,O
,বুঝে,O
,না,O
,আই,O
,ছাড়া,O
Sentence: 243,আই,O
,যে,O
,বাপ,B-REL
,আমি,O
,তার,O
,কন্যার,B-REL
,মুখে,O
,দিকে,O
,তাকাই,O
,থাই,O
,অনেক,O
,কিছু,O
,বুঝতাম,O
,পারি,O
Sentence: 244,এইক্কান,O
,মানুষেরা,O
,কঅনো,O
,ঠিক,O
,অয়না,O
Sentence: 245,হেতাগো,O
,দুইজনের,O
,বিয়া,O
,অইবার,O
,কতা,O
,আছিলো,O
Sentence: 246,কিন্তু,O
,ফোলা,O
,হঠাৎ,O
,করি,O
,মাইয়ারে,O
,না,O
,জানাই,O
,বাইরে,O
,চলি,O
,গেছে,O
Sentence: 247,এয়ার,O
,মইধ্যে,O
,মাইয়া,O
,পরিবারের,O
,পছন্দে,O
,বিয়া,O
,কইচ্ছে,O
Sentence: 248,হেতে,O
,মাইয়াগার,O
,লগে,O
,যোগাযোগ,O
,কইচ্ছে,O
Sentence: 249,মাইয়াগা,O
,কাউরে,O
,বিয়া,O
,কইত্তো,O
,রাজি,O
,অয়,O
,না,O
Sentence: 250,হেই,O
,হোলা,O
,কোন,O
,কিছুই,O
,হুইনতাম,O
,চায়,O
,না,O
,দেখা,O
,কইরতাম,O
,চায়,O
Sentence: 251,মাইয়া,O
,মামলা,O
,চায়,O
,না,O
,কারন,O
,বিয়ার,O
,মামলা,O
,জানাজানি,O
,হইলে,O
,সংসার,O
,টিকতো,O
,নো,O
Sentence: 252,আর,O
,জামাই,B-REL
,রাত,O
,জাগি,O
,বিভিন্ন,O
,মাইয়ার,O
,লগে,O
,কতা,O
,কয়,O
Sentence: 253,অন,O
,কতা,O
,অইল,O
,আই,O
,হত্তি,O
,মাসে,O
,কাবিনের,B-OBJ
,টেয়া,I-OBJ
,দি,O
,দিমু,O
Sentence: 254,আই,O
,সাত,O
,মাস,O
,প্রেম,O
,করি,O
,একজনরে,O
,বিয়া,O
,কইচ্ছি,O
Sentence: 255,অন,O
,বিয়ার,O
,হর,O
,জাইনতে,O
,হাইচ্ছি,O
,আর,O
,জামাই,B-REL
,দুগা,O
,বিয়া,O
,কইচ্ছে,O
Sentence: 256,আই,O
,মানষিকভাবে,O
,সমস্যার,O
,মধ্যে,O
,আছি,O
Sentence: 257,আর,O
,এককান,O
,এ,O
,কতা,O
,হোলা,O
,মানুষ,O
,এর,O
,কাছে,O
,কিয়ের,O
,দরকার,O
,থাইকতাম,O
,হারে,O
Sentence: 258,কেলাসের,O
,বেক,O
,মাইয়ার,O
,লগেই,O
,মিশতাম,O
Sentence: 259,আই,O
,ধরি,O
,লাইছি,O
,আর,O
,অনেক,O
,দোষ,O
,অনেক,O
,ভুল,O
Sentence: 260,কিন্তু,O
,আংগো,O
,তিন,O
,বছরের,O
,বাইচ্চা,B-REL
,হিগার,O
,দোষ,O
,কোনাই,O
Sentence: 261,আমরা,O
,কই,O
,এককানা,O
,সময়,O
,লইবার,O
,লাই,O
,আর,O
,হেতার,O
,বউরে,B-REL
,লই,O
,আইনবার,O
,লাই,O
Sentence: 262,তোয়ারে,O
,যেইদিন,O
,কইছিলাম,O
,বিয়াগা,O
,করি,O
,হালাইতো,O
Sentence: 263,সেইদিন,O
,কতাগা,O
,কইছিলাম,O
,তোয়ার,O
,ভালার,O
,লাই,O
Sentence: 264,কিন্তু,O
,তুউই,O
,অন,O
,এতই,O
,ভালা,O
,আছো,O
,যে,O
,আই,O
,মাইনতাম,O
,হারিয়ের,O
,না,O
Sentence: 265,তুমি,O
,আর,O
,আর,O
,নাই,O
,এটা,O
,মাইনতাম,O
,হারিয়ের,O
,না,O
Sentence: 266,হছন্দ,O
,করিয়ে,O
,পরিবারের,O
,মাধ্যমে,O
,বিয়া,O
,করি,O
,আইনছে,O
Sentence: 267,আর,O
,ভালোবাসার,O
,মানুষের,O
,লগে,O
,আর,O
,বিয়া,O
,অইছে,O
Sentence: 268,তারে,O
,ছাড়া,O
,আই,O
,হয়ত,O
,বাইচতাম,O
,হাইরতান্ন,O
Sentence: 269,অন,O
,আর,O
,মানুষের,O
,ভিত্তে,O
,মায়া,O
,জিনিষটা,O
,নাই,O
Sentence: 270,আই,O
,আর,O
,ছোট,B-REL
,বাচ্চাগারে,I-REL
,লই,O
,বাবার,B-REL
,বাইত,I-LOC
,যাই,O
Sentence: 271,আন্নে,O
,নিজের,O
,পরিবার,O
,লই,O
,বইয়েন,O
Sentence: 272,হরিবারে,O
,ছোড,O
,খাডো,O
,ঝামেলা,O
,থায়,O
Sentence: 273,আরে,O
,এক্কানা,O
,সাহায্য,O
,কইরবেন,O
Sentence: 274,দয়া,O
,করি,O
,নাম,O
,পরিচয়,O
,গোপন,O
,রাখিয়েন,O
Sentence: 275,আই,O
,এককান,O
,কডিন,O
,সমস্যা,O
,লই,O
,হাজির,O
,অইছি,O
Sentence: 276,একসময়,O
,হোলার,O
,মাইয়াগারে,O
,ভালো,O
,লাইগব,O
Sentence: 277,হেতাগো,O
,চাইর,O
,বছরের,O
,এগগা,O
,বাচ্চা,B-REL
,আছে,O
Sentence: 278,গত,O
,এক,O
,মাস,O
,আগে,O
,জামাই,B-REL
,বউর,B-REL
,লগে,O
,কাইজ্জা,O
,করি,O
,দেশে,B-LOC
,চলি,O
,আইছে,O
Sentence: 279,হোলা,O
,মাইয়া,O
,একজন,O
,আরেকজনরে,O
,মেলা,O
,ভালোবাসে,O
Sentence: 280,হেতে,O
,বিয়া,O
,করি,O
,সুখি,O
,অইতো,O
,চায়,O
Sentence: 281,হোলা,O
,ইউরোফ,B-LOC
,এ,O
,হরাশোনা,O
,করে,O
Sentence: 282,কিন্তু,O
,মাইয়ার,O
,পরিবার,O
,রাজি,O
,নো,O
Sentence: 283,মাইয়ারে,O
,অন্য,O
,জায়গায়,O
,বিয়া,O
,দিবার,O
,লাই,O
,আয়োজন,O
,করে,O
Sentence: 284,বাধ্য,O
,অই,O
,হোলা,O
,মাইয়া,O
,নিজেগো,O
,ভিত্তে,O
,বিয়া,O
,করি,O
,হালায়,O
Sentence: 285,আইজগা,O
,দেয়ালে,B-OBJ
,হিট,O
,ঠেকি,O
,গেছে,O
Sentence: 286,আইজগা,O
,প্রায়,O
,আট,O
,দিন,O
,হানি,B-FOOD
,নাই,O
Sentence: 287,অথচ,O
,আশেহাশে,O
,বেক,O
,বাড়িত,O
,হানি,B-FOOD
,দি,O
,যার,O
,হুদা,O
,আংগোর,O
,বাইত,O
,দেয়র,O
,না,O
Sentence: 288,যেতাগো,O
,লগে,O
,ভাল,O
,সম্পর্ক,O
,হুদা,O
,হেতাগোরে,O
,হানি,B-FOOD
,দিব,O
,আর,O
,কাউরে,O
,দিত,O
,নো,O
Sentence: 289,কইতাম,O
,হারি,O
,না,O
,হানি,B-FOOD
,হামু,O
,কি,O
,হামু,O
,না,O
Sentence: 290,হাশরা,O
,ডাক্তাররা,B-ROLE
,অন,O
,ভালো,O
,অবস্থাত,O
,নাই,O
Sentence: 291,কিল্লাই,O
,এত,O
,টেয়া,B-OBJ
,ধার,O
,করি,O
,ডাক্তারি,B-ROLE
,হইডতে,O
,অইব,O
Sentence: 292,ভর্তি,O
,যেহতু,O
,অই,O
,এ,O
,গেছো,O
,হড়াশোনা,O
,চালাই,O
,যাও,O
Sentence: 293,জামাইর,B-REL
,অভিযোগ,O
,স্ত্রী,B-REL
,তার,O
,দায়িত্ব,O
,ঠিকঠাক,O
,হালন,O
,করের,O
,না,O
Sentence: 294,দুইজনেই,O
,দুইজনরে,O
,সন্দেহ,O
,করে,O
Sentence: 295,বউর,B-REL
,ধারনা,O
,জামাইর,B-REL
,হরকিয়া,O
,আছে,O
Sentence: 296,এই,O
,বিষয়গা,O
,লই,O
,আর,O
,কতা,O
,কইতাম,O
,চাইয়ের,O
,না,O
Sentence: 297,আজকাইল,O
,ছোডগুনেও,O
,হাত্তা,O
,দেয়র,O
,না,O
Sentence: 298,কুনুগা,O
,আর,O
,ভয়,O
,হার,O
,না,O
Sentence: 299,আর,O
,এগিন,O
,আর,O
,ভালো,O
,লাগের,O
,না,O
Sentence: 300,যেতারা,O
,ভাবছেন,O
,বড়,O
,অই,O
,গরিবগোরে,O
,সাহায্য,O
,কইরব,O
,কিন্তু,O
,বড়,O
,অই,O
,সায়,O
,হেতারা,O
,নিজেরাই,O
,গরিব,O
Sentence: 301,মইলার,O
,বয়স,O
,অইব,O
,আশি,O
,উফরে,O
Sentence: 302,এগগাই,O
,হিতিবি,B-LOC
,কিন্ত,O
,একেক,O
,জাগার ,B-LOC
,মানুষের,O
,চিন্তা,O
,একেক,O
,রকম,O
Sentence: 303,নতুনগুন,O
,অনেক,O
,কিছু,O
,শিখতাম,O
,হাইরব,O
,আশা,O
,করি,O
Sentence: 304,অকনা,O
,ভালা,O
,কিছুর,O
,শুরুটা,O
,এইখানেই,O
Sentence: 305,তুউই,O
,আমার,O
,সাথে,O
,আর,O
,কথা,O
,বলবা,O
,না,O
Sentence: 306,আমরা,O
,অনেক,O
,বড়,O
,অই,O
,গেছি,O
,মনে,O
,অর,O
Sentence: 307,রাজকুমারীর,B-ROLE
,মায়া,O
,আইজও,O
,যায়নো,O
,পিথিবি,B-LOC
,ভুলি,O
Sentence: 308,জীবনের,O
,তুন,O
,রং,O
,আরাই,O
,গেছে,O
Sentence: 309,এগগা,O
,রঙিন,O
,ছবি,O
,তুইলতে,O
,অইব,O
,আংগো,O
,বেকের,O
Sentence: 310,আর,O
,কত,O
,ছুডি,O
,কাডাইয়ুম,O
Sentence: 311,পুরাগা,O
,দেইকবার,O
,অপেক্ষাত,O
,বই,O
,রইছি,O
Sentence: 312,আন্নে,O
,বাচি,O
,আছেন,O
Sentence: 313,আশেহাশে,O
,কুনুগা,O
,থাইকলে,O
,কল,O
,দিয়েন,O
Sentence: 314,দেয়া,O
,করন,O
,যাইবো,O
Sentence: 315,কিছু,O
,হাইতাম,O
,অইলে,O
,কিছু,O
,ছাইড়তাম,O
,অয়,O
Sentence: 316,বাংলাদেশ,B-LOC
,এ,O
,আরে,O
,সবাই,O
,আর,O
,ডাক,O
,নামে,O
,চিনে,O
Sentence: 317,দুই,O
,ঘন্টা,O
,ধরি,O
,কারোন,O
,যায়নো,O
Sentence: 318,কারেন্টের,B-ORG
,অফিসের,I-ORG
,বেডাগা,O
,কি,O
,মরি,O
,গেলো,O
,নি,O
Sentence: 319,হেইবার,O
,আই,O
,লাজেন,O
,চার,O
,মাস,O
,হরে,O
,বাইত,O
,গেছি,O
Sentence: 320,বাবার,B-REL
,মুখের,O
,দিকে,O
,তাকাই,O
,কেক্কান,O
,শূন্যতা,O
,অনুভব,O
,কইরলাম,O
Sentence: 321,কোনদিন,O
,যে,O
,আর,O
,স্বপ্নগা,O
,পূরন,O
,অইব,O
Sentence: 322,আন্নে,O
,কি,O
,আন্নের,O
,হাত,O
,ধুইতাম,O
,জানেন,O
Sentence: 323,আন্নে,O
,কি,O
,খামারের,B-LOC
,হশু,B-ANI
,হছন্দ,O
,করেন,O
Sentence: 324,আই,O
,আর,O
,হরিবারের,O
,কথা,O
,কইতাম,O
,চাই,O
Sentence: 325,আর,O
,হরিবারে,O
,আই,O
,মা,B-REL
,আর,B-REL
,এগগা,O
,ছোড,B-REL
,বইন,I-REL
Sentence: 326,আংগোর,O
,বেকে,O
,একসময়,O
,একলগে,O
,আছি,O
Sentence: 327,আমরা,O
,মেলা,O
,খুশি,O
Sentence: 328,আংগো,O
,হরিবারে,O
,আনন্দের,O
,বাইরে,O
,কোন,O
,কাইজ্জা,O
,নাই,O
Sentence: 329,আর,O
,বন্দুঅগল,B-REL
,আর,O
,জীবনের,O
,অনেক,O
,গুরুত্বপূর্ণ,O
,অংশ,O
Sentence: 330,আই,O
,সবসময়,O
,আর,O
,গেরামের,B-LOC
,মানুষের,O
,হাশে,O
,থাইকতাম,O
,চাই,O
Sentence: 331,মেলা,O
,সুন্দর,O
Sentence: 332,আন্নের,O
,লেয়া,O
,অসাধারণ,O
Sentence: 333,আন্নের,O
,ছবি,B-OBJ
,দেই,O
,মেলা,O
,ভাল্লাইগছে,O
Sentence: 334,অসাধারণ,O
,করি,O
,লেইকছেন,O
Sentence: 335,আর,O
,ভাল,O
,লাইগলো,O
,আন্নের,O
,কতা,O
,হরি,O
Sentence: 336,আন্নের,O
,এই,O
,পোস্ট,O
,আন,O
,খুব,O
,উফকারী,O
Sentence: 337,আন্নের,O
,সুন্দর,O
,সুন্দর,O
,ছবিগুন,B-OBJ
,দেই,O
,আনন্দ,O
,হাইছি,O
Sentence: 338,আন্নে,O
,খুব,O
,সুন্দর,O
,করি,O
,সমস্যাগার,O
,সমাধান,O
,কইচ্ছেন,O
Sentence: 339,আন্নের,O
,ব্লগগা,O
,পড়ি,O
,অনেক,O
,কিছু,O
,শিখতাম,O
,হাইচ্ছি,O
Sentence: 340,আই,O
,আন্নের,O
,কাজরে,O
,ভালোবাসি,O
Sentence: 341,আন্নের,O
,লেয়ার,O
,ধরন,O
,খুব,O
,সুন্দর,O
Sentence: 342,আন্নের,O
,ছবি,B-OBJ
,আন,O
,দেই,O
,মন,O
,ভরি,O
,গেছে,O
Sentence: 343,খুব,O
,সুন্দর,O
,কতা,O
,কইছেন,O
Sentence: 344,আন্নের,O
,মজার,O
,মজার,O
,কতা,O
,হুইনলে,O
,হারাদিন,O
,মন,O
,ভালা,O
,থায়,O
Sentence: 345,একদিন,O
,সুন্দর,O
,এগগা,O
,বাগানে,B-LOC
,এগগা,O
,মাইয়া,O
,হাইডেআছিলো,O
Sentence: 346,হেতে,O
,আকাশে,O
,উড়ন্ত,O
,পাখির,B-ANI
,গান,O
,হুনাইতেই,O
,মন,O
,খুশি,O
,অই,O
,গেছে,O
Sentence: 347,হেতে,O
,ফুলগুনের,B-OBJ
,রঙিন,O
,মেলা,O
,দেই,O
,হৃদয়,O
,ভরি,O
,যায়,O
Sentence: 348,তার,O
,পাশে,O
,থাকা,O
,হুতুলগিন,B-OBJ
,হেই,O
,মাইয়গার,O
,লগে,O
,খেইলতাম,O
,আইয়ে,O
Sentence: 349,হেতে,O
,আরো,O
,এককান,O
,বন্দুবানাইতো,B-ROLE
,চায়,O
,নাম,O
,অআছিলো,O
,রাহাত,B-PER
Sentence: 350,তোয়ার,O
,বন্দুরা,B-REL
,সত্যি,O
,খুব,O
,ভালা,O
,মানুষ,O
Sentence: 351,তোয়ার,O
,বন্দুগুন,B-REL
,বেকে,O
,মেদাবি,O
Sentence: 352,তোয়ার,O
,বন্দুগোর,B-REL
,লগে,O
,থাইকত,O
,ভালা,O
,লাগে,O
Sentence: 353,বিয়ার,O
,হর,O
,মোডা,O
,অইব,O
,এই,O
,স্বপ্ন,O
,লই,O
,বাচি,O
,রাইছে,O
,হাজারো,O
,চিঅন,O
,মাইয়া,O
Sentence: 354,মাইয়া,O
,অগল,O
,যেন্নে,O
,ভালা,O
,ভদ্র,O
,হোলা,O
,খুজের,O
,ভয়,O
,লাগে,O
,কোনদিন,O
,না,O
,জানি,O
,আই,O
,কিডনাফ,O
,অই,O
,যাই,O
Sentence: 355,যে,O
,সুমে,O
,তোমার,O
,একলা,O
,লাইগব,O
,তুউই,O
,চাইরোহাশে,O
,কিছুই,O
,দেইকতে,O
,হাইতা,O
,ন,O
Sentence: 356,আইজগা,O
,সিঙ্গেল,O
,দেই,O
,কুনুগার,O
,লাই,O
,হাত,O
,কাইটতাম,O
,হারি,O
,না,O
Sentence: 357,ছবির,O
,ভিত্তে,O
,বিয়ার,O
,হর,O
,কায়িনি,O
,শেষ,O
,আর,O
,বাস্তব,O
,জীবনে,O
,বিয়ার,O
,হরেই,O
,আসল,O
,ছবির,O
,কাহিনী,O
,শুরু,O
Sentence: 358,আইজ,O
,গরিব,O
,দেই,O
,পৃথিবীত,B-LOC
,থাই,O
,বড়লোক,O
,অইলে,O
,মঙ্গল,B-LOC
,গ্রহে,I-LOC
,থাইকতাম,O
Sentence: 359,একমাত্র,O
,মাইয়ারাই,O
,হারে,O
,অবলা,O
,হোলাগোর,O
,সহজ,O
,সরল,O
,মনগারে,O
,লই,O
,ফুটবল,B-OBJ
,এর,O
,মত,O
,খেইলতো,O
Sentence: 360,মাঝে,O
,মাইধ্যে,O
,মন,O
,চায়,O
,থামি,O
,থাকা,O
,গাড়ির,B-OBJ
,নিচে,O
,পড়ি,O
,মরি,O
,যাই,O
Sentence: 361,বউকে,B-REL
,ভালোবাসতে,O
,শিখেন,O
,কিন্তু,O
,কার,O
,বউ,B-REL
,হেটা,O
,দেইকবার,O
,বিষয়,O
,না,O
Sentence: 362,একবার,O
,ধইল্লে,O
,আত,O
,ছাইডদোনো,O
,কোনসুমে,O
,রোগা,O
,হাতলা,O
,মাইয়া,O
,গুন,O
,দেইকলে,O
,মনে,O
,কয়,O
,এগগা,O
,ভিটামিন,B-OBJ
,এর,I-OBJ
,বতল,I-OBJ
,কিনি,O
,দি,O
Sentence: 363,স্বপ্ন,O
,দেইকলাম,O
,ক্রাশের,O
,লগে,O
,ঘুইরতাম,O
,গেছি,O
,পরে,O
,দি,O
,যা,O
,অইছে,O
,হেটা,O
,ইতিহাস,O
Sentence: 364,যন,O
,ভাবি,O
,তুমি,O
,ছাড়া,O
,আই,O
,অন্দকার,O
,ঠিক,O
,তন,O
,এ,O
,দেই,O
,কারেন্ট,O
,চলি,O
,আইয়ে,O
Sentence: 365,বউ,B-REL
,আরাইলে,O
,বউ,B-REL
,হান,O
,যায়,O
,কিন্তু,O
,বন্দুরে,B-REL
,টেয়া,B-OBJ
,দিলে,O
,হেই,O
,টেয়া,O
,আর,O
,হান,O
,যায়না,O
Sentence: 366,চুল,O
,হইড়বার,O
,সমস্যা,O
,লই,O
,ডাক্তারের,B-ROLE
,কাছে,O
,গেছিলাম,O
,অন,O
,যাই,O
,দেই,O
,হেতে,O
,নিজেই,O
,টাক,O
Sentence: 367,ভালা,O
,মানুষ,O
,বলে,O
,বেশিদিন,O
,বাঁচে,O
,না,O
,এটা,O
,হুনবার,O
,হরেদি,O
,টেনশনে,O
,আছি,O
Sentence: 368,তোরে,O
,ভুলি,O
,যাইবার,O
,লাই,O
,আই,O
,ভালোবাসি,O
,নো,O
Sentence: 369,নিজেরে,O
,কোনসুমে,O
,বেকার,O
,ভাবিয়েন,O
,না,O
,মনে,O
,রাইকবেন,O
,আন্নের,O
,শরীরের,O
,রক্ত,O
,দি,O
,হাজারো,O
,মশার,B-ANI
,সংসার,O
,চলে,O
Sentence: 370,বাবু,O
,খাইছো,O
,বলার,O
,মানুষ,O
,নাই,O
,বলি,O
,আইজ,O
,আমি,O
,এত,O
,রোগা,O
Sentence: 371,পাশের,O
,বাড়ির,O
,মাইয়াগারে,O
,ভালা,O
,লাইগছিলো,O
,হরেদি,O
,হুইনলাম,O
,হেতি,O
,ছুডির,O
,দিনেও,O
,কলেজে,B-ORG
,যায়,O
Sentence: 372,আইজ,O
,আই,O
,রোগা,O
,হেটার,O
,লাই,O
,মানুষ,O
,আরে,O
,লই,O
,উল্ডাহাল্ডা,O
,সন্দেহ,O
,করে,O
Sentence: 373,কেউ,O
,আর,O
,মারে,B-REL
,কই,O
,দিও,O
,আই,O
,বিয়া,O
,করুম,O
Sentence: 374,হাইসতে,O
,হাইসতে,O
,সিগারেট,B-OBJ
,খাওয়া,O
,হোলাগা,O
,একদিন,O
,কাইশতে,O
,কাইশতে,O
,মরি,O
,যাইব,O
Sentence: 375,কোন,O
,এক,O
,রাইতে,O
,তুই,O
,আর,O
,আই,O
,বসি,O
,বসি,O
,চান,O
,দেখিয়ুম,O
Sentence: 376,আন্নেগর,O
,কি,O
,শুক্কুরবার,O
,সকালে,O
,সময়,O
,অইব,O
Sentence: 377,যদি,O
,আই,O
,ভুল,O
,করি,O
,তইলে,O
,আর,O
,ভুল,O
,ধরি,O
,দিয়েন,O
,দয়া,O
,করি,O
Sentence: 378,আই,O
,কি,O
,হুদা,O
,এককান,O
,জিনিস,O
,কইতাম,O
,হারি,O
,দয়া,O
,করি,O
Sentence: 379,আন্নের,O
,কোন,O
,প্রশ্ন,O
,আছে,O
Sentence: 380,আই,O
,এককান,O
,কতা,O
,ও,O
,আর,O
,কইতান্ন,O
Sentence: 381,আন্নেরা,O
,যারা,O
,অনো,O
,আরে,O
,চিনেন,O
,না,O
Sentence: 382,হেতে,O
,আর,O
,লগে,O
,দেয়া,O
,কইচ্ছে,O
Sentence: 383,আই,O
,হাচ,O
,বছর,O
,চাকরি,O
,কইচ্ছিলাম,O
Sentence: 384,আর,O
,কিন্ত,O
,সোভায়েত,B-LOC
,দেশ,I-LOC
,ভালা,O
,লাইগদ,O
Sentence: 385,মেলাগুন,O
,রাশিয়ান,O
,শব্দ,O
,হিকছিলাম,O
Sentence: 386,হঠাৎ,O
,শীত,O
,লাগি,O
,উইটলো,O
Sentence: 387,বিছনাত,B-OBJ
,হুতি,O
,টিভি,B-OBJ
,দেইকতাছিলাম,O
Sentence: 388,কিছু,O
,মনে,O
,করিয়েন,O
,না,O
,আন্নেরে,O
,এককান,O
,কতা,O
,কইতাম,O
,নি,O
Sentence: 389,আমরাই,O
,কিছু,O
,বাইজদাম,O
,না,O
Sentence: 390,হেইক্কান,O
,বাজে,O
,হোলার,O
,হাল্লাত,O
,হইডলে,O
,সর্বনাশ,O
,অই,O
,যাইত,O
Sentence: 391,এককান,O
,ছোট্ট,B-LOC
,গেরামে,I-LOC
,এগগা,O
,মাইয়া,O
,আছিলো,O
Sentence: 392,মাইয়াগার,O
,এককান,O
,ভালা,O
,বন্ধু,B-REL
,আছিলো,O
Sentence: 393,হেতাগো,O
,হইতৈদিন,O
,একলগে,O
,খেইলতো,O
,হছন্দ,O
Sentence: 394,আমরা,O
,হিয়ানে,O
,অনেক,O
,মজা,O
,করুম,O
Sentence: 395,হেতারা,O
,দূরির,O
,এগগা,O
,পাহাড়ে,B-LOC
,যাইবার,O
,হতে,O
,এককা,O
,পুকুর,B-LOC
,দেইকল,O
Sentence: 396,পুকুরে,B-LOC
,অনেক,O
,সুন্দর,O
,এককান,O
,পাখি,B-ANI
,দেখতে,O
,হাইছে,O
Sentence: 397,আরা,O
,তো,O
,হাকির,B-ANI
,মত,O
,উইড়তাম,O
,হারি,O
,না,O
Sentence: 398,আর,O
,দাঁতে,O
,বহুত,O
,বেদনা,O
,করের,O
Sentence: 399,আর,O
,মাতা,O
,বহুত,O
,বেদনা,O
,করের,O
Sentence: 400,সোহাগ,B-PER
,নামে,O
,ইজ্ঞা,O
,হোলা,O
,আছিলো,O
Sentence: 401,হাজার,O
,স্মিতি,O
,জোয়াই,O
,আছে,O
,এ,O
,গানের,O
,ভিত্ত্বে,O
Sentence: 402,অন,O
,আই,O
,কত্ত,O
,বড্ডা,O
,হই,O
,গ্যেছি,O
Sentence: 403,অন,O
,আবার,O
,ইজ্ঞা,O
,মাইয়ারে,O
,বহুত,O
,ভালোবাসি,O
Sentence: 404,কান্দন,O
,আইয়্যে,O
,এ,O
,গান,O
,হুইনলে,O
Sentence: 405,জীবন,O
,তুন,O
,কেন্নে,O
,করি,O
,এতো,O
,ত্যাতাই,O
,দিনগুন,O
,কাডি,O
,গেলো,O
,হিসাব,O
,মিলাইতাম,O
,হারি,O
,না,O
Sentence: 406,ভালোবাসা,O
,মানেই,O
,তো,O
,মাইনস্যের,O
,জীবন,O
Sentence: 407,এ,O
,ভালোবাসা,O
,না,O
,থ্যাইকলে,O
,মাইনস্যের,O
,জীবনের,O
,সুখের,O
,আশা,O
,করাট্যাই,O
,ভুল,O
Sentence: 408,কোনো,O
,কিচ্ছু,O
,এতো,O
,সহজে,O
,আঁজি,O
,যায়,O
,না,O
Sentence: 409,গল্পের,O
,কতা,O
,যেত্ত্বে,O
,আইয়্যে,O
,হেত্ত্বে,O
,আজ্ঞোর,O
,ব্যাইচ্চাগোর,O
,কতা,O
,মনে,O
,হড়ে,O
Sentence: 410,ব্যাইচ্চারা,O
,মূলত,O
,গল্প,O
,হুইনত্ত্বে,O
,বহুত,O
,ভালোবাসে,O
Sentence: 411,আর,O
,মনে,O
,হয়,O
,আজ্ঞোর,O
,ইয়ানে,O
,শেষ,O
,করা,O
,উচিত,O
Sentence: 412,যদি,O
,সময়,O
,হাই,O
,আন্ডা,O
,আরো,O
,দ্যেইকমু,O
Sentence: 413,অন্নের,O
,লগে,O
,দ্যেয়া,O
,অই,O
,আসলেই,O
,বহুত,O
,বালা,O
,লাগছে,O
Sentence: 414,আরে,O
,অন,O
,ঘুমাইতে,O
,দ্যেন,O
Sentence: 415,আই,O
,আন্নের,O
,লগে,O
,হরে,O
,দেয়্যা,O
,করুম,O
Sentence: 416,চল,O
,হড়ালেয়া,O
,করি,O
Sentence: 417,চল,O
,ইজ্ঞা,O
,বিরতি,O
,লই,O
Sentence: 418,চল,O
,জিরাই,O
,লই,O
Sentence: 419,আই,O
,কি,O
,দয়া,O
,করি,O
,ইয়ানে,O
,আইতাম,O
,হারি,O
Sentence: 420,যেহেতু,O
,বেজ্ঞুনে,O
,ইয়ানে,O
,আছে,O
,আমগোর,O
,শুরু,O
,করা,O
,উচিন,O
,অন,O
Sentence: 421,আন্ডা,O
,ইয়ানে,O
,আছি,O
,আলোচনা,O
,করার,O
,লাই,O
Sentence: 422,আন্ডা,O
,ইয়াানে,O
,আইজ্জা,O
,হাজির,O
,হইছি,O
,কতা,O
,কইবের,O
,লাই,O
Sentence: 423,আন্নে,O
,কি,O
,বাংলা,O
,সিনেমা,O
,দেখতে,O
,ভালোবাসেন,O
Sentence: 424,আই,O
,আন্নেরে,O
,ধন্যবাদ,O
,দিতাম,O
,চাই,O
Sentence: 425,আন্নের,O
,জন্মদিন,O
,ক্যত্ত্বে,O
Sentence: 426,আন্নে,O
,কি,O
,ইয়ানে,O
,থ্যাইকতে,O
,হারেন,O
Sentence: 427,আন্নে,O
,কি,O
,কতা,O
,ক্যইতে,O
,হারেন,O
,ইংলিশে,O
Sentence: 428,আন্নে,O
,কি,O
,এ,O
,প্রশ্নের,O
,জবাব,O
,দিতে,O
,হ্যাইরবেন,O
Sentence: 429,আই,O
,আন্নের,O
,লাই,O
,অপেক্ষা,O
,করিয়ের,O
Sentence: 430,আন্নে,O
,কি,O
,বাংলা,O
,নাটক,O
,দেকতে,O
,হারেন,O
Sentence: 431,আন্নে,O
,কি,O
,কোনো,O
,কবিতা,O
,ল্যিকতে,O
,হারেন,O
Sentence: 432,আন্নে,O
,কি,O
,এ,O
,বইগা,B-OBJ
,হড়তে,O
,হারেন,O
Sentence: 433,আন্নে,O
,কি,O
,কোনো,O
,গানে,O
,ন্যাইচতে,O
,হারেন,O
Sentence: 434,তুই,O
,কি,O
,এ,O
,বইগা,B-OBJ
,হড়তে,O
,হারিস,O
Sentence: 435,তুই,O
,আর,O
,লগে,O
,এজ্ঞা,O
,গান,O
,গাইতে,O
,হ্যাইরবি,O
Sentence: 436,তুই,O
,আর,O
,লগে,O
,থাকতে,O
,চাস,O
Sentence: 437,তুই,O
,কি,O
,এ,O
,ছিনেমা,O
,দ্যেকতে,O
,চাস,O
Sentence: 438,তুই,O
,আর,O
,লাই,O
,কি,O
,ভালোবাসতে,O
,হ্যাইরবি,O
Sentence: 439,তুই,O
,কি,O
,কোনো,O
,দিন,O
,বাংলাদেশে,B-LOC
,ঘুইরবের,O
,লাই,O
,গেছেলি,O
Sentence: 440,তুই,O
,আর,O
,লাই,O
,কোনো,O
,সুন্দর,O
,উপহার,O
,ক্যিনতে,O
,হ্যাইরবি,O
Sentence: 441,তুই,O
,কি,O
,এ,O
,গানগা,O
,হুইনতে,O
,ভালোবাসবি,O
Sentence: 442,তুই,O
,কি,O
,কোনদিন,O
,কবিতা,O
,ল্যিকতে,O
,হ্যারবি,O
Sentence: 443,তুই,O
,আর,O
,লগে,O
,কি,O
,ছবি,O
,ত্যুইলতে,O
,হ্যাইরবি,O
Sentence: 444,তুই,O
,আর,O
,কাছে,O
,এসব,O
,কিছু,O
,শিখতে,O
,চাস,O
Sentence: 445,তুই,O
,কি,O
,আর,O
,লাই,O
,কিছু,O
,ল্যিকতে,O
,হ্যাইরবি,O
Sentence: 446,তুই,O
,কি,O
,আর,O
,লগে,O
,বাংলায়,O
,কতা,O
,কইতে,O
,হ্যাইরবি,O
Sentence: 447,তুই,O
,কি,O
,এ,O
,ইস্কুলে,B-ORG
,হড়বের,O
,লাই,O
,আইতে,O
,চাস,O
Sentence: 448,রোনালদো,B-PER
,ভালোবাসার,O
,তুনও,O
,বহুত,O
,কিছু,O
Sentence: 449,আন্ডা,O
,মেসিরে,B-PER
,ঘিণা,O
,করি,O
,না,O
Sentence: 450,আই,O
,ফুটবলের,B-ORG
,বিশ্বকাপ,I-ORG
,দেকতাম,O
,যাইয়ের,O
Sentence: 451,ফুটবল,B-OBJ
,আর,O
,ফ্রিয়,O
,খেলা,O
Sentence: 452,আই,O
,ফুুটবল,B-OBJ
,খেলতে,O
,ভালোবাসি,O
Sentence: 453,কলকাতা,B-LOC
,মোহনবাগানের,B-ORG
,ফুটবল,I-ORG
,দল,I-ORG
,বহুত,O
,জনপ্রিয়,O
Sentence: 454,আই,O
,ফুটবল,B-OBJ
,খেলতে,O
,আর,O
,বন্ধুগোর,B-ROLE
,লগে,O
,যাইয়ের,O
Sentence: 455,আর,O
,ফছন্দের,O
,ফুটবল,B-ROLE
,খেলোয়ার,I-ROLE
,লিওনেল,B-PER
,মেসি,I-PER
Sentence: 456,আর,O
,বন্ধুরা,B-REL
,সপ্তাহের,O
,ভিত্ত্বে,O
,দুইগা,O
,ফুটবল,B-OBJ
,ম্যাচ,O
,খেলতে,O
,হারে,O
Sentence: 457,আই,O
,ফুটবল,B-OBJ
,খেলার,O
,লাই,O
,প্রস্তুত,O
Sentence: 458,আর,O
,ফছন্দের,O
,ফুুটবল,B-ORG
,দল,I-ORG
,আর্জেন্টিনা,B-ORG
Sentence: 459,ফুুটবল,B-OBJ
,ম্যাচে,O
,বিশ্বকাপ,B-OBJ
,জিতছে,O
,ফ্রান্স,B-ORG
Sentence: 460,আই,O
,ফুটবলে,B-OBJ
,ইজ্ঞা,O
,গোল,O
,ক্যইচ্ছি,O
Sentence: 461,ফুটবল,B-OBJ
,খেলা,O
,আর,O
,জীবনের,O
,অংশ,O
Sentence: 462,আই,O
,হইত্যদিন,O
,ফুটবল,B-OBJ
,খেলতাম,O
,যাই,O
Sentence: 463,বার্সেলোনা,B-ORG
,ফুটবল,I-ORG
,ক্যালাব,I-ORG
,বহুত,O
,জনপ্রিয়,O
Sentence: 464,আই,O
,ফুটবল,B-OBJ
,ম্যাচ,O
,দেকতে,O
,বহুত,O
,ভালোবাসি,O
Sentence: 465,বাংলাদেশের,B-LOC
,জনপ্রিয়,O
,ফুটবলারঅগল,B-ROLE
,বহুত,O
,ভালা,O
,মানের,O
,খেলোয়াড়,B-ROLE
Sentence: 466,ফুটবল,B-OBJ
,খেলার,O
,সময়,O
,আই,O
,আনন্দ,O
,হাই,O
Sentence: 467,আই,O
,ফুটবল,B-OBJ
,ম্যাচগুন,O
,দেকতে,O
,ভালোবাসি,O
Sentence: 468,আই,O
,ফুটবল,B-OBJ
,ম্যাচে,O
,থ্যাইকতাম,O
,চাই,O
Sentence: 469,ব্রাজিল,B-ORG
,ফুটবল,I-ORG
,দল,I-ORG
,বিশ্বসেরা,O
Sentence: 470,আই,O
,ব্রাজিল,B-ORG
,ফুটবল,I-ORG
,দলরে,I-ORG
,সমর্থন,O
,করি,O
Sentence: 471,ব্রাজিল,B-ORG
,ফুটবল,I-ORG
,দল,I-ORG
,ইজ্ঞা,O
,শক্তিশালী,O
,দল,O
Sentence: 472,ব্রাজিল,B-ORG
,ফুটবল,I-ORG
,দল,I-ORG
,বিশ্বকাপ,B-ORG
,স্যাম্পিয়ন,O
Sentence: 473,আই,O
,আর্জেন্টিনা,B-ORG
,ফুটবল,I-ORG
,দলরে,I-ORG
,সমর্থন,O
,করি,O
Sentence: 474,আই,O
,বাংলাদেশ,B-ORG
,ক্রিকেট,I-ORG
,দলরে,I-ORG
,সমর্থন,O
,করি,O
Sentence: 475,বাংলাদেশ,B-ORG
,ক্রিকেট,I-ORG
,দল,I-ORG
,শক্তিশালী,O
,দলের,B-ORG
,ভিত্ত্বে,O
,ইজ্ঞা,O
Sentence: 476,মেঘনা,B-LOC
,নদী,I-LOC
,বাংলাদেশের,B-LOC
,ইজ্ঞা,O
,ফদান,O
,নদী,B-LOC
Sentence: 477,নীল,B-LOC
,নদী,I-LOC
,আফ্রিকার,B-LOC
,ফদান,O
,নদীর,B-LOC
,ইজ্ঞা,O
Sentence: 478,নীল,B-COL
,আকাশের,O
,তলে,O
,দি,O
,তোয়ার,O
,আত,O
,ধরি,O
,আডি,O
,যাইতাম,O
,চাই,O
Sentence: 479,তোয়ার,O
,লগে,O
,নীল,B-COL
,আকাশের,O
,তলে,O
,ব্যই,O
,গল্প,O
,ক্যইরতাম,O
,চাই,O
Sentence: 480,আমাজন,B-LOC
,নদী,I-LOC
,দুন্নার,B-LOC
,সবচাইতে,O
,বড্ডা,O
,নদী,B-LOC
,হিসাবে,O
,হরিচিত,O
Sentence: 481,আকাশের,O
,নীল,B-COL
,রঙগা,I-COL
,অসাধারণ,O
Sentence: 482,আকাশে,O
,তারাগুন,O
,আঙ্গোরে,O
,আশা,O
,দ্যেয়,O
Sentence: 483,আকাশে,O
,মেঘের,O
,কারণে,O
,বৃষ্টি,O
,হরে,O
Sentence: 484,মাছগুন,B-ANI
,হানির,O
,ভিত্ত্বে,O
,সুন্দর,O
Sentence: 485,তুওই,O
,ইয়ানে,O
,থ্যাইকলে,O
,আই,O
,খুশি,O
Sentence: 486,আই,O
,সকালে,O
,ঘুমের,O
,তুন,O
,উডি,O
Sentence: 487,আর,O
,লাল,B-COL
,রঙ্গের,I-COL
,গায়ইগা,B-OBJ
,গতকাইল্লা,O
,চুরি,O
,হই,O
,গেছে,O
Sentence: 488,আর,O
,বাসাত,O
,গতকাইল্লা,O
,রাইতে,O
,চুরি,O
,হইছে,O
Sentence: 489,আর,O
,গায়ইয়ের,B-OBJ
,রঙ্গ,B-COL
,হইলো,O
,লাল,B-COL
Sentence: 490,সোজা,O
,ভাষায়,O
,কতা,O
,কন,O
,উচিত,O
Sentence: 491,আই,O
,আন্নের,O
,লগে,O
,আছি,O
Sentence: 492,আর,O
,আব্বা,B-ROLE
,বিদ্যেসে,B-LOC
,থ্যায়,O
Sentence: 493,আর,O
,ছোডো,B-REL
,ভাই,I-REL
,দুই,O
,মাস,O
,হরে,O
,বিদ্যেসে,B-LOC
,হড়ালেয়া,O
,কইরতো,O
,যাইবো,O
Sentence: 494,আর,O
,বড্ডা,B-REL
,বইন,I-REL
,আরে,O
,বহুত,O
,ভালোবাসে,O
Sentence: 495,আর,O
,বড্ডা,B-REL
,বইনরে,I-REL
,আই,O
,বহুত,O
,ভালোবাসি,O
Sentence: 496,আন্নের,O
,বড্ডা,B-REL
,বইনের,I-REL
,কি,O
,বিয়া,O
,ঐ,O
,গেছে,O
Sentence: 497,তোর,O
,বড্ডা,B-REL
,ভাইয়ের,I-REL
,নাম,O
,কিয়া,O
Sentence: 498,তোর,O
,বড্ডা,B-REL
,ভাইয়ের,I-REL
,লগে,O
,আর,O
,বিয়া,O
,ঐবের,O
,কতা,O
,চলের,O
Sentence: 499,বিদ্যেসে,B-LOC
,ঘ্যুইরতে,O
,যাইবের,O
,আর,O
,স্বপ্ন,O
Sentence: 500,আই,O
,কোনোদিন,O
,তোওয়ারে,O
,ভ্যুইলতাম,O
,ন,O
Sentence: 501,তুওই,O
,আর,O
,জীবনের,O
,আলো,O
Sentence: 502,বেয়ানে,O
,হড়ালেয়া,O
,করা,O
,বালা,O
,উপায়,O
Sentence: 503,হরীক্ষার,O
,লাই,O
,বেয়ানে,O
,হড়ালেয়া,O
,করা,O
,বালা,O
,হয়,O
Sentence: 504,বায়ানে,O
,হড়ালেয়া,O
,করি,O
,হত্যদিন,O
,শুরু,O
,করা,O
,ভালা,O
,অয়,O
Sentence: 505,বেয়ানে,O
,হড়ালেয়া,O
,করি,O
,আই,O
,আরামে,O
,মনোযোগ,O
,দিতাম,O
,হারি,O
Sentence: 506,বেয়ানের,O
,শুরুতে,O
,হড়ালেয়া,O
,শুরু,O
,করা,O
,বালা,O
Sentence: 507,বহুত,O
,দিন,O
,আগে,O
,এক,O
,গ্যেরামে,B-LOC
,এক,O
,টুপি,B-ROLE
,ব্যেচইয়া,I-ROLE
,আছিল,O
Sentence: 508,হেতেন,O
,একদিন,O
,লগের,O
,গ্যেরামে,B-LOC
,যাই,O
,টুপি,B-OBJ
,ব্যচতেছিলেন,O
Sentence: 509,হেতেন,O
,হ্যতে,B-LOC
,দি,O
,হেতেনের,O
,গ্যেরামের,B-LOC
,মুই,O
,হিরের,O
Sentence: 510,হে,O
,সময়,O
,লগে,O
,দি,O
,এক,O
,শিয়াল,B-ANI
,যার,O
Sentence: 511,আরে,O
,হিয়ানে,O
,লোই,O
,চল,O
Sentence: 512,এরহর,O
,তুন,O
,হেতেরা,O
,দোনোগা,O
,সবজি,B-LOC
,বাগানে,I-LOC
,যাই,O
,হেড,O
,ভৌরি,O
,খানা,O
,খাইতো,O
Sentence: 513,অন,O
,তুই,O
,গান,O
,গাইতে,O
,হ্যাইত্যি,O
,ন,O
Sentence: 514,আই,O
,গান,O
,গাইতাম,O
,চাই,O
Sentence: 515,অন,O
,যদি,O
,তুুই,O
,গান,O
,গাস,O
,চাইলে,O
,চাইষ্যা,B-ROLE
,হুনত্বে,O
,হাইর,O
,বো,O
Sentence: 516,একদিন,O
,নদীর,B-LOC
,ধারে,O
,ইজ্ঞা,O
,গাছে,O
,কাঠ,B-OBJ
,কাডার,O
,সময়,O
,হেতের,O
,কুড়ালগা,B-OBJ
,নদীর,B-LOC
,হানির,I-LOC
,ত্ত্বে,O
,হডি,O
,যায়,O
Sentence: 517,আর,O
,নীল,B-COL
,আকাশ,O
,দেকতে,O
,বহুত,O
,বালা,O
,লাগে,O
Sentence: 518,তোইয়ার,O
,কি,O
,নীল,B-COL
,আকাশ,O
,দেকতে,O
,বালা,O
,লাগে,O
Sentence: 519,আর,O
,হরিক্ষা,O
,দিতে,O
,এক্কেরে,O
,বালা,O
,লাগে,O
,না,O
Sentence: 520,আন্নের,O
,কি,O
,হরিক্ষা,O
,দিতে,O
,বালা,O
,লাগে,O
Sentence: 521,আন্নে,O
,ক্যেচ্চা,O
,আছেন,O
Sentence: 522,আই,O
,ভালা,O
,আছি,O
Sentence: 523,কিয়া,O
,করেন,O
,আন্নে,O
,অন,O
Sentence: 524,আই,O
,ইজ্ঞা,O
,বই,B-OBJ
,হরিয়ের,O
Sentence: 525,আন্নে,O
,কি,O
,অন্যকোনো,O
,বই,B-OBJ
,হড়েছেন,O
Sentence: 526,তুওই,O
,কি,O
,সরকারি,O
,চ্যওরি,O
,কৌইচ্চ,O
Sentence: 527,আই,O
,একজন,O
,সরকারি,B-ROLE
,কর্মকর্তা,I-ROLE
Sentence: 528,তুউই,O
,কি,O
,চাকরি,O
,করোয়ের,O
Sentence: 529,আই,O
,একজন,O
,প্রফেশনাল,B-ROLE
,ব্লগার,I-ROLE
,অই,O
,কাজ,O
,করিয়ের,O
Sentence: 530,তূউই,O
,কোনাই,O
,চাকরি,O
,করোএর,O
Sentence: 531,দূরে,O
,কোনআনে,O
,যিয়ানে,O
,কেউ,O
,নাই,O
Sentence: 532,আই,O
,কিল্লাই,O
,সবসময়,O
,কষ্ট,O
,হাই,O
Sentence: 533,আর,O
,ভালোবাসাত,O
,কম,O
,কিয়া,O
,আছিলো,O
Sentence: 534,হেতারা,O
,তিন,O
,ভাই,B-REL
,আছিলো,O
,কিন্তু,O
,হেতাগো,O
,মইধ্যে,O
,মিল,O
,আছিলো,O
,না,O
Sentence: 535,আন্নে,O
,আর,O
,লগে,O
,এইক্কান,O
,করি,O
,কতা,O
,কইতে,O
,হারেন,O
,না,O
Sentence: 536,আন্নে,O
,অনেক,O
,ভালা,O
,মানুষ,O
Sentence: 537,আমরা,O
,ঢাকাত,B-LOC
,থাই,O
Sentence: 538,আই,O
,ঢাকার,B-LOC
,মিরফুরে,I-LOC
,থাই,O
Sentence: 539,আই,O
,হেতির,O
,চোখের,O
,মায়ায়,O
,হড়ছি,O
Sentence: 540,হেতির,O
,হাসি,O
,মেলা,O
,সুন্দর,O
Sentence: 541,হেতি,O
,তার,O
,পরিবার,O
,রে,O
,ভালোবাসে,O
Sentence: 542,তাই,O
,জইন্য,O
,আর,O
,বেক,O
,কিছু,O
,কইরতাম,O
,হারি,O
Sentence: 543,আই,O
,হেতিরে,O
,ভালোবাসি,O
Sentence: 544,হেতির,O
,চুলগুন,O
,মেলা,O
,লম্ফা,O
Sentence: 545,হেতিরে,O
,কাজল,B-OBJ
,দিলে,O
,মেলা,O
,ভাল্লাগে,O
Sentence: 546,তুউই,O
,কি,O
,আরে,O
,ভালোবাসো,O
,না,O
Sentence: 547,তুউই,O
,বুজো,O
,না,O
,কিল্লাই,O
Sentence: 548,হেতে,O
,গান,O
,গাইতাম,O
,হছন্দ,O
,করে,O
Sentence: 549,হেতে,O
,যেই,O
,মাইয়ারে,O
,ভালোবাসে,O
,হেই,O
,মাইয়া,O
,ঢাকয়,B-LOC
,থায়,O
Sentence: 550,আন্নে,O
,যেই,O
,হোলারে,O
,ভালোবাসেন,O
,হেই,O
,হোলা,O
,ও,O
,কি,O
,আন্নেরে,O
,ভালোবাসে,O
Sentence: 551,হেতে,O
,এককান,O
,গারি,B-OBJ
,ছুরি,O
,কইচ্ছে,O
Sentence: 552,আই,O
,তোয়ার,O
,লগে,O
,পিথিবি,B-LOC
,ঘুইরতাম,O
,চাই,O
Sentence: 553,কিন্তু,O
,আই,O
,তোয়ার,O
,লগে,O
,যাইত্তান্ন,O
Sentence: 554,তোয়ার,O
,কতা,O
,হুনি,O
,ভালা,O
,লাইগল,O
Sentence: 555,তোয়ার,O
,ভালা,O
,না,O
,লাইগলে,O
,কিছু,O
,কইরবার,O
,নাই,O
Sentence: 556,ছবি,O
,তুইলবার,O
,হর,O
,আরে,O
,কেইক্কান,O
,লাগে,O
Sentence: 557,আই,O
,আজগা,O
,মেলা,O
,দিন,O
,হর,O
,হেতের,O
,লগে,O
,কতা,O
,কইয়ের,O
Sentence: 558,হেতি,O
,দেইখতে,O
,মেলা,O
,সুন্দর,O
Sentence: 559,কিন্তু,O
,সৌন্দর্যই,O
,বেক,O
,কিছু,O
,না,O
Sentence: 560,হিগার,O
,চোক,O
,হরিনের,O
,লায়ান,O
Sentence: 561,এগগা,O
,মাইয়া,O
,আর,O
,এগগা,O
,হোলা,O
,একলগে,O
,খেলেয়র,O
Sentence: 562,কালা,B-COL
,কুত্তাগা,B-ANI
,ঘাসের,O
,ভিত্তে,O
,দি,O
,ছুডেয়ের,O
Sentence: 563,এগগা,O
,কালা,B-COL
,কুইত্তা,B-ANI
,দৌড়ায়ায়,O
Sentence: 564,এগগা,O
,ছোড,O
,কালা,B-COL
,কুইত্তা,B-ANI
,ঘাসের,O
,ভিত্তে,O
,হুতি,O
,রইছে,O
Sentence: 565,একদল,O
,ময়িলা,O
,রাস্তাত,B-LOC
,আডের,O
Sentence: 566,দরজার,B-OBJ
,কাছেদি,O
,দুইজন,O
,বসি,O
,গিটার,B-OBJ
,বাজার,O
Sentence: 567,হুডহাতে,B-LOC
,একত্তরে,O
,আডের,O
,তিন,O
,মইলা,O
Sentence: 568,মার,B-REL
,লাই,O
,বেশি,O
,খারাপ,O
,লাগের,O
Sentence: 569,আংগোর,O
,হরিবারে,O
,আর,O
,মার,B-REL
,অবদান,O
,এ,O
,বেশি,O
,আই,O
,মনে,O
,করি,O
Sentence: 570,তোংগোর,O
,লাই,O
,তো,O
,কিছু,O
,কইরতাম,O
,এ,O
,হাইরলাম,O
,এ,O
,না,O
,উল্ডা,O
,হরিবার,O
,আনরে,O
,শেষ,O
,কইরলাম,O
Sentence: 571,বেক,O
,সময়,O
,বয়ে,O
,বয়ে,O
,থাইকতাম,O
,গলা,O
,দি,O
,খাবার,O
,নাইমত,O
,না,O
Sentence: 572,শেষ,O
,কইরলাম,O
,সবকিছু,O
Sentence: 573,যদিও,O
,ক্ষমার,O
,অযোইগ্যা,O
,হিয়ার,O
,হরেও,O
,আরে,O
,ক্ষমা,O
,করি,O
,দিয়েন,O
Sentence: 574,আন্নেগোর,O
,অযোইগ্যা,O
,সন্তান,O
Sentence: 575,আল্লাহ,O
,রহমতের,O
,বৃষ্টি,O
,দেন,O
Sentence: 576,বৃষ্টির,O
,লাই,O
,ঢাকাত,B-LOC
,কোনআনে,O
,নামাজ,O
,হড়া,O
,অইবনি,O
Sentence: 577,হানির,B-FOOD
,লাই,O
,হাহাকার,O
,আর,O
,ভালা,O
,লাগের,O
,না,O
Sentence: 578,উওরাত,B-LOC
,আংগো,O
,ভবনে,B-LOC
,কোনভাবেই,O
,হানি,O
,হাইয়ের,O
,না,O
,আমরা,O
Sentence: 579,হুদা,O
,এক,O
,গাড়ি,B-OBJ
,হানি,B-FOOD
,অইলেও,O
,দুইদিন,O
,চলি,O
,যাইত,O
Sentence: 580,কোনো,O
,ভাবেই,O
,ওয়াশা,B-ORG
,হানি,O
,দেয়র,O
,না,O
Sentence: 581,কিয়া,O
,কইরতাম,O
,হারি,O
,কন,O
,অন,O
Sentence: 582,কারোন,O
,ছাড়া,O
,নইলে,O
,থাকন,O
,যায়,O
,হানি,B-FOOD
,ছাড়া,O
,কেন্নে,O
,থায়,O
,মানুষ,O
Sentence: 583,আইজগা,O
,জুম্মার,O
,দিন,O
Sentence: 584,আই,O
,শুক্কুরবার,O
,সকালে,O
,উডি,O
Sentence: 585,হিগা,O
,মেলা,O
,বেলা,O
,করি,O
,ঘুমায়,O
Sentence: 586,হেতে,O
,আরে,O
,এককান,O
,উফহার,O
,দিছে,O
Sentence: 587,আইজগা,O
,আর,O
,জন্মদিন,O
Sentence: 588,আর,O
,বয়স,O
,বেশি,O
,না,O
Sentence: 589,তার,O
,তুন,O
,আই,O
,দেখতে,O
,সুন্দর,O
Sentence: 590,এবারগা,O
,কোরবানিত,O
,লাল,B-COL
,গরু,B-ANI
,কিনিয়ুম,O
Sentence: 591,বেককিছু,O
,একলগে,O
,করন,O
,সম্ভব,O
,না,O
Sentence: 592,তুউই,O
,বিয়া,O
,করোয়ের,O
,না,O
,কিল্লাই,O
Sentence: 593,ভালা,O
,মাইয়া,O
,হাইয়ের,O
,না,O
Sentence: 594,ফড়িত,B-OBJ
,কটা,O
,বাজে,O
Sentence: 595,আইজগা,O
,দুফুরে,O
,আংগোর,O
,দাওয়াত,O
,আছে,O
Sentence: 596,বেগ্গুন,O
,কেইক্কান,O
,আছে,O
Sentence: 597,আইজগা,O
,কত,O
,তারিখ,O
Sentence: 598,মন,O
,ভালা,O
,কইরতাম,O
,তোয়রা,O
,কিয়ারো,O
Sentence: 599,আই,O
,মাজে,O
,মাইধ্যে,O
,গান,O
,হুনি,O
Sentence: 600,আইজকাল,O
,হরাশোনা,O
,চাপ,O
,মেলা,O
,বেশি,O
Sentence: 601,তোমারা,O
,কী,O
,গল্পের,B-OBJ
,বই,I-OBJ
,হইড়তাম,O
,হছন্দ,O
,করো,O
Sentence: 602,তোয়ার,O
,প্রিয়,O
,লেখক,B-ROLE
,কে,O
Sentence: 603,আয,O
,হিয়,O
,লেখক,B-ROLE
,হুমাইয়ন,B-PER
,আহমেদ,I-PER
Sentence: 604,ফুটবলে,B-ORG
,তোংগ,O
,প্রিয়দল,O
,কোনআন,O
Sentence: 605,ব্রাজিল,B-ORG
,ফুটবলের,B-ORG
,সেরা,O
,দল,O
Sentence: 606,শুক্কুরবার,O
,আর,O
,শনিবার,O
,আংগো,O
,সাপ্তায়িক,O
,ছুডি,O
Sentence: 607,রবিবারের,O
,তুন,O
,আংগো,O
,বিশ্ববিদ্যালয়ের,B-ORG
,কেলাস,O
,শুরু,O
Sentence: 608,তুউই,O
,ঢাকার,B-LOC
,কোনাই,O
,থাকো,O
Sentence: 609,তোমাদের,O
,গেরামের,B-LOC
,বাড়ি,I-LOC
,কোনাঈ,O
Sentence: 610,তুউই,O
,কি,O
,হাসর,O
,জানো,O
Sentence: 611,তুউই,O
,কোন,O
,ক্লাছে,O
,হড়ো,O
Sentence: 612,বাংলাদেশ,B-LOC
,এর,O
,হোদানযন্রীর,B-ROLE
,নাম,O
,কিয়া,O
Sentence: 613,বাংলাদেশ,B-LOC
,এর,O
,বর্তমান,O
,হোদানমন্ত্রী,B-ROLE
,শেক,B-PER
,হাসিনা,I-PER
Sentence: 614,মেলা,O
,টেয়া,O
,হইসার,O
,মালিক,O
,অইতাম,O
,চাই,O
Sentence: 615,তুউই,O
,কোন,O
,বিষয়,O
,লই,O
,হড়াশোনা,O
,কইরতেয়াছো,O
Sentence: 616,বাইরে,O
,অনেক,O
,গরম,O
,হইডছে,O
Sentence: 617,আইজগা,O
,হারাদিন,O
,বৃষ্টি,O
,অইছে,O
Sentence: 618,ফেসবুক,B-ORG
,এককান,O
,জনপ্রিয়,O
,যোগাযোগ,O
,মাধ্যম,O
Sentence: 619,জীবনে,O
,উন্নতি,O
,কইরতাম,O
,গেলে,O
,মেলা,O
,সময়,O
,মেলা,O
,কিছুর,O
,সম্মুখীন,O
,অইতে,O
,অয়,O
Sentence: 620,বেক,O
,বাধা,O
,হিছে,O
,হালাই,O
,জিবনে,O
,সফল,O
,অইতে,O
,অইব,O
Sentence: 621,আই,O
,চা,B-FOOD
,খাইতাম,O
,হছন্দ,O
,করি,O
Sentence: 622,তোর,O
,বইয়ান,B-OBJ
,কি,O
,আরে,O
,দিতে,O
,হারস,O
Sentence: 623,তোরে,O
,ধন্যবাদ,O
,এইক্কান,O
,ভালা,O
,এককান,O
,বইয়ের,B-OBJ
,খোজ,O
,দেওনের,O
,লাই,O
Sentence: 624,অসাধারণ,O
,এককান,O
,বই,B-OBJ
,হইড়ছি,O
Sentence: 625,এইবার,O
,ছুটিতে,O
,কক্সবাজারে,B-LOC
,যাইয়ুম,O
Sentence: 626,আই,O
,আর,O
,গ্রামের,B-LOC
,বাড়ি,I-LOC
,যাইয়ুম,O
,ঠিক,O
,কইচ্ছি,O
Sentence: 627,গেরামের,B-LOC
,প্রকৃতি,O
,মেলা,O
,সুন্দর,O
Sentence: 628,নদীর,B-LOC
,দুই,O
,হাসে,O
,মনোরম,O
,দৃশ্য,O
,দেই,O
,চোখ,O
,জুড়াই,O
,যায়,O
Sentence: 629,তোয়ার,O
,মূইল্যবান,O
,বক্তিব্যর,O
,লাই,O
,তোয়ারে,O
,মেলা,O
,ধন্যবাদ,O
Sentence: 630,তোংগোর,O
,বেকের,O
,দোয়া,O
,চাই,O
Sentence: 631,সময়,O
,কিল্লাই,O
,আইজ,O
,আর,O
,কাডের,O
,না,O
Sentence: 632,ছোডবেলা,O
,ধরিয়ে,O
,এ,O
,আর,O
,সাইকেল,B-OBJ
,চালানির,O
,অভ্যাস,O
Sentence: 633,স্কুলেও,B-ORG
,সাইকেল,B-OBJ
,চালাই,O
,যাইতাম,O
,মাঝে,O
,মধ্যে,O
Sentence: 634,কেলাসে,O
,আইজ,O
,কোনভাবেই,O
,মন,O
,বইয়ের,O
,না,O
Sentence: 635,ছয়,O
,ঋতুর,O
,বাংলাদেশ,B-LOC
Sentence: 636,কারোনছাড়া,O
,ঘরেরভিত্তে,O
,মোমবাতি,B-OBJ
,জালাই,O
,বই,O
,রইছি,O
Sentence: 637,তোয়ার,O
,বাসাত,O
,বিদ্যুৎ,O
,থাইকতাম,O
,হারে,O
,হেটার,O
,লাই,O
,এইয়ানে,O
,চলি,O
,আইলাম,O
Sentence: 638,হঠাৎ,O
,করি,O
,কারোন,O
,চলি,O
,গেছে,O
Sentence: 639,আদুনিক,O
,সভ্যতারে,O
,বিজ্ঞান,O
,উপহার,O
,দিছে,O
,যেল,O
,কিছু,O
Sentence: 640,কম্ফিউটার,B-OBJ
,আধুনিক,O
,বিজ্ঞান,O
,জগতেরে,O
,বিশেষভাবে,O
,সহজ,O
,কইচ্ছে,O
Sentence: 641,বাংলাদেশ,B-LOC
,গ্রাম,O
,হদান,O
,দেশ,B-LOC
Sentence: 642,আংগোর,O
,গেরামের,B-LOC
,জনসংখ্যা,O
,প্রায়,O
,চাইর,O
,আজার,O
Sentence: 643,বিলাইর,B-ANI
,পসন্দর,O
,খানা,O
,দূধ,B-FOOD
Sentence: 644,বিলাই,B-ANI
,মেলা,O
,আরামখোজইন্না,O
,প্রানী,O
Sentence: 645,বাংলাদেশ,B-LOC
,এর,O
,জনসংখ্যার,O
,অদ্দেক,O
,এ,O
,বেডি,O
Sentence: 646,হলিতিন,B-OBJ
,ব্যবহার,O
,মারাত্মক,O
,অসুকের,O
,সৃষ্টি,O
,কাইরতাম,O
,হারে,O
Sentence: 647,ইলিশ,B-FOOD
,আর,O
,হ্রিয়,O
,মাছ,B-FOOD
Sentence: 648,হদ্দার,B-LOC
,ইলিশ,B-FOOD
,খাইতো,O
,অনেক,O
,স্বাদ,O
Sentence: 649,ব্যাস্ত,O
,এগগা,O
,দিন,O
,কাডাইলাম,O
Sentence: 650,রাইতকার,B-FOOD
,খাবারটা,I-FOOD
,খাই,O
,এ,O
,হুতি,O
,হড়ুম,O
Sentence: 651,অন,O
,হইড়তে,O
,বইয়ুম,O
Sentence: 652,বেগ্গুনের,O
,কাছ,O
,তুন,O
,বিদাই,O
,লইয়ের,O
Sentence: 653,আবার,O
,দেখা,O
,অইব,O
Sentence: 654,বাংলাদেশে,B-LOC
,বিবিন্ন,O
,দুর্যোগ,O
,প্রভন,O
,অন্চল,O
,আছে,O
Sentence: 655,বিষয়আন,O
,আসলেই,O
,দুশচিন্তার,O
Sentence: 656,হইড়তাম,O
,ইচ্ছা,O
,কইরতাছে,O
,না,O
,আইজগা,O
Sentence: 657,তোয়ার,O
,ফ্রিয়,O
,বিষয়,O
,কিয়া,O
Sentence: 658,গনিত,O
,তোয়ার,O
,কেইক্কান,O
,লাগে,O
Sentence: 659,আই,O
,হরালেয়ায়,O
,কাচা,O
Sentence: 660,আরে,O
,বেকে,O
,এক,O
,নামে,O
,চিনে,O
Sentence: 661,তুউই,O
,কি,O
,গেছিলা,O
,নি,O
Sentence: 662,তোয়ার,O
,ফ্রিয়,O
,সবজি,B-FOOD
,কিয়া,O
Sentence: 663,আর,O
,ফ্রিয়,O
,সবজি,B-FOOD
,টমাটো,B-FOOD
Sentence: 664,চলো,O
,একত্তরে,O
,গান,O
,গাই,O
Sentence: 665,চলো,O
,একত্তরে,O
,মাছ,B-FOOD
,ধরি,O
Sentence: 666,আন্নে,O
,আন্নের,O
,পরিবার,O
,সহ,O
,আগ্গোর,O
,বাসাত,O
,আইবেন,O
Sentence: 667,তুউই,O
,কি,O
,আরে,O
,আগে,O
,দেইকছো,O
Sentence: 668,আর,O
,লগে,O
,নাইচবা,O
Sentence: 669,তোয়ার,O
,ফ্রিয়,O
,গান,O
,কুনগা,O
Sentence: 670,তোয়ার,O
,ফ্রিয়,O
,গায়ক,B-ROLE
,কে,O
Sentence: 671,কাইলগা,O
,ঘুড্ডি,B-OBJ
,উড়ামু,O
Sentence: 672,তুই,O
,কি,O
,আরে,O
,ভালোবাসো,O
Sentence: 673,চলো,O
,ঘুড্ডি,B-OBJ
,উড়াই,O
Sentence: 674,আই,O
,ছোড,O
,বেলা,O
,অনেক,O
,মেদাবি,O
,আছিলাম,O
Sentence: 675,আর,O
,নৌকাত,B-OBJ
,ঘুইরতাম,O
,ভালা,O
,লাগে,O
Sentence: 676,জাইল্লারা,B-ROLE
,মাছ,B-FOOD
,ধরের,O
Sentence: 677,আই,O
,আম,B-FOOD
,খাইয়ুম,O
Sentence: 678,আম,B-FOOD
,আর,O
,ফ্রিয়,O
,ফল,B-FOOD
Sentence: 679,আইজগা,O
,তোয়ার,O
,ভাইরে,B-REL
,দেইকলাম,O
Sentence: 680,তোয়ার,O
,গানের,O
,গলা,O
,মেলা,O
,ভালা,O
Sentence: 681,আই,O
,তোয়ার,O
,আসির,O
,হেমে,O
,হইড়ছি,O
Sentence: 682,তোয়ার,O
,হরিবারে,O
,কে,O
,কে,O
,আছে,O
Sentence: 683,আই,O
,তোয়ার,O
,বাদামী,B-COL
,চোখএইগুন,O
,ভালোবাসি,O
Sentence: 684,তুই,O
,বিয়া,O
,কাইরবা,O
,কত,O
,বছর,O
,বয়সে,O
Sentence: 685,ক্রিকেট,O
,খেলা,O
,তোয়ার,O
,কেইকান,O
,লাগে,O
Sentence: 686,অর,O
,একছের,O
,ভালা,O
,লাগে,O
,না,O
Sentence: 687,আর,O
,অনেক,O
,ভালো,O
,লাগে,O
Sentence: 688,তোয়ার,O
,বাবা,B-REL
,কিয়ারে,O
Sentence: 689,তোয়ার,O
,ভাই,B-REL
,কোনাই,O
,চাকরি,O
,করে,O
Sentence: 690,আই,O
,মুরগির,B-FOOD
,মাংস,I-FOOD
,বেশি,O
,হছন্দ,O
,করি,O
Sentence: 691,তুউই,O
,কিয়া,O
,খাইতাম,O
,হছন্দ,O
,করো,O
Sentence: 692,আই,O
,ইচা,B-FOOD
,মাছ,I-FOOD
,খাইতাম,O
,হছন্দ,O
,করি,O
Sentence: 693,আই,O
,তোয়ার,O
,লগে,O
,রাইতকা,O
,সাগর,B-LOC
,হাড়ে,B-LOC
,দাড়াই,O
,থাইঅতাম,O
,চাই,O
Sentence: 694,আইজগা,O
,তোয়ারে,O
,দেইকতো,O
,আইবো,O
Sentence: 695,না,O
,করি,O
,দিও,O
,হোলারগোরে,B-REL
Sentence: 696,আই,O
,হাইত্তান্ন,O
,না,O
,কইত্তে,O
Sentence: 697,তোয়ার,O
,মনে,O
,চাইলে,O
,যাই,O
,না,O
,করি,O
,দেও,O
Sentence: 698,আরে,O
,এককান,O
,গান,O
,হুনাইবা,O
Sentence: 699,তুউই,O
,কি,O
,গল্ফ,O
,লেখো,O
Sentence: 700,চা,B-FOOD
,নইলে,O
,কফি,B-FOOD
,কোনটা,O
,বেশি,O
,হছন্দ,O
Sentence: 701,আর,O
,কফি,B-FOOD
,বেশি,O
,হছন্দ,O
Sentence: 702,আই,O
,তোয়ারে,O
,ভালোবাসি,O
Sentence: 703,বৃষ্টির,O
,দিনে,O
,রিক্সায়,B-OBJ
,ঘুইরতাম,O
,ভালা,O
,লাগে,O
Sentence: 704,বৃষ্টির,O
,দিনে,O
,গরম,O
,খিচুড়ি,B-FOOD
,আর,O
,গরুর,B-FOOD
,মাংস,I-FOOD
,খাইতাম,O
,ভালা,O
,লাগে,O
Sentence: 705,বৃষ্টির,O
,দিনে,O
,চা,B-FOOD
,খাইতাম,O
,ভালো,O
,লাগে,O
Sentence: 706,আই,O
,ছবি,O
,তুইলতাম,O
,হছন্দ,O
,করি,O
Sentence: 707,আরে,O
,এককান,O
,বই,B-OBJ
,উফহার,O
,দিও,O
Sentence: 708,মানষ,O
,আসলে,O
,বড়,O
,অদ্ভুত,O
Sentence: 709,আইজগা,O
,আই,O
,ছাতা,B-OBJ
,আইনতো,O
,ভুলি,O
,গেছি,O
Sentence: 710,রাস্তায়,O
,আইজগা,O
,মেলা,O
,মানষ,O
Sentence: 711,আর,O
,কালা,B-COL
,কোত্তা,B-OBJ
,নাই,O
Sentence: 712,আর,O
,কালা,B-COL
,কোত্তা,B-OBJ
,আছে,O
Sentence: 713,আই,O
,কি,O
,বেশি,O
,বিরক্ত,O
,করি,O
Sentence: 714,আরে,O
,তো,O
,আর,O
,ভালো,O
,লাইগদ,O
,নো,O
Sentence: 715,আর,O
,লগে,O
,তোয়ার,O
,কোনো,O
,সম্পর্ক,O
,নাই,O
Sentence: 716,আই,O
,তোয়ারে,O
,চিনি,O
,না,O
Sentence: 717,তুউই,O
,আর,O
,প্রথম,O
,বন্দু,B-REL
Sentence: 718,আইজগার,O
,আবহাওয়াই,O
,মেলা,O
,সোন্দর,O
Sentence: 719,হেতেন,O
,ভালা,O
,মনের,O
,মানষ,O
Sentence: 720,আমরা,O
,এতও,O
,ভালা,O
,নো,O
Sentence: 721,আর,O
,টেয়া,B-OBJ
,নাই,O
Sentence: 722,শীতের,O
,সকাল,O
,মেলা,O
,সুন্দর,O
Sentence: 723,আর,O
,মা,B-REL
,আরে,O
,ভালোবাসে,O
Sentence: 724,আর,O
,বন্দুর,B-REL
,আইজগা,O
,বিয়া,O
Sentence: 725,অল্ফ,O
,সময়,O
,আছিলো,O
,সে,O
,তাতেই,O
,মায়ায়,O
,হড়ি,O
,রইছি,O
Sentence: 726,বিয়ার,O
,হর,O
,তুউই,O
,বদলি,O
,গেছো,O
Sentence: 727,কবিতা,O
,হইরতাম,O
,আমার,O
,অনেক,O
,ভালো,O
,লাগে,O
Sentence: 728,মাইয়া,O
,মানুষ,O
,মেলা,O
,অদ্ভুত,O
Sentence: 729,আই,O
,কি,O
,অনেক,O
,মোডা,O
Sentence: 730,এ,O
,তুউই,O
,অনেক,O
,মোডা,O
Sentence: 731,তুউই,O
,কি,O
,দেইকছো,O
Sentence: 732,তোয়ার,O
,দিকে,O
,তাকাই,O
,রইছি,O
Sentence: 733,তোয়ার,O
,সৌন্দর্য,O
,দেইকছি,O
Sentence: 734,হানির,B-FOOD
,অফর,O
,নাম,O
,জীবন,O
Sentence: 735,আইজগা,O
,অনেক,O
,মজা,O
,অইছে,O
Sentence: 736,আর,O
,বিয়াত,O
,দাওয়ার,O
,থাইকল,O
Sentence: 737,বেকে,O
,আরাই,O
,যায়,O
Sentence: 738,আর,O
,কোনো,O
,বন্দু,B-REL
,নাই,O
Sentence: 739,এই,O
,হিতিবিতে,B-LOC
,আই,O
,বড্ড,O
,একলা,O
Sentence: 740,তুউই,O
,রান্না,O
,কইরতাম,O
,হারো,O
Sentence: 741,তোয়ার,O
,হাতের,O
,লেয়া,O
,মেলা,O
,সুন্দর,O
Sentence: 742,আই,O
,গল্ফের,B-OBJ
,বই,I-OBJ
,কিনুম,O
Sentence: 743,আই,O
,আইজগা,O
,ঢাকাইয়,B-LOC
,যাইয়ুম,O
Sentence: 744,ঢাকায়,B-LOC
,আর,O
,চাকরি,O
,অইছে,O
Sentence: 745,চাকরি,O
,কইরতাম,O
,আর,O
,ভালো,O
,লাগে,O
,না,O
Sentence: 746,আর,O
,মা,B-REL
,আর,O
,মেলা,O
,যত্ন,O
,করে,O
Sentence: 747,আর,O
,মার,B-REL
,রান্না,O
,মেলা,O
,স্বাদ,O
Sentence: 748,বিয়াত,O
,আর,O
,মত,O
,নাই,O
Sentence: 749,ফাহাড়ের,B-LOC
,চুড়ায়,I-LOC
,উইটতাম,O
,চাই,O
Sentence: 750,এক,O
,হাস,O
,সাগর,B-LOC
,এক,O
,হাসে,O
,বালি,O
Sentence: 751,তোয়ারে,O
,হোলা,B-REL
,অনেক,O
,দুইষ্ট,O
Sentence: 752,কাইলগার,O
,তুন,O
,হইড়তে,O
,বইয়ুম,O
Sentence: 753,আর,O
,গরি,B-OBJ
,আন,O
,খুজি,O
,হাইয়ের,O
,না,O
Sentence: 754,মানষ,O
,মেলা,O
,স্বার্থপর,O
Sentence: 755,কিন্তু,O
,কিছু,O
,মানষ,O
,মেলা,O
,ভালো,O
Sentence: 756,আই,O
,হেতাগোরএকজন,O
,অইতাম,O
,চাঈ,O
Sentence: 757,তোয়ার,O
,হরিবারে,O
,কি,O
,আরে,O
,মানি,O
,লইব,O
Sentence: 758,তুউই,O
,অনেক,O
,যত্নশীল,O
Sentence: 759,তোংগোর,O
,হরীক্কা,O
,কবে,O
Sentence: 760,খেইলবার,B-LOC
,মাডে,I-LOC
,অইজগা,O
,মেলা,O
,মানষ,O
Sentence: 761,তুউই,O
,ভালো,O
,আছোনি,O
Sentence: 762,আই,O
,ভালা,O
,নাই,O
Sentence: 763,তোয়ারে,O
,ছাড়া,O
,আই,O
,ভালা,O
,নাই,O
Sentence: 764,বিফদ,O
,বলি,O
,কই,O
,আইয়ে,O
,না,O
Sentence: 765,হোলাগার,O
,রাগ,O
,মেলা,O
,বেশি,O
Sentence: 766,আই,O
,একজন,O
,খারাপ,O
,মানষ,O
Sentence: 767,তুউই,O
,কিয়া,O
,চাও,O
Sentence: 768,তুমি,O
,কিয়া,O
,চাও,O
,আই,O
,চলি,O
,যাই,O
Sentence: 769,আই,O
,চাই,O
,তুউই,O
,সবসময়,O
,আর,O
,সাথে,O
,থাকো,O
Sentence: 770,কিন্তু,O
,এইটা,O
,কোনদিন,O
,ও,O
,সম্ভব,O
,অইত,O
,ন,O
Sentence: 771,তুউই,O
,কি,O
,বিয়াত,O
,রাজি,O
Sentence: 772,আই,O
,রাজি,O
,নো,O
Sentence: 773,পাখিটা,B-ANI
,দেইকতো,O
,সুন্দর,O
Sentence: 774,লাল,B-COL
,রঙ্গের,I-COL
,শাড়িত,B-OBJ
,তোয়ারে,O
,ভালা,O
,মানাইবো,O
Sentence: 775,নীল,B-COL
,রং,I-COL
,আর,O
,অনেক,O
,হছন্দ,O
Sentence: 776,আই,O
,তোয়ারে,O
,ভালোবাসি,O
,না,O
Sentence: 777,কিল্লাই,O
,আরে,O
,ভালোবাসো,O
,না,O
Sentence: 778,আর,O
,মইধ্যে,O
,সমস্যা,O
,আছে,O
Sentence: 779,আর,O
,মাতা,O
,গরম,O
,থায়,O
Sentence: 780,আই,O
,বদমেজাজি,O
,মানষ,O
Sentence: 781,বেশি,O
,কতা,O
,আর,O
,হছন্দ,O
,নো,O
Sentence: 782,তুউই,O
,একজন,O
,বেকুব,O
,মানুষ,O
Sentence: 783,তুউই,O
,বেশি,O
,কতা,O
,কও,O
Sentence: 784,তুউই,O
,কম,O
,কতা,O
,কও,O
Sentence: 785,আই,O
,আইজগা,O
,সকালে,O
,চা,B-FOOD
,খাই,O
,নো,O
Sentence: 786,আই,O
,আইজগা,O
,সকালে,O
,আর,O
,বন্দুগোর,B-REL
,লগে,O
,ঘুইরতাম,O
,গেছি,O
Sentence: 787,আই,O
,আইজগা,O
,সকালে,O
,আর,O
,বন্দুর,B-REL
,লগে,O
,কাইজ্জা,O
,কইচ্ছি,O
Sentence: 788,আর,O
,বন্দু,B-REL
,আর,O
,বেক,O
,কতা,O
,মনযোসহকারে,O
,হুনে,O
Sentence: 789,আর,O
,বন্দু,B-REL
,মনে,O
,হয়,O
,আরে,O
,মেলা,O
,ভালোবাসে,O
Sentence: 790,আর,O
,এককান,O
,বিলাই,B-ANI
,আছে,O
Sentence: 791,আর,O
,বিলাইর,B-ANI
,নাম,O
,মিনু,B-ANI
Sentence: 792,আই,O
,আর,O
,বিলাইড়,B-ANI
,লগে,O
,খেইলতা,O
,অনেক,O
,ভালোবাসি,O
Sentence: 793,এই,O
,চৌদ্দ,O
,বছরে,O
,আইজ,O
,ও,O
,হেতনে,O
,কোনদিন,O
,ও,O
,কোনকারনে,O
,আরে,O
,তুই,O
,করিও,O
,কয়,O
,নো,O
Sentence: 794,কোন,O
,সময়,O
,গায়ে,O
,আত,O
,তুলে,O
,নো,O
Sentence: 795,লোক,O
,দেয়ানো,O
,শেষ,O
Sentence: 796,এত,O
,জলদি,O
,শেষ,O
Sentence: 797,বুইঝতাম,O
,আছি,O
,না,O
,কি,O
,কইরগুম,O
,আই,O
Sentence: 798,আর,O
,দুগা,O
,বিয়া,O
,অইছে,O
Sentence: 799,আই,O
,ওকগা,O
,মাইয়া,O
,মানুষ,O
Sentence: 800,আর,O
,দ্বিতীয়,O
,বিয়া,O
,লই,O
,আর,O
,নিজের,O
,কাগুরা,B-REL
,মামুরা,B-REL
,আরে,O
,খোডা,O
,মারি,O
,কতা,O
,কয়,O
Sentence: 801,কিন্তু,O
,আইজ,O
,হইরজন্ত,O
,আর,O
,উনি,O
,আরে,O
,খোডা,O
,মারি,O
,কতা,O
,কয়নো,O
Sentence: 802,আই,O
,ভাবি,O
,আরি,O
,আপন,O
,লোক,O
,এরুম,O
,না,O
,নি,O
,অয়,O
Sentence: 803,আর,O
,আপন,O
,লোকগুলোই,O
,এরুম,O
Sentence: 804,আর,O
,আর,O
,বাইচতে,O
,মন,O
,চায়না,O
,জানেন,O
,নি,O
Sentence: 805,আর,O
,প্রথম,O
,বিয়া,O
,আরে,O
,জোর,O
,করি,O
,দিছে,O
Sentence: 806,হিয়ানে,O
,হোলা,O
,একছের,O
,কিপটা,O
,আছিলো,O
,আই,O
,দুইবেলা,O
,ভাত,B-FOOD
,খাইতে,O
,হাইরতাম,O
,না,O
Sentence: 807,দ্বিতীয়,O
,বিয়াত,O
,আই,O
,কল্পনার,O
,তুন,O
,ও,O
,বেশি,O
,সুখী,O
Sentence: 808,ইগিন,O
,দেই,O
,ও,O
,বেকে,O
,না,O
,দেনের,O
,ভান,O
,করে,O
Sentence: 809,খোডা,O
,মারার,O
,মতন,O
,কতা,O
,আর,O
,ইয়ান,O
,ই,O
,আছে,O
,যে,O
,আর,O
,বিয়া,O
,দুগা,O
Sentence: 810,আর,O
,সুখ,O
,দেই,O
,হেতাগো,O
,আবার,O
,সইজ্জ,O
,অয়,O
,না,O
Sentence: 811,বিয়া,O
,করনের,O
,হাছ,O
,বছর,O
,হর,O
,আই,O
,অন,O
,স্মার্ট,O
,অইছি,O
Sentence: 812,প্রথম,O
,প্রথম,O
,বৌ,B-REL
,এর,O
,মেলা,O
,প্রশ্নের,O
,ঠিক,O
,উত্তর,O
,দি,O
,বিপদে,O
,হইরতাম,O
Sentence: 813,বিশাল,O
,ক্যাচাল,O
,লাগি,O
,যাইতো,O
Sentence: 814,এরহর,O
,তুন,O
,আই,O
,ঠিক,O
,কইরলাম,O
,তেল,O
,মারা,O
,উত্তর,O
,দিয়ুম,O
Sentence: 815,এডাত,O
,ও,O
,কোনো,O
,লাব,O
,অয়নো,O
Sentence: 816,ক্যাচাল,O
,থাইমলো,O
,না,O
Sentence: 817,হালকা,O
,পাতলা,O
,লাব,O
,অয়,O
Sentence: 818,বৌ,B-REL
,খানের,O
,সময়,O
,বড্ডা,O
,এক্কান,O
,আসি,O
,দি,O
,কইলো,O
,পাক,O
,কিরুম,O
,অইছে,O
Sentence: 819,খাওনের,B-FOOD
,মইধ্যে,O
,রসুন,B-FOOD
,আরেক্কানা,O
,বাড়াই,O
,দিলে,O
,খাওন,O
,বেশি,O
,স্বাদ,O
,অইলো,O
,ও,O
Sentence: 820,খাওনে,B-FOOD
,নুন,B-FOOD
,কদ্দুর,O
,কম,O
,অইছে,O
Sentence: 821,তোওর,O
,খানা,O
,লাইগদো,O
,নো,O
Sentence: 822,আই,O
,তো,O
,আসলে,O
,কিছুই,O
,হারি,O
,না,O
Sentence: 823,বৌ,B-REL
,এর,O
,চোখ,O
,কান,O
,ছলছল,O
Sentence: 824,তুই,O
,আরে,O
,আর,O
,কত,O
,অবাক,O
,কইরবা,O
Sentence: 825,ওকগা,O
,চামুচ,B-OBJ
,খানা,O
,খাই,O
,এ,O
,এতাগাইন,O
,কতা,O
,কই,O
,দিলা,O
Sentence: 826,ফাফর,O
,বাজি,O
,এককানা,O
,কমাই,O
,কর,O
Sentence: 827,তুমি,O
,রাঁধছো,O
Sentence: 828,আই,O
,তো,O
,মনে,O
,কইরছি,O
,শাশুড়ি,B-REL
,আম্মা,I-REL
,আর,O
,লাই,O
,রাঁধি,O
,হাডাইছে,O
Sentence: 829,তোআর,O
,রান্না,O
,তো,O
,হুরা,O
,আম্মার,B-REL
,লাইন,O
Sentence: 830,আরেক্কানা,O
,খাও,O
,ওকগা,O
,চামুচ,B-OBJ
,দি,O
Sentence: 831,মেকআপ,O
,টা,O
,কিরুমনা,O
,অইছে,O
Sentence: 832,এক্কানা,O
,বেশি,O
,অই,O
,গেছে,O
,আরেক্কানা,O
,কম,O
,অইলে,O
,ভালা,O
,লাইগলো,O
,ও,O
Sentence: 833,বৌ,B-REL
,মেকআপ,O
,তুইলতে,O
,তুইলতে,O
,যাইতাম,O
,এ,O
,নো,O
,আইজ,O
Sentence: 834,আই,O
,তো,O
,মেকআপই,O
,দিতাম,O
,হারি,O
,না,O
Sentence: 835,তুমি,O
,যাও,O
,একলা,O
,একলা,O
Sentence: 836,হার্টি,O
,তে,O
,যাই,O
,সুন্দরী,O
,গুনের,O
,লগে,O
,ঢং,O
,করি,O
,আইও,O
Sentence: 837,কেন্নে,O
,করি,O
,এতো,O
,ভালা,O
,মেকআপ,O
,করো,O
Sentence: 838,না,O
,বুঝি,O
,বেশি,O
,কথা,O
,কন,O
,কিল্লেই,O
Sentence: 839,আর,O
,দিকে,O
,তো,O
,আর,O
,রেনো,O
,না,O
,রেনি,O
,থাও,O
,অন্য,O
,বেডিগোর,O
,দিকে,O
Sentence: 840,আই,O
,অনেকক্ষণ,O
,যাবত,O
,হেতির,O
,মুখের,O
,দিকে,O
,রেনি,O
,রইলাম,O
Sentence: 841,তুমি,O
,এতো,O
,কিছুন,O
,বুঝো,O
,কেন্নে,O
Sentence: 842,শাড়িটা,B-OBJ
,আরে,O
,কিরুম,O
,মানাইছে,O
Sentence: 843,সবুজ,B-COL
,শাড়িটা,B-OBJ
,হইরলে,O
,দারুণ,O
,লাইগতো,O
Sentence: 844,সবুজ,B-COL
,শাড়ি,B-OBJ
,কি,O
,তোমার,O
,এক্স,O
,কোনো,O
,গার্লফ্রেন্ডের,B-REL
,হছন্দের,O
,রঙ,O
Sentence: 845,এই,O
,সব,O
,পাম্প,O
,আরে,O
,দিও,O
,না,O
,বিরক্ত,O
,লাগে,O
Sentence: 846,মাথায়,O
,রাইখো,O
,বিয়া,O
,বাড়িত,O
,যাইতাছো,O
Sentence: 847,বৌ,B-REL
,এর,O
,তুন,O
,তোয়ারে,O
,বেশী,O
,সুন্দর,O
,লাইগলে,O
,কিন্তু,O
,সমইস্যা,O
Sentence: 848,বিবাহিত,O
,জীবনে,O
,সুখে,O
,থান,O
Sentence: 849,আর,O
,হাই,B-REL
,মদ,B-FOOD
,খায়,O
,রাইতের,O
,পর,O
,রাইত,O
,বন্ধুগো,B-REL
,লগে,O
,আড্ডা,O
,দেয়,O
Sentence: 850,আই,O
,এটা,O
,স্বাভাবিক,O
,ভাবেই,O
,লইছিলাম,O
Sentence: 851,আর,O
,কাছে,O
,ধরা,O
,হরনের,O
,হর,O
,ও,O
,স্বীকার,O
,না,O
,করি,O
,উল্টা,O
,আর,O
,গাত,O
,আত,O
,উডায়,O
Sentence: 852,অন,O
,আর,O
,হেতেরে,O
,ছাড়,O
,দেওন,O
,যাইতো,O
,ন,O
Sentence: 853,যে,O
,মানুষ,O
,গাত,O
,আত,O
,উডায়,O
,অন্য,O
,বেডি,O
,গো,O
,লগে,O
,কতা,O
,কয়,O
,ঘরে,O
,বৌ,B-REL
,রাই,O
Sentence: 854,এরুমনা,O
,বেডা,O
,গো,O
,লগে,O
,সংসার,O
,করন,O
,যায়,O
,না,O
Sentence: 855,কোন,O
,মাইনষের,O
,প্রতি,O
,একবার,O
,বিশ্বাস,O
,উডি,O
,গেলে,O
,অভিনয়,O
,করি,O
,বেশিদিন,O
,হিয়ানে,O
,থান,O
,যায়,O
,না,O
Sentence: 856,আর,O
,সইহ্য,O
,কইরতাম,O
,না,O
,হারি,O
,আন্নেগো,O
,কাছে,O
,সঠিক,O
,হরামর্শ,O
,চাইতেছি,O
Sentence: 857,আর,O
,আব্বা,B-REL
,হুলিশে,B-ROLE
,আছেন,O
,তো,O
,মার,B-REL
,লগে,O
,বিয়ার,O
,হর,O
,তুনই,O
,হেতে,O
,হরকিয়ায়,O
,আসক্ত,O
,আছিলেন,O
Sentence: 858,মা,B-REL
,অনেক,O
,সইহ্য,O
,করি,O
,এতাগাইন,O
,বছর,O
,সংসার,O
,করি,O
,গেছেন,O
Sentence: 859,এর,O
,মইধ্যে,O
,অনেক,O
,সময়,O
,ভালা,O
,অই,O
,যাইতো,O
,আবার,O
,খারাপ,O
,অই,O
,যাইতো,O
Sentence: 860,শেষ,O
,বয়সে,O
,আই,O
,হেতে,O
,অন,O
,এমন,O
,এককান,O
,জঘন্য,O
,কাম,O
,কইরলো,O
Sentence: 861,হেতে,O
,দ্বিতীয়,O
,বিয়া,O
,কইছে,O
,ওকগা,O
,বিবাহিত,O
,মহিলারে,O
Sentence: 862,হেতে,O
,দ্বিতীয়,O
,বিয়া,O
,করি,O
,শান্তি,O
,হায়,O
,নো,O
Sentence: 863,আব্বার,B-REL
,কাছে,O
,আর,O
,মার,B-REL
,নামে,O
,অনেক,O
,উল্টা,O
,পাল্টা,O
,কথা,O
,কয়,O
Sentence: 864,আই,O
,ওকগা,O
,পাবলিক,B-ORG
,বিশ্ববিদ্যালয়ে,I-ORG
,হড়াশোনা,O
,কইরছি,O
Sentence: 865,হেতে,O
,অন,O
,আর,O
,হড়াশোনার,O
,খরচ,O
,দিতে,O
,চায়,O
,না,O
Sentence: 866,ঐ,O
,বেডি,O
,আর,O
,হেতে,O
,মিলি,O
,আরে,O
,গালিগালাজ,O
,কইরতে,O
,থায়,O
Sentence: 867,আই,O
,তোর,O
,হড়াশোনার,O
,কোনো,O
,খরচ,O
,দিতান,O
,ন,O
Sentence: 868,আরে,O
,দয়া,O
,করি,O
,সঠিক,O
,হরার্মশ,O
,দি,O
,এককানা,O
,সাহায্য,O
,করেন,O
Sentence: 869,আই,O
,কী,O
,কইরতাম,O
,হারি,O
Sentence: 870,আটাশ,O
,বছর,O
,ধরি,O
,আর,O
,মা,B-REL
,কষ্ট,O
,করি,O
,গেছেন,O
Sentence: 871,অন্যদিকে,O
,এতো,O
,অন্যায়,O
,করার,O
,হরও,O
,আর,O
,বাবা,B-REL
,আর,O
,ঐ,O
,বেডি,O
,অনেক,O
,সুখে,O
,আছেন,O
Sentence: 872,আন্নেগো,O
,তুন,O
,কিছু,O
,ভালো,O
,হরামর্শ,O
,লইতে,O
,আইলাম,O
Sentence: 873,আই,O
,একজন,O
,অবিবাহিতা,O
Sentence: 874,ছোট,O
,তুন,O
,নানার,B-REL
,বাসাত,O
,বড়,O
,অইছি,O
Sentence: 875,অন,O
,নানার,B-REL
,বাসাত,O
,ই,O
,থাই,O
Sentence: 876,আঙ্গো,O
,যৌথ,O
,হরিবার,O
,আছিলো,O
,নানার,B-REL
,বাসাত,O
Sentence: 877,আর,O
,আব্বা,B-REL
,আগে,O
,নেশাত,O
,আসক্ত,O
,আছিলো,O
Sentence: 878,আঙ্গো,O
,লগে,O
,আর,O
,আব্বা,B-REL
,তেমন,O
,সময়,O
,কাটাইতো,O
,না,O
Sentence: 879,আব্বা,B-REL
,হারাদিন,O
,বাইরে,O
,বাইরে,O
,রইতো,O
Sentence: 880,আই,O
,তন,O
,অনেক,O
,ছোডো,O
,আছিলাম,O
Sentence: 881,আর,O
,হুক্কু,B-REL
,কাগারাও,B-REL
,আঙ্গোরে,O
,দেইখতে,O
,হাইরতো,O
,না,O
Sentence: 882,মাই,B-REL
,আরে,O
,আর,O
,ভাইরে,B-REL
,বড়,O
,কইরছে,O
,অনেক,O
,কষ্ট,O
,করি,O
Sentence: 883,আরে,O
,আগে,O
,বেকে,O
,আদর,O
,কইরতো,O
Sentence: 884,যত,O
,বড্ডা,O
,অইলাম,O
,বেকের,O
,চোখে,O
,এক,O
,হকার,O
,বিষের,O
,মতন,O
,অই,O
,গেলাম,O
,আই।,O
Sentence: 885,আগের,O
,তুলনায়,O
,আব্বা,B-REL
,অনেক,O
,ভালা,O
,অইছেন,O
Sentence: 886,আর,O
,খালার,B-REL
,বিয়া,O
,অইছে,O
,২০১৫,O
,তে,O
Sentence: 887,আর,O
,খালার,B-REL
,দুগা,O
,হোলা,B-REL
,আছে,O
Sentence: 888,বিয়ার,O
,আগে,O
,খালাই,B-REL
,আরে,O
,বড়,O
,কইরছে,O
Sentence: 889,মা,B-REL
,কিছু,O
,অইলেই,O
,আরে,O
,মাইর,O
,ধইর,O
,করে,O
Sentence: 890,আর,O
,আব্বা,B-REL
,যে,O
,এত,O
,খারাপ,O
,কওনো,O
,ওকগা,O
,হুলের,O
,টোয়াও,O
,দেয়,O
,ন,O
Sentence: 891,আই,O
,ওকগা,O
,হোলা,O
,অন,O
,বাংলাদেশ,B-ORG
,নেভীতে,I-ORG
,কাজ,O
,কইরতেছি,O
Sentence: 892,আই,O
,চার,O
,মাস,O
,আগে,O
,হরিবারের,O
,হছন্দে,O
,বিয়া,O
,কইরছি,O
Sentence: 893,আই,O
,ভোর,O
,আট,O
,টায়,O
,ডিউটিতে,O
,চলি,O
,যাই,O
Sentence: 894,আর,O
,ইস্ত্রী,B-REL
,ওকগা,O
,দিনও,O
,সময়মতো,O
,টেবিলে,B-OBJ
,খাওন,O
,দিতে,O
,হারে,O
,না,O
,অনেক,O
,সময়,O
,বাইরে,O
,যাইয়া,O
,নাস্তা,B-FOOD
,করি,O
Sentence: 895,হেতি,O
,এতো,O
,ভোরে,O
,নাকি,O
,উইঠতো,O
,হারে,O
,না,O
Sentence: 896,সে,O
,তার,O
,বাপের,B-REL
,বাড়িতে,O
,থাকতে,O
,নাকি,O
,দশ,O
,টার,O
,আগে,O
,ঘুম,O
,থেকে,O
,উঠতো,O
,নাহ,O
Sentence: 897,হেতি,O
,হচন্ড,O
,অলস,O
,ওকগা,O
,কাজ,O
,সময়মতন,O
,কইরতে,O
,হারে,O
,না,O
Sentence: 898,হারাদিন,O
,বাসায়,O
,বই,O
,ফেইসবুক,B-ORG
,টিকটকে,B-ORG
,সময়,O
,কাডে,O
,হেতির,O
Sentence: 899,আঙ্গো,O
,মইধ্যে,O
,হায়সময়,O
,ঝগড়া,O
,অয়,O
Sentence: 900,আই,O
,খুব,O
,সমস্যায়,O
,আছি,O
Sentence: 901,দিন,O
,দিন,O
,হতাশার,O
,মইধ্যে,O
,ডুবি,O
,যাইতেছি,O
,এডার,O
,তুন,O
,মুক্তি,O
,হাইয়ুম,O
,কেন্নে,O
Sentence: 902,আই,O
,সত্যিই,O
,খুব,O
,অসহায়,O
,বোধ,O
,কইরতেছি,O
Sentence: 903,পোস্ট,O
,ভালা,O
,না,O
,লাইগলে,O
,এড়াই,O
,যান,O
Sentence: 904,ওকগা,O
,মাইয়া,O
,ছোগা,O
,হোলার,O
,লগে,O
,হেরেম,O
,কইরছে,O
Sentence: 905,ভিডিও,O
,বানানির,O
,কী,O
,দরকার,O
,আছিলো,O
Sentence: 906,আর,O
,তো,O
,মনে,O
,অয়,O
,মাইয়াগো,O
,ওকগার,O
,বেশি,O
,ডেট,O
,করন,O
,উচিত,O
Sentence: 907,এরুম,O
,কইরতেসে,O
,কিল্লেই,O
,বই,O
,বই,O
Sentence: 908,হেতে,O
,হিসাব,O
,মিলাইতে,O
,হাইরতেছেন,O
,না,O
Sentence: 909,এডা,O
,কী,O
,করি,O
,সম্ভব,O
Sentence: 910,তুমি,O
,ঘুম,O
,তুন,O
,উডি,O
,আরে,O
,কল,O
,দিও,O
Sentence: 911,তুমি,O
,এত,O
,ঘুমাও,O
,কিল্লেই,O
Sentence: 912,তোমার,O
,এত,O
,ঘুম,O
,আইয়ে,O
,কিল্লেই,O
Sentence: 913,তোমার,O
,লগে,O
,আর,O
,জরুরি,O
,কতা,O
,আছে,O
Sentence: 914,ওকগা,O
,স্বাভাবিক,O
,মানুষ,O
,এত,O
,ঘুমায়,O
,না,O
Sentence: 915,আর,O
,ভোরে,O
,উডি,O
,ই,B-FOOD
,চা,O
,খাওনের,O
,অভ্যাস,O
Sentence: 916,আর,O
,সন্ধায়,O
,কফি,B-FOOD
,খাওনের,O
,অভ্যাস,O
,আছে,O
Sentence: 917,তুমি,O
,দুপুরে,O
,কি,O
,দি,O
,ভাত,B-FOOD
,খাইছো,O
Sentence: 918,তুমি,O
,কি,O
,রাইতের,O
,বেলা,O
,বাইরে,O
,বের,O
,অইবা,O
Sentence: 919,আন্নের,O
,বেকের,O
,তুন,O
,কাছের,O
,মানুষটি,O
,কে,O
Sentence: 920,আন্নের,O
,লগে,O
,কতা,O
,কইতে,O
,অনেক,O
,ভালা,O
,লাগে,O
,আর,O
Sentence: 921,আর,O
,অনেক,O
,খারাপ,O
,লাইগছে,O
Sentence: 922,আর,O
,মনে,O
,অয়,O
,যে,O
,আই,O
,কিছুই,O
,মনে,O
,রাইখতে,O
,হাইরতেছি,O
,না,O
Sentence: 923,আর,O
,ছোডো,B-ROLE
,বইন,I-ROLE
,নানার,B-REL
,বাড়ীত,O
,ঘুইরতো,O
,গেছে,O
Sentence: 924,হেতে,O
,হরের,O
,মাসে,O
,বিদেশ,B-LOC
,চলি,O
,যাইবো,O
Sentence: 925,মাইয়াডা,O
,খুবই,O
,বেদ্দপ,O
Sentence: 926,মাইয়াডা,O
,হারাক্ষন,O
,মিছা,O
,কতা,O
,কয়,O
Sentence: 927,হোলাগা,O
,রাস্তা,B-LOC
,দি,O
,আডি,O
,যায়,O
Sentence: 928,ওকগা,O
,বিলাই,B-ANI
,দরজার,B-OBJ
,সামনে,O
,বই,O
,আছে,O
Sentence: 929,ওকগা,O
,কুত্তা,B-ANI
,রাস্তাত,B-LOC
,বই,O
,রইছে,O
Sentence: 930,ওকগা,O
,ধলা,B-COL
,রঙের,I-COL
,হাখি,B-ANI
,আকাশে,O
,উইড়তেছে,O
Sentence: 931,অল্পবয়সী,O
,ওকগা,O
,হোলা,O
,বাইরে,O
,ফুটপাতে,B-LOC
,দৌড়াইতেছে,O
Sentence: 932,আই,O
,কামে,O
,যাইতে,O
,চাই,O
,না,O
Sentence: 933,আন্নে,O
,এই,O
,কলমকান,B-OBJ
,নেন,O
Sentence: 934,আরে,O
,সত্যি,O
,কতা,O
,কন,O
Sentence: 935,তুমি,O
,ঘুম,O
,তুন,O
,তাড়াতাড়ি,O
,উডি,O
,যাও,O
Sentence: 936,আন্নে,O
,ঘুম,O
,তুন,O
,উইডতে,O
,চান,O
,না,O
Sentence: 937,আই,O
,ভোরে,O
,নাস্তা,B-FOOD
,করি,O
,ইস্কুলে,B-ORG
,যাই,O
Sentence: 938,আর,O
,ভোরে,O
,কিছু,O
,খাইতে,O
,ভালা,O
,লাগে,O
,না,O
Sentence: 939,আমরা,O
,হারি,O
,গেছি,O
Sentence: 940,আমরা,O
,হারি,O
,গেছিলাম,O
Sentence: 941,আমকান,B-FOOD
,কে,O
,খাইছিলো,O
Sentence: 942,আই,O
,আজি,O
,গেছি,O
Sentence: 943,আই,O
,ঠিক,O
,আছি,O
Sentence: 944,আরে,O
,বিশ্বাস,O
,করো,O
Sentence: 945,আর,O
,হশ্নের,O
,জবাব,O
,দেন,O
Sentence: 946,আই,O
,হেতেরে,O
,দেইখতে,O
,হাইলাম,O
Sentence: 947,আরে,O
,ঢুইকতে,O
,দেন,O
Sentence: 948,আরে,O
,যাইতে,O
,দাও,O
Sentence: 949,ইয়ানো,O
,অপেক্ষা,O
,করেন,O
Sentence: 950,আই,O
,বেরামে,O
,হরি,O
,গেছিলাম,O
Sentence: 951,আই,O
,হিগুনরে,O
,চাই,O
,হালাইছি,O
Sentence: 952,সময়,O
,শেষ,O
,অই,O
,গেছে,O
Sentence: 953,আমরা,O
,অপেক্ষা,O
,কইরগুম,O
Sentence: 954,হেতে,O
,উডি,O
,দাঁড়াইলেন,O
Sentence: 955,আই,O
,বেশি,O
,লম্বা,O
Sentence: 956,আই,O
,মাফ,O
,চাইছি,O
Sentence: 957,আই,O
,হিরি,O
,আইলাম,O
Sentence: 958,আই,O
,কেক,B-FOOD
,হছন্দ,O
,করি,O
Sentence: 959,এক্কানা,O
,ঘুমাই,O
,নাও,O
Sentence: 960,আই,O
,একলা,O
,আছিলাম,O
Sentence: 961,আর,O
,লগে,O
,আইয়েন,O
Sentence: 962,হেতে,O
,চেতি,O
,গেছিলেন,O
Sentence: 963,আর,O
,হাতকান,O
,ধরেন,O
Sentence: 964,আই,O
,অবাক,O
,অই,O
,গেছিলাম,O
Sentence: 965,আই,O
,আইতান,O
,নো,O
Sentence: 966,আই,O
,হাইরতাম,O
,ন,O
Sentence: 967,আর,O
,হাত,O
,ব্যাথা,O
,কইরতেছে,O
Sentence: 968,আর,O
,পা,O
,ব্যাথা,O
,কইরতেছে,O
Sentence: 969,আন্নেরে,O
,কে,O
,হাডাইছে,O
Sentence: 970,তোয়ারে,O
,দেই,O
,অসুস্থ,O
,মনে,O
,অইতেছে,O
Sentence: 971,আন্নেরা,O
,আগে,O
,দি,O
,যান,O
Sentence: 972,আরে,O
,বোলাইবেন,O
,না,O
Sentence: 973,আর,O
,হলুদ,B-COL
,রঙ,O
,হছন্দ,O
Sentence: 974,আই,O
,আপেল,B-FOOD
,হছন্দ,O
,করি,O
Sentence: 975,আর,O
,ঠান্ডা,O
,লাইগছে,O
Sentence: 976,আর,O
,খিদা,O
,পাইতেছে,O
Sentence: 977,আই,O
,বিদেশে,B-LOC
,গেছিলাম,O
Sentence: 978,আই,O
,ভিতরে,O
,গেলাম,O
Sentence: 979,হেতে,O
,রাগি,O
,গেছিলো,O
Sentence: 980,আরে,O
,হিয়ানে,O
,নি,O
,চলেন,O
Sentence: 981,হেতি,O
,আর,O
,বৌ,B-REL
Sentence: 982,আন্নেরে,O
,দেই,O
,অসুস্থ,O
,মনে,O
,অইতেছে,O
Sentence: 983,আঙ্গো,O
,বিয়ার,O
,হর,O
,তুনই,O
,নানা,O
,ছোডখাডো,O
,কারনে,O
,ঝগড়া,O
,লাগি,O
,থাইকতো,O
Sentence: 984,আই,O
,বুইঝতে,O
,হাইরতাম,O
,হেতের,O
,অন্য,O
,কোনানো,O
,সম্পর্কে,O
,আছে,O
Sentence: 985,হেতে,O
,কোনো,O
,দিন,O
,স্বীকার,O
,করে,O
,না,O
Sentence: 986,এন্নে,O
,নানা,O
,রকম,O
,ঝামেলা,O
,অইতে,O
,থায়,O
Sentence: 987,আঙ্গো,O
,পারিবারিক,O
,ভাবে,O
,বিয়া,O
,হয়,O
Sentence: 988,যন,O
,বাইত,O
,জানাই,O
,তন,O
,নানা,O
,রকম,O
,কতা,O
,হয়,O
Sentence: 989,বেশ,O
,কয়েক,O
,বার,O
,হেতেরে,O
,সু্যোগ,O
,দেয়া,O
,অয়,O
Sentence: 990,কিন্তু,O
,হেতে,O
,ভালা,O
,অয়নো,O
Sentence: 991,অনেক,O
,দিন,O
,আব্বার,B-REL
,বাসাত,O
,আছিলাম,O
Sentence: 992,তোয়ারে,O
,ছাড়া,O
,বাচমু,O
,তোয়ার,O
,বিয়াতেও,O
,নাচমু,O
Sentence: 993,হিগা,O
,তন,O
,আবার,O
,হিরি,O
,চায়,O
,আরে,O
Sentence: 994,এক,O
,হর্যায়,O
,এরুম,O
,অবস্থা,O
,করি,O
,হালায়,O
,যে,O
,আইও,O
,দুর্বল,O
,অই,O
,যাই,O
Sentence: 995,কিছু,O
,দিন,O
,হেতে,O
,ভালা,O
,থায়,O
Sentence: 996,এর,O
,হরে,O
,ওকগার,O
,হর,O
,ওকগা,O
,অশান্তি,O
,বাইড়তে,O
,থায়,O
Sentence: 997,হেতে,O
,যেতির,O
,লগে,O
,সম্পর্কে,O
,জড়াই,O
,হেতিরে,O
,বিয়া,O
,কইরতো,O
,ন,O
,কই,O
,কিন্তু,O
,সম্পর্ক,O
,রাইখবো,O
Sentence: 998,হেতে,O
,শুধু,O
,আরে,O
,খাওন,B-FOOD
,টুকুন,O
,ঠিক,O
,মতন,O
,দেয়,O
,যেন,O
,কাউরে,O
,কইতে,O
,না,O
,হারি,O
Sentence: 999,আর,O
,তো,O
,এককান,O
,হাত,O
,খরচ,O
,লাগে,O
,হিয়ান,O
,ও,O
,হেতে,O
,দেয়না,O
Sentence: 1000,বাবা,B-REL
,হিসাবে,O
,হোলারে,B-REL
,ভালবাসে,O
,অনেক,O
Sentence: 1001,চুপ,O
,আছিলাম,O
,বুঝাইছি,O
,অনেক,O
,লাভ,O
,অয়নো,O
Sentence: 1002,এক,O
,হর্যায়ে,O
,আবারো,O
,বাড়িত,O
,জানানো,O
,হয়,O
Sentence: 1003,তন,O
,হেতে,O
,অনেক,O
,খারাপ,O
,আচরন,O
,করে,O
Sentence: 1004,হেতে,O
,আর,O
,হরিবারের,O
,কাউরে,O
,সম্মান,O
,করেনা,O
Sentence: 1005,হেতে,O
,কারো,O
,লগে,O
,কথা,O
,কয়না,O
,কারো,O
,বাসাত,O
,যায়না,O
Sentence: 1006,এমন,O
,কি,O
,আর,O
,বাপ,B-REL
,মা,B-REL
,সামনে,O
,আইলে,O
,সালাম,O
,হইর্যন্ত,O
,দেয়না,O
Sentence: 1007,হেতে,O
,হেতাগো,O
,লগে,O
,সম্পর্ক,O
,রাইখতো,O
,ন,O
Sentence: 1008,আই,O
,তন,O
,কই,O
,কেন,O
,কি,O
,অইছে,O
Sentence: 1009,তারা,O
,আমাকে,O
,অনেক,O
,অপমান,O
,করছে,O
Sentence: 1010,আপনারা,O
,বলেন,O
,সে,O
,পরকিয়া,O
,করবে,O
,বউ,B-REL
,কে,O
,মারবে,O
,আর,O
,বাবা,B-REL
,মা,B-REL
,চুপ,O
,থাকবে,O
Sentence: 1011,আমার,O
,কোন,O
,ভাই,B-REL
,নেই,O
,আমি,O
,বড়,B-REL
,মেয়ে,I-REL
Sentence: 1012,আমাদের,O
,মধ্যেবিও,O
,পরিবার,O
Sentence: 1013,এসব,O
,কিছু,O
,কাউকে,O
,বলে,O
,কোন,O
,সমাধান,O
,নাই,O
Sentence: 1014,হেতারা,O
,কয়,O
,আমরা,O
,আঙ্গো,O
,বৌ,B-REL
,রে,O
,কত,O
,মারি,O
,কোন,O
,দিন,O
,মুখ,O
,দি,O
,কতা,O
,বাইর,O
,করে,O
,না,O
Sentence: 1015,আর,O
,শাশুড়িও,B-REL
,নাই,O
,মারা,O
,গেছে,O
,অনেক,O
,আগে,O
Sentence: 1016,আমরা,O
,বিয়ার,O
,হর,O
,তুনই,O
,আলাদা,O
,থাই,O
Sentence: 1017,শশুরবাড়ি,O
,আর,O
,স্বামীর,B-REL
,কিছু,O
,নাই,O
,কারণ,O
,হেতার,O
,মা,B-REL
,নাই,O
Sentence: 1018,হেতার,O
,বাপ,B-REL
,বিয়া,O
,কইরছে,O
,হিয়ানো,O
,বছরে,O
,একবার,O
,যাওয়া,O
,হয়,O
Sentence: 1019,আই,O
,তোয়ারে,O
,খাবার,B-FOOD
,দেই,O
Sentence: 1020,আন্নেরা,O
,কন,O
,যে,O
,স্বামী,B-REL
,ভালোবাসি,O
,কথা,O
,কয়না,O
Sentence: 1021,ইগিন,O
,সমস্যার,O
,সমাধান,O
,কোনাই,O
,হাইতাম,O
Sentence: 1022,আই,O
,অনেক,O
,চেষ্টা,O
,কইরছি,O
,যে,O
,আর,O
,কোন,O
,ভুল,O
,আছে,O
,কিনা,O
Sentence: 1023,হেতে,O
,বেকে,O
,রে,O
,কয়,O
,আই,O
,তো,O
,হেতির,O
,লগেই,O
,সংসার,O
,করি,O
Sentence: 1024,এরুম,O
,ন,O
,যে,O
,আই,O
,দেইখতে,O
,অসুন্দর,O
Sentence: 1025,যে,O
,কেউ,O
,আরে,O
,এক,O
,দেয়া,O
,তে,O
,হছন্দ,O
,কইরবো,O
Sentence: 1026,কোন,O
,উপায়,O
,হাইনা,O
,কি,O
,কইরতাম,O
Sentence: 1027,শুধু,O
,হোলার,B-REL
,মুখের,O
,দিকে,O
,রেনি,O
,চুপ,O
,করি,O
,আছি,O
Sentence: 1028,কিন্তু,O
,আই,O
,বাঁচি,O
,থাই,O
,ও,O
,মরি,O
,আছি,O
Sentence: 1029,আই,O
,আর,O
,স্বামীর,B-REL
,ভালবাসা,O
,চাই,O
Sentence: 1030,আর,O
,হরিবারের,O
,বেকের,O
,লগে,O
,হেতনে,O
,কথা,O
,কক,O
,এইডা,O
,চাই,O
Sentence: 1031,আর,O
,বাপ,B-REL
,মা,B-REL
,অনেক,O
,বার,O
,মাফ,O
,চাইছে,O
Sentence: 1032,যা,O
,অইছে,O
,অই,O
,গেছে,O
,তোয়ার,O
,কথাই,O
,মাইনলাম,O
,আঙ্গো,O
,দোষ,O
Sentence: 1033,আই,O
,চাইলেই,O
,আর,O
,বাপের,B-REL
,বাড়িত,O
,চলি,O
,যাইতে,O
,হারি,O
Sentence: 1034,সমাজের,O
,মানুষ,O
,নানান,O
,কথা,O
,কইবো,O
Sentence: 1035,আর,O
,বাপ,B-REL
,অসুস্থ,O
,অই,O
,যাইবো,O
Sentence: 1036,হে,O
,অন,O
,নিজের,O
,মুখেই,O
,কয়,O
,তোয়ার,O
,লগে,O
,আবার,O
,ও,O
,বেগগিন,O
,ঠিক,O
,কইরছি,O
Sentence: 1037,অন্য,O
,কোনানো,O
,বিয়া,O
,করি,O
,ভালা,O
,থাইকবা,O
,হেডা,O
,কেন্নে,O
,অয়,O
Sentence: 1038,হে,O
,বাইরে,O
,যা,O
,ইচ্ছা,O
,কইরবো,O
,বউ,B-REL
,হিসাবে,O
,আরে,O
,রাইখবো,O
Sentence: 1039,এম্মির,O
,দিকে,O
,আর,O
,হরিবারের,O
,লগে,O
,সম্পর্ক,O
,রাইখতো,O
,ন,O
Sentence: 1040,আরে,O
,অনেক,O
,মাইরতো,O
Sentence: 1041,হোলাগার,B-REL
,ভবিষ্যতের,O
,কথা,O
,ভাবি,O
,চুপ,O
,করি,O
,আছি,O
Sentence: 1042,আর,O
,বাপ,B-REL
,মাও,B-REL
,এডা,O
,লই,O
,অনেক,O
,কষ্ট,O
,হাইতেছে,O
Sentence: 1043,আই,O
,বড়,B-REL
,জি,I-REL
,আর,O
,ছোডো,B-REL
,বোইন,I-REL
,আছে,O
,খালি,O
Sentence: 1044,আন্নেরা,O
,হরামর্শ,O
,দেন,O
,আই,O
,কিরতাম,O
Sentence: 1045,দিন,O
,দিন,O
,মানসিক,O
,ভাবে,O
,অসুস্থ,O
,অই,O
,যাইতেছি,O
Sentence: 1046,কোন,O
,কতা,O
,খারাপ,O
,লাইগলে,O
,দয়া,O
,করি,O
,মাফ,O
,কইরবেন,O
Sentence: 1047,আই,O
,হেরেম,O
,করি,O
,বিয়া,O
,কইরছি,O
Sentence: 1048,আই,O
,আর,O
,স্বামীরে,B-REL
,অনেক,O
,ভালোবাসি,O
Sentence: 1049,আর,O
,বয়স,O
,উনিশ,O
,বছর,O
Sentence: 1050,ওকগা,O
,মানুষ,O
,কি,O
,হুদাই,O
,খারাপ,O
,অয়,O
,কন,O
Sentence: 1051,এরুম,O
,কিছু,O
,কইরগুম,O
,যাতে,O
,হেতার,O
,কাছে,O
,আরে,O
,না,O
,যাইতে,O
,অয়,O
Sentence: 1052,আই,O
,কার,O
,কাছে,O
,চাইয়ুম,O
Sentence: 1053,আন্নে,O
,থানায়,B-LOC
,যাই,O
,ওকগা,O
,মামলা,O
,করেন,O
Sentence: 1054,হুলিশরে,B-ROLE
,বেগগিন,O
,হথম,O
,তুন,O
,শেষ,O
,হইর্যন্ত,O
,খুলি,O
,কন,O
,আন্নের,O
,লগে,O
,কি,O
,কি,O
,অইছে,O
Sentence: 1055,হুলিশরে,B-ROLE
,এডাও,O
,কন,O
,যে,O
,আই,O
,যদি,O
,আর,O
,সমস্যার,O
,কোন,O
,সমাধান,O
,না,O
,হাই,O
Sentence: 1056,আই,O
,কিন্তু,O
,আত্মহত্যা,O
,কইরতে,O
,বাধ্য,O
,অইয়ুম,O
Sentence: 1057,এডাতে,O
,হুলিশের,B-ROLE
,উপর,O
,চাপ,O
,আইবো,O
Sentence: 1058,আন্নের,O
,মা,B-REL
,আর,O
,স্বামী,B-REL
,দুনোগাই,O
,সতর্ক,O
,অইবো,O
,আন্নের,O
,হতি,O
Sentence: 1059,আন্নে,O
,যদি,O
,হুলিশরে,B-ROLE
,বেগগিন,O
,খুলি,O
,কন,O
,তাইলেই,O
,চাইবেন,O
,সমস্যার,O
,সমাধান,O
,অই,O
,গেছে,O
Sentence: 1060,আন্নে,O
,ওকগা,O
,সাহায্য,O
,হাইতেছেন,O
,হুলিশের,B-ROLE
,কাছ,O
,তুন,O
Sentence: 1061,আই,O
,কইয়ুম,O
,আন্নে,O
,তালাকের,O
,হথ,O
,বাছি,O
,লন,O
Sentence: 1062,নিজের,O
,মতন,O
,করি,O
,বাঁচেন,O
Sentence: 1063,দুই,O
,বেলা,O
,ডাল,B-FOOD
,ভাত,I-FOOD
,খাই,O
,নিজের,O
,মত,O
,একা,O
,থান,O
,অনেক,O
,ভালা,O
Sentence: 1064,যেডাই,O
,অক,O
,মার,B-REL
,কাছে,O
,অনেক,O
,কিছু,O
,হাওনের,O
,থাইকলেও,O
,আন্নে,O
,হেরুম,O
,কিছু,O
,হান,O
,ন,O
Sentence: 1065,অন্যদিকে,O
,আন্নের,O
,স্বামীও,B-REL
,লোক,O
,হিসাবে,O
,ভালা,O
,ন,O
Sentence: 1066,আন্নের,O
,দুই,O
,দিকেই,O
,জ্বালা,O
,অইছে,O
Sentence: 1067,কিছু,O
,কিছু,O
,বিষয়ের,O
,কোন,O
,সমাধান,O
,থায়,O
,না,O
Sentence: 1068,অবশ্যই,O
,আন্নে,O
,নিয়মিত,O
,নামাজ,O
,হড়ি,O
,আল্লার,O
,কাছে,O
,শান্তি,O
,চাই,O
,দোয়া,O
,কইরতে,O
,হারেন,O
Sentence: 1069,নিজেরে,O
,যোগ্য,O
,করি,O
,গড়ি,O
,তুইলতে,O
,হারেন,O
Sentence: 1070,নিজেই,O
,নিজের,O
,জীবন,O
,হরিচালনা,O
,কইরতে,O
,হারেন,O
Sentence: 1071,আন্নের,O
,লাই,O
,শুভকামনা,O
,রইলো,O
Sentence: 1072,আন্নে,O
,নিজে,O
,কিছু,O
,করার,O
,চেষ্টা,O
,করেন,O
,যেন,O
,হরিবারের,O
,সাহায্য,O
,হয়,O
Sentence: 1073,বেকে,O
,একলগে,O
,খারাপ,O
,অয়,O
,না,O
Sentence: 1074,হেতারা,O
,আন্নেরে,O
,কেমনে,O
,চায়,O
,হেতাগো,O
,মতন,O
,অনের,O
,চেষ্টা,O
,করেন,O
Sentence: 1075,আশা,O
,করছি,O
,সব,O
,কিছু,O
,সমাধান,O
,হবে,O
Sentence: 1076,আমার,O
,বিয়ে,O
,হয়েছে,O
,নয়,O
,বছর,O
Sentence: 1077,প্রেম,O
,করে,O
,বিয়ে,O
,কিন্তু,O
,পারিবারিক,O
,ভাবেই,O
,হয়েছে,O
Sentence: 1078,প্রথম,O
,থেকেই,O
,আমার,O
,শাশুড়ি,B-REL
,আমাকে,O
,অনেক,O
,ভালবাসে,O
Sentence: 1079,ওনারা,O
,আমার,O
,স্বামীকে,B-REL
,অশিক্ষিত,O
,মেয়ের,O
,সাথে,O
,বিয়ে,O
,দিতে,O
,চেয়েছিল,O
Sentence: 1080,তাদের,O
,ঘরের,O
,কাজের,B-ROLE
,মানুষ,I-ROLE
,হিসেবে,O
,রাখতে,O
,চেয়েছিল,O
Sentence: 1081,আমার,O
,স্বামী,B-REL
,নিজ,O
,পছন্দে,O
,আমাকে,O
,বিয়ে,O
,করেছে,O
Sentence: 1082,গত,O
,নয়,O
,বছরে,O
,একটানা,O
,নয়,O
,দিনের,O
,জন্যও,O
,তারা,O
,আমার,O
,সাথে,O
,কথা,O
,বলেনি,O
Sentence: 1083,কোনো,O
,আত্মীয়,B-REL
,আমার,O
,বাসায়,O
,এলে,O
,তাদের,O
,সাথেও,O
,সম্পর্ক,O
,নষ্ট,O
,করতো,O
Sentence: 1084,আমরা,O
,হারিবারিক,O
,কারনে,O
,বছর,O
,ওকগার,O
,লাই,O
,অন,O
,নিজ,O
,বাড়ি,O
,ছাড়ি,O
,অন্য,O
,জাগাত,O
,আছিলাম,O
Sentence: 1085,নিজ,O
,বাড়িত,O
,আই,O
,হুনি,O
,হুরা,O
,এলাকাত,O
,আঙ্গো,O
,নামে,O
,খারাপ,O
,কথা,O
,কইছে,O
Sentence: 1086,আর,O
,বিরুদ্ধে,O
,বুঝাইছে,O
,যে,O
,আই,O
,আর,O
,স্বামী,B-REL
,রে,O
,তাবিজ,B-OBJ
,করি,O
,নিজ,O
,বাড়ির,O
,তুন,O
,হরা,O
,হালাইছে,O
Sentence: 1087,সম্পত্তি,O
,বেগগিন,O
,বেচি,O
,দি,O
,স্বামীরে,B-REL
,ছাড়ি,O
,চলি,O
,যাইয়ুম,O
Sentence: 1088,তোয়ার,O
,বৌ,B-REL
,বেলে,O
,তোয়ার,O
,সম্পত্তি,O
,বেচি,O
,হালাইতেছে,O
Sentence: 1089,আর,O
,স্বামী,B-REL
,বেকেরে,O
,বুঝাই,O
,বুঝাই,O
,ক্লান্ত,O
,যে,O
,আই,O
,ইরুম,O
,কিছু,O
,কইরতেছি,O
,না,O
Sentence: 1090,মান,O
,সন্মানের,O
,ডরে,O
,কেউ,O
,কিছু,O
,কয়,O
,না,O
Sentence: 1091,আঙ্গো,O
,তিন,O
,বছরের,O
,হেরেম,O
Sentence: 1092,হোলাগা,B-REL
,বাপ,B-REL
,চাচার,B-REL
,ডরে,O
,বাড়িত,O
,কিছু,O
,কইতে,O
,হারে,O
,না,O
Sentence: 1093,আর,O
,কাছে,O
,আরও,O
,সময়,O
,চাইতো,O
Sentence: 1094,বয়স,O
,আর,O
,তন,O
,হোলোতে,O
,হইড়লো,O
Sentence: 1095,তনকার,O
,সময়,O
,মাইয়া,O
,গো,O
,লাই,O
,এটা,O
,অনেক,O
,বয়স,O
Sentence: 1096,বাড়ির,O
,তুন,O
,হোলা,O
,দেয়া,O
,শুরু,O
,কইরলো,O
Sentence: 1097,তোর,O
,বড়,B-ROLE
,ভাইয়ের,I-ROLE
,লগে,O
,বিয়া,O
,ঠিক,O
,হইলো,O
Sentence: 1098,আই,O
,অন,O
,তোর,O
,ভাইরে,B-ROLE
,বিয়া,O
,কইরতে,O
,চাই,O
,না,O
Sentence: 1099,আই,O
,আরও,O
,এক,O
,বছর,O
,হরে,O
,বিয়া,O
,কইরতে,O
,চাই,O
Sentence: 1100,হোলাগা,O
,আর,O
,বাপের,B-REL
,লগে,O
,কতা,O
,কই,O
,আঙ্গো,O
,বিয়া,O
,ঠিক,O
,কইরছে,O
Sentence: 1101,এডারই,O
,মাঝে,O
,এককান,O
,অঘটন,O
,ঘটি,O
,গেলো,O
Sentence: 1102,হেতে,O
,হেতাঁর,O
,বাপের,B-REL
,ডরে,O
,কোনো,O
,কতাই,O
,কইতে,O
,হাইরলো,O
,না,O
Sentence: 1103,আই,O
,অনই,O
,বিয়া,O
,করি,O
,হেলতাম,O
,চাই,O
Sentence: 1104,আর,O
,বেগগিন,O
,শেষ,O
,অই,O
,যাইবো,O
Sentence: 1105,দয়া,O
,করি,O
,তুমি,O
,তোয়ার,O
,হরিবারের,O
,হছন্দে,O
,বিয়া,O
,করি,O
,হালাও,O
Sentence: 1106,এই,O
,সাহস,O
,আর,O
,নাই,O
Sentence: 1107,আরে,O
,ভালোবাইসলে,O
,এদ্দুর,O
,উপকার,O
,করো,O
,হাত,O
,হড়ি,O
,তোয়ার,O
Sentence: 1108,বেগগিন,O
,হুনি,O
,বুইঝলাম,O
,যে,O
,অন,O
,আর,O
,ইয়ানো,O
,থাই,O
,কোন,O
,লাভ,O
,অইতো,O
,ন,O
Sentence: 1109,তোর,O
,বড্ডা,B-ROLE
,ভাইরেই,I-ROLE
,বিয়া,O
,কইরতে,O
,অইবো,O
,অন,O
Sentence: 1110,বাড়ীত,O
,কইলাম,O
,আই,O
,এই,O
,বিয়াত,O
,রাজি,O
Sentence: 1111,যত,O
,তাড়াতাড়ি,O
,সম্ভব,O
,বিয়ার,O
,ব্যবস্থা,O
,করো,O
Sentence: 1112,হনরো,O
,দিনের,O
,মইধ্যে,O
,আঙ্গো,O
,বিয়া,O
,অইলো,O
Sentence: 1113,এই,O
,কাহিনী,O
,হুরাটা,O
,হুনি,O
,আই,O
,অবাক,O
Sentence: 1114,আই,O
,এককান,O
,খুব,O
,বড্ডা,O
,সমস্যাত,O
,হইড়ছি,O
,দয়া,O
,করি,O
,কেউ,O
,হাসাহাসি,O
,কইরবেন,O
,না,O
Sentence: 1115,আর,O
,গার্লফ্রেন্ড,B-REL
,এর,O
,হরিবারের,O
,ডিফেন্স,O
,এর,O
,জব,O
,বোলে,O
,হছন্দ,O
,ন,O
Sentence: 1116,তবে,O
,আর,O
,গার্লফ্রেন্ড,B-REL
,আরে,O
,কইছে,O
,আই,O
,হেতিরে,O
,যেন্নে,O
,রাইখখুম,O
,হেতি,O
,হেন্নেই,O
,থাইকবো,O
Sentence: 1117,তাই,O
,আই,O
,হেতিরে,O
,হলাই,O
,বিয়া,O
,কইরতাম,O
,চাই,O
Sentence: 1118,আর,O
,গার্লফ্রেন্ড,B-REL
,এর,O
,বয়স,O
,উনিশ,O
,বছর,O
Sentence: 1119,আই,O
,চাইতেছি,O
,ট্রেনিং,O
,তুন,O
,হিরি,O
,আই,O
,হেতিরে,O
,বিয়া,O
,কইরতে,O
Sentence: 1120,যদি,O
,হলাই,O
,বিয়া,O
,করি,O
,হরে,O
,কি,O
,হেতির,O
,ফ্যামিলি,O
,কোনো,O
,সমইস্যা,O
,কইরতে,O
,হাইরবো,O
Sentence: 1121,আঙ্গো,O
,ফ্যামিলির,O
,তুন,O
,হেতিগো,O
,ফ্যামিলি,O
,অনেক,O
,বড়লোক,O
Sentence: 1122,আই,O
,গেরামের,B-LOC
,হোলা,B-ROLE
,ঢাকাত,B-LOC
,ওকগা,O
,হাইভেট,B-ORG
,বিশ্ববিদ্যালয়ে,I-ORG
,হড়াশোনা,O
,করি,O
Sentence: 1123,হেতির,O
,লগে,O
,হরিচয়,O
,হেতিরে,O
,হাইভেট,O
,হড়াইতে,O
,যাই,O
Sentence: 1124,দয়া,O
,করি,O
,হরামর্শ,O
,দেন,O
,বিয়ার,O
,হরে,O
,কি,O
,হেতির,O
,হরিবার,O
,কোনো,O
,সমস্যা,O
,কইরতে,O
,হাইরবো,O
Sentence: 1125,আই,O
,আর,O
,আর,O
,বয়ফ্রেন্ড,B-REL
,একি,O
,স্কুলে,B-ORG
,হইড়তাম,O
Sentence: 1126,ক্লাস,O
,নাইনে,O
,আঙ্গো,O
,হথম,O
,কতা,O
,অয়,O
,ফেসবুকে,B-ORG
Sentence: 1127,এরহর,O
,তুন,O
,ক্লাস,O
,টেনে,O
,রিলেশনে,O
,যাই,O
Sentence: 1128,আর,O
,বন্ধুত্ব,B-REL
,ছাড়া,O
,অন্য,O
,কিছুর,O
,ইচ্ছা,O
,আছিলো,O
,না,O
Sentence: 1129,কিন্তু,O
,হোলাগা,O
,অনেক,O
,ভালা,O
,মানুষ,O
,কোনো,O
,নেশা,O
,নাই,O
Sentence: 1130,আই,O
,বেগগিন,O
,বুঝি,O
,হেরেম,O
,কইরতে,O
,গেলাম,O
Sentence: 1131,হথমদিকে,O
,অত,O
,ভালোবাইসতাম,O
,না,O
Sentence: 1132,আঙ্গো,O
,ম্যাক্সিমাম,O
,কতা,O
,অইছে,O
,অনলাইনে,O
Sentence: 1133,ততদিনে,O
,আই,O
,অনেক,O
,ভালোবাসি,O
,হালাইছি,O
,ওরে,O
Sentence: 1134,ওর,O
,আর,O
,আর,O
,স্কুল,B-REL
,ফ্রেন্ডরা,I-REL
,বেগগিন,O
,জাইনতো,O
Sentence: 1135,হেতিরা,O
,আরে,O
,হছন্দ,O
,কইরতো,O
,চাইতো,O
,আঙ্গো,O
,সম্পর্ক,O
,আবার,O
,জোড়া,O
,লাগুক,O
Sentence: 1136,এন্নে,O
,গেঞ্জাম,O
,হয়,O
,আবার,O
,মিল,O
,এরুম,O
,কইরতে,O
,কইরতে,O
,হাছ,O
,বছর,O
,অইছে,O
,অন,O
Sentence: 1137,আর,O
,অসুস্থতার,O
,কারণে,O
,আই,O
,ওকগা,O
,বছর,O
,গ্যাপ,O
,গেছে,O
Sentence: 1138,আই,O
,অন,O
,সুস্থ,O
,অনেক,O
Sentence: 1139,আই,O
,কেন্নে,O
,অন,O
,হিগারে,O
,ভুলি,O
,যাই,O
Sentence: 1140,আর,O
,বয়স,O
,হছিশ,O
,অইলেও,O
,আই,O
,হাছ,O
,বছর,O
,কন্সিডার,O
,কইরতাম,O
Sentence: 1141,আইও,O
,হিগারে,O
,ছাড়া,O
,কিছু,O
,ভাবি,O
,ন,O
,হাছ,O
,বছরে,O
Sentence: 1142,মজা,O
,করি,O
,অন্য,O
,হোলাগো,O
,কতা,O
,কই,O
,হিগারে,O
,চেতাইছি,O
,অনেক,O
Sentence: 1143,হিগারেই,O
,ভালোবাসি,O
,আই,O
,হিগারে,O
,ছাইড়তে,O
,চাই,O
,না,O
Sentence: 1144,আই,O
,বুঝি,O
,গেছি,O
,হোলা,O
,হিগারে,O
,ছাড়া,O
,আই,O
,থাইকতে,O
,হাইরতান,O
,ন,O
Sentence: 1145,অন,O
,হিগা,O
,আরে,O
,কয়,O
,হিগার,O
,লাইফ,O
,তুন,O
,চলি,O
,যাইতে,O
Sentence: 1146,আই,O
,অনেক,O
,চিন্তার,O
,মইধ্যে,O
,হড়ি,O
,গেছি,O
,আই,O
,কি,O
,কইরগুম,O
Sentence: 1147,এক,O
,সময়,O
,যাই,O
,যদি,O
,কই,O
,যে,O
,ধরি,O
,রাইখলেই,O
,তো,O
,হাইরতা,O
Sentence: 1148,আন্নেরা,O
,কন,O
,অন,O
,আই,O
,আসলে,O
,কি,O
,কইরতাম,O
Sentence: 1149,বাংলাদেশী,B-ROLE
,মাইয়াগা,I-ROLE
,হরিবার,O
,লই,O
,নিউজিল্যান্ড,B-LOC
,থায়,O
Sentence: 1150,হিয়ানেই,O
,ওকগা,O
,বাংলাদেশী,B-ROLE
,হোলার,I-ROLE
,লগে,O
,হরিচয়,O
,তারপর,O
,সম্পর্ক,O
Sentence: 1151,বিয়া,O
,কান,O
,হেই,O
,দেশেই,B-LOC
,কইরতে,O
,চাইছিলো,O
,মাইয়া,O
,কিন্তু,O
,হোলার,O
,ইচ্ছা,O
,বাংলাদেশে,B-LOC
,আই,O
,দুনোগা,O
,বিয়া,O
,কইরবো,O
Sentence: 1152,হোলা,O
,এক,O
,মাস,O
,আগে,O
,বাংলাদেশে,B-LOC
,আই,O
,এই,O
,ঈদে,O
,হেতাগো,O
,বিয়া,O
,অওনের,O
,কতা,O
Sentence: 1153,মাইয়া,O
,হেতির,O
,হরিবার,O
,লই,O
,ঈদের,O
,কয়েকদিন,O
,আগে,O
,দেশে,B-LOC
,আইওনের,O
,কতা,O
,আছিলো,O
Sentence: 1154,কিন্তু,O
,হোলা,O
,বাংলাদেশে,B-LOC
,আইওনের,O
,হর,O
,হেই,O
,মাইয়ার,O
,লগে,O
,যোগাযোগ,O
,বন্ধ,O
,করি,O
,দেয়,O
Sentence: 1155,মাইয়াগা,O
,বিভিন্নভাবে,O
,চেষ্টা,O
,করে,O
,হেতার,O
,লগে,O
,কোন,O
,ধরনের,O
,যোগাযোগ,O
,কইরতে,O
,হাইরতেছিলো,O
,না,O
Sentence: 1156,মাইয়াটা,O
,সপ্তাহখানেক,O
,আগে,O
,হেতির,O
,লগে,O
,ঘটি,O
,যাওয়া,O
,ঘটনা,O
,আঙ্গো,O
,লগে,O
,শেয়ার,O
,করে,O
Sentence: 1157,হোলা,O
,হিগারে,O
,খুঁজি,O
,বাইর,O
,করোনের,O
,ব্যাপারে,O
,আঙ্গো,O
,সাহায্য,O
,চায়,O
Sentence: 1158,মাইয়াগার,O
,ঘটনা,O
,হুনি,O
,আমরা,O
,ওনারে,O
,দেশে,B-LOC
,আইতে,O
,কই,O
Sentence: 1159,হেটি,O
,হেতির,O
,হরিবার,O
,ছাড়া,O
,ঈদের,O
,আগের,O
,দিন,O
,বাংলাদেশে,B-LOC
,আইয়ে,O
Sentence: 1160,হোলারে,O
,খুঁজি,O
,হাওনের,O
,মতন,O
,এলা,O
,হেতনের,O
,কাছে,O
,হোলার,O
,হাসপোর্ট,B-OBJ
,কপি,I-OBJ
,আছিলো,O
,এককান,O
Sentence: 1161,আমরা,O
,মাইয়াগারে,O
,লই,O
,হোলার,O
,বাসাত,O
,যাই,O
Sentence: 1162,বাসাত,O
,হোলা,O
,আছিলো,O
,আর,O
,হেতার,O
,হরিবারের,O
,বেক,O
,সদস্যরা,O
,আছিলো,O
Sentence: 1163,মাইয়াগারে,O
,ছাই,O
,হোলা,O
,ডরাই,O
,যায়,O
Sentence: 1164,হোলা,O
,বাংলাদেশে,B-LOC
,আই,O
,বিয়া,O
,ঠিক,O
,কইরছে,O
Sentence: 1165,এই,O
,শুক্কুরবারে,O
,হেতার,O
,বিয়া,O
,হেতার,O
,হরিবারের,O
,হছন্দ,O
,করি,O
,রাখছে,O
,মাইয়া,O
Sentence: 1166,মাইয়াগা,O
,হেতির,O
,লগে,O
,ঘটি,O
,যাওয়া,O
,ঘটনা,O
,বেগগিন,O
,হোলার,O
,হরিবাররে,O
,জানায়,O
Sentence: 1167,হোলার,O
,হরিবার,O
,তুন,O
,মাইয়ার,O
,হরিবার,O
,অনেক,O
,ভালা,O
Sentence: 1168,মাইয়াগা,O
,দেইখতে,O
,যথেষ্ট,O
,সুন্দরী,O
Sentence: 1169,হোলার,O
,মা,B-REL
,বাপ,B-REL
,বিয়াত,O
,রাজি,O
,অয়,O
Sentence: 1170,মাইয়ার,O
,হরিবারের,O
,লগে,O
,ফোনে,B-OBJ
,কতা,O
,কয়,O
Sentence: 1171,হেতারা,O
,দুইজনে,O
,আবার,O
,নিউজিল্যান্ড,B-LOC
,হিরি,O
,যাইবো,O
Sentence: 1172,আই,O
,বিবাহিত,O
Sentence: 1173,দুই,O
,বছর,O
,আগে,O
,নিজের,O
,হছন্দেই,O
,বিয়া,O
,কইরছিলাম,O
Sentence: 1174,আর,O
,বৌ,B-REL
,আর,O
,তুন,O
,বয়সে,O
,আট,O
,বছরের,O
,ছোড,O
Sentence: 1175,আর,O
,বৌ,B-REL
,দেখতেও,O
,সুন্দরী,O
Sentence: 1176,আই,O
,বেকার,O
Sentence: 1177,টুকটাক,O
,টিউশনি,O
,করি,O
,যদ্দুর,O
,কামাই,O
,অয়,O
,হেটা,O
,দি,O
,নিজের,O
,আতখরচই,O
,ঠিকমতন,O
,চলে,O
,না,O
Sentence: 1178,হেতির,O
,যাবতীয়,O
,খরচ,O
,হেতির,O
,বাপ,B-REL
,মা,B-REL
,ই,O
,বহন,O
,করে,O
Sentence: 1179,হেতি,O
,কোনোদিন,O
,আর,O
,কাছে,O
,আর,O
,সামর্থ্যের,O
,বারে,O
,কিছু,O
,চায়,O
,ন,O
Sentence: 1180,আঙ্গো,O
,মইধ্যে,O
,ভালোবাসার,O
,কোনো,O
,কমতি,O
,নাই,O
Sentence: 1181,আরে,O
,বেকসময়,O
,আগাই,O
,যানের,O
,অনুহেরোনা,O
,যোগায়,O
Sentence: 1182,ভালোবাসা,O
,থাইকলে,O
,বেগগিনই,O
,সুন্দর,O
Sentence: 1183,যেকোনো,O
,হরিস্থিতি,O
,মোকাবেলা,O
,করা,O
,সম্ভব,O
Sentence: 1184,আন্নেরাও,O
,আন্নেগো,O
,জীবনসঙ্গীরে,B-REL
,ভালাবাসেন,O
Sentence: 1185,হেতাগো,O
,চাওয়া,O
,না,O
,চাওয়ার,O
,গুরুত্ব,O
,দেন,O
Sentence: 1186,একে,O
,অপরকে,O
,হাশে,O
,থাই,O
,সাহস,O
,যোগান,O
Sentence: 1187,আমি,O
,দুই,O
,হাজার,O
,হোলোর,O
,তুন,O
,তাহুরা,B-PER
,রে,O
,ভালবাসি,O
Sentence: 1188,আইজগা,O
,আরে,O
,কয়,O
,আই,O
,বেলে,O
,হেতির,O
,যোগ্য,O
,ন,O
Sentence: 1189,আই,O
,বেলে,O
,বেইমান,O
Sentence: 1190,আই,O
,বেলে,O
,মরি,O
,গেলে,O
,হেতির,O
,ওকগা,O
,আফসোস,O
,থাইকবো,O
,শুধু,O
,আই,O
,নাকি,O
,হেতিরে,O
,বুঝিনো,O
,কখনো,O
Sentence: 1191,আই,O
,কইলাম,O
,চলো,O
,কাজী,B-ORG
,অফিসে,I-ORG
,যাই,O
,বিয়া,O
,করি,O
Sentence: 1192,আরে,O
,আল্লাহর,O
,কসম,O
,দি,O
,কই,O
,দিলো,O
,ইগিন,O
,হেতি,O
,হাইরতো,O
,ন,O
Sentence: 1193,আর,O
,হোন,O
,নম্বর,O
,ব্লক,O
,করি,O
,দেয়,O
Sentence: 1194,আর,O
,হরিবারের,O
,অর্থনৈতিক,O
,অবস্থা,O
,বর্তমানে,O
,খুব,O
,খারাপ,O
Sentence: 1195,আই,O
,টুকটাক,O
,অনলাইনে,O
,কাম,O
,করি,O
Sentence: 1196,আই,O
,অনেক,O
,বার,O
,হেতির,O
,কাছে,O
,ক্ষমা,O
,চাইছি,O
Sentence: 1197,অনেক,O
,কইছি,O
,যে,O
,এরুম,O
,আর,O
,ভুলেও,O
,অইতোনো,O
,কখনো,O
Sentence: 1198,হেতি,O
,রাগ,O
,করি,O
,আর,O
,লগে,O
,কতা,O
,কয়,O
,না,O
Sentence: 1199,কিন্তু,O
,হেতি,O
,হেতির,O
,মন,O
,মতোনই,O
Sentence: 1200,আই,O
,অসুস্থ,O
,আরে,O
,ওকগাবারও,O
,জিজ্ঞায়,O
,না,O
,আই,O
,কেরুম,O
,আছি,O
Sentence: 1201,গতকাইল,O
,রাইতে,O
,আরে,O
,কই,O
,দিলো,O
,আই,O
,বেলে,O
,বেইমান,O
Sentence: 1202,হেতির,O
,লাই,O
,হরিবার,O
,মাইনলে,O
,বিয়া,O
,অইবো,O
,না,O
,হলে,O
,হেতি,O
,হাইরতো,O
,ন,O
Sentence: 1203,আর,O
,হাত,O
,বছরের,O
,বেগগিন,O
,শেষ,O
Sentence: 1204,আঙ্গো,O
,তিন,O
,বছরের,O
,সংসারে,O
,হোলামাইয়া,B-REL
,অয়নো,O
Sentence: 1205,আই,O
,ওকগা,O
,সরকারি,O
,চাকরি,O
,করি,O
,কিন্তু,O
,হেতে,O
,কিছু,O
,করে,O
,না,O
Sentence: 1206,বাপের,B-REL
,টাকার,B-OBJ
,উপরে,O
,বই,O
,খায়,O
,নেশা,O
,করে,O
,হতিদিন,O
,ঝগড়া,O
,হেতের,O
,নিয়মিত,O
,কাজ,O
Sentence: 1207,আইজগা,O
,রাতে,O
,গাত,O
,আত,O
,তুইলেছে,O
Sentence: 1208,আর,O
,বড়,B-REL
,বোইনের,I-REL
,বিয়া,O
,অইছে,O
,তেরো,O
,বছর,O
Sentence: 1209,বিয়ার,O
,এক,O
,বছরের,O
,হরহরই,O
,হেতাগো,O
,মাইয়া,B-REL
,হয়,O
Sentence: 1210,কিন্তু,O
,কিছুদিন,O
,হরেই,O
,হেতাগোর,O
,মইধ্যে,O
,ঝামেলা,O
,শুরু,O
,অয়,O
Sentence: 1211,অনেকবার,O
,বেকে,O
,কতা,O
,কইছে,O
,বুঝাইতে,O
,চাইছে,O
,যে,O
,কি,O
,সমইস্যা,O
,কিন্তু,O
,কোনো,O
,সমাধান,O
,অয়নো,O
Sentence: 1212,আর,O
,বোনও,B-REL
,চাইতো,O
,না,O
,কোনো,O
,ছাড়াছাড়িতে,O
,যাইতে,O
Sentence: 1213,মাইয়ার,B-REL
,মুখের,O
,দিকে,O
,রেনি,O
,ঝগড়া,O
,করিই,O
,থাইকতো,O
Sentence: 1214,মাইয়ার,B-REL
,হড়ার,O
,খরচ,O
,দেয়না,O
,ঠিকমতন,O
Sentence: 1215,আর,O
,হরিবারের,O
,বেকেরে,O
,লই,O
,আজেবাজে,O
,কতা,O
,কয়,O
Sentence: 1216,হেতে,O
,বোইনের,B-REL
,গাত,O
,আত,O
,উডায়,O
,এই,O
,কতা,O
,বেকে,O
,জানে,O
Sentence: 1217,আমরা,O
,হেতেরে,O
,কইছি,O
,একলগে,O
,কতা,O
,কইতে,O
,কি,O
,সমইস্যা,O
Sentence: 1218,কিন্তু,O
,হেতে,O
,কইছে,O
,যা,O
,কউনের,O
,ডিভোর্স,B-OBJ
,লেটারে,I-OBJ
,কইবো,O
Sentence: 1219,অন,O
,আমরা,O
,কি,O
,কইরতাম,O
Sentence: 1220,এককান,O
,মা,B-REL
,মাইয়ার,B-REL
,সংসারে,O
,এইভাবেই,O
,কি,O
,অশান্তি,O
,কইরতে,O
,হারে,O
Sentence: 1221,আর,O
,ভাই,B-REL
,আঙ্গো,O
,হুরা,O
,হরিবার,O
,দেয়াশোনা,O
,করে,O
Sentence: 1222,আর,O
,বাপ,B-REL
,রাজি,O
,আছিলো,O
,না,O
,তবুও,O
,আই,O
,আর,O
,মা,B-REL
,জোর,O
,করি,O
,বিয়া,O
,করাই,O
Sentence: 1223,মাইয়ারে,O
,চাই,O
,ভাইয়ার,B-REL
,হছন্দ,O
,অইছিলো,O
Sentence: 1224,বিয়ার,O
,হথম,O
,তিন,O
,মাস,O
,ভালাই,O
,চইলছে,O
Sentence: 1225,আর,O
,ভাইয়ের,B-REL
,অবস্থা,O
,ওতো,O
,ভালা,O
,ন,O
Sentence: 1226,মাইয়ার,B-REL
,মা,B-REL
,ইগিন,O
,দেই,O
,ই,O
,বিয়া,O
,দিছে,O
Sentence: 1227,তারপর,O
,থেকেই,O
,মেয়ের,O
,আচরনে,O
,পরিবর্তন,O
,দেখা,O
,যায়,O
Sentence: 1228,আর,O
,মা,B-REL
,বেগগিন,O
,কাজ,O
,একা,O
,কইরছে,O
Sentence: 1229,মাইয়ার,B-REL
,মা,B-REL
,একদিনও,O
,আঙ্গো,O
,বাড়ীত,O
,আইয়ে,O
,ন,O
Sentence: 1230,আর,O
,মার,B-REL
,লগে,O
,ঝগড়া,O
,করে,O
,আর,O
,ভাইয়ের,B-REL
,বউ,I-REL
Sentence: 1231,এই,O
,দুনিয়াত,B-LOC
,মা,B-REL
,বাপ,B-REL
,ভাই,B-REL
,ছাড়া,O
,আর,O
,কেও,O
,নাই,O
Sentence: 1232,এই,O
,মাইয়া,O
,রীতিমতো,O
,আর,O
,ভাই,B-REL
,আর,O
,মারে,B-REL
,কষ্ট,O
,দিতাছে,O
Sentence: 1233,আর,O
,ভাই,B-REL
,মারে,B-REL
,ধরি,O
,খালি,O
,কাঁদে,O
Sentence: 1234,মা,B-REL
,কিল্লেই,O
,আই,O
,এই,O
,জাগাত,O
,গেলাম,O
Sentence: 1235,মাইয়ার,B-REL
,মা,B-REL
,আর,O
,মারে,B-REL
,কইছিলো,O
,যে,O
,আন্নেগো,O
,টিনের,B-OBJ
,ঘর,I-OBJ
,দেই,O
,বিয়া,O
,দিছি,O
Sentence: 1236,অন,O
,ইয়ানের,O
,সমাধান,O
,কোনাই,O
,হাইয়ুম,O
Sentence: 1237,আর,O
,স্বামী,B-REL
,হাসপাতাল,B-ORG
,আইছে,O
,আর,O
,বাপরে,B-REL
,দেইখতে,O
,ন,O
,আরে,O
,নিতো,O
Sentence: 1238,হাসপাতালে,B-ORG
,আই,O
,আরে,O
,কয়,O
,চলো,O
,বাসাত,O
,যাই,O
Sentence: 1239,কাইলগা,O
,আঙ্গো,O
,বাসাত,O
,মেহমান,O
,আইবো,O
Sentence: 1240,মানুষের,O
,বিবেকবুদ্ধি,O
,কতটা,O
,খারাপ,O
,অইতে,O
,হারে,O
Sentence: 1241,আর,O
,বাপ,B-REL
,অসুস্থ,O
,হাসপাতালে,B-ORG
,আর,O
,হেতে,O
,আইছে,O
,আরে,O
,নিতো,O
Sentence: 1242,আই,O
,হেতনরে,O
,কই,O
,দিছি,O
,আই,O
,আর,O
,তোমার,O
,লগে,O
,সংসার,O
,কইরতাম,O
,ন,O
Sentence: 1243,তোমার,O
,সংসারের,O
,হয়োজন,O
,মিটানোর,O
,লাই,O
,আর,O
,জন্ম,O
,অয়নো,O
Sentence: 1244,আর,O
,বাপের,B-REL
,হতি,O
,আর,O
,কিছু,O
,দায়িত্ববোধ,O
,আছে,O
Sentence: 1245,অনেক,O
,তোয়ার,O
,সংসারে,O
,দায়িত্ব,O
,হালন,O
,কইরছি,O
Sentence: 1246,অন,O
,আই,O
,আর,O
,বাপের,B-REL
,দায়িত্ব,O
,হালন,O
,কইরগুম,O
Sentence: 1247,আর,O
,স্বামী,B-REL
,আর,O
,কতা,O
,হুনি,O
,চেতি,O
,হাসপাতাল,B-ORG
,তুন,O
,বার,O
,অই,O
,গেছে,O
Sentence: 1248,আর,O
,এককানাও,O
,কষ্ট,O
,অইতেছে,O
,না,O
Sentence: 1249,দয়া,O
,করি,O
,হরিচয়,O
,গোপন,O
,রাইখবেন,O
Sentence: 1250,অনেক,O
,হরিচিত,O
,লোকজন,O
,আছেন,O
Sentence: 1251,আই,O
,জানি,O
,না,O
,কেন্নে,O
,শুরু,O
,কইরগুম,O
Sentence: 1252,কখনো,O
,ভাবিও,O
,ন,O
,আর,O
,ইয়ানো,O
,পোস্ট,O
,করি,O
,সাহায্য,O
,চাইতে,O
,অইবো,O
Sentence: 1253,আই,O
,নিজেই,O
,অনেক,O
,জনরে,O
,উপদেশ,O
,দিছি,O
Sentence: 1254,অন,O
,নিজেই,O
,আর,O
,হাইরতেছি,O
,না,O
Sentence: 1255,যেডাই,O
,হোক,O
,আসল,O
,কথাত,O
,আই,O
Sentence: 1256,আর,O
,বিয়া,O
,অইছে,O
,দেড়,O
,বছর,O
Sentence: 1257,বলি,O
,রান,O
,ভালা,O
,এইটা,O
,আর,O
,এবং,O
,আর,O
,স্বামীর,B-REL
,দুই,O
,জনেরই,O
,দ্বিতীয়,O
,সংসার,O
Sentence: 1258,আর,O
,বাপ,B-REL
,ভাই,B-REL
,বোন,B-REL
,কেউ,O
,নাই,O
Sentence: 1259,আর,O
,বিয়ার,O
,দুই,O
,মাসের,O
,মাথাত,O
,আব্বা,B-REL
,মরি,O
,গেছেন,O
Sentence: 1260,আর,O
,হুদা,O
,আম্মা,B-REL
,আছেন,O
Sentence: 1261,হথমে,O
,আর,O
,স্বামীর,B-REL
,কথাত,O
,আই,O
Sentence: 1262,আলহামদুলিল্লাহ,O
,হেতে,O
,খুব,O
,ভালা,O
,এককান,O
,মানুষ,O
Sentence: 1263,স্বামী,B-REL
,হিসাবে,O
,এককারি,O
,নিখুঁত,O
Sentence: 1264,হেতেরে,O
,লই,O
,আর,O
,অভিযোগ,O
,এর,O
,কোন,O
,জায়গা,O
,নাই,O
Sentence: 1265,সমস্যা,O
,টা,O
,অইতেছে,O
,কয়েক,O
,মাস,O
,আগে,O
,থেকে,O
,আর,O
,শাশুড়ী,B-REL
,মারে,I-REL
,লই,O
Sentence: 1266,আই,O
,খেয়াল,O
,কইরছি,O
,উনি,O
,আর,O
,ওনার,O
,হোলার,B-REL
,সম্পর্ক,O
,খুব,O
,খারাপ,O
Sentence: 1267,আর,O
,স্বামীর,B-REL
,ওকগা,O
,সমস্যা,O
,আছে,O
,ও,O
,একটু,O
,চিল্লাই,O
,কতা,O
,কয়,O
Sentence: 1268,আই,O
,দেখেছি,O
,বেক,O
,সময়,O
,এরুম,O
,কাম,O
,করেন,O
,যেডার,O
,লাই,O
,হেতোনের,O
,হোলা,B-REL
,অনেক,O
,রাগ,O
,করেন,O
Sentence: 1269,কিছু,O
,কইলে,O
,হেতনে,O
,হেইটা,O
,অন্যভাবে,O
,লই,O
,চিল্লাচিল্লি,O
,করেন,O
Sentence: 1270,হেতোনে,O
,যেইটা,O
,কইবো,O
,হেইটাই,O
,ঠিক,O
,আর,O
,হেইটাই,O
,কইরবো,O
Sentence: 1271,কারো,O
,কতা,O
,হেতনে,O
,হুনেন,O
,না,O
Sentence: 1272,হেতোনের,O
,কারো,O
,লগে,O
,ভালা,O
,সম্পর্ক,O
,নাই,O
Sentence: 1273,আর,O
,স্বামীর,B-REL
,বেগগিনে,O
,হেতন,O
,দোষ,O
,দেন,O
Sentence: 1274,বেকেরে,O
,কয়,O
,ইদানীং,O
,আর,O
,হোলা,B-REL
,বদলি,O
,গেছে,O
Sentence: 1275,গতকাইলগা,O
,ওকগা,O
,ছোট্ট,O
,বিষয়,O
,লই,O
,কইলেন,O
,বিয়ার,O
,হর,O
,হোলারা,O
,কিরুম,O
,বদলি,O
,যায়,O
Sentence: 1276,হেতাগো,O
,মা,B-REL
,হোলার,B-REL
,সম্পর্ক,O
,খারাপ,O
,এর,O
,হভাব,O
,আর,O
,উপর,O
,আইয়ে,O
Sentence: 1277,আই,O
,আর,O
,স্বামীর,B-REL
,লগে,O
,রাগ,O
,করি,O
,কেনো,O
,হেতাগো,O
,এরুম,O
,কতা,O
,কাডাকাডি,O
,অয়,O
Sentence: 1278,ও,O
,আরে,O
,কোন,O
,কামে,O
,সাহাইয্য,O
,করে,O
Sentence: 1279,কিছু,O
,কিনি,O
,দিতে,O
,চাইলে,O
,কোনানো,O
,ঘুরতে,O
,লই,O
,যাইতে,O
,চাইলে,O
,উনি,O
,সেইটা,O
,ভালোভাবে,O
,লন,O
,না,O
Sentence: 1280,হেতনের,O
,আমলের,O
,উদাহরণ,O
,দেন,O
,হেতনে,O
,কি,O
,কইরছেন,O
Sentence: 1281,আঙ্গো,O
,আর,O
,হেতাগো,O
,সময়,O
,তো,O
,এক,O
,ন,O
Sentence: 1282,আর,O
,বাসাত,O
,কেউ,O
,আইলে,O
,হেতনে,O
,বাসাত,O
,ঝগড়াঝাটি,O
,শুরু,O
,করি,O
,দেয়,O
Sentence: 1283,আর,O
,স্বামী,B-REL
,বাসাত,O
,কিছু,O
,আইনলে,O
,বেকের,O
,লাই,O
,লই,O
,আনে,O
Sentence: 1284,তার,O
,হরেও,O
,মার,B-REL
,অভিযোগ,O
,হেতনে,O
,কিছু,O
,আনে,O
,না,O
Sentence: 1285,কিন্তু,O
,আই,O
,নিজেই,O
,দেখছি,O
,হেতনে,O
,মারে,B-REL
,কত,O
,ভালোবাসে,O
Sentence: 1286,এইডা,O
,ওইডা,O
,কিনি,O
,দিতে,O
,চাইলে,O
,কয়,O
,টাকা,B-OBJ
,নষ্ট,O
,করিছ,O
,না,O
Sentence: 1287,আর,O
,মা,B-REL
,আইছে,O
,আর,O
,বাসাত,O
,ছ,O
,মাস,O
,হরে,O
Sentence: 1288,মার,B-REL
,সামনে,O
,হেতোনরা,O
,যা,O
,তা,O
,ঝগড়া,O
,করে,O
Sentence: 1289,ভালা,O
,ব্যবহার,O
,করে,O
,না,O
Sentence: 1290,একলগে,O
,বই,O
,খায়,O
,ও,O
,না,O
Sentence: 1291,মা,B-REL
,ইগিন,O
,দেই,O
,খুব,O
,কষ্ট,O
,হাইতেছেন,O
,যেহেতু,O
,আর,O
,বাপ,B-REL
,নাই,O
Sentence: 1292,আর,O
,স্বামী,B-REL
,ইগিন,O
,লই,O
,কিছু,O
,কইতে,O
,গেলে,O
,হেতোনে,O
,মনে,O
,করেন,O
,বউ,B-REL
,হোলার,B-REL
,অই,O
,গেছে,O
Sentence: 1293,হেতোনের,O
,আরুকগা,O
,হোলা,B-REL
,আছে,O
Sentence: 1294,হেতে,O
,চাকরি,O
,করে,O
,বিয়া,O
,বিয়া,O
,করে,O
,ন,O
Sentence: 1295,মার,B-REL
,কাছে,O
,ছোটো,B-REL
,হোলাই,I-REL
,বেগগিন,O
Sentence: 1296,হেতোনের,O
,ছোটো,B-REL
,হোলার,I-REL
,কোন,O
,দোষ,O
,নাই,O
Sentence: 1297,আই,O
,নিজে,O
,দেখছি,O
,হিগা,O
,কিরুম,O
,বাজে,O
,ব্যবহার,O
,করে,O
,মার,B-REL
,লগে,O
Sentence: 1298,সংসার,O
,এর,O
,বেগগিন,O
,খরচ,O
,আর,O
,জামাই,B-REL
,দেয়,O
Sentence: 1299,বেগগিন,O
,কাম,O
,আই,O
,করি,O
,হেতনে,O
,ওকগা,O
,কাম,O
,ও,O
,করেন,O
,না,O
,তাও,O
,আমরা,O
,খারাপ,O
Sentence: 1300,আর,O
,চাচা,B-REL
,হোড়,I-REL
,বেকে,O
,আলহামদুলিল্লাহ,O
,নিজেগো,O
,বাড়ি,O
,গাড়ি,B-OBJ
,করি,O
,হালাইছেন,O
Sentence: 1301,হেতোনে,O
,নামাজ,O
,কালাম,O
,ও,O
,ঠিক,O
,করি,O
,হড়েন,O
,না,O
Sentence: 1302,আই,O
,অন,O
,ইগিন,O
,মানি,O
,লইতে,O
,হাইরতেছি,O
,না,O
Sentence: 1303,আই,O
,চাইতেছি,O
,আলাদা,O
,বাসায়,O
,চলি,O
,যাইয়ুম,O
,আমরা,O
Sentence: 1304,এইডা,O
,কি,O
,ঠিক,O
,সিদ্ধান্ত,O
,অইবো,O
,আঙ্গো,O
,লাই,O
Sentence: 1305,আর,O
,বিয়া,O
,অইছে,O
,চাইর,O
,বছর,O
Sentence: 1306,আর,O
,মা,B-REL
,মরি,O
,গেছে,O
,আট,O
,মাস,O
,আগে,O
Sentence: 1307,আই,O
,আর,O
,বাপ,B-REL
,মার,B-REL
,একমাত্র,O
,সন্তান,B-REL
Sentence: 1308,মা,B-REL
,মরি,O
,যাওনের,O
,হর,O
,বাপে,B-REL
,খুব,O
,একলা,O
,অই,O
,গেছে,O
Sentence: 1309,হেতনরে,O
,দেনের,O
,মতন,O
,হেরুম,O
,কেউ,O
,নাই,O
Sentence: 1310,আই,O
,আর,O
,সাধ্য,O
,অনুযায়ী,O
,চেষ্টা,O
,করি,O
,বাপের,B-REL
,খোঁজ,O
,খবর,O
,নিতে,O
Sentence: 1311,আমার,O
,হোড়বাড়ির,O
,লোকজন,O
,ইয়ান,O
,এক্কেরেই,O
,হছন্দ,O
,করে,O
,না,O
Sentence: 1312,বাপের,B-REL
,খোঁজখবর,O
,লনের,O
,চেষ্টা,O
,করি,O
,বেক,O
,সময়,O
Sentence: 1313,আর,O
,স্বামী,B-REL
,আর,O
,হেতার,O
,বাড়ির,O
,লোকজন,O
,কোনভাবেই,O
,রাজি,O
,ন,O
Sentence: 1314,ওকগা,O
,মাইয়ার,O
,বিয়া,O
,অই,O
,যানের,O
,হর,O
,হেতির,O
,হরিবারের,O
,হতি,O
,হেতির,O
,কি,O
,কোন,O
,দায়িত্ব,O
,থাইকতো,O
,হারে,O
,না,O
Sentence: 1315,ওকগা,O
,হোলা,O
,যেরুম,O
,হেতার,O
,বাপ,B-REL
,মার,B-REL
,দায়িত্ব,O
,হালন,O
,করে,O
Sentence: 1316,ওকগা,O
,মাইয়া,B-REL
,যদি,O
,হেতির,O
,বাপের,B-REL
,দায়িত্ব,O
,হালন,O
,করে,O
,হেডার,O
,বেলায়,O
,সমস্যাটা,O
,কোনাই,O
,আই,O
,জানিনা,O
Sentence: 1317,ঈদ,O
,গেছে,O
,দুইদিন,O
,হার,O
,অই,O
,গেছে,O
Sentence: 1318,আই,O
,আর,O
,বাপের,O
,বাসাত,O
,যানের,O
,অনুমতি,O
,হাইতেছি,O
,না,O
Sentence: 1319,হেতাগোর,O
,অনুমতির,O
,অপেক্ষা,O
,কইরতে,O
,অইতেছে,O
Sentence: 1320,আমরা,O
,বেকে,O
,ঢাকায়,B-LOC
,থাই,O
Sentence: 1321,আঙ্গো,O
,হুরা,O
,বাড়ি,O
,জুড়ি,O
,বাপ,B-REL
,একলা,O
,দুই,O
,তিনজন,O
,কামের,B-ROLE
,লোক,I-ROLE
,আছে,O
,লগে,O
Sentence: 1322,বাবা,B-REL
,খুব,O
,করে,O
,চাইতেছিলো,O
,যেন,O
,আই,O
,বাসাত,O
,যাই,O
Sentence: 1323,আইজ,O
,রাইতে,O
,আব্বা,B-REL
,হঠাৎ,O
,করি,O
,অসুস্থ,O
,অই,O
,হইড়ছে,O
,খবর,O
,হুনি,O
,হাসপাতালে,B-ORG
,আইলাম,O
Sentence: 1324,রাতের,O
,বেলা,O
,হাসপাতালে,B-ORG
,আইতে,O
,চাইলাম,O
,হিয়ানেও,O
,বাধা,O
Sentence: 1325,বেক,O
,বাধারে,O
,হিছনে,O
,হালাই,O
,আই,O
,একলাই,O
,হাসপাতালে,B-ORG
,আইছি,O
Sentence: 1326,আর,O
,স্বামী,B-REL
,আর,O
,লগে,O
,আইয়ে,O
,ন,O
Sentence: 1327,হেতাগো,O
,কতাবার্তা,O
,হুনি,O
,মনে,O
,অইছিলো,O
,আরে,O
,বিয়া,O
,কইরছে,O
,মানে,O
,আরে,O
,কিনি,O
,নিছে,O
Sentence: 1328,আব্বারে,B-REL
,হাসপাতালে,B-ORG
,দেই,O
,খুব,O
,খারাপ,O
,লাগছে,O
Sentence: 1329,আর,O
,মনে,O
,অইতেছে,O
,ভুল,O
,মানুষের,O
,লগে,O
,সংসার,O
,শুরু,O
,কইরছি,O
Sentence: 1330,নিজের,O
,হছন্দে,O
,বিয়া,O
,করাটা,O
,উচিত,O
,অয়নো,O
Sentence: 1331,আমি,O
,অন,O
,তুন,O
,সিদ্ধান্ত,O
,নিছি,O
,আর,O
,কারো,O
,কথা,O
,আই,O
,হুইনতান,O
,ন,O
Sentence: 1332,যতদিন,O
,ইচ্ছা,O
,বাপের,O
,বাসাত,O
,থাইককুম,O
,বাপের,B-REL
,সেবা,O
,যত্ন,O
,কইরগুম,O
Sentence: 1333,এডাতে,O
,যদি,O
,আর,O
,স্বামীর,B-REL
,খুব,O
,বেশি,O
,সমইস্যা,O
,অয়,O
Sentence: 1334,তাহলে,O
,হেতার,O
,তুন,O
,আলাদা,O
,অই,O
,যাইয়ুম,O
Sentence: 1335,আর,O
,সিদ্ধান্ত,O
,ভুল,O
,না,O
,সঠিক,O
,হেডা,O
,জানিনা,O
Sentence: 1336,আর,O
,সম্পর্কের,O
,চাইর,O
,বছর,O
,অইতে,O
,চললো,O
Sentence: 1337,হোলা,B-REL
,আর,O
,কেউ,O
,ন,O
,আরই,O
,খালতো,B-REL
,ভাই,I-REL
Sentence: 1338,হেতোনে,O
,দেশের,B-LOC
,বাইরে,O
,থাই,O
,খুব,O
,ঘন,O
,ঘন,O
,আসা,O
,যাওয়া,O
,কইরত,O
Sentence: 1339,তাই,O
,সম্পর্কটা,O
,বেশ,O
,ভালাই,O
,আছিলো,O
Sentence: 1340,হেতোনে,O
,দেশে,B-LOC
,আইলে,O
,আরে,O
,এয়ারর্পোটে,B-LOC
,যান,O
,লাইগতো,O
Sentence: 1341,এরহর,O
,হেতোনে,O
,আরেককান,O
,ফ্লাইটে,O
,করি,O
,বাসাত,O
,যাইত,O
Sentence: 1342,আর,O
,লগে,O
,হিগা,O
,আগে,O
,দেয়া,O
,কইরত,O
Sentence: 1343,হেতোনে,O
,এলা,O
,আর,O
,লগে,O
,দেয়া,O
,করার,O
,লাই,O
,দেশে,B-LOC
,আইছে,O
Sentence: 1344,হেতে,O
,হেতার,O
,বাসাতও,O
,যায়নো,O
Sentence: 1345,হেতোনের,O
,কাম,O
,বাদে,O
,যেদ্দুর,O
,সময়,O
,থাইকতো,O
,আর,O
,লগে,O
,কতা,O
,কইতো,O
Sentence: 1346,আই,O
,হেতোনের,O
,লগে,O
,সারারাত,O
,জাগি,O
,ফোনে,B-OBJ
,কতা,O
,কইতাম,O
Sentence: 1347,ডিসেম্বর,O
,মাসে,O
,হেতে,O
,হেতের,O
,হরিবাররে,O
,জানায়,O
,আর,O
,কতা,O
Sentence: 1348,হেতার,O
,হরিবার,O
,কোনোমতেই,O
,এই,O
,বিয়াত,O
,রাজি,O
,ন,O
Sentence: 1349,এরহর,O
,হে,O
,আর,O
,লগে,O
,যোগাযোগ,O
,রায়নো,O
Sentence: 1350,এইডাই,O
,আর,O
,লগে,O
,হেতার,O
,শেষ,O
,কতা,O
Sentence: 1351,আরে,O
,ব্লক,O
,করি,O
,দেয়,O
,বেক,O
,জায়গার,O
,তুন,O
Sentence: 1352,আই,O
,নিজে,O
,অনেক,O
,অসুস্থ,O
Sentence: 1353,আই,O
,বিগত,O
,ছ,O
,মাস,O
,রাইতে,O
,ঘুমাইতে,O
,হারি,O
,না,O
Sentence: 1354,আই,O
,বেশ,O
,কিছুদিন,O
,আগেই,O
,জাইনতে,O
,হারি,O
,আর,O
,বড়,B-REL
,বোন,I-REL
,হরোকিয়ায়,O
,লিপ্ত,O
Sentence: 1355,হেতির,O
,অফিসের,B-ORG
,বিবাহিত,O
,এক,O
,বেডার,O
,লগে,O
Sentence: 1356,আর,O
,বোন,B-REL
,অবিবাহিত,O
Sentence: 1357,আর,O
,বোনের,B-REL
,কাম,O
,কতা,O
,অনেক,O
,দিন,O
,ধরি,O
,সন্দেহজনক,O
,মনে,O
,অওনে,O
,আই,O
,হেতিরে,O
,নজরে,O
,রাইখছিলাম,O
Sentence: 1358,আই,O
,বিশ্বাস,O
,কইরতে,O
,হাইরতেছিলাম,O
,না,O
,আর,O
,বোন,B-REL
,এই,O
,কাম,O
,কইরবো,O
Sentence: 1359,হেতোনে,O
,নানান,O
,বাহানায়,O
,বাসাত,O
,একলা,O
,থাইকতে,O
,চাইতো,O
Sentence: 1360,বাসাত,O
,আই,O
,ছাড়া,O
,কেও,O
,কিছু,O
,জানে,O
,না,O
Sentence: 1361,আর,O
,বাবা,B-REL
,বাঁচি,O
,নাই,O
Sentence: 1362,সমাজে,O
,বেকে,O
,আঙ্গো,O
,রে,O
,অনেক,O
,সম্মান,O
,দি,O
,চলে,O
Sentence: 1363,আর,O
,বোন,B-REL
,কিল্লেই,O
,এই,O
,হথে,O
,হা,O
,বাড়াইলো,O
,জানাজানি,O
,অইলে,O
,কেন্নে,O
,মুখ,O
,দেয়াইয়ুম,O
,হেই,O
,চিন্তায়,O
,ঘুমাইতে,O
,হাইরতেছি,O
,না,O
Sentence: 1364,বাসাত,O
,কারে,O
,জানামু,O
,কেমনে,O
,জানামু,O
,বুইঝতেছিনা,O
Sentence: 1365,আই,O
,আর,O
,বোনের,B-REL
,তুন,O
,অনেক,O
,বছরের,O
,ছোডো,O
Sentence: 1366,আর,O
,বোনরে,B-REL
,কেন্নে,O
,এই,O
,হথ,O
,তুন,O
,হরাই,O
,আইনগুম,O
,কিছুই,O
,বুইঝতে,O
,হাইরতেছি,O
,না,O
Sentence: 1367,বাসাত,O
,ডরে,O
,কইতে,O
,হাইরতেছি,O
,না,O
Sentence: 1368,যদি,O
,আই,O
,জানি,O
,গেছি,O
,হুনি,O
,আর,O
,ক্ষতি,O
,করনের,O
,চেষ্টা,O
,করে,O
Sentence: 1369,ঐ,O
,লোক,O
,যদি,O
,আর,O
,বোইনের,B-REL
,কোনো,O
,ক্ষতি,O
,করে,O
Sentence: 1370,কি,O
,করা,O
,উচিত,O
,এরুম,O
,হরিস্থিতিতে,O
Sentence: 1371,আর,O
,মনে,O
,অইতেছে,O
,আই,O
,জানি,O
,গেছি,O
,হুইনলে,O
,হিগুন,O
,আরে,O
,খুন,O
,কইরতেও,O
,দুইবার,O
,ভাইবতো,O
,ন,O
Sentence: 1372,এতো,O
,এতো,O
,সংসারের,O
,ঝামেলা,O
,দেই,O
,হোস্ট,O
,করা,O
Sentence: 1373,সন্ধ্যায়,O
,আর,O
,মা,B-ROLE
,আই,O
,আরে,O
,বিচার,O
,দিছে,O
,আর,O
,বাপের,B-ROLE
,লগে,O
,ঝগড়া,O
,অইছে,O
,আবার,O
Sentence: 1374,আগে,O
,হরের,O
,হিসাব,O
,বাদ,O
,আইজগা,O
,ঝগড়ার,O
,বিষয়,O
,আব্বু,B-REL
,বিদেশ,B-LOC
,থায়,O
Sentence: 1375,হেতনে,O
,হারাদিন,O
,কত,O
,কষ্ট,O
,করি,O
,কাম,O
,করে,O
Sentence: 1376,ওকগা,O
,বেলা,O
,খাওনের,O
,সময়,O
,হায়না,O
,ইগিন,O
,মারে,B-REL
,কইছে,O
Sentence: 1377,আম্মা,B-REL
,তন,O
,উলটে,O
,কইছে,O
,আই,O
,ও,O
,হারাদিন,O
,অনেক,O
,কাম,O
,করি,O
Sentence: 1378,গত,O
,কাল,O
,না,O
,খাই,O
,রোজা,O
,আছিলাম,O
Sentence: 1379,এটা,O
,হুনি,O
,আব্বা,B-REL
,রাগি,O
,ফোন,O
,কাডি,O
,দিছে,O
Sentence: 1380,আই,O
,আম্মা,B-REL
,রে,O
,কইলাম,O
,আব্বা,B-REL
,হুইনতে,O
,চাইছে,O
,কদ্দুর,O
,সান্ত্বনা,O
Sentence: 1381,আইও,O
,বুঝি,O
,তুমি,O
,অনেক,O
,কষ্ট,O
,করো,O
Sentence: 1382,মার,B-REL
,কতা,O
,কদিন,O
,আগে,O
,আই,O
,হেতনরে,O
,ওকগা,O
,কষ্টের,O
,কথা,O
,কইছি,O
Sentence: 1383,হেতনে,O
,আর,O
,লগে,O
,কি,O
,কইরলো,O
,আরে,O
,ও,O
,হেটাই,O
,কইরতে,O
,হবে,O
Sentence: 1384,এরুম,O
,মনোভাব,O
,লই,O
,সংসারে,O
,কোনোদিন,O
,সুখ,O
,আইয়ে,O
,না,O
Sentence: 1385,আর,O
,মার,B-REL
,কাছে,O
,আর,O
,জামাই,B-REL
,খুব,O
,ভালা,O
Sentence: 1386,এক,O
,কতায়,O
,সোনার,O
,টুকরা,O
,স্বামী,B-REL
,আর,O
Sentence: 1387,আরে,O
,বোঝে,O
,আর,O
,বেক,O
,কতা,O
,হুনে,O
Sentence: 1388,আর,O
,অই,O
,হতিবাদ,O
,করে,O
,আরো,O
,কত,O
,গুন,O
Sentence: 1389,আই,O
,হেতারে,O
,ইগিন,O
,শিখাইছি,O
Sentence: 1390,আই,O
,রাগি,O
,থাইকলেও,O
,হে,O
,বুইঝতো,O
,না,O
Sentence: 1391,আই,O
,হাশে,O
,বইয়াই,O
,কইছি,O
,যে,O
,এই,O
,কামের,O
,লাই,O
,আর,O
,খারাপ,O
,লাগছে,O
Sentence: 1392,অন,O
,তুমি,O
,আর,O
,কাছে,O
,মাফ,O
,চাও,O
Sentence: 1393,আই,O
,হেরে,O
,কোনোদিন,O
,হেতার,O
,কোনো,O
,কাম,O
,লই,O
,খোডা,O
,দি,O
,ন,O
Sentence: 1394,আই,O
,ওকগা,O
,কষ্টের,O
,কতা,O
,কইলে,O
,হে,O
,নিজের,O
,কষ্টের,O
,কতা,O
,কয়,O
Sentence: 1395,আই,O
,আর,O
,বিষয়,O
,সাইডে,O
,রাই,O
,হেতারে,O
,সান্ত্বনা,O
,দিছি,O
Sentence: 1396,হে,O
,যেন্নে,O
,আরে,O
,আশা,O
,কইরছে,O
,আই,O
,নিজেরে,O
,হেন্নে,O
,উপস্থাপন,O
,কইরছি,O
Sentence: 1397,আর,O
,কোনদিন,O
,মনে,O
,অয়,O
,ন,O
,আই,O
,কিল্লেই,O
,ছোডো,O
,অইয়ুম,O
Sentence: 1398,হে,O
,আর,O
,লগে,O
,এইডা,O
,কইরছে,O
,আইও,O
,হেতার,O
,লগে,O
,এইডা,O
,কইরগুম,O
Sentence: 1399,হে,O
,বোঝে,O
,না,O
,আর,O
,ঠেয়া,O
,নাই,O
,বুঝানের,O
Sentence: 1400,মানুষ,O
,যেতার,O
,যেতার,O
,নিজের,O
,মতন,O
Sentence: 1401,আই,O
,বিশ্বাস,O
,করি,O
,কাউরে,O
,যদি,O
,আই,O
,নিজের,O
,মতন,O
,চাই,O
,তাইলে,O
,নিজের,O
,মতন,O
,বানাই,O
,লইতে,O
,অইবো,O
Sentence: 1402,কাউরে,O
,নিজের,O
,মতন,O
,বানানের,O
,লাই,O
,আগে,O
,আরে,O
,হেতার,O
,মতন,O
,অইতে,O
,অইবো,O
Sentence: 1403,এডা,O
,জরুরি,O
,ন,O
,বেক,O
,সময়,O
,বেগগিন,O
,অপর,O
,জন,O
,কইরবো,O
Sentence: 1404,আন্নে,O
,নিজে,O
,কিছু,O
,এককান,O
,করেন,O
Sentence: 1405,আর,O
,স্বামী,B-REL
,হর,O
,হর,O
,তিন,O
,বছর,O
,আর,O
,জন্মদিন,O
,মনে,O
,রায়,O
,ন,O
Sentence: 1406,আই,O
,হর,O
,হর,O
,তিন,O
,বছর,O
,হেতন,O
,রে,O
,সারপ্রাইজ,O
,দিছি,O
,জন্মদিনে,O
Sentence: 1407,আই,O
,কিন্তু,O
,এডা,O
,ভাবি,O
,ন,O
,যে,O
,হেতনে,O
,তো,O
,মনে,O
,রায়,O
,ন,O
,আই,O
,কিল্লেই,O
,কইরতাম,O
,যাইয়ুম,O
Sentence: 1408,আর,O
,এবছর,O
,হেতে,O
,বিশাল,O
,করি,O
,সারপ্রাইজ,O
,দিছে,O
,আরে,O
Sentence: 1409,কেক,B-FOOD
,এর,O
,উপর,O
,লেয়া,O
,আছিলো,O
,শুভ,O
,জন্মদিন,O
,আর,O
,বউ,B-REL
Sentence: 1410,সময়,O
,লাইগছে,O
,কিন্তু,O
,আই,O
,যেইডা,O
,হেতার,O
,তুন,O
,চাই,O
,হেইডা,O
,কিন্তু,O
,ঠিক,O
,ই,O
,বার,O
,করি,O
,আইনছি,O
Sentence: 1411,কাউরে,O
,তোমার,O
,কতে,O
,হুনাইতে,O
,অইলে,O
,আগে,O
,তুমি,O
,হেতার,O
,কতা,O
,হুনো,O
Sentence: 1412,আমরা,O
,তিন,O
,ভাই,B-REL
,বোন,B-REL
,আই,O
,বেকের,O
,বড়,O
Sentence: 1413,আমার,O
,মা,B-REL
,ভাই,B-REL
,বোন,B-REL
,বরিশালে,B-LOC
,থায়,O
Sentence: 1414,আই,O
,সিলেট,B-LOC
,থাই,O
Sentence: 1415,ঢাকায়,B-LOC
,আইছি,O
,এসএসসি,O
,হরীক্ষা,O
,দিতো,O
Sentence: 1416,ছোডো,B-REL
,খালার,I-REL
,বাসাত,O
,হেতির,O
,বাসাত,O
,থাই,O
,হড়ালেয়া,O
,করি,O
,এইচএসসি,O
,হরীক্ষা,O
,দিছি,O
Sentence: 1417,আর,O
,খালার,B-REL
,বাসাত,O
,হেরা,O
,কি,O
,ঠিক,O
,অইবো,O
Sentence: 1418,আম্মা,B-REL
,খালা,B-REL
,লেয়াহড়ার,O
,লাই,O
,ঢাকায়,B-LOC
,হিরতে,O
,কইবো,O
,আই,O
,যাইতে,O
,হাইরতান,O
,ন,O
Sentence: 1419,ঐ,O
,বেডার,O
,সামনে,O
,আই,O
,খাড়াইতে,O
,হাইরতান,O
,ন,O
Sentence: 1420,আর,O
,মতন,O
,এত,O
,ভুল,O
,মনে,O
,অয়,O
,কেউ,O
,করে,O
,না,O
Sentence: 1421,আই,O
,তো,O
,সত্যি,O
,ভাবি,O
,ভুলে,O
,জড়াই,O
,হইরতাম,O
Sentence: 1422,আই,O
,কেন্নে,O
,বুইঝতাম,O
,যে,O
,মানুষগুন,O
,সঠিক,O
,ন,O
Sentence: 1423,আর,O
,হথম,O
,ভালোবাসার,O
,মানুষটা,O
,আছিলো,O
,ভুল,O
Sentence: 1424,হেতে,O
,হুরা,O
,ছ,O
,বছর,O
,ঠকাইছে,O
,আরে,O
Sentence: 1425,হতিবার,O
,আশা,O
,কইরতাম,O
,যে,O
,ভালা,O
,অই,O
,গেছে,O
Sentence: 1426,শেষ,O
,বার,O
,যে,O
,মাইয়ার,O
,লাই,O
,আরে,O
,ছাড়ি,O
,গেছিলো,O
,হুইনছি,O
,হেতি,O
,বেলে,O
,অনেক,O
,সুন্দর,O
Sentence: 1427,দুনিয়া,B-LOC
,তে,O
,আসলে,O
,চেহারার,O
,সুন্দর,O
,ই,O
,বেক,O
,কিছু,O
Sentence: 1428,আর,O
,মনকান,O
,কেউ,O
,বুইঝলো,O
,না,O
Sentence: 1429,হেডার,O
,হর,O
,আই,O
,আবার,O
,ভুল,O
,কইরছিলাম,O
Sentence: 1430,কোনো,O
,এক,O
,ভাবে,O
,আঙ্গো,O
,কতা,O
,শুরু,O
,অয়,O
Sentence: 1431,ধীরে,O
,ধীরে,O
,দুর্বল,O
,অই,O
,হইরলাম,O
,হেতের,O
,হতি,O
Sentence: 1432,হেতেও,O
,আর,O
,হতি,O
,দুর্বল,O
,অই,O
,গেছিলো,O
Sentence: 1433,এককান,O
,সময়,O
,হর,O
,বুইঝলাম,O
,যে,O
,আমরা,O
,একে,O
,অপররে,O
,চাই,O
Sentence: 1434,হথম,O
,দিকে,O
,আই,O
,খারাপ,O
,ব্যাবহার,O
,কইরতাম,O
Sentence: 1435,হথমবার,O
,ঠকার,O
,হর,O
,এককান,O
,ভয়,O
,ঢুকি,O
,গেছিলো,O
,ভিতরে,O
Sentence: 1436,হেতারে,O
,আই,O
,কই,O
,নিছিলাম,O
,যে,O
,আর,O
,তোয়ারে,O
,বিশ্বাস,O
,কইরতে,O
,সময়,O
,লাইগবো,O
Sentence: 1437,হেতে,O
,কইছিলো,O
,সমইস্যা,O
,নাই,O
Sentence: 1438,আই,O
,তোমার,O
,হাশে,O
,আছি,O
Sentence: 1439,তোমার,O
,বেক,O
,কতা,O
,মানি,O
,নিয়ুম,O
Sentence: 1440,মাঝে,O
,মাঝে,O
,ঝগড়া,O
,অইতো,O
,কিন্তু,O
,হেইদিনই,O
,বেগগিন,O
,ঠিক,O
,অই,O
,যাইতো,O
Sentence: 1441,হে,O
,আর,O
,ছোডো,O
,ছোডো,O
,হছন্দের,O
,জিনিসও,O
,খেয়াল,O
,রাইকতো,O
Sentence: 1442,দ্বিতীয়,O
,জনরে,O
,হাই,O
,নিজেরে,O
,খুব,O
,ভাগ্যবতী,O
,মনে,O
,অইতো,O
Sentence: 1443,আর,O
,লগে,O
,বাজে,O
,ব্যবহার,O
,কইরতে,O
,থাইকলো,O
Sentence: 1444,ততোদিনে,O
,আই,O
,হেতার,O
,হতি,O
,অনেকটাই,O
,দুর্বল,O
,অই,O
,গেছি,O
Sentence: 1445,হে,O
,আরে,O
,ঝগড়া,O
,অইলেই,O
,বেক,O
,সময়,O
,অপমান,O
,করে,O
Sentence: 1446,হরিবার,O
,তুলি,O
,গালি,O
,দে,O
Sentence: 1447,আই,O
,দ্বিতীয়,O
,বার,O
,ভালোবাসিও,O
,ঠকি,O
,গেছি,O
Sentence: 1448,তবে,O
,আই,O
,হেতারে,O
,অনো,O
,ভালোবাসি,O
Sentence: 1449,হেতার,O
,দেয়া,O
,কতাগিন,O
,মাঝে,O
,মাঝে,O
,মনে,O
,হইড়লে,O
,অনেক,O
,হাসি,O
,আইয়ে,O
Sentence: 1450,হেতার,O
,কি,O
,এককানা,O
,ও,O
,মনে,O
,হড়ে,O
,না,O
,আগের,O
,দিনের,O
,কতা,O
Sentence: 1451,হে,O
,কেন্নে,O
,হাইরলো,O
,এতো,O
,স্বপ্ন,O
,দেয়ানোর,O
,হরে,O
,আরে,O
,ঠকাইতে,O
Sentence: 1452,অন,O
,নিজেরেই,O
,আর,O
,বিশ্বাস,O
,কইরতে,O
,হারি,O
,না,O
Sentence: 1453,কি,O
,আছিলাম,O
,আর,O
,কি,O
,অইলাম,O
Sentence: 1454,আর,O
,বিয়ার,O
,বয়স,O
,বাইশ,O
,মাস,O
Sentence: 1455,আর,O
,আশটে,O
,মাসের,O
,ওকগা,O
,হোলা,B-REL
,বাবু,I-REL
,আছে,O
Sentence: 1456,এই,O
,করোনায়,O
,অনার্স,O
,হাইনাল,O
,ইয়ারে,O
,থাকাকালীন,O
,বিয়া,O
,অই,O
,যায়,O
,আর,O
Sentence: 1457,আই,O
,গনিতে,O
,অনার্স,O
,কইরতেছিলাম,O
Sentence: 1458,এম্মির,O
,দিকে,O
,যার,O
,লগে,O
,বিয়া,O
,হয়,O
,হে,O
,অশিক্ষিত,O
Sentence: 1459,হে,O
,স্কুলেই,B-ORG
,যায়নো,O
,কোনোদিন,O
Sentence: 1460,বিয়ার,O
,সময়,O
,কইছিলো,O
,হোলা,O
,শিক্ষিত,O
,ঢাকাত,B-LOC
,চাকরি,O
,করে,O
Sentence: 1461,আর,O
,বর,B-REL
,ছোডোবেলায়,O
,হেতার,O
,মা,B-REL
,হারায়,O
Sentence: 1462,বিয়ার,O
,সময়,O
,কইছিলো,O
,বরের,O
,বাড়ি,O
,আছে,O
Sentence: 1463,ইগিন,O
,লই,O
,আই,O
,সমস্যা,O
,করি,O
,ন,O
Sentence: 1464,বোনরে,B-REL
,বাসাত,O
,হাডাই,O
,দিছি,O
Sentence: 1465,আই,O
,এক,O
,কাপড়ে,B-OBJ
,বাসার,O
,তুন,O
,বার,O
,অই,O
,আইছি,O
Sentence: 1466,কাইলগা,O
,ঘটনাকান,O
,হোনার,O
,হর,O
,তুন,O
,আর,O
,দম,O
,বন্ধ,O
,লাগছিলো,O
Sentence: 1467,আর,O
,স্বামী,B-REL
,বাসাত,O
,আইলেই,O
,আর,O
,কোলে,O
,মাতা,O
,রায়,O
Sentence: 1468,আই,O
,ওকগা,O
,মাইয়া,O
,বয়স,O
,তেইশ,O
,বছর,O
Sentence: 1469,আর,O
,বিয়া,O
,অইছে,O
,এক,O
,মাস,O
Sentence: 1470,আর,O
,স্বামী,B-REL
,ভালা,O
,অনেক,O
Sentence: 1471,আই,O
,কিছুই,O
,জাইনতাম,O
,না,O
Sentence: 1472,কি,O
,অইবো,O
,হেতার,O
,লাই,O
,কাঁদি,O
Sentence: 1473,হেতে,O
,তো,O
,বুইঝতো,O
,ন,O
Sentence: 1474,তুমি,O
,বেক্কলের,O
,মতন,O
,হেতেরে,O
,লই,O
,ভাবি,O
,বই,O
,থাকবি,O
,কিল্লেই,O
Sentence: 1475,আর,O
,ইচ্ছা,O
,আই,O
,ভাইবগুম,O
Sentence: 1476,আই,O
,তো,O
,বেক্কল,O
,ই,O
Sentence: 1477,আই,O
,কি,O
,বেক্কল,O
Sentence: 1478,তুমি,O
,অনেক,O
,চালাক,O
Sentence: 1479,আই,O
,বার,O
,বার,O
,ভালোবাসি,O
,ঠকি,O
,গেছি,O
Sentence: 1480,ভালোবাসা,O
,অনেক,O
,কষ্টের,O
Sentence: 1481,তোয়ার,O
,এক,O
,হোটা,O
,আসি,O
,দেনের,O
,লাই,O
,বই,O
,রইছি,O
Sentence: 1482,এককানা,O
,আগেই,O
,ঝাড়ু,B-OBJ
,দেয়া,O
,অইছে,O
Sentence: 1483,হানি,O
,দি,O
,মুছি,O
,দেন,O
,অইছে,O
Sentence: 1484,শিক্ষার্থী,B-ROLE
,নতুন,O
,ভর্তি,O
,অইছে,O
Sentence: 1485,এলাকাত,B-LOC
,আগুন,O
,লাইগছে,O
Sentence: 1486,আর,O
,নানা,B-REL
,অসুস্থ,O
Sentence: 1487,অনেক,O
,শিক্ষার্থী,B-ROLE
,নতুন,O
,ভর্তি,O
,অইছে,O
Sentence: 1488,রোগীরে,O
,হাসপাতালে,B-ORG
,থাইকতে,O
,অইবো,O
Sentence: 1489,নানারে,B-REL
,চাইতে,O
,গেছিলাম,O
Sentence: 1490,আই,O
,আগে,O
,দেইনো,O
Sentence: 1491,নানা,B-REL
,আরে,O
,দেই,O
,খুব,O
,খুশি,O
,অইছে,O
Sentence: 1492,হেইডা,O
,একধরনের,O
,যোগাযোগ,O
Sentence: 1493,আই,O
,গতকাল,O
,স্কুলে,B-ORG
,আইনো,O
Sentence: 1494,হেতাগো,O
,কেও,O
,স্কুলে,B-ORG
,আইয়ে,O
,ন,O
Sentence: 1495,হেতাগো,O
,জানার,O
,কতা,O
,ন,O
Sentence: 1496,বড়ো,B-REL
,মামা,I-REL
,বিদেশ,B-LOC
,তুন,O
,আইছেন,O
Sentence: 1497,ক্লাসে,O
,কোন,O
,বিষয়,O
,লই,O
,কতা,O
,কইছিলেন,O
Sentence: 1498,কিল্লেই,O
,হলাশের,B-PER
,কথাত,O
,বিরক্ত,O
,অইছিলো,O
Sentence: 1499,ইচ্ছা,O
,আছিলো,O
,কোনো,O
,জায়গাত,O
,ঘুইরতাম,O
,যাইয়ুম,O
Sentence: 1500,অনেকবার,O
,লালবাগ,B-LOC
,কেল্লার,I-LOC
,কতা,O
,হুইনছি,O
Sentence: 1501,ঠিক,O
,করা,O
,অইলো,O
,বেকে,O
,মিলি,O
,হিয়ানে,O
,যাইয়ুম,O
Sentence: 1502,আর,O
,মামতো,B-REL
,বোনও,I-REL
,যাইতে,O
,চাইলো,O
Sentence: 1503,লেই,O
,শিক্ষকের,B-ROLE
,কাছে,O
,জমা,O
,দাও,O
Sentence: 1504,বেক,O
,অঞ্চলের,B-LOC
,মাইনষের,O
,ভাষা,O
,এক,O
,রকমের,O
,ন,O
Sentence: 1505,অনেক,O
,শব্দের,O
,উচ্চারণ,O
,আলাদা,O
,অয়,O
Sentence: 1506,দইণের,B-LOC
,জেলা,I-LOC
,কক্সবাজার,I-LOC
Sentence: 1507,সাড়ে,O
,চাইরটায়,O
,বেকে,O
,মাঠে,B-LOC
,আইয়নের,O
,কতা,O
Sentence: 1508,আইজ,O
,কোনো,O
,খেলা,O
,অইতো,O
,ন,O
Sentence: 1509,ওকগা,O
,হোড়াবাড়ি,O
,আছে,O
Sentence: 1510,ইয়ানে,O
,কী,O
,কইরতেছো,O
,তোমরা,O
Sentence: 1511,চাইরপাশে,O
,কত্ত,O
,বড্ডা,O
,বড্ডা,O
,গাছ,O
Sentence: 1512,দিনের,O
,বেলাত,O
,ও,O
,বাড়ির,O
,ভিতরকান,O
,অন্ধকার,O
,অই,O
,থায়,O
Sentence: 1513,রেলগাড়ি,B-OBJ
,চলে,O
,রেললাইনের,B-OBJ
,উপর,O
,দি,O
Sentence: 1514,উপহার,O
,হাইতে,O
,বেকের,O
,ভালা,O
,লাগে,O
Sentence: 1515,যেতাগোরে,O
,চিনিনা,O
,হেতাগো,O
,উপহার,O
,গ্রহণ,O
,করি,O
,না,O
Sentence: 1516,উপহার,O
,দিতে,O
,অনেকের,O
,ভালা,O
,লাগে,O
Sentence: 1517,খেলার,B-LOC
,মাডে,I-LOC
,আমরা,O
,রোজ,O
,খেইলতে,O
,যাই,O
Sentence: 1518,ওকগা,O
,চানাচুরওয়ালারে,B-ROLE
,দেয়া,O
,যায়,O
Sentence: 1519,হেতে,O
,চানাচুর,B-FOOD
,বেইচতে,O
,আইয়ে,O
Sentence: 1520,তুমি,O
,ভালো,O
,আছি,O
,জানি,O
,খুশি,O
,অইলাম,O
Sentence: 1521,চিঠি,B-OBJ
,সাধারণত,O
,খামে,B-OBJ
,ভরি,O
,হাডানো,O
,অয়,O
Sentence: 1522,খাওন,O
,দাওনের,O
,কতা,O
,কই,O
,লাভ,O
,নাই,O
,দুঃখ,O
,হাইবা,O
Sentence: 1523,তবে,O
,বাঁচি,O
,আছি,O
,আর,O
,খুব,O
,ভালা,O
,আছি,O
Sentence: 1524,তোমরা,O
,ভালো,O
,আছ,O
,জানি,O
,খুশি,O
,অইলাম,O
Sentence: 1525,আর,O
,লাই,O
,বেশি,O
,চিন্তা,O
,কইরো,O
,না,O
Sentence: 1526,অন,O
,ঘরে,O
,ঘরে,O
,টেলিভিশন,B-OBJ
,দেন,O
,যায়,O
Sentence: 1527,টেলিভিশনে,B-OBJ
,কতা,O
,হুনা,O
,যায়,O
,ছবিও,O
,দেন,O
,যায়,O
Sentence: 1528,রেডিওত,B-OBJ
,এলা,O
,কতা,O
,হুনা,O
,যায়,O
Sentence: 1529,হাজার,O
,বছর,O
,আগে,O
,বেক,O
,বেডারাই,O
,ধুতি,B-OBJ
,হইরতো,O
Sentence: 1530,হেক্তেও,O
,মাইয়ারা,O
,আঁচল,O
,টানি,O
,ঘোমটা,O
,দি্তো,O
Sentence: 1531,ভাত,B-FOOD
,বাঙালির,B-ROLE
,বহুকালের,O
,প্রিয়,O
,খাদ্য,O
Sentence: 1532,মেয়েরা,O
,বাগান,O
,করতে,O
,ভালোবাসত,O
Sentence: 1533,মেয়েরা,O
,সাঁতার,O
,কাটতে,O
,ভালোবাসত,O
Sentence: 1534,বড়লোকেরা,O
,ঘোড়া,B-ANI
,আর,O
,হাতির,B-ANI
,খেলা,O
,দেইখতো,O
Sentence: 1535,যাতায়াতের,O
,হধান,O
,উপায়,O
,আছিল,O
,নৌকা,B-OBJ
Sentence: 1536,বড়ো,B-REL
,বোইনের,I-REL
,ঘরে,O
,হের,O
,লাই,O
,ছোডো,B-OBJ
,খাট,I-OBJ
,দেওয়া,O
,অইলো,O
Sentence: 1537,হের,O
,কাছে,O
,বেক,O
,দেশের,B-LOC
,টেয়া,B-OBJ
,আছে,O
Sentence: 1538,হে,O
,তোরে,O
,কিছু,O
,উপহার,O
,দিলো,O
,না,O
Sentence: 1539,আম্মা,B-REL
,নানারে,B-REL
,এককান,O
,চিডি,B-OBJ
,লিখছেন,O
Sentence: 1540,আর,O
,নামের,O
,হয়োজন,O
,অয়,O
,না,O
Sentence: 1541,আমরা,O
,এন্নেই,O
,হরিচয়,O
,রাইখতাম,O
,হারি,O
Sentence: 1542,তোয়ারে,O
,এককান,O
,উপহার,O
,দিতাম,O
,চাই,O
Sentence: 1543,হেটা,O
,টেবিলের,B-OBJ
,উপরে,O
,রান,O
,আছিলো,O
Sentence: 1544,আর,O
,হিরিয়,O
,ওকগা,O
,বই,B-OBJ
,আজি,O
,গেছে,O
Sentence: 1545,হোন,O
,করি,O
,জানাইছে,O
Sentence: 1546,হেতার,O
,হিরিয়,O
,ওকগা,O
,বই,B-OBJ
,আজি,O
,গেছে,O
Sentence: 1547,কুনগা,O
,নিয়ছে,O
Sentence: 1548,হেডার,O
,ব্যাপারে,O
,নিশ্চিত,O
,ন,O
Sentence: 1549,হে,O
,হয়তো,O
,হড়ার,O
,লাইয়ে,O
,নিছে,O
Sentence: 1550,কোনো,O
,ব্যাপারে,O
,নিশ্চিত,O
,না,O
,অই,O
,কাউরে,O
,দোষ,O
,দেওন,O
,ঠিক,O
,ন,O
Sentence: 1551,যে,O
,নিছে,O
,হে,O
,হয়তো,O
,হড়ার,O
,লাইয়ে,O
,নিছে,O
Sentence: 1552,বইকান,B-OBJ
,হাওন,O
,যায়,O
,কি,O
,না,O
Sentence: 1553,বইকান,B-OBJ
,হাওয়া,O
,গেছে,O
Sentence: 1554,আব্বা,B-REL
,বইকান,B-OBJ
,বুকশেলফে,B-OBJ
,তুলি,O
,রাখছিলেন,O
Sentence: 1555,হেতনে,O
,বুইঝতেও,O
,হারেনো,O
Sentence: 1556,আর,O
,হারুলও,B-PER
,না,O
,বুঝি,O
,অন্যগো,O
,দোষ,O
,দিতেআছিলো,O
Sentence: 1557,তুমি,O
,আরে,O
,দোষ,O
,দিতেছো,O
,কিল্লেই,O
Sentence: 1558,হেতে,O
,রাতের,O
,ট্রেইনে,B-OBJ
,রাজশাহী,B-LOC
,তুন,O
,রওনা,O
,দিছিলো,O
Sentence: 1559,এই,O
,হথম,O
,হেতে,O
,ঢাক,B-LOC
,আইছে,O
Sentence: 1560,বাসায়,O
,যাওনের,O
,হথে,O
,ফ্লাইওভার,B-LOC
,ছাই,O
,হাবিব,B-PER
,অবাক,O
,অই,O
,গেছে,O
Sentence: 1561,এইডা,O
,হেতার,O
,মনে,O
,অইলো,O
,দোতলা,B-LOC
,রাস্তা,I-LOC
Sentence: 1562,রাস্তার,B-LOC
,হাশে,O
,ওকগা,O
,হুলের,B-OBJ
,দোয়ান,O
Sentence: 1563,মেলা,O
,ধরণের,O
,হুল,B-OBJ
,থরে,O
,থরে,O
,হাজানো,O
,আছে,O
Sentence: 1564,হেটার,O
,ঠিক,O
,হাশেই,O
,ওকগা,O
,হলের,B-ORG
,দোয়ান,I-ORG
Sentence: 1565,হিয়ান,O
,তুন,O
,বড্ডা,B-REL
,আপা,I-REL
,কিছু,O
,হেয়ারা,B-FOOD
,কিনলো,O
Sentence: 1566,বেকের,O
,লগে,O
,কুশল,O
,বিনিময়,O
,অইলো,O
Sentence: 1567,টেবিলে,B-OBJ
,নাশতা,B-FOOD
,দেওন,O
,আছিলো,O
Sentence: 1568,হাত,O
,মুক,O
,ধুই,O
,হে,O
,নাশতা,B-FOOD
,কইরতে,O
,বইছে,O
Sentence: 1569,হেদিন,O
,আছিলো,O
,বাংলাদেশ,B-LOC
,দলের,O
,ক্রিকেট,O
,খেলা,O
Sentence: 1570,খাওয়া,O
,শেষ,O
,করিয়ে,O
,টেলিভিশনের,B-OBJ
,সামনে,O
,যাই,O
,বইলো,O
Sentence: 1571,বেগগিন,O
,মিলাই,O
,হেতার,O
,খুব,O
,আনন্দ,O
,হইতেছিলো,O
Sentence: 1572,মাইয়া,O
,কী,O
,কাণ্ড,O
,কইরছে,O
,জানো,O
Sentence: 1573,সোনার,B-OBJ
,চুড়িকান,I-OBJ
,ভাঙি,O
,দুই,O
,টুকরা,O
,কইরছে,O
Sentence: 1574,ইচ্ছা,O
,করি,O
,ভাইঙছে,O
,নাকি,O
Sentence: 1575,হা,O
,হিছলি,O
,হড়ি,O
,গেলাম,O
,তো,O
,কীরতাম,O
Sentence: 1576,আর,O
,যে,O
,দুক্কু,O
,লাইগলো,O
,হেইডা,O
,বুঝি,O
,কিছু,O
,ন,O
Sentence: 1577,মাইয়ারে,O
,হইড়তে,O
,দিছিলেন,O
Sentence: 1578,আর,O
,নানা,B-REL
,সুস্থ,O
Sentence: 1579,রোগীরে,O
,হাসপাতালে,B-ORG
,ভর্তি,O
,অইতে,O
,অইবো,O
Sentence: 1580,এদ্দুরার,O
,জাগা,O
,হাসপাতাল,B-ORG
,আই,O
,আগে,O
,দেইনো,O
Sentence: 1581,আরে,O
,দেই,O
,খুব,O
,খুশি,O
,অইলো,O
Sentence: 1582,আই,O
,অন্যের,O
,লগে,O
,কতা,O
,কই,O
Sentence: 1583,হেতোনে,O
,বিদেশ,B-LOC
,তুন,O
,আইছেন,O
Sentence: 1584,হেতনে,O
,কোন,O
,বিষয়,O
,লই,O
,কতা,O
,কইছিলেন,O
Sentence: 1585,চলো,O
,ঐতিহাসিক,B-LOC
,জায়গাত,I-LOC
,ঘুইরতে,O
,যাইয়ুম,O
Sentence: 1586,ঠিক,O
,করন,O
,অইলো,O
,বেকে,O
,মিলি,O
,যাইয়ুম,O
Sentence: 1587,আঙ্গো,O
,যানের,O
,কতা,O
,হুনি,O
,হেতেও,O
,যাইতে,O
,চাইল,O
Sentence: 1588,বেক,O
,মাইনষের,O
,ভাষা,O
,এক,O
,রকম,O
,ন,O
Sentence: 1589,হেতে,O
,মাডে,B-LOC
,আইয়েনো,O
Sentence: 1590,জরুরি,O
,সভা,O
,অইবো,O
Sentence: 1591,হাসপাতালে,B-ORG
,আই,O
,আগে,O
,যাইনো,O
Sentence: 1592,আই,O
,অন্যের,O
,লগে,O
,কতা,O
,কই,O
,না,O
Sentence: 1593,হেতনে,O
,কি,O
,বিদেশ,B-LOC
,তুন,O
,আইছেন,O
Sentence: 1594,বেকের,O
,ভাষা,O
,এক,O
,রকমের,O
,ন,O
Sentence: 1595,হেতার,O
,কাছে,O
,মেলা,O
,টেয়া,B-OBJ
,আছে,O
Sentence: 1596,কোগা,O
,দিন,O
,অপেক্ষা,O
,করো,O
Sentence: 1597,আর,O
,বাসার,O
,লগে,O
,রাস্তার,B-LOC
,হাশে,O
,ওকগা,O
,হুলের,B-OBJ
,দোয়ান,O
Sentence: 1598,হেতার,O
,কাছে,O
,মেলা,O
,দেশের,B-LOC
,টেয়া,B-OBJ
,আছে,O
Sentence: 1599,আই,O
,তোয়ারে,O
,ওকগা,O
,উপহার,O
,দিতাম,O
,চাই,O
Sentence: 1600,বেগগিন,O
,হুনি,O
,আই,O
,কইলাম,O
Sentence: 1601,কোগাদিন,O
,অপেক্ষা,O
,করি,O
,চাও,O
Sentence: 1602,কিছু,O
,দিন,O
,হরে,O
,হারুল,B-PER
,নিজেই,O
,জানাইছে,O
,বইকান,B-OBJ
,হাওন,O
,গেছে,O
Sentence: 1603,ওকগা,O
,বই,B-OBJ
,লই,O
,এতাগাইন,O
,ঘটনা,O
,ঘডি,O
,যাইবো,O
Sentence: 1604,হিগা,O
,না,O
,বুঝি,O
,অন্যগো,O
,দোষ,O
,দিতেআছিলো,O
Sentence: 1605,কমলাহুর,B-LOC
,রেলস্টেশন,I-LOC
,তুন,O
,বোইনের,O
,বাসাত,O
,যাইতেছি,O
Sentence: 1606,বোইনের,O
,বাসার,O
,লগে,O
,রাস্তার,B-LOC
,হাশে,O
,ওকগা,O
,হুলের,B-LOC
,দোয়ান,I-LOC
Sentence: 1607,রজনীগন্ধা,B-OBJ
,গোলাপ,B-OBJ
,গাঁদা,B-OBJ
,সহ,O
,মেলা,O
,রকম,O
,হুল,B-OBJ
,আছে,O
,দোয়ানো,B-ORG
Sentence: 1608,বড্ডা,B-REL
,আপার,I-REL
,লাই,O
,কিছু,O
,হেয়ারা,B-FOOD
,কিনলো,O
Sentence: 1609,বড্ডা,B-REL
,আপা,I-REL
,কিছু,O
,হেয়ারা,B-FOOD
,কিনলো,O
Sentence: 1610,তো,O
,আই,O
,কিরতাম,O
Sentence: 1611,সমান,O
,দুগা,O
,টুকরা,O
,অই,O
,গেছে,O
Sentence: 1612,দুই,O
,টুকরা,O
,অইলো,O
,কী,O
,করি,O
Sentence: 1613,এটা,O
,আঙ্গো,O
,বাড়ি,O
Sentence: 1614,এই,O
,বাড়িকান,O
,আঙ্গো,O
Sentence: 1615,প্রথমে,O
,বালিশের,B-OBJ
,তলাকান,O
,হাতড়াইলেন,O
Sentence: 1616,এত,O
,সুন্দর,O
,লাগে,O
,হের,O
Sentence: 1617,শুধু,O
,রেনি,O
,থাইকতে,O
,মন,O
,চায়,O
Sentence: 1618,হেতাগো,O
,বাগান,B-LOC
,অন্যগো,O
,বাগানের,B-LOC
,লাইন,O
,ন,O
Sentence: 1619,বিশাল,O
,বড্ডা,O
,বড্ডা,O
,গাছ,O
Sentence: 1620,হুতুলের,B-OBJ
,এডার,O
,লাইয়ে,O
,খুব,O
,মন,O
,খারাপ,O
Sentence: 1621,গাছগুনের,O
,দিকে,O
,রেইনলেই,O
,হিগার,O
,কান্না,O
,হাই,O
,যায়,O
Sentence: 1622,ছোডোরা,O
,এমন,O
,অনেক,O
,কাম,O
,করে,O
,জিগিন,O
,মুরগবিরা,O
,হছন্দ,O
,করে,O
,না,O
Sentence: 1623,হেইডাছাড়াও,O
,আরেককান,O
,কারণ,O
,আছে,O
Sentence: 1624,ঘরে,O
,আলো,O
,হাওয়া,O
,হিরুম,O
,ঢুইকতে,O
,হারে,O
,না,O
Sentence: 1625,আঙ্গো,O
,চইলতেই,O
,হারে,O
,না,O
Sentence: 1626,আতে,O
,তালি,O
,দি,O
,দি,O
,কি,O
,হড়া,O
,যায়,O
Sentence: 1627,কোনানো,O
,যাওনের,O
,রাস্তা,O
Sentence: 1628,ইয়ানো,O
,বেলে,O
,ওকগা,O
,শিশুপার্ক,B-LOC
,অইবো,O
Sentence: 1629,তোমাগো,O
,কতা,O
,হুনি,O
,আইসছি,O
Sentence: 1630,মিছা,O
,কতা,O
,কইছ,O
,না,O
Sentence: 1631,যিগা,O
,অত্যাচার,O
,করে,O
Sentence: 1632,মেঠো,B-LOC
,হথের,I-LOC
,দুহাশে,O
,সবুজ,B-LOC
,ধানখেত,I-LOC
Sentence: 1633,হঠাৎ,O
,সামনের,O
,মাইয়াগা,O
,থমকি,O
,খাড়াইলো,O
Sentence: 1634,ধানখেত,B-LOC
,হার,O
,অইতেই,O
,ওকগা,O
,বড্ডা,O
,হুইর,B-LOC
Sentence: 1635,চোখের,O
,আড়াল,O
,অই,O
,গেছে,O
Sentence: 1636,হেতে,O
,আর,O
,চোখের,O
,আড়াল,O
,অই,O
,গেছে,O
Sentence: 1637,হিয়ানকার,O
,হানি,O
,টলটলে,O
Sentence: 1638,হুইরের,B-LOC
,হাড়ে,O
,ওকগা,O
,বড্ডা,O
,আমগাছ,O
Sentence: 1639,আর,O
,মনে,O
,অইতেছে,O
,এবার,O
,অনেক,O
,আম,B-FOOD
,ধইরবো,O
Sentence: 1640,আই,O
,আম,B-FOOD
,খাইতে,O
,ভালাবাসি,O
Sentence: 1641,হেই,O
,আমগাছের,O
,দিকে,O
,রেনি,O
,আছিলাম,O
Sentence: 1642,আমগাছের,O
,দিকে,O
,ছাই,O
,ওকগা,O
,মাইয়া,O
,কইলো,O
Sentence: 1643,আর,O
,দিকে,O
,রেনি,O
,ওকগা,O
,মাইয়া,O
,কইলো,O
Sentence: 1644,বেকে,O
,রেনি,O
,ছাইলো,O
Sentence: 1645,আমগাছে,O
,হছুর,O
,মুকুল,B-OBJ
,আইছে,O
Sentence: 1646,সাদা,B-COL
,মুকুলে,B-OBJ
,আমগাছের,O
,সবুজ,B-COL
,হাতা,B-OBJ
,ঢাকা,O
,হইড়ছে,O
Sentence: 1647,হেতাঁর,O
,বয়স,O
,কম,O
,বেশি,O
,হত্তুর,O
,বছর,O
Sentence: 1648,হেতোনে,O
,হিগুনের,O
,কতা,O
,হুনি,O
,কইলেন,O
Sentence: 1649,ও,O
,ঠিকই,O
,কইছে,O
Sentence: 1650,যে,O
,বছর,O
,ধান,O
,ভালা,O
,অয়,O
,হে,O
,বছর,O
,আমের,B-FOOD
,হলনও,O
,ভালা,O
,অয়,O
Sentence: 1651,বেকে,O
,যন,O
,হইড়তে,O
,বইয়ে,O
,রাজীব,B-PER
,তন,O
,ঘুমায়,O
Sentence: 1652,বেকে,O
,যন,O
,হইড়তে,O
,বইয়ে,O
,আই,O
,তন,O
,ঘুমাই,O
Sentence: 1653,আই,O
,ভোরে,O
,দেড়ি,O
,করি,O
,ঘুম,O
,তুন,O
,উডি,O
Sentence: 1654,আই,O
,ঠিকই,O
,কইছি,O
Sentence: 1655,ভাই,O
,তন,O
,হইড়তে,O
,বইয়ে,O
Sentence: 1656,আই,O
,সকালে,O
,হইড়তে,O
,বই,O
Sentence: 1657,আইজকাল,O
,কী,O
,যে,O
,কইরতেছে,O
,হোলাটা,O
Sentence: 1658,বয়স,O
,এলা,O
,চাইর,O
,বছর,O
,হুর্ণ,O
,অইলো,O
Sentence: 1659,বেগগিনেই,O
,হিগার,O
,এলোমেলো,O
,আচরণ,O
Sentence: 1660,আব্বা,B-REL
,একদিন,O
,কতায়,O
,কতায়,O
,মারে,B-REL
,কইলেন,O
Sentence: 1661,হোলাগার,O
,বেক,O
,কাম,O
,এরুম,O
,এলোমেলো,O
,অইতেছে,O
,কিল্লেই,O
Sentence: 1662,মাইয়াগার,O
,বেক,O
,কাম,O
,এরুম,O
,এলোমেলো,O
,অইতেছে,O
,কিল্লেই,O
Sentence: 1663,বেক,O
,কাম,O
,তো,O
,এলোমেলো,O
,অইতেছে,O
,না,O
Sentence: 1664,আই,O
,খাওয়াই,O
,দিলে,O
,রাজীব,B-PER
,সময়মতন,O
,খায়,O
Sentence: 1665,মার,B-REL
,কতা,O
,হুনি,O
,আব্বা,B-REL
,হাইসলেন,O
Sentence: 1666,আরেককানা,O
,বড্ডা,O
,অইলে,O
,কী,O
,কইরবা,O
,হেডাই,O
,দেনের,O
,বিষয়,O
Sentence: 1667,আরেককানা,O
,বড্ডা,O
,অইলে,O
,কী,O
,কইরবা,O
Sentence: 1668,হেক্তে,O
,সময়মতো,O
,হইড়বো,O
,ঘুমাইবো,O
,আর,O
,খেইলবো,O
Sentence: 1669,বুইজার,B-REL
,কাছে,O
,ওকগা,O
,হুরাতন,O
,সিন্দুক,B-OBJ
,আছে,O
Sentence: 1670,হেই,O
,সিন্দুক,B-OBJ
,বেকসময়ে,O
,তালা,B-OBJ
,দি,O
,আটকানো,O
,থায়,O
Sentence: 1671,বহুদিন,O
,ধরি,O
,হিয়ান,O
,খোলা,O
,অয়,O
,না,O
Sentence: 1672,হেই,O
,সিন্দুকের,B-OBJ
,ভিতরে,O
,কী,O
,আছে,O
Sentence: 1673,বুইজা,B-REL
,অবাক,O
,চোখে,O
,আর,O
,দিকে,O
,রেইনলেন,O
Sentence: 1674,চাবি,B-OBJ
,দি,O
,তালা,B-OBJ
,খোলোনের,O
,হর,O
,বেগগিন,O
,দেইখতে,O
,হাইরবা,O
Sentence: 1675,আর,O
,আর,O
,তোয়ার,O
,মার,B-REL
,অনেক,O
,গয়না,B-OBJ
,আছে,O
Sentence: 1676,বাজার,B-LOC
,তুন,O
,চাবি,B-ROLE
,বানাইন্না,I-ROLE
,লোক,I-ROLE
,আনাইলেন,O
Sentence: 1677,তিশার,B-PER
,লাই,O
,সিন্দুক,B-OBJ
,খোলা,O
,অইলো,O
Sentence: 1678,হলাশের,B-PER
,নানা,B-REL
,ও,O
,নানি,B-REL
,একইদিনে,O
,মারা,O
,যান,O
Sentence: 1679,নানার,B-REL
,কঠিন,O
,অসুখ,O
,অইছিলো,O
Sentence: 1680,অসুখে,O
,হেতনে,O
,কয়েক,O
,বছর,O
,ভুইগছিলেন,O
Sentence: 1681,হেতনরে,O
,হাসপাতালে,B-ORG
,নেয়া,O
,অইছিলো,O
Sentence: 1682,কিন্তু,O
,বাঁচানো,O
,যায়নো,O
Sentence: 1683,মেলাদিন,O
,হলাশের,B-PER
,মন,O
,খুব,O
,খারাপ,O
,আছিলো,O
Sentence: 1684,মেলাদিন,O
,আর,O
,মন,O
,খুব,O
,খারাপ,O
,আছিলো,O
Sentence: 1685,হেডার,O
,লাই,O
,তন,O
,হেতে,O
,কারও,O
,লগে,O
,কতা,O
,কইতো,O
,না,O
Sentence: 1686,মাইনষের,O
,বার্ধক্য,O
,আর,O
,মৃত্যুরে,O
,ঠেয়ান,O
,যায়,O
,না,O
Sentence: 1687,তার,O
,হরেও,O
,হইত্তেকটা,O
,মৃত্যু,O
,মানুষরে,O
,কষ্ট,O
,দেয়,O
Sentence: 1688,শেষ,O
,বলে,O
,ছয়,O
,মারি,O
,বাংলাদেশ,B-ORG
,জিতি,O
,গেছে,O
Sentence: 1689,আহ্,O
,কী,O
,দারুণ,O
,খেলাই,O
,না,O
,চাইলাম,O
Sentence: 1690,ছোডো,B-REL
,বোইন,I-REL
,চিল্লাই,O
,উইডছে,O
,দারুণ,O
Sentence: 1691,বাহ্,O
,ইরুম,O
,খেলা,O
,মেলাদিন,O
,চাইনো,O
Sentence: 1692,আহারে,O
,যেগুণ,O
,হারি,O
,গেছে,O
,হিগুনের,O
,মনে,O
,অনেক,O
,কষ্ট,O
Sentence: 1693,খেলাত,O
,হারজিত,O
,থাইকতেই,O
,হারে,O
Sentence: 1694,আরে,O
,এডার,O
,মধ্যেই,O
,দেই,O
,বিজয়,O
,মিছিল,O
,শুরু,O
,অই,O
,গেছে,O
Sentence: 1695,বাপরে,O
,বাপ,O
,কত,O
,বড্ডা,O
,মিছিল,O
Sentence: 1696,ওকগা,O
,শব্দের,O
,মেলা,O
,রকম,O
,অর্থ,O
,থাইকতে,O
,হারে,O
Sentence: 1697,আম,B-FOOD
,হায়,O
,বৈশাখে,O
,কুল,B-FOOD
,হায়,O
,হাগুনে,O
Sentence: 1698,কাঁচা,B-OBJ
,ইড,I-OBJ
,হাকা,O
,অয়,O
,হোড়ালে,O
,হেইডা,O
,আগুনে,O
Sentence: 1699,রোইদে,O
,হানিতে,O
,টিকে,O
,রং,B-COL
,হাকা,O
,কই,O
,হেইডারে,O
Sentence: 1700,ফলারটি,B-FOOD
,হাকা,O
,অয়,O
,লুচি,B-FOOD
,দই,B-FOOD
,আহারে,O
Sentence: 1701,চুল,O
,হায়,O
,বয়সে,O
Sentence: 1702,হাকনা,O
,হোলা,O
,বেশি,O
,কতা,O
,কয়,O
,হিগা,O
Sentence: 1703,কান,O
,হায়,O
,হোড়া,O
,হায়,O
Sentence: 1704,বুদ্ধি,O
,হাকাই,O
,তোলে,O
,লেয়াহড়া,O
,গিলিয়ে,O
Sentence: 1705,কতা,O
,জিগার,O
,হাকা,O
,নয়,O
,কামে,O
,হিগার,O
,ঠনঠন,O
Sentence: 1706,অনেক,O
,দূরের,O
,হথ,O
Sentence: 1707,বাসে,B-OBJ
,করিই,O
,হেতের,O
,রওনা,O
,দেন,O
,লাইগলো,O
Sentence: 1708,বাস,B-OBJ
,তুন,O
,যন,O
,নামছে,O
,তন,O
,সকাল,O
,অই,O
,গেছে,O
Sentence: 1709,সকাল,O
,অই,O
,গেছে,O
Sentence: 1710,ওকগা,O
,ভালা,O
,কাম,O
,কইরতে,O
,হাইরবেন,O
Sentence: 1711,তোমগো,O
,কারো,O
,বিশ্বাস,O
,অইতো,O
,ন,O
Sentence: 1712,কতাকান,O
,তোমগো,O
,কারো,O
,বিশ্বাস,O
,অইতো,O
,ন,O
Sentence: 1713,অনেকগুলা,O
,নতুন,O
,বই,B-OBJ
,চাই,O
,আই,O
,অবাক,O
,অই,O
,কইলাম,O
Sentence: 1714,আন্নে,O
,কি,O
,আঙ্গো,O
,বাইতে,O
,আইছেন,O
Sentence: 1715,হেতনে,O
,আর,O
,কতার,O
,জবাবে,O
,কিছু,O
,কইলেন,O
,না,O
Sentence: 1716,হেতনে,O
,আর,O
,কতার,O
,জবাবে,O
,ছোডো,O
,করি,O
,কইলেন,O
,হ্যাঁ,O
Sentence: 1717,বইগিনের,B-OBJ
,দিকে,O
,রেনি,O
,আছিলাম,O
Sentence: 1718,এলা,O
,হেতাঁর,O
,আতের,O
,দিকে,O
,রেনি,O
,আছিলাম,O
Sentence: 1719,কিল্লেই,O
,হেইডা,O
,কি,O
,জাইনতে,O
,হারি,O
Sentence: 1720,হরে,O
,আমরা,O
,লাইব্রেরি,B-LOC
,চাইতে,O
,যাই,O
Sentence: 1721,খুবই,O
,বড্ডা,O
,লাইব্রেরি,B-LOC
,সন্দেহ,O
,নাই,O
,ব্যবস্থাও,O
,খুব,O
,ভালা,O
Sentence: 1722,রিডিং,O
,রুমগিন,O
,ভাগ,O
,ভাগ,O
,করা,O
,রইছে,O
Sentence: 1723,শিক্ষকরাও,B-ROLE
,হেতাগোর,O
,লগে,O
,আছেন,O
Sentence: 1724,যাওয়ার,O
,লগে,O
,লগে,O
,কী,O
,এককান,O
,শব্দ,O
,কইরলো,O
Sentence: 1725,আর,O
,বেক,O
,হোলামাইয়া,O
,লাইন,O
,ধরি,O
,খাড়াই,O
,গেছে,O
Sentence: 1726,আমরা,O
,সালাম,O
,গ্রহণ,O
,কইরলাম,O
Sentence: 1727,হেতারা,O
,স্লোগান,O
,আরম্ভ,O
,কইরলো,O
Sentence: 1728,আমরা,O
,বিদায়,O
,লই,O
,চলি,O
,আইলাম,O
Sentence: 1729,আই,O
,সাগর,B-LOC
,হাড়ি,O
,দিয়ুম,O
Sentence: 1730,বেক,O
,দিনের,O
,লাইন,O
,হেইদিনও,O
,হিগুন,O
,খেইলতে,O
,গেছিলো,O
Sentence: 1731,কোগা,O
,লোক,O
,হিতা,B-OBJ
,দি,O
,মাপজোখ,O
,কইরতেছে,O
Sentence: 1732,একজনের,O
,আতে,O
,আবার,O
,মোডা,O
,ওকগা,O
,খাতা,B-OBJ
Sentence: 1733,হিয়ানো,O
,কলম,B-OBJ
,দি,O
,কীসব,O
,টুই,O
,রাইখছে,O
Sentence: 1734,কী,O
,কইরছে,O
,হেইডাতো,O
,জানি,O
,না,O
Sentence: 1735,কয়েকজন,O
,একলগে,O
,বলি,O
,ওডে,O
Sentence: 1736,বদলাই,O
,যাইতেছে,O
,আঙ্গো,O
,খেলার,B-LOC
,মাঠকান,I-LOC
,তাই,O
,না,O
Sentence: 1737,কোন,O
,বিষয়,O
,লই,O
,আর,O
,রাগ,O
,থাইকলে,O
,আই,O
,কিছু,O
,কইলেও,O
,হেতনে,O
,চুপ,O
,করি,O
,থাই,O
,আরে,O
,বুঝায়,O
Sentence: 1738,নিজেরে,O
,হেতনে,O
,দূর্বল,O
,ভাবি,O
,ইগিন,O
,করে,O
Sentence: 1739,হেতনে,O
,মানুষকানই,O
,এরুম।বেকে,O
,কয়,O
,অনেক,O
,ভাইগ্য,O
,করি,O
,নাকি,O
,এরুম,O
,স্বামী,B-REL
,হাইছি,O
Sentence: 1740,আসলেই,O
,মানুষটার,O
,হতি,O
,আই,O
,মুগ্ধ,O
Sentence: 1741,এই,O
,মুগ্ধতায়,O
,বিভোর,O
,থাইকতে,O
,চাই,O
,আই,O
,আজীবন,O
Sentence: 1742,স্বামীর,B-REL
,হতি,O
,আর,O
,বিন্দুমাত্র,O
,কোন,O
,অভিযোগ,O
,নাই,O
Sentence: 1743,চলো,O
,একদিন,O
,দেয়া,O
,করি,O
,হুরা,O
,শহর,B-LOC
,রিক্সা,B-OBJ
,দি,O
,ঘুইরগুম,O
Sentence: 1744,ইয়ানের,O
,মাইঝখানে,O
,চাকরির,O
,হড়াশোনায়,O
,অনেকগিন,O
,ক্ষতি,O
,অই,O
,যায়,O
Sentence: 1745,আই,O
,আইজগা,O
,কফি,B-FOOD
,খাই,O
,ন,O
Sentence: 1746,আর,O
,মাথাত,O
,অনেক,O
,ব্যাথা,O
,কইরতেছে,O
Sentence: 1747,তোয়ার,O
,সৌন্দর্যে,O
,আই,O
,মুগ্ধ,O
Sentence: 1748,আই,O
,আইজগা,O
,সকালে,O
,হেতার,O
,লগে,O
,কতা,O
,কইছি,O
Sentence: 1749,তুমি,O
,কি,O
,আরে,O
,ঘুইরতে,O
,লই,O
,যাইবা,O
Sentence: 1750,আর,O
,স্বামী,B-REL
,তিন,O
,বছর,O
,ধরি,O
,বিদেশ,B-LOC
,আছেন,O
Sentence: 1751,তুমি,O
,কি,O
,রাইতে,O
,খাইছো,O
Sentence: 1752,আন্নে,O
,কি,O
,রাইতে,O
,খাইছেন,O
Sentence: 1753,হোলাগার,O
,নানার,B-REL
,বাড়ি,O
,বরিশালে,B-LOC
Sentence: 1754,হোলাগার,O
,গ্রামের,B-LOC
,বাড়ি,I-LOC
,রাজশাহীত,B-LOC
Sentence: 1755,আর,O
,হেসবুক,B-ORG
,আইডিকান,O
,যদি,O
,চিড়িয়াখানা,B-LOC
,অইতো,O
Sentence: 1756,ঢাকার,B-LOC
,মিরপুরে,I-LOC
,কাইলগার,O
,তুন,O
,বিদ্যুৎ,O
,যাইতেছে,O
,না,O
,কিল্লেই,O
Sentence: 1757,বিদ্যুৎ,O
,সমস্যার,O
,কি,O
,সমাধান,O
,অই,O
,গেছে,O
Sentence: 1758,পৃথিবীতে,B-LOC
,বাপের,B-REL
,হরেই,O
,দ্বিতীয়,O
,বীর,B-ROLE
,যোদ্ধা,I-ROLE
,অইলেন,O
,বড্ডা,B-REL
,ভাই,I-REL
Sentence: 1759,আর,O
,খিদা,O
,হাইছে,O
Sentence: 1760,সামনে,O
,কোরবানির,O
,ঈদ,O
,আইতেছে,O
Sentence: 1761,কোরবানির,O
,ঈদ,O
,অইলো,O
,ইসলামিক,O
,ধর্মের,O
,ওকগা,O
,হধান,O
,উৎসব,O
Sentence: 1762,চেতি,O
,গেলেন,O
,তো,O
,হারি,O
,গেলেন,O
Sentence: 1763,সুস্থ,O
,দেহ,O
,ও,O
,হশান্ত,O
,মন,O
,ওকগা,O
,মাইনষের,O
,বেকের,O
,তুন,O
,বড্ডা,O
,সম্পদ,O
Sentence: 1764,আর,O
,কাজ,O
,ও,O
,ব্যস্ততা,O
,বাইড়ছে,O
Sentence: 1765,অন্যের,O
,দোষ,O
,সহজেই,O
,খুঁজি,O
,হাওন,O
,যায়,O
Sentence: 1766,নিজের,O
,দোষ,O
,খুঁজি,O
,হাওন,O
,খুব,O
,কষ্টকর,O
Sentence: 1767,হইত্তেকদিন,O
,আই,O
,কিছু,O
,না,O
,কিছু,O
,শিইখখুম,O
Sentence: 1768,সুখী,O
,অইতে,O
,অইলে,O
,অহয়জনিয়,O
,অনেক,O
,কিছু,O
,ভুলি,O
,যাইতে,O
,অয়,O
Sentence: 1769,বেকে,O
,ভালোবাসা,O
,হাইতে,O
,চায়,O
Sentence: 1770,দৃষ্টিভঙ্গি,O
,বদলাইলে,O
,জীবন,O
,বদলি,O
,যাইবো,O
Sentence: 1771,আইজগা,O
,ছুটির,O
,দিন,O
Sentence: 1772,বেকের,O
,জীবনে,O
,ওকগা,O
,লক্ষ্য,O
,থাইকতে,O
,অইবো,O
Sentence: 1773,লক্ষ্য,O
,ঠিক,O
,করি,O
,আমরা,O
,জীবনে,O
,আগাই,O
,যাইতে,O
,হারি,O
Sentence: 1774,বেকেরে,O
,স্বাগতম,O
Sentence: 1775,কেরাসিন‌,O
,তৈলের,O
,দাম,O
,কাইমবার,O
,ফলে,O
,অক্টোবর,O
,এ,O
,চায়িদা,O
,বাইরছিলো,O
Sentence: 1776,হইত্তোদিন,O
,এগগা,O
,করি,O
,হেয়ারা,B-FOOD
,খাইলে,O
,হাইতাম,O
,হারেষ,O
,অনেক,O
,উফকার,O
Sentence: 1777,বিবিন্ন,O
,হলের,B-FOOD
,মইধ্যো,O
,হেয়ারা,B-FOOD
,অন্যতম,O
,জনপ্রিয়,O
,হল,B-FOOD
Sentence: 1778,ওজন,O
,কমাইবার,O
,লাই,O
,হেয়ারা,B-FOOD
,অন্যন্ত,O
,উপকারি,O
Sentence: 1779,গরমের,O
,দিনে,O
,তাজা,O
,নাইরকেল,B-FOOD
,খাওয়া,O
,আনন্দের,O
Sentence: 1780,আর,O
,বাড়ির,O
,হিসে,O
,এগগা,O
,নাইরকেল,B-FOOD
,গাছ,O
,আছে,O
Sentence: 1781,রশিঘরে,O
,কে,O
,খাড়াই,O
,রইছে,O
Sentence: 1782,মাডির,O
,হাতিলগুন,B-OBJ
,মেলা,O
,সুন্দর,O
Sentence: 1783,মোরগের,B-FOOD
,মাংস,I-FOOD
,দি,O
,ভাত,B-FOOD
,খাইতো,O
,আর,O
,মেলা,O
,ভাল্লাগে,O
Sentence: 1784,সিমের,B-FOOD
,তারকারি,I-FOOD
,দি,O
,আর,O
,ভাত,B-FOOD
,খাইতাম,O
,ভালা,O
,লাগে,O
,না,O
Sentence: 1785,ককিয়া,B-FOOD
,খাইতে,O
,মেলা,O
,স্বাদ,O
Sentence: 1786,ককিয়া,B-FOOD
,বাংলাদেশ,B-LOC
,এর,O
,এগগা,O
,জনপ্রিয়,O
,হল,B-FOOD
Sentence: 1787,গেরামের,B-LOC
,তুন,O
,শহরে,B-LOC
,আইবার,O
,সুমে,O
,জাম্বুরা,B-FOOD
,কিনি,O
,আইনবা,O
Sentence: 1788,তুউই,O
,কি,O
,জামরুল,B-FOOD
,খাও,O
Sentence: 1789,হেতে,O
,সাদে,O
,মেলাগিন,O
,কবুতর,B-ANI
,হালে,O
Sentence: 1790,আংগোর,O
,খামারে,B-ORG
,৫০০০টার,O
,বেশি,O
,মুরগি,B-ANI
,আছে,O
Sentence: 1791,আই,O
,এগগা,O
,মুরগির,B-ANI
,বাইচ্চা,I-ANI
,হালি,O
Sentence: 1792,এগগা,O
,বিলাই,B-ANI
,ছা,I-ANI
,হাইলবার,O
,মেলা,O
,স্বাদ,O
,আর,O
Sentence: 1793,আই,O
,হাছর,O
,কাইটতান্ন,O
Sentence: 1794,তুউই,O
,এগগা,O
,বোকা,O
,মাইয়া,O
Sentence: 1795,বেকে,O
,ড্রয়িং,O
,রুমে,O
,বইসছে,O
Sentence: 1796,স্টোররুমগা,O
,কাচরা,O
,অই,O
,রাইছে,O
Sentence: 1797,ফোলোর,O
,গুন,O
,মার্বোল,B-OBJ
,হাত্তর,I-OBJ
,দি,O
,বানানি,O
Sentence: 1798,গেরামের,B-LOC
,মানুষঅগল,O
,লাকড়ির,B-OBJ
,চুলা,I-OBJ
,ব্যবয়ার,O
,করে,O
Sentence: 1799,আই,O
,দুফুরে,O
,বেগুন,O
,তরকারির,B-FOOD
,সুরবা,I-FOOD
,দি,I-FOOD
,ভাত,B-FOOD
,খাইছি,O
Sentence: 1800,লাউ,B-FOOD
,দি,O
,চিংড়ি/,B-FOOD
,ইচা,I-FOOD
,মাছের,I-FOOD
,সুরবা,O
,আর,O
,খুব,O
,হ্রিয়,O
,তরকারি,B-FOOD
Sentence: 1801,গরমের,O
,দিনে,O
,গোসল,O
,করন,O
,ছাড়া,O
,এগগা,O
,দিন,O
,টিকন,O
,মুশকিল,O
Sentence: 1802,আই,O
,গেরামের,B-LOC
,বাইত,I-LOC
,গেলে,O
,হুকুরে,B-LOC
,গোসল,O
,করি,O
Sentence: 1803,আন্নেরে,O
,যদি,O
,জিব্বাত,O
,হানি,O
,আনি,O
,দিব,O
,এমন,O
,এগগা,O
,হলের,B-FOOD
,নাম,O
,কয়,O
,তাইলে,O
,আন্নের,O
,মনে,O
,তেঁতুলের,B-FOOD
,নামই,O
,আইব,O
Sentence: 1804,ছোড,O
,বেলায়,B-REL
,তেতুলই,B-REL
,খাইতো,B-FOOD
,নিষেধ,O
,করে,O
,নো,O
,এইককান,O
,কাউরে,O
,মনে,O
,হয়,O
,না,O
,খুজি,O
,হাওন,O
,যাইভো,O
Sentence: 1805,তেতুলই,B-FOOD
,খাইলে,O
,বুদ্ধি,O
,কমিযায়,O
Sentence: 1806,তেঁতুই,B-FOOD
,লই,O
,হুদ,O
,আংগো,O
,দেশে,B-LOC
,না,O
,ফুরা,O
,উফমহাদেশেই,B-LOC
,ভুল,O
,ধারনা,O
,আছে,O
Sentence: 1807,ইগা,O
,আংগোর,O
,বাড়ির,O
,উডান,O
Sentence: 1808,ছোড,O
,বাইচ্চারা,O
,গেরামের,B-LOC
,বাড়ির,I-LOC
,উডানে,O
,খেইতেয়াছে,O
Sentence: 1809,এই,O
,বাইচ্চাগা,O
,অনেক,O
,অসুস্থ,O
Sentence: 1810,পেরায়,O
,দেড়,O
,মাস,O
,অইগেলেও,O
,বাইচ্চাগার,O
,অভিভাবক,B-ROLE
,হাওন,O
,যায়ধো,O
Sentence: 1811,হাসপাতালে,B-ORG
,কান্দের,O
,আহত,O
,শিশু,O
Sentence: 1812,বৃষ্টির,O
,দিনে,O
,কি,O
,বারিন্দার,O
,গাছে,O
,হানি,B-FOOD
,দিতে,O
,অইব,O
Sentence: 1813,বৃষ্টি,O
,অইলেও,O
,কি,O
,গাছে,O
,হানি,B-FOOD
,দিতে,O
,অইবো,O
Sentence: 1814,অতিরিক্ত,O
,হানি,B-FOOD
,হাই,O
,গাছগুন,O
,মরিযাইতো,O
,নো,O
,তো,O
Sentence: 1815,যেইদিন,O
,বৃষ্টি,O
,অইছে,O
,হেইদিন,O
,বারান্দার,O
,গাছে,O
,হানি,B-FOOD
,দিবার,O
,দরকার,O
,নাই,O
Sentence: 1816,শষা,B-FOOD
,এক,O
,প্রকার,O
,হল,B-FOOD
Sentence: 1817,গরমের,O
,সুমে,O
,শষা,B-FOOD
,বেশি,O
,হাওন,O
,যায়,O
Sentence: 1818,টমাটো,B-LOC
,বাজারে,I-LOC
,যে,O
,আগুন,O
,সাদারন,O
,মাইনষের,O
,কাছে,O
,এটা,O
,আর,O
,নতুন,O
,কিছু,O
,নো,O
Sentence: 1819,এই,O
,বাজারেই,B-LOC
,টমাটো,B-FOOD
,বেচি,O
,কোটিপতি,O
,অই,O
,গেছে,O
,এক,O
,কৃষক,O
Sentence: 1820,শইষ্যার,B-FOOD
,তৈল,I-FOOD
,দি,O
,মাছ,B-FOOD
,ভাজা,I-FOOD
,খাইয়ুণ,O
Sentence: 1821,শইষ্যার,B-FOOD
,তৈল,I-FOOD
,রাইনবার,O
,লাই,O
,ও,O
,গায়ে,O
,দিবার,O
,লাই,O
,ব্যবহার,O
,করা,O
,হয়,O
Sentence: 1822,শইষ্যার,O
,তৈল,O
,অকালে,O
,চুল,O
,হাকি,B-COL
,যাওন,O
,ও,O
,চুল,O
,হরা,O
,কমায়,O
Sentence: 1823,কেরাসিন,O
,তৈলের,O
,দাম,O
,দিন,O
,দিন,O
,বাড়ের,O
Sentence: 1824,আর,O
,দুইদিন,O
,ধরি,O
,সর্দি,O
,কাশি,O
Sentence: 1825,ইয়ানে,O
,থু,O
,হালান,O
,নিষেধ,O
Sentence: 1826,তেঁতুল,B-FOOD
,খাইলে,O
,রক্ত,O
,হানি,O
,অই,O
,যায়,O
Sentence: 1827,আই,O
,বাজারের,B-LOC
,তুন,O
,হেয়ারা,B-FOOD
,কিনি,O
,আইনছি,O
Sentence: 1828,বুইজা,B-REL
,নাইলকেল,B-FOOD
,এর,O
,হানি,I-FOOD
,হছন্দ,O
,করে,O
Sentence: 1829,মা,B-REL
,রশিঘরে,O
,তারকারি,B-FOOD
,রান্দের,O
Sentence: 1830,আর,O
,ছোড,B-REL
,ভাই,I-REL
,মুরগির,B-FOOD
,মাংস,I-FOOD
,খাইতাম,O
,ভালোবাসে,O
Sentence: 1831,সিম,B-FOOD
,ভাজি,I-FOOD
,আর,O
,হছন্দের,O
,সবজি,B-FOOD
Sentence: 1832,জাম্বুরা,B-FOOD
,ঠান্ড,O
,সর্দির,O
,লাই,O
,খাইলে,O
,ভালা,O
,হল,O
,পাওন,O
,যায়,O
Sentence: 1833,জামরুল,B-FOOD
,আর,O
,প্রিয়,O
,হল,B-FOOD
Sentence: 1834,মেলা,O
,মাইনষেই,O
,শখের,O
,বসে,O
,কবুতর,B-ANI
,হালে,O
Sentence: 1835,কবুতর,B-ANI
,হইলতে,O
,বেশি,O
,জায়গার,O
,ও,O
,প্রয়োজন,O
,হয়,O
,না,O
Sentence: 1836,দেশি,O
,মুরগি,B-ANI
,বছরে,O
,পঞ্চাশ,O
,ষাট,O
,গা,O
,ডিম,B-FOOD
,দেয়,O
Sentence: 1837,মানুষ,O
,দিলের,O
,বেলাত,O
,যত,O
,পরিষ্কার,O
,দেয়,O
,বিলাই,B-ANI
,রাইতের,O
,বেলা,O
,ইয়ার,O
,তুন,O
,ও,O
,ভালা,O
,দেয়,O
Sentence: 1838,তুই,O
,কি,O
,আরে,O
,বেকুব,O
,মনে,O
,করো,O
,নি,O
Sentence: 1839,আই,O
,ড্রয়িং,O
,রুমে,O
,বই,B-OBJ
,ছবি,O
,আইকতাম,O
,ভালোবাসি,O
Sentence: 1840,ঘরের,O
,থালাবাডি,B-OBJ
,থুইবার,O
,লাই,O
,স্টোর,O
,রুম,O
,দরকার,O
Sentence: 1841,ঘরের,O
,ফ্লোর,O
,পরিষ্কার,O
,কইরতে,O
,অইব,O
Sentence: 1842,বাংলাদেশ,B-LOC
,এ,O
,শীতকাল,O
,লাউ,B-FOOD
,চাষের,O
,লাই,O
,উপযোগী,O
Sentence: 1843,বেশি,O
,শীত,O
,ও,O
,না,O
,সুতরাং,O
,আবার,O
,বেলি,O
,গরম,O
,ও,O
,না,O
,এইরকম,O
,আবহাওয়া,O
,লাউ,B-FOOD
,চাষ,O
,কাইরবার,O
,লাই,O
,উওম,O
Sentence: 1844,উডানের,O
,তুন,O
,কতা,O
,কই,O
,হেতেন,O
,চলি,O
,গেছে,O
Sentence: 1845,মা,B-REL
,ঝাড়ু,B-OBJ
,দি,O
,ঘর,O
,হরিষ্কার,O
,কইরছে,O
Sentence: 1846,তেঁতুলের,B-OBJ
,কচি,I-OBJ
,হাতা,I-OBJ
,সিদ্ধ,O
,করি,O
,খাইলে,O
,সর্দি,O
,ভালা,O
,হঢ়,O
Sentence: 1847,আই,O
,খাবারের,B-FOOD
,টক,O
,খুব,O
,ভালোবাসি,O
Sentence: 1848,সকালে,O
,ঘুমের,O
,তুন,O
,উঠার,O
,হরে,O
,আই,O
,ভালো,O
,কাজে,O
,পর্যাপ্ত,O
,সময়,O
,ব্যায়,O
,কইরতাম,O
,চাই,O
Sentence: 1849,চাষাবাদ,O
,করি,O
,আই,O
,সময়,O
,কাডাই,O
Sentence: 1850,সর্দি,O
,অইলে,O
,গরম,O
,রং,B-FOOD
,চা,I-FOOD
,ভালা,O
,লাগে,O
Sentence: 1851,পেয়ারা,B-FOOD
,এককান,O
,মিষ্টি,O
,হল,B-FOOD
Sentence: 1852,নাইরকেলের,B-FOOD
,তুন,O
,নাইকেলের,B-FOOD
,হানি,I-FOOD
,হান,O
,যায়,O
Sentence: 1853,রশিঘরে,O
,আই,O
,রান্ডি,O
Sentence: 1854,ভাত,B-FOOD
,রাইনবার,O
,পাত্রগা,B-OBJ
,শক্ত,O
,করি,O
,ঢাকি,O
,রাইকতে,O
,অইবো,O
Sentence: 1855,সিম,B-FOOD
,বেঅ,O
,ধরনের,O
,মাডিতে,O
,চাষ,O
,করন,O
,যায়,O
Sentence: 1856,ককিয়া,B-FOOD
,এগগা,O
,স্বাদের,O
,হল,B-FOOD
Sentence: 1857,মেলাগিন,O
,কবুতর,B-ANI
,আকাশে,O
,উড়েড়,O
Sentence: 1858,এগগা,O
,নতুন,O
,স্টোর,O
,রুম,O
,তৈরি,O
,কইরতাম,O
,হারেন,O
Sentence: 1859,সিলোট,B-LOC
,নগরীর,I-LOC
,শেখঘাট,I-LOC
,এলাকায়,O
,গড়ি,O
,উইঠছে,O
,বেশ,O
,কগুন,B-OBJ
,দাইড়বার,O
,কারখানা,O
Sentence: 1860,তেঁতুল,B-FOOD
,এর,I-FOOD
,টক,I-FOOD
,দি,O
,ফুসকা,B-FOOD
,খাইয়ুম,O
Sentence: 1861,কাচা,B-FOOD
,আমের,I-FOOD
,শরবত,I-FOOD
,মেলা,O
,চুয়া,O
Sentence: 1862,শইষ্যার,B-FOOD
,তেল,B-FOOD
,দি,O
,ঝালমুড়ি,B-FOOD
,বানাও,O
Sentence: 1863,এই,O
,বেকুব,O
,কোনো,O
,বিষয়েই,O
,জানে,O
,না,O
Sentence: 1864,ঘামে,O
,শরীর,O
,এর,O
,তুন,O
,যেই,O
,খনিজ,O
,লবন,B-OBJ
,ও,O
,হানি,I-OBJ
,বাইর,O
,অই,O
,যায়,O
,হেটার,O
,মেলাটায়,O
,পুরন,O
,কইরতাম,O
,হারে,O
,লাউ,B-FOOD
Sentence: 1865,বাংলাদেশ,B-LOC
,এ,O
,জনপ্রিয়,O
,সবজির,B-FOOD
,অন্যতম,O
,লাউ,B-FOOD
,যেটা,O
,অন,O
,প্রায়,O
,সারাবছরই,O
,এ,O
,হান,O
,যায়,O
Sentence: 1866,ওজন,O
,কমাইবার,O
,লাই,O
,শষার,B-FOOD
,সুপ,I-FOOD
,খান,O
,যায়,O
Sentence: 1867,এই,O
,তেতুলইর,B-FOOD
,নাম,O
,লইলে,O
,মুখে,O
,হানি,O
,আইয়ে,O
,না,O
,এইক্কান,O
,মানুষ,O
,খুজি,O
,পাওয়া,O
,কঠিন,O
Sentence: 1868,আবেগপ্রবন,O
,মানুষ,O
,বোকা,O
,থায়,O
Sentence: 1869,প্রথম,O
,দেখাত,O
,কুনুগারে,O
,সরল,O
,মনে,O
,বিশ্বাস,O
,কইরতে,O
,যাইয়েন,O
,না,O
Sentence: 1870,লবন,B-FOOD
,ছাড়া,O
,তারকারি,B-FOOD
,যেইক্কান,O
,স্বাদহীন,O
,বিশ্বাস,O
,ছাড়া,O
,সম্পর্ক,O
,হেক্কান,O
,মূ্ল্যহীন,O
Sentence: 1871,কাউরে,O
,মিত্যা,O
,কই,O
,হাসানির,O
,তুন,O
,সত্যি,O
,কই,O
,কাদানি,O
,ভালা,O
Sentence: 1872,একে,O
,অফরের,O
,প্রতি,O
,যত,O
,বেশী,O
,বিশ্বাস,O
,থাইকব,O
,হেতাগো,O
,ভালোবাসার,O
,পাল্লা,O
,ততবেশি,O
,ভারী,O
,অইব,O
Sentence: 1873,বৃষ্টি,O
,বাড়ি,O
,তাফমাত্রা,O
,কইমবার,O
,সুখবর,O
,দিছে,O
,আবহাওয়া,O
,অধিদপ্তর,B-ORG
Sentence: 1874,হুরা,O
,বর্ষার,O
,ভিত্তে,O
,আতে,O
,গোনা,O
,কয়েকদিন,O
,বৃষ্টি,O
,অইবার,O
,হরেদি,O
,আর,O
,মেগের,O
,দেয়া,O
,নাই,O
Sentence: 1875,খাইবার,O
,অনেক,O
,আগেই,O
,যদি,O
,ভাত,B-FOOD
,রান্দা,O
,অই,O
,যায়,O
,তই,O
,ডাকনা,B-OBJ
,হরাই,O
,এগগা,O
,তোয়াইল্লা,B-OBJ
,দি,O
,ঢাকি,O
,রাক,O
Sentence: 1876,বাংলাদেশে,B-LOC
,চৌষট্টি,O
,গা,O
,জেলা,B-LOC
Sentence: 1877,আন্ডা,O
,বেজ্ঞুন,O
,কাইল্লা,O
,বাইরে,O
,গেসিলাম,O
Sentence: 1878,তোওয়ার,O
,কথা,O
,কইবার,O
,ধরন,O
,অনেক,O
,সুন্দর,O
Sentence: 1879,বরিশালের,B-LOC
,মানুষ,O
,কেইচ্চা,O
,অয়,O
Sentence: 1880,খুলনা,B-LOC
,জেলা,I-LOC
,কি,O
,অনেক,O
,সুন্দর,O
Sentence: 1881,খুলনার,B-LOC
,মানুষ,O
,হেইচ্চা,O
,সুন্দর,O
,অয়,O
,না,O
Sentence: 1882,কোন,O
,সময়,O
,চিন্তা,O
,করি,O
,সাইসেন,O
,আই,O
,নো,O
,থাইকলে,O
,তোওয়ার,O
,কিয়া,O
,অইত,O
Sentence: 1883,এতো,O
,ভাবার,O
,সময়,O
,কন্ডে,O
Sentence: 1884,দুফুরে,O
,রোদে,O
,আই,O
,কালা,O
,অই,O
,গেসি,O
Sentence: 1885,আই,O
,জানি,O
,তুই,O
,চিঠি,B-OBJ
,ইয়া,O
,এখনো,O
,হইরতে,O
,শুরু,O
,কইরব,O
Sentence: 1886,আম,B-FOOD
,দি,O
,বানাই,O
,হেলতে,O
,হাইরবেন,O
,শরবন,B-FOOD
Sentence: 1887,আইজ্জা,O
,স্কুলে,B-ORG
,তোন্ডার,O
,কিয়া,O
,কিয়া,O
,হরাইসে,O
Sentence: 1888,আরে,O
,আগের,O
,কোনো,O
,কথা,O
,কিছুই,O
,মনে,O
,নাই,O
Sentence: 1889,তুই,O
,এত,O
,অমনোযোগী,O
,অইলে,O
,হরিক্ষায়,O
,ভালা,O
,ফলাফল,O
,কইত্তোনো,O
Sentence: 1890,এই,O
,বিষয়,O
,কিয়া,O
,কইত্তাম,O
,আই,O
Sentence: 1891,হোয়রে,O
,মানুষ,O
,একজন,O
,আরেকজনের,O
,ফ্রতি,O
,হংসা,O
,করে,O
Sentence: 1892,আই,O
,আর,O
,বাসার,O
,সামনে,O
,খেলার,B-LOC
,মাঠেত্তে,I-LOC
,খেলি,O
Sentence: 1893,আম,B-FOOD
,দি,O
,শরবত,B-FOOD
,বানাই,O
,খো,O
Sentence: 1894,ঠান্ডা,B-FOOD
,শরবত,I-FOOD
,বানাই,O
,খো,O
Sentence: 1895,এতো,O
,চিন্তা,O
,করা,O
,লাইগদোনো,O
,নিজেরে,O
,লই,O
,ভাবো,O
Sentence: 1896,আরে,B-FOOD
,আন্ডা,O
,দেশে,B-LOC
,ফলের,B-FOOD
,রাজা,O
,বলা,O
,অয়,O
Sentence: 1897,তুই,O
,দেখতে,O
,সুন্দর,O
,নো,O
,অইলেও,O
,আই,O
,তোওয়ারেই,O
,চাই,O
Sentence: 1898,হেডে,O
,অনেক,O
,হুলিশ,B-ROLE
,দেখি,O
,বাসার,O
,মুই,O
,হিচ্ছিলাম,O
Sentence: 1899,আমি,O
,চলি,O
,যাইর,O
,তোওয়ার,O
,আর,O
,কোন,O
,দিন,O
,ফোন,B-OBJ
,দি,O
,কইতান্নো,O
,এক্কেনা,O
,সময়,O
,দো,O
Sentence: 1900,বুঝি,O
,উঠতাম,O
,হারিয়ের,O
,না,O
,কিয়া,O
,কইত্তাম,O
Sentence: 1901,আন্নের,O
,সব,O
,কথা,O
,ঠিক,O
,আছে,O
Sentence: 1902,আই,O
,ভালা,O
,পোলা,O
Sentence: 1903,বিয়ার,O
,লাই,O
,আব্বা,B-REL
,আর,O
,লাই,O
,মাইয়া,O
,খুঁজের,O
Sentence: 1904,আম্মা,B-REL
,আরে,O
,কাইলগা,O
,একটা,O
,পোলার,O
,লোগে,O
,দেয়া,O
,কইরতে,O
,কৈসিলো,O
Sentence: 1905,পোলাডারে,O
,আর,O
,ভালা,O
,লাগসে,O
Sentence: 1906,পোলাডা,O
,হয়তো,O
,আরেকটা,O
,মাইয়ারে,O
,ভালোবাসে,O
Sentence: 1907,মাইয়াটার,O
,লাইগা,O
,পোলাডা,O
,সব,O
,সময়,O
,বসি,O
,থাকে,O
Sentence: 1908,পোলাডা,O
,কিল্লাই,O
,যে,O
,মাইয়াডার,O
,মনের,O
,কথা,O
,বুঝতে,O
,পারে,O
,না,O
Sentence: 1909,মাইয়া,O
,বুজ্জে,O
,যে,O
,পোলাডা,O
,হিগার,O
,মনের,O
,কথা,O
,ভালা,O
,করি,O
,বুঝে,O
,নো,O
Sentence: 1910,একদিন,O
,না,O
,একদিন,O
,মাইয়া,O
,ইগা,O
,পোলাগোরে,O
,ভালাবাসব,O
Sentence: 1911,তুই,O
,আরে,O
,দোহাই,O
,লাগে,O
,আর,O
,জলাইস,O
,না,O
Sentence: 1912,হেতে,O
,ইগারে,O
,মেলা,O
,তেক্ত,O
,করে,O
Sentence: 1913,হেতন,O
,রে,O
,লই,O
,আই,O
,আড়,B-LOC
,গেরামের,I-LOC
,বাইত,O
,যামু,O
Sentence: 1914,এবার,O
,ছুডি,O
,সিলোট,B-LOC
,গুইত্যাম,O
,জাইয়ুম,O
Sentence: 1915,আই,O
,যারে,O
,বালাবাশি,O
,হেতে,O
,শিলোট,B-LOC
,থায়,O
Sentence: 1916,য়ার,O
,অন,O
,বই,B-OBJ
,লাইগদো,O
,নও,O
Sentence: 1917,তুই,O
,কি,O
,এই,O
,বই,B-OBJ
,হইটটে,O
,ছাস,O
Sentence: 1918,হেতে,O
,কি,O
,এই,O
,বই,B-OBJ
,হইটটে,O
,চায়,O
Sentence: 1919,আন্নে,O
,কি,O
,এই,O
,বই,B-OBJ
,হইটটে,O
,চান,O
Sentence: 1920,য়ার,O
,বই,B-OBJ
,হইটটে,O
,বালা,O
,লাগে,O
Sentence: 1921,তোর,O
,য়ারে,O
,চিনোন,O
,লাইগদ,O
,ন,O
Sentence: 1922,মেলা,O
,রাইত,O
,অই,O
,গেছে,O
,অন,O
,ঘুমাই,O
,হরো,O
Sentence: 1923,তোরে,O
,অনেক,O
,হরালেয়া,O
,কইত্তে,O
,অইবো,O
Sentence: 1924,তোর,O
,হরালেয়া,O
,কইত্তে,O
,ভালা,O
,লাগে,O
,না,O
Sentence: 1925,আর,O
,হরালেয়া,O
,কইত্তে,O
,অইবো,O
Sentence: 1926,হেতে/,O
,হেতি,O
,অনেক,O
,ভালো,O
,রান্দে,O
Sentence: 1927,আই,O
,এককান,O
,স্কুলে,B-ORG
,হড়ালেয়া,O
,করি,O
Sentence: 1928,আর,O
,ছোড,B-REL
,বইন,I-REL
,এককান,O
,স্কুলে,B-ORG
,হড়,O
Sentence: 1929,আর,O
,ছোড,B-REL
,ভাই,I-REL
,এককান,O
,স্কুলে,B-ORG
,হড়ালেয়া,O
,করে,O
Sentence: 1930,আর,O
,স্কুলে,B-ORG
,যাইতো,O
,ভালা,O
,লাগে,O
,না,O
Sentence: 1931,আর,O
,বিয়ার,O
,বয়স,O
,হার,O
,অই,O
,যার,O
Sentence: 1932,আহাইরে,O
,তোওর,O
,মনে,O
,কত,O
,বেদনা,O
Sentence: 1933,আই,O
,ঘুমাইতাম,O
,যাইয়ুম,O
Sentence: 1934,আই,O
,নাইচতাম,O
,হারি,O
Sentence: 1935,আই,O
,হাফুরকাইটতাম,O
,হছন্দ,O
,করি,O
Sentence: 1936,আই,O
,তোওর,O
,বাসাত,O
,ঘুইরতাম,O
,আমু,O
Sentence: 1937,হেতে,O
,হেতার,O
,গেরামের,B-LOC
,বাইত,I-LOC
,ঘুইরতো,O
,গেছে,O
Sentence: 1938,আর,O
,বন্দু,B-REL
,মানষিকভাবে,O
,দুর্বল,O
Sentence: 1939,এইক্কান,O
,অবস্তাত,O
,হেতার,O
,কি,O
,করন,O
,উচিত,O
Sentence: 1940,আর,O
,দুইআন,O
,লেদা,O
,বাইচ্চা,O
,আছে,O
Sentence: 1941,আর,O
,জামাইরে,B-REL
,আই,O
,অনেক,O
,ভালোবাসি,O
Sentence: 1942,মেলাদিন,O
,হর,O
,আন্নের,O
,লগে,O
,দেয়া,O
Sentence: 1943,আন্নে,O
,কেইক্কান,O
,আছেন,O
Sentence: 1944,আন্নের,O
,কি,O
,আর,O
,কতা,O
,মনে,O
,আছে,O
,নি,O
,অনো,O
Sentence: 1945,আর,O
,হরালেয়া,O
,কইত্তে,O
,ভালা,O
,লাগে,O
,না,O
Sentence: 1946,আর,O
,স্বপ্ন,O
,বিদেশ,B-LOC
,যাই,O
,হরালেয়া,O
,করুম,O
Sentence: 1947,আন্নের,O
,লগে,O
,কতা,O
,কই,O
,অনেক,O
,ভালা,O
,লাইগছে,O
Sentence: 1948,মেলা,O
,মাইনষে,O
,কয়,O
,প্রেম,O
,কইরলে,O
,মানুষ,O
,বেকুক,O
,অয়,O
Sentence: 1949,অনেকে,O
,এটাও,O
,কয়,O
,বিয়া,O
,কইরলে,O
,বলে,O
,মানুষ,O
,গাদা,O
,অয়,O
Sentence: 1950,এগগা,O
,মানুষ,O
,মরি,O
,গেছে,O
Sentence: 1951,তুই,O
,এত,O
,হইনি,O
,আগে,O
,কিল্লাই,O
,কসসো,O
Sentence: 1952,আই,O
,আগেই,O
,কইছি,O
,তুউই,O
,ছাড়া,O
,আর,O
,এই,O
,হিতিবিতে,B-LOC
,আর,O
,কিছু,O
,নাই,O
Sentence: 1953,মনের,O
,ভালোবাসা,O
,আজীবন,O
,থাইকব,O
Sentence: 1954,জীবনের,O
,কিছু,O
,হত,O
,একলা,O
,চলন,O
,হেক্কান,O
,কঠিন,O
,নো,O
Sentence: 1955,জীবন,O
,অইচে,O
,বাইচবার,O
,লাই,O
Sentence: 1956,মন,O
,অইছে,O
,দিবার,O
,লাই,O
Sentence: 1957,ভালোবাসা,O
,অইছে,O
,সারাজীবন,O
,পাশে,O
,থাইকবার,O
,লাই,O
Sentence: 1958,আই,O
,কিছু,O
,ভাগবতাম,O
,হারিনা,O
,তোয়ারে,O
,ছাড়া,O
Sentence: 1959,আই,O
,কিছু,O
,লিকতাম,O
,হারিনা,O
,তোয়ার,O
,নাম,O
,ছাড়া,O
Sentence: 1960,আই,O
,কিছু,O
,বুইজদাম,O
,চাইনা,O
,তোয়ারে,O
,ছাড়া,O
Sentence: 1961,ভালোবাসা,O
,এইক্কান,O
,কিল্লাই,O
,হয়,O
Sentence: 1962,যেত্তে,O
,হোলা,O
,বুঝে,O
,হেইত্তে,O
,মাইয়া,O
,বুঝে,O
,না,O
Sentence: 1963,ভালাবাশি,O
,তোমাকে,O
,বলা,O
,বাকি,O
Sentence: 1964,আমার,O
,মেলা,O
,গরম,O
,লাগের,O
Sentence: 1965,তোমার,O
,গরম,O
,লাগের,O
,নি,O
Sentence: 1966,আন্নের,O
,কি,O
,গরম,O
,লাগেনি,O
Sentence: 1967,আন্নে,O
,কি,O
,আরে,O
,ভালা,O
,ভাসেন,O
Sentence: 1968,তোয়ার,O
,লাই,O
,মনের,O
,ভিত্তে,O
,অফুরন্থ,O
,আশা,O
Sentence: 1969,সারাজীবন,O
,হাইতাম,O
,চাই,O
,তোমার,O
,ভালোবাসা,O
Sentence: 1970,আরাই,O
,যাইতাম,O
,ইচ্ছা,O
,করে,O
,মেলা,O
,দুরা,O
Sentence: 1971,চলোনা,O
,দুইজনি,O
,মিলি,O
,ঘুরি,O
,আই,O
Sentence: 1972,চলোনা,O
,দুইজন,O
,মিলি,O
,হাবুর,O
,কাডি,O
Sentence: 1973,বাস্তব,O
,কঠিন,O
,হইলেও,O
,মানায়,O
,লই,O
,চলন,O
,লাগে,O
Sentence: 1974,ফেসবুক,B-ORG
,এ,O
,এগগার,O
,লগে,O
,সম্পর্ক,O
,হইছে,O
Sentence: 1975,পোলাটা,O
,ভালা,O
,চাকরি,O
,করে,O
Sentence: 1976,এই,O
,পাঁচ,O
,মাসে,O
,পোলা,O
,হিগার,O
,পরিবার,O
,লই,O
,মাইয়ার,O
,বাসায়,O
,যায়,O
,না,O
Sentence: 1977,মাইয়া,O
,কইতাছে,O
,দরকার,O
,পড়লে,O
,আর,O
,পরিবার,O
,নি,O
,তোমার,O
,পরিবার,O
,এর,O
,লগে,O
,কথা,O
,কইব,O
Sentence: 1978,পরিবার,O
,বলতে,O
,বাপ,B-REL
,মা,B-REL
,ভাই,B-REL
,বইন,B-REL
,নিয়ে,O
Sentence: 1979,আর,O
,স্বামী,B-REL
,দুই,O
,বছর,O
,আগে,O
,আমগোরেরাই,O
,আলাদা,O
,হই,O
,গেছে,O
Sentence: 1980,আর,O
,হছন্দ,O
,অয়,O
,এইক্কান,O
,মাইয়া,O
,হেতাগো,O
,হছন্দ,O
,অয়না,O
Sentence: 1981,আন্নের,O
,বাবা,B-REL
,মার,B-REL
,যেহেতু,O
,স্বপ্ন,O
Sentence: 1982,হরে,O
,আন্নের,O
,অনেক,O
,আফসোস,O
,অইব,O
Sentence: 1983,হেতাগো,O
,এককান,O
,বাইচ্চা,O
,আছে,O
,হাচ,O
,বছরের,O
Sentence: 1984,দুইজন,O
,ই,O
,হেতাগো,O
,চাকরি,O
,লই,O
,বেস্ত,O
Sentence: 1985,সংসারে,O
,কেউ,O
,ঠীকমত,O
,সময়,O
,দিতাম,O
,হারেনা,O
Sentence: 1986,স্ত্রীর,B-REL
,অভিযোগ,O
,স্বামি,B-REL
,হেতার,O
,দায়িত্ব,O
,ঠিকমতো,O
,হালন,O
,করের,O
,না,O
Sentence: 1987,আন্নের,O
,নাম,O
,কিয়া,O
Sentence: 1988,তোয়ার,O
,নাম,O
,কিয়া,O
Sentence: 1989,তোয়ার,O
,বাবার,B-REL
,নাম,O
,কিয়া,O
Sentence: 1990,তোয়ার,O
,বাড়ি,B-LOC
,কোনাই,O
Sentence: 1991,তোয়ার,O
,মার,B-REL
,নাম,O
,কিয়া,O
Sentence: 1992,হরে,O
,খুজি,O
,নাও,O
,হাইতাম,O
,হারি,O
Sentence: 1993,হেতাগো,O
,লগে,O
,আই,O
,মেলা,O
,সময়,O
,আনন্দে,O
,ভরি,O
,থাই,O
Sentence: 1994,আর,O
,বন্দুঅগল,B-REL
,আরে,O
,ভালোবাসা,O
,দেয়,O
Sentence: 1995,আমরা,O
,বেকে,O
,সবসময়,O
,একসাথে,O
,হাসিখুশি,O
,থাই,O
,সময়,O
,কাডাই,O
Sentence: 1996,আংগোর,O
,ভিত্তে,O
,কোন,O
,ঝগড়া,O
,নাই,O
Sentence: 1997,আর,O
,বইন,B-REL
,আর,O
,লগে,O
,বেকসময়,O
,থাইকতাম,O
,চায়,O
Sentence: 1998,আই,O
,আর,O
,ভাইরে,B-REL
,অনেক,O
,ভালোবাসি,O
Sentence: 1999,আই,O
,আর,O
,বইনরে,B-REL
,অনেক,O
,ভালোবাসি,O
Sentence: 2000,এককান,O
,গেরামে,B-LOC
,একজন,O
,খারাপ,O
,হোলা,O
,থাইকত,O
Sentence: 2001,হেতে,O
,বেক,O
,সময়,O
,মিত্যা,O
,কতা,O
,কইত,O
Sentence: 2002,বেকে,O
,হেতারে,O
,মেলা,O
,ভয়,O
,হাইত,O
Sentence: 2003,কেউ,O
,তোরে,O
,ভালোব্যাইসত,O
,নাহ,O
Sentence: 2004,হেতে,O
,বহুত,O
,খারাপ,O
,আছিলো,O
Sentence: 2005,গ্যেরামের,B-LOC
,মানুষঅগল,O
,হোলাগার,O
,তুন,O
,দূরে,O
,থ্যাইকবের,O
,চেষ্টা,O
,কইতো,O
Sentence: 2006,আন্নে,O
,এতো,O
,খারাপ,O
,অই,O
,কিল্লাই,O
,আছেন,O
Sentence: 2007,খাইবের,O
,সময়,O
,বহুত,O
,বেদনা,O
,করের,O
,দাঁতে,O
Sentence: 2008,ইয়া,O
,কেচ্ছা,O
,প্রশ্ন,O
Sentence: 2009,তুুওই,O
,কন্ডে,O
,থাকো,O
Sentence: 2010,আন্ডা,O
,কিল্লাই,O
,যাইর,O
,না,O
Sentence: 2011,কামে,O
,গাফেলতি,O
,করিও,O
,না,O
Sentence: 2012,আন্নেরে,O
,কেন্নে,O
,সাহায্য,O
,কইরতাম,O
,হারি,O
Sentence: 2013,আই,O
,বাংলা,O
,কতা,O
,বুজি,O
Sentence: 2014,আই,O
,আন্নের,O
,লগে,O
,আছি,O
Sentence: 2015,আন্নে,O
,কি,O
,ইজ্ঞা,O
,বাংলা,O
,গান,O
,গাইতে,O
,হাইরবেন,O
Sentence: 2016,আই,O
,আন্নেরে,O
,কোনোদিন,O
,ভুইলতাম,O
,হাইতান্ন,O
Sentence: 2017,আন্নে,O
,কি,O
,ইয়ানে,O
,রাস্তা,B-LOC
,দেখতে,O
,হারেন,O
Sentence: 2018,আই,O
,আন্নের,O
,কাছে,O
,আইতাম,O
,চাই,O
Sentence: 2019,আন্নে,O
,কি,O
,হড়ালেয়া,O
,ক্যরতে,O
,হারেন,O
Sentence: 2020,আই,O
,আন্নের,O
,লাই,O
,অপেক্ষা,O
,ক্যরতে,O
,হারি,O
Sentence: 2021,আন্নে,O
,কি,O
,আর,O
,প্রশ্নের,O
,জবাব,O
,দিতে,O
,হারেন,O
Sentence: 2022,আই,O
,আন্নের,O
,কাছেের,O
,তুন,O
,এজ্ঞা,O
,গল্প,O
,হুইন্তাম,O
,চাই,O
Sentence: 2023,আন্নে,O
,কি,O
,আরে,O
,এজ্ঞা,O
,ছবি,O
,তুলতে,O
,হারেন,O
Sentence: 2024,আই,O
,আন্নের,O
,লগে,O
,এজ্ঞা,O
,কতা,O
,কইতাম,O
,চাই,O
Sentence: 2025,আন্নে,O
,কি,O
,কোনো,O
,ভুল,O
,করেন,O
,নি,O
Sentence: 2026,আন্নে,O
,কি,O
,এজ্ঞা,O
,বাংলা,B-OBJ
,বই,I-OBJ
,হরইত্ত্বে,O
,হারেন,O
Sentence: 2027,আই,O
,আন্নে্র,O
,কাছে,O
,পরামশ,O
,চাই,O
Sentence: 2028,আই,O
,আন্নের,O
,লগে,O
,থ্যাইকতে,O
,চাই,O
Sentence: 2029,আন্নে,O
,কি,O
,এ,O
,জায়গায়,O
,ঘুরতে,O
,হারেন,O
Sentence: 2030,আন্নে,O
,কি,O
,গান,O
,ল্যিকতে,O
,হারেন,O
Sentence: 2031,আই,O
,আন্নের,O
,লগে,O
,প্রেম,O
,করি,O
Sentence: 2032,আন্নে,O
,কি,O
,ইজ্ঞা,O
,বাংলা,O
,নাটক,O
,দেখতে,O
,হারেন,O
Sentence: 2033,আই,O
,আন্নের,O
,কাছে,O
,শিক্ষা,O
,নিতাম,O
,চাই,O
Sentence: 2034,আই,O
,আন্নের,O
,লগে,O
,হ্যাইজলামি,O
,ক্যরতাম,O
,চাই,O
Sentence: 2035,আন্নে,O
,কি,O
,কোনো,O
,ভুল,O
,ব্যুইজতে,O
,হারেন,O
Sentence: 2036,আই,O
,আন্নের,O
,লগে,O
,সময়,O
,কাটাতাম,O
,চাই,O
Sentence: 2037,আন্নে,O
,কি,O
,বাংলা,O
,কবিতা,O
,ল্যিকতে,O
,হারেন,O
Sentence: 2038,আর,O
,বাংলা,O
,বুইজতে,O
,আসুবিধা,O
,হর,O
Sentence: 2039,আই,O
,বাংলা,O
,কতা,O
,কইতাম,O
,হারি,O
Sentence: 2040,আই,O
,বুইজতাম,O
,হ্যারিয়ের,O
,না,O
Sentence: 2041,আর,O
,বাইচ্চা,B-REL
,এজ্ঞা,O
,মাইয়া,B-REL
,আছে,O
Sentence: 2042,আন্নে,O
,কি,O
,ইজ্ঞা,O
,শহরে,B-LOC
,যাবেন,O
Sentence: 2043,আই,O
,ইয়ানে,O
,থাকুম,O
Sentence: 2044,আর,O
,ব্যাই,O
,দূরে,O
,আছে,O
Sentence: 2045,আর,O
,বাবা,B-REL
,একজন,O
,ডাক্তর,B-ROLE
Sentence: 2046,তুই,O
,কি,O
,কোনোদিন,O
,ইয়ানে,O
,আইতে,O
,হ্যাইরবি,O
Sentence: 2047,তুই,O
,কি,O
,আর,O
,লগে,O
,য্যাইবি,O
Sentence: 2048,তুই,O
,কি,O
,বাংলা,O
,গান,O
,হুনতে,O
,হারিস,O
Sentence: 2049,আই,O
,বহুত,O
,খুশি,O
Sentence: 2050,আর,O
,বইগা,B-OBJ
,কন্ডে,O
Sentence: 2051,তুই,O
,কি,O
,খেলতে,O
,ভালোবাসিস,O
Sentence: 2052,আর,O
,ব্যাইত,O
,বহুত,O
,সুন্দর,O
,ফুল,B-OBJ
,আছে,O
Sentence: 2053,তুই,O
,কি,O
,আর,O
,বন্ধু,B-REL
,হইতে,O
,চাস,O
Sentence: 2054,আই,O
,ইয়ানে,O
,হইত্যদিন,O
,আয়ই,O
Sentence: 2055,তুই,O
,কি,O
,খেলাধুলায়,O
,ভালা,O
Sentence: 2056,তোর,O
,কি,O
,খাওয়ার,O
,লাই,O
,সময়,O
,আছে,O
Sentence: 2057,আন্নে,O
,কি,O
,গা্ন,O
,হুনতে,O
,পছন্দ,O
,করেন,O
Sentence: 2058,আর,O
,ফ্রিয়,O
,হ্যল,B-FOOD
,আম,B-FOOD
Sentence: 2059,আরে,O
,লই,O
,বিদ্যেসে,B-LOC
,ঘুইরতে,O
,যাইবা,O
Sentence: 2060,হেতে,O
,বিদ্যেসে,B-LOC
,যাইবো,O
Sentence: 2061,হেতের,O
,এ,O
,মাসে,O
,বিদ্যেসে,B-LOC
,যাইবের,O
,কতা,O
,ছিল,O
Sentence: 2062,হেতে,O
,বিদ্যেসে,B-LOC
,যাইতো,O
,চায়,O
,না,O
Sentence: 2063,আন্নে,O
,কি,O
,বিদ্যেসে,B-LOC
,যাইতেন,O
,চান,O
Sentence: 2064,হেতেরা,O
,তিন,O
,ভাই,B-REL
,আছিল,O
,কিন্তু,O
,হেতেগোর,O
,মা,B-REL
,আছিলনা,O
Sentence: 2065,বনের,B-LOC
,ভিত্ত্বে,O
,ছোড,O
,জায়গায়,O
,হেতেরা,O
,তিন,O
,ভাই,B-REL
,একলগে,O
,থ্যাইকতো,O
Sentence: 2066,একসময়,O
,এক,O
,রাজার,B-ROLE
,এজ্ঞা,O
,হাতি,B-ANI
,আছিল,O
Sentence: 2067,আই,O
,বেইন্না,O
,হড়ালেয়া,O
,করি,O
,মন,O
,সচেতন,O
,রাখি,O
Sentence: 2068,বেয়ানের,O
,শুরুতেই,O
,হড়ালেয়া,O
,শুরু,O
,করা,O
,বালা,O
,হয়,O
Sentence: 2069,আই,O
,আইজ্জ্যা,O
,রাইচ্চা,O
,খানা,B-FOOD
,খাইতান্ন,O
Sentence: 2070,কিল্লাই,O
,আইজ্জ্যা,O
,রাইচ্চা,O
,খাইতি,O
,ন,O
Sentence: 2071,আর,O
,খিদা,O
,লাগে,O
,ন,O
Sentence: 2072,চল,O
,বেকে,O
,মেলি,O
,ঘ্যুইরতাম,O
,যাই,O
Sentence: 2073,বহুুত,O
,দূরে,O
,যিয়ানে,O
,কেউ,O
,নাই,O
Sentence: 2074,তুউই,O
,কেইক্কান,O
,আছো,O
Sentence: 2075,তুই,O
,কি,O
,চাকরি,O
,করোর,O
,অনো,O
Sentence: 2076,তুই,O
,কিয়া,O
,হড়ালেয়া,O
,করোর,O
Sentence: 2077,আই,O
,অন,O
,ঢাকা,B-ORG
,বিশ্ববিদ্যালয়,I-ORG
,হরালেয়া,O
,করি,O
Sentence: 2078,আই,O
,বিজ্ঞানে,O
,মাসটার,O
,অর্জন,O
,কইচ্ছী,O
Sentence: 2079,আন্নে,O
,যেনে,O
,আগাই,O
,জানেন,O
,হেটা,O
,গর্বের,O
,বিষয়,O
Sentence: 2080,আই,O
,হরে,O
,আন্নের,O
,দোয়ানে,O
,আইয়ুম,O
Sentence: 2081,আর,O
,বড়,B-REL
,জীর,I-REL
,বিয়ার,O
,জোগাড়,O
,চলের,O
Sentence: 2082,বিয়ার,O
,তারিক,O
,কোনসুমে,O
,ঠিক,O
,করন,O
,অইছে,O
Sentence: 2083,অন,O
,হইযনত,O
,বেককিছু,O
,ঠিকঠাক,O
,যোগাড়,O
,কইচ্ছি,O
Sentence: 2084,সাহায্যের,O
,লাই,O
,আই,O
,ইয়ানে,O
,আছি,O
Sentence: 2085,আই,O
,সাগর,B-LOC
,মেলা,O
,হছন্দ,O
,করি,O
Sentence: 2086,তুউই,O
,কিল্লাই,O
,সাগর,B-LOC
,হছন্দ,O
,করো,O
Sentence: 2087,সাগরের,O
,হানি,O
,অনেক,O
,নীশ,B-COL
Sentence: 2088,তোয়ার,O
,নাম,O
,কি,O
Sentence: 2089,চলো,O
,হালাই,O
,যাই,O
Sentence: 2090,আর,O
,ফকেট,B-OBJ
,মানি,I-OBJ
,লাইগব,O
Sentence: 2091,এত,O
,টেয়া,B-OBJ
,কোনাই,O
,হাইয়ুম,O
Sentence: 2092,টেয়া,B-OBJ
,দি,O
,কিইরবা,O
Sentence: 2093,এগগা,O
,গাড়ি,B-OBJ
,কিনিয়ুম,O
Sentence: 2094,কালা,B-COL
,রং,I-COL
,আর,O
,মেলা,O
,প্রিয়,O
Sentence: 2095,তোয়ার,O
,হিয়,O
,রং,B-COL
,কিয়া,O
Sentence: 2096,তুউই,O
,কি,O
,দেইকছো,O
Sentence: 2097,আরে,O
,ছাড়া,O
,ভালা,O
,থাকিও,O
Sentence: 2098,আর,O
,বয়স,O
,অল্ফ,O
Sentence: 2099,ভুল,O
,করিআলাইছি,O
Sentence: 2100,তুউই,O
,চাইলে,O
,আই,O
,চাদ,O
,আনি,O
,দিয়ুম,O
Sentence: 2101,সকালে,O
,চা,B-FOOD
,খাইবা,O
Sentence: 2102,এককানা,O
,ইমি,O
,আয়,O
Sentence: 2103,হোলাগা,O
,অনেক,O
,মেদাবি,O
Sentence: 2104,মাইয়াগা,O
,হোলাগারে,O
,ভালোবাইসত,O
Sentence: 2105,মাইয়াগা,O
,অনেক,O
,বুদ্ধিমতি,O
Sentence: 2106,মাইয়াগা,O
,অংকে,O
,কাচা,O
Sentence: 2107,আই,O
,হেতের,O
,নাম,O
,জানি,O
Sentence: 2108,হেতে,O
,আর,O
,গেরামের,B-LOC
,বাড়ীত,I-LOC
,আইছিলো,O
Sentence: 2109,উনি,O
,গেরাম,B-LOC
,তুন,O
,ঢাকায়,B-LOC
,আইছিলেন,O
Sentence: 2110,হেতে,O
,ঢাকার,B-LOC
,তুন,O
,গেরামে,B-LOC
,গেছিলো,O
Sentence: 2111,হেতে,O
,রাইতে,O
,ঘুমাইতে,O
,গেছিলেন,O
Sentence: 2112,হেতে,O
,বাগানে,B-LOC
,দৌড়ায়,O
Sentence: 2113,হেতে,O
,রাস্তার,B-LOC
,মাইঝখানে,O
,দৌড়ায়,O
Sentence: 2114,আই,O
,তোমার,O
,লগে,O
,একমত,O
,অইতে,O
,হাইরতেছি,O
,না,O
Sentence: 2115,আই,O
,চেষ্টা,O
,কইরছিলাম,O
Sentence: 2116,আর,O
,বইকান,B-OBJ
,দেয়ান,O
Sentence: 2117,এক্কারি,O
,ঠিক,O
,কতা,O
,কইছেন,O
Sentence: 2118,বাগানের,B-LOC
,মইধ্যে,O
,দি,O
,কে,O
,দৌড়াইলো,O
Sentence: 2119,আন্নে,O
,খেলায়,O
,জিতছেন,O
Sentence: 2120,তুমি,O
,খেলায়,O
,জিতলা,O
Sentence: 2121,তুমি,O
,যাও,O
,ইয়ান,O
,তুন,O
Sentence: 2122,আন্নে,O
,যান,O
,ইয়ান,O
,তুন,O
Sentence: 2123,তুই,O
,যা,O
,ইয়ান,O
,তুন,O
Sentence: 2124,আন্নেরা,O
,হার্কে,B-LOC
,ঘুরি,O
,বেড়ান,O
Sentence: 2125,হেতনে,O
,চেষ্টা,O
,করেন,O
Sentence: 2126,হেতনে,O
,চেষ্টা,O
,করেন,O
,না,O
Sentence: 2127,তোর,O
,আব্বা,B-REL
,কেক্কা,O
,আছে,O
Sentence: 2128,আর,O
,বড়,B-REL
,আফার,I-REL
,আইজ্জা,O
,মন,O
,ভালা,O
,নাই,O
Sentence: 2129,তুই,O
,কি,O
,আরে,O
,এই,O
,কাম,O
,আন,O
,করি,O
,দিতা,O
,হাইরবা,O
,নি,O
Sentence: 2130,এই,O
,গরমেত্তে,O
,বাইর,O
,অইত,O
,ইচ্ছা,O
,করে,O
,না,O
Sentence: 2131,তোর,O
,বেক,O
,কতাই,O
,ভুল,O
Sentence: 2132,তোর,O
,মতো,O
,শয়তান,O
,হোলা,O
,আই,O
,এইগগাও,O
,দেই,O
,নো,O
Sentence: 2133,বিয়ার,O
,লাই,O
,আর,O
,আম্মা,B-REL
,আর,O
,লাই,O
,হোলা,O
,টোগার,O
Sentence: 2134,কাইল্গা,O
,আব্বা,B-REL
,আরে,O
,এক,O
,হোলার,O
,লগে,O
,দেয়া,O
,কইরতে,O
,কইছিলো,O
Sentence: 2135,হোলাগারে,O
,আর,O
,এক্কানাও,O
,ভালা,O
,লাগে,O
,নো,O
Sentence: 2136,মাইয়া,O
,গা,O
,গোলাপি,B-COL
,রঙের,I-COL
,কার,B-OBJ
,হিনছিলো,O
Sentence: 2137,দুইদিন,O
,হরে,O
,আর,O
,বিয়া,O
,ওইবো,O
Sentence: 2138,হোলাগা,O
,অন,O
,আর,O
,বিয়ালে,O
,খেলতো,O
,বার,O
,ওনা,O
Sentence: 2139,মাইয়া,O
,গা,O
,সকালে,O
,উঠিই,O
,হইরতো,O
,বইয়ে,O
Sentence: 2140,কাইল্গা,O
,আর,O
,চাচা,B-REL
,বিদাশ,B-LOC
,তুন,O
,বাংলাদেশে,B-LOC
,আইছে,O
Sentence: 2141,আর,O
,বাসার,B-ROLE
,দারোয়ান,I-ROLE
,মেলা,O
,ভালা,O
,মানুষ,O
Sentence: 2142,আর,O
,বন্ধু,B-REL
,খুলনা,B-LOC
,ঘুইত্তো,O
,গেছে,O
Sentence: 2143,আর,O
,ঘুইত্তে,O
,মেলা,O
,ভালা,O
,লাগে,O
Sentence: 2144,আই,O
,বিদেশ,B-LOC
,যাই,O
,ঘুরত্তাম,O
,চাই,O
Sentence: 2145,তুই,O
,আরে,O
,জালাইয়ো,O
,নাহ,O
,তো,O
Sentence: 2146,হেতন,O
,আরে,O
,মেলা,O
,অপমান,O
,কইচ্ছে,O
Sentence: 2147,আর,O
,বেনে,O
,উঠি,O
,বই,B-OBJ
,হইরতে,O
,মেলা,O
,ভাল্লাগে,O
Sentence: 2148,আর,O
,ভাই,B-REL
,ছোডগা,I-REL
,এক্কারেই,O
,হড়ালেয়া,O
,কইরতো,O
,চায়,O
,না,O
Sentence: 2149,আর,O
,ভাই,B-REL
,ছোডগা,I-REL
,ইস্কুলে,B-ORG
,যাইতো,O
,চায়,O
,নাহ,O
Sentence: 2150,আর,O
,ছোড,B-REL
,ভাইয়ের,I-REL
,ইস্কুলে,B-ORG
,যাই,O
,হরালেয়া,O
,করতে,O
,চায়,O
,না,O
Sentence: 2151,আই,O
,একদিন,O
,ইস্কুলের,B-LOC
,মাঠে,I-LOC
,মাতা,O
,ঘুরি,O
,হরি,O
,গেছিলাম,O
Sentence: 2152,আন্নে,O
,কি,O
,আরে,O
,কোনদিন,O
,ভালা,O
,বাইসতেন,O
,নো,O
Sentence: 2153,আর,O
,বন্ধু,B-REL
,আইজকা,O
,ফুটবল,B-OBJ
,খেলছে,O
Sentence: 2154,তুই,O
,আর,O
,মনের,O
,কতা,O
,এক্কারেই,O
,বুঝো,O
,নাহ,O
Sentence: 2155,আর,O
,মা,B-REL
,এক্কারে,O
,অনেক,O
,ভালা,O
,রাইন্তো,O
,হারে,O
Sentence: 2156,আর,O
,বন্ধু,B-REL
,ওনগা,O
,ঘুমাইতো,O
,যাইবো,O
Sentence: 2157,আর,O
,বইন,B-REL
,ছোডগা,I-REL
,নাইচতো,O
,হারে,O
Sentence: 2158,আর,O
,বন্ধু,B-REL
,এইবার,O
,ছুডিট,O
,রাজশাহী,B-LOC
,বেরাইতো,O
,যাইবো,O
Sentence: 2159,আর,O
,বন্ধু,B-REL
,জিগারে,O
,ভালোবাসে,O
,হিগা,O
,রাজশাহী,B-LOC
,থায়,O
Sentence: 2160,মাইয়াগা,O
,রাজশাহীর,B-LOC
,তুন,O
,আর,O
,ভাইয়ার,B-REL
,লগে,I-REL
,দেয়া,O
,কইরতো,O
,আইছিলো,O
Sentence: 2161,মাইয়াগা,O
,অন,O
,সিলেট,B-LOC
,যাইবো,O
Sentence: 2162,আর,O
,বড়,B-REL
,ভাই,I-REL
,অন,O
,হের,O
,বন্ধুগো,B-REL
,লগে,O
,সিগারেট,B-OBJ
,খায়,O
,না,O
Sentence: 2163,আন্নে,O
,কি,O
,আরে,O
,আগে,O
,কোনদিন,O
,দেখছেন,O
,নি,O
Sentence: 2164,আন্নে,O
,কি,O
,আরে,O
,চিনতেন,O
,হাইরছেন,O
,নি,O
Sentence: 2165,হোলাগা,O
,আরে,O
,চিনতো,O
,হারে,O
,নো,O
Sentence: 2166,মাইয়াগা,O
,আরে,O
,চিনতো,O
,হারে,O
,নো,O
Sentence: 2167,আর,O
,ওনগা,O
,হরালেয়া,O
,করা,O
,উচিত,O
Sentence: 2168,মেলা,O
,রাইত,O
,ওইছে,O
,অনগা,O
,আর,O
,ছোড,B-REL
,বইন,I-REL
,ঘুমাইতো,O
,যাইবো,O
Sentence: 2169,আর,O
,হরিক্ষার,O
,আগে,O
,দি,O
,আর,O
,বেগগিন,O
,লই,O
,হরালেয়া,O
,করন,O
,লাইগবো,O
Sentence: 2170,আর,O
,ভাই,B-REL
,ইস্কুলে,B-ORG
,যাই,O
,বন্ধুগো,B-REL
,লগে,O
,আড্ডা,O
,দেয়,O
Sentence: 2171,আর,O
,বন্ধু,B-REL
,ইস্কুলের,B-LOC
,মাঠে,I-LOC
,আই,O
,হত্তিদিন,O
,ব্যাড,O
,বল,O
,খেলে,O
Sentence: 2172,এইজ্ঞা,O
,ছোডাে,O
,হোলা,O
,ফুটপাতে,B-LOC
,লাফার,O
Sentence: 2173,আর,O
,বান্ধুবি,B-REL
,হেতির,O
,জামাইরে,B-REL
,মেলা,O
,ভালোবাসে,O
Sentence: 2174,আর,O
,বউ,B-REL
,আরে,O
,ভালোবাসে,O
,নাহ,O
Sentence: 2175,ইস্কুলে,B-ORG
,থাক্ততেই,O
,আর,O
,ভাইয়ের,B-REL
,লগে,O
,তোর,O
,বইনের,B-REL
,সম্পর্ক,O
,আছিলো,O
Sentence: 2176,কাইল্গা,O
,আর,O
,মেলা,O
,মাতা,O
,বেতা,O
,কইচ্ছে,O
Sentence: 2177,আই,O
,তোর,O
,কোনো,O
,কতাই,O
,বুইঝদাম,O
,হারি,O
,নো,O
Sentence: 2178,তোয়ার,O
,হাসির,O
,কাছে,O
,আর,O
,বেক,O
,কিছু,O
,এ,O
,হার,O
,মানি,O
,যায়,O
Sentence: 2179,তোর,O
,চোখ,O
,দুগা,O
,মেলা,O
,সুন্দর,O
Sentence: 2180,তোর,O
,লগে,O
,মেলাদিন,O
,হরে,O
,দেয়া,O
Sentence: 2181,হোলাগা,O
,বিদেশ,B-LOC
,যাই,O
,হরালেয়া,O
,কইরবার,O
,স্বপ্ন,O
,দেয়ের,O
Sentence: 2182,তোর,O
,লগে,O
,কতা,O
,কই,O
,আর,O
,মেলা,O
,ভাল্লাইগছে,O
Sentence: 2183,তোর,O
,বন্ধুর,B-REL
,লগে,O
,হরিচিত,O
,ওই,O
,ভাল্লাইগছে,O
Sentence: 2184,আর,O
,আব্বা,B-REL
,আর,O
,চাচার,B-REL
,মইদ্ধ্যে,O
,জাগা,O
,জমি,O
,লই,O
,কাইজ্জা,O
,ওয়,O
Sentence: 2185,বেডাগা,O
,কদিন,O
,আগে,O
,বিয়া,O
,কইচ্ছেন,O
Sentence: 2186,আগে,O
,দি,O
,তোর,O
,এক্কানা,O
,বই,O
,এর,O
,দোয়ানে,O
,যান,O
,লাইগবো,O
Sentence: 2187,বেক,O
,কতা,O
,কইবার,O
,আগেদি,O
,আবেগে,O
,চোকে,O
,দি,O
,হানি,O
,চলি,O
,আইছে,O
Sentence: 2188,আর,O
,বন্ধুগোরে,B-REL
,গালি,O
,দিবার,O
,সুযোগ,O
,করি,O
,দেন,O
Sentence: 2189,মেলা,O
,মানুষ,O
,অনো,O
,হিছের,O
,লাইনে,O
,খাড়াই,O
,রইছে,O
Sentence: 2190,বেডি,O
,ওগগা,O
,মরি,O
,গেছে,O
Sentence: 2191,আন্নে,O
,এতো,O
,গরিব,O
,আগে,O
,কিল্লাই,O
,কন,O
,নো,O
Sentence: 2192,তুই,O
,ছাড়া,O
,আর,O
,এই,O
,দুনিয়াত,B-LOC
,আর,O
,কেও,O
,নাই,O
Sentence: 2193,আই,O
,আগেই,O
,কইছি,O
,তোর,O
,লগে,O
,আই,O
,বিদাশ,B-LOC
,ঘুইত্তাম,O
,চাই,O
Sentence: 2194,আর,O
,আম্মা,B-REL
,আরে,O
,বেকের,O
,সামনে,O
,মাইরতে,O
,মাইরতে,O
,বাইত,O
,লই,O
,আইছে,O
Sentence: 2195,আন্নে,O
,কি,O
,জানেন,O
,নি,O
,ইয়ানে,O
,মেলা,O
,হোলা,O
,আইবো,O
,কমেন্ট,O
,কইরতো,O
Sentence: 2196,আবেগের,O
,ভালোবাসা,O
,কাওরে,O
,দেন,O
,উচিত,O
,নো,O
Sentence: 2197,একদিন,O
,বিবেকের,O
,কাছে,O
,আবেগের,O
,ভালোবাসা,O
,হারি,O
,যাইবো,O
Sentence: 2198,আর,O
,মনের,O
,ভালোবাসা,O
,হারাজীবন,O
,তোর,O
,লাই,O
,থাই,O
,যাইবো,O
Sentence: 2199,জীবনে,O
,একলা,O
,একলা,O
,পত,O
,চলা,O
,মেলা,O
,কডিন,O
Sentence: 2200,আর,O
,জীবন,O
,আই,O
,তোরে,O
,লই,O
,বাইচবার,O
,লাই,O
,দিমু,O
Sentence: 2201,আর,O
,ভালোবাসা,O
,দি,O
,আই,O
,সারাজীবন,O
,তোর,O
,লগে,O
,থাইক্তাম,O
,চাই,O
Sentence: 2202,তোরে,O
,কেন্নে,O
,বুঝাইতাম,O
,তরে,O
,আই,O
,কত,O
,ভালোবাসি,O
Sentence: 2203,আন্নেরে,O
,দেই,O
,আই,O
,এক্কারে,O
,খাড়াই,O
,গেছিলাম,O
Sentence: 2204,আন্নে,O
,মেলা,O
,কস্টে,O
,নিজেরে,O
,হামালি,O
,লইছেন,O
Sentence: 2205,আর,O
,বান্ধুবি,B-REL
,কিছু,O
,ভাইবদো,O
,হারে,O
,না,O
,আরে,O
,হালাই,O
Sentence: 2206,আর,O
,বন্ধু,B-REL
,কিছু,O
,লিকতো,O
,হারে,O
,না,O
,আরে,O
,নাম,O
,হালাই,O
Sentence: 2207,আন্নেরে,O
,ভালোবাসি,O
,ইয়ান,O
,কন,O
,বাকি,O
Sentence: 2208,আর,O
,আব্বার,B-REL
,মেলা,O
,গরম,O
,লাগের,O
Sentence: 2209,আর,O
,ছোড,B-REL
,বইনের,I-REL
,গরম,O
,লাগের,O
Sentence: 2210,এই,O
,হোলাগার,O
,মেলা,O
,ঠান্ডা,O
,লাইগছে,O
Sentence: 2211,আর,O
,বন্ধুর,B-REL
,মেলা,O
,মন,O
,খারাপ,O
Sentence: 2212,আর,O
,আম্মা,B-REL
,আর,O
,লাই,O
,নীল,B-COL
,রঙের,I-COL
,কার,B-OBJ
,কিনছে,O
Sentence: 2213,আর,O
,বন্ধুরে,B-ROLE
,ওগগা,O
,লাল,B-COL
,গোলাপ,B-OBJ
,কিনি,O
,উপহার,O
,দিছি,O
Sentence: 2214,আই,O
,আর,O
,স্বামীর,B-REL
,লগে,O
,বিয়ালে,O
,পার্কে,B-LOC
,ঘুইত্তাম,O
,যামু,O
Sentence: 2215,কাওরে,O
,ভালোবাসা,O
,দিতেই,O
,ভাল্লাগে,O
,আর,O
Sentence: 2216,যদি,O
,তুই,O
,আর,O
,কাছে,O
,হিরি,O
,আইয়ো,O
,তই,O
,হিগারে,O
,ছারি,O
,দো,O
Sentence: 2217,হেতে,O
,তোয়ার,O
,লাই,O
,বেক,O
,কিছু,O
,কইরতাম,O
,হারে,O
Sentence: 2218,আন্নে,O
,যে,O
,মানুষগারে,O
,ভালোবাসবেন,O
,হিগারে,O
,যদি,O
,আন্নে,O
,না,O
,বুঝতেন,O
,হারেন,O
,তাইলে,O
,আন্নের,O
,এই,O
,প্রেমের,O
,কোন,O
,অর্থই,O
,নাই,O
Sentence: 2219,আন্নে,O
,নিজে,O
,অসুখী,O
,হই,O
,কেন্নে,O
,আরিকগা,O
,রে,O
,ভালোবাসি,O
,সুখি,O
,করতে,O
,হাইরবেন,O
Sentence: 2220,তুই,O
,কারো,O
,জীবনে,O
,সুখ,O
,আনি,O
,দিবা,O
,এই,O
,কথা,O
,ভাবি,O
,তোওয়া,O
,ফ্রেম,O
,করা,O
,উচিত,O
Sentence: 2221,আন্নের,O
,মনের,O
,কথসা,O
,এগিন,O
,আরে,O
,আইজ্জা,O
,খুলি,O
,কন,O
Sentence: 2222,তুই,O
,কাখনই,O
,হাইত্তাম্নো,O
,আন্য,O
,কারর,O
,ভালোবাসারে,O
,ছিনাই,O
,লইতা,O
Sentence: 2223,তুই,O
,জোর,O
,করি,O
,অন্যের,O
,ভালো,O
,লাগার,O
,মানুষ,O
,অইতা,O
,হাইত্তা,O
,নো,O
Sentence: 2224,আগোমি,O
,কাইল্লা,O
,বেয়ানে,O
,হেতের,O
,গরে,O
,দেখতে,O
,হাইরবেন,O
Sentence: 2225,তোয়ার,O
,কোন,O
,কথাত্তে,O
,কোন,O
,নিশ্চয়তা,O
,নাই,O
Sentence: 2226,আর,O
,অনেক,O
,ভালা,O
,লাগে,O
,কালো,B-COL
,অই,O
,দুইয়ান,O
,চোখ,O
,তোওার,O
Sentence: 2227,তোয়ারে,O
,এক্কান,O
,গোলাপ,B-OBJ
,হুল,I-OBJ
,কিনি,O
,দিসি,O
Sentence: 2228,আর,O
,এই,O
,মন,O
,তোয়ারে,O
,দিলাম,O
Sentence: 2229,তোয়াার,O
,হাজার,O
,কথার,O
,মাঝে,O
,তোয়ার,O
,মনের,O
,কথা,O
,লুকাই,O
,আসে,O
Sentence: 2230,এক্কান,O
,মানুষের,O
,বেগ,O
,কথা,O
,একদিনে,O
,মুখে,O
,বুলি,O
,দন,O
,জায়না,O
Sentence: 2231,আর,O
,হাজার,O
,কথার,O
,মাঝে,O
,অই,O
,এক্কান,O
,কথা,O
,তোয়ারে,O
,বুঝি,O
,নন,O
,লাইগবো,O
Sentence: 2232,আই,O
,যতদিন,O
,বাসি,O
,আসি,O
,আন্নেরে,O
,মনে,O
,রাখমু,O
Sentence: 2233,আর,O
,যত,O
,কষ্ট,O
,অক,O
,তোওয়ারে,O
Sentence: 2234,তোয়ার,O
,হরালেয়া,O
,করি,O
,কিয়া,O
,অইবো,O
,যদি,O
,তুই,O
,যারে,O
,ভালোবাসো,O
,হেতারেই,O
,নাহাও,O
Sentence: 2235,চাঁদের,O
,মিষ্টি,O
,আলো,O
,দেখতাম,O
,আর,O
,খুব,O
,ভালা,O
,লাগে,O
Sentence: 2236,আংগ্গো,O
,ঘরের,O
,বেক,O
,রুম,O
,হুল,B-OBJ
,দি,O
,সাজাই,O
,রাইকছি,O
Sentence: 2237,মাছের,B-ANI
,বাজারে,O
,বেঁকে,O
,বড়,B-ANI
,মাছ,I-ANI
,দেখবার,O
,লাই,O
,ভিড়,O
,কইচ্ছে,O
Sentence: 2238,আর,O
,বিয়া,O
,কইরবার,O
,লাই,O
,আরোগ্গা,O
,দিন,O
,আগাইছে,O
Sentence: 2239,দুইজন,O
,মিলি,O
,দূরে,O
,কোনআনে,O
,ঘুরি,O
,আইতাম,O
,হারি,O
Sentence: 2240,আকাশের,O
,নীলে,O
,আরাই,O
,যাইতাম,O
,চাই,O
,তোয়ারে,O
,লই,O
Sentence: 2241,আন্নের,O
,লাই,O
,মনে,O
,আর,O
,অফুরন্ত,O
,ভালোবাসা,O
Sentence: 2242,আই,O
,হারাজীবন,O
,আন্নের,O
,ভালোবাসা,O
,হাইতাম,O
,চাই,O
Sentence: 2243,আই,O
,আর,O
,আর,O
,ছোড,B-REL
,বইন,I-REL
,একলগে,O
,হাতোর,O
,কাডি,O
Sentence: 2244,তোয়ারে,O
,লই,O
,সুখের,O
,হীতিবী,B-LOC
,সাজাইতাম,O
,চাই,O
Sentence: 2245,আইজগা,O
,সিলেটে,B-LOC
,বৃষ্টি,O
,অইব,O
Sentence: 2246,তোয়ার,O
,মিথ্যা,O
,ভালোবাসা,O
,একদিন,O
,হারি,O
,যাইব,O
Sentence: 2247,আর,O
,সত্যির,O
,ভালোবাসা,O
,কোনদিন,O
,হাইরতো,O
,নো,O
Sentence: 2248,গান,O
,ইগা,O
,আর,O
,মেলা,O
,ভাল্লাগে,O
Sentence: 2249,তোয়ারে,O
,অসম্ভব,O
,সুন্দর,O
,লাগে,O
Sentence: 2250,আন্নের,O
,কি,O
,অনো,O
,আর,O
,ভালোবাসার,O
,মানুষগার,O
,কতা,O
,মনে,O
,হড়ে,O
Sentence: 2251,তোয়ার,O
,লগে,O
,দেখা,O
,অইলেই,O
,পূরান,O
,ইতিহাস,O
,মনে,O
,হড়ি,O
,যায়,O
Sentence: 2252,এই,O
,ছবির,B-OBJ
,নীল,B-COL
,আকাশ,O
,মেলা,O
,সুন্দর,O
Sentence: 2253,তুই,O
,এক,O
,সন্ধ্যায়,O
,অফিসের,B-ORG
,তুন,O
,বাসাত,B-LOC
,আই,O
,দেইকবা,O
,আই,O
,আর,O
,নাই,O
Sentence: 2254,তোয়ার,O
,কইন্যা,B-REL
,তোয়ারে,O
,মেলা,O
,ভালোবাসে,O
Sentence: 2255,আর,O
,মাঝে,O
,মইধ্যে,O
,চিল্লাই,O
,কাইনতাম,O
,ইচ্ছা,O
,হয়,O
Sentence: 2256,তুই,O
,চলি,O
,যাইবার,O
,হরে,O
,আর,O
,জীবন,O
,থামি,O
,গেছে,O
Sentence: 2257,আর,O
,ছোড,B-REL
,বইনগা,I-REL
,কেক্কান,O
,যানি,O
,ঠান্ডা,O
,অই,O
,গেছে,O
Sentence: 2258,বাপ,B-REL
,মার,B-REL
,আদর,O
,ভালোবাসা,O
,ছাড়া,O
,আই,O
,বড্ডা,O
,ওই,O
,গেছি,O
Sentence: 2259,তুঁই,O
,সত্যিই,O
,মেলা,O
,কডিন,O
,সময়,O
,হার,O
,কইরছো,O
Sentence: 2260,বাপ,B-REL
,ওই,O
,মার,B-REL
,দায়িত্ব,O
,পালন,O
,করা,O
,মেলা,O
,কডিন,O
Sentence: 2261,ওগগা,O
,বাইচ্চারে,B-REL
,হুদা,O
,হিগার,O
,মার,B-REL
,কোলেই,O
,মানায়,O
Sentence: 2262,আর,O
,কোলে,O
,আই,O
,বাইচ্চাগা,B-REL
,হিগার,O
,মারে,B-REL
,টোগায়,O
,মনে,O
,ওয়,O
Sentence: 2263,আইয়ো,O
,দেন,O
,বাইচ্চার,B-REL
,মা,O
,এইডার,O
,লাই,O
,আই,O
,বাইচ্চার,B-REL
,মুকে,O
,রেনি,O
,মেলা,O
,কিছু,O
,বুইঝদাম,O
,হারি,O
Sentence: 2264,এই,O
,কডিন,O
,বাস্তবতার,O
,লগে,O
,আর,O
,মানাই,O
,চইলতে,O
,ওইবো,O
Sentence: 2265,মাইয়াগা,O
,এক্কান,O
,ভালা,O
,চাকরি,O
,করে,O
Sentence: 2266,এই,O
,মাসে,O
,হোলার,B-REL
,হেতের,O
,পরিবার,O
,লই,O
,ঘুইত্তে,O
,যাইবার,O
,কতা,O
Sentence: 2267,আর,O
,পরিবার,O
,আইজ্জা,O
,তোর,O
,পরিবারের,O
,লগে,O
,কতা,O
,কইবো,O
Sentence: 2268,আংগো,O
,দুইজনের,O
,বিয়া,O
,ওইবার,O
,কতা,O
,চলের,O
Sentence: 2269,মাইয়াগা,O
,হোলাগারে,O
,বিয়া,O
,কইরতো,O
,রাজি,O
,ওয়ের,O
,না,O
Sentence: 2270,আর,O
,স্বামী,B-REL
,আরে,O
,লই,O
,রাইতকা,O
,ঘুইত্তো,O
,বারিবো,O
Sentence: 2271,আর,O
,হছন্দ,O
,ওয়,O
,এক্কা,O
,হোলা,O
,আর,O
,বাপ,B-REL
,মার,B-REL
,হছন্দ,O
,ওয়,O
,নাহ,O
Sentence: 2272,তোর,O
,মতো,O
,মাইনসেরা,O
,জীবনও,O
,ভালা,O
,ওইতো,O
,নো,O
Sentence: 2273,হোলাগা,O
,হিগার,O
,পরিবারের,O
,হছন্দে,O
,বিয়া,O
,করি,O
,হালাইছে,O
Sentence: 2274,আর,O
,ভাই,B-REL
,কাইল্গা,O
,মাইয়াগার,O
,লগে,O
,যোগাযোগ,O
,কইরছে,O
Sentence: 2275,হোলাগা,O
,কোন,O
,ধরনের,O
,মামলা,O
,চায়,O
,না,O
Sentence: 2276,হিগা,O
,বিবাহিত,O
,এইডার,O
,লাই,O
,কোন,O
,মামলা,O
,কইরতো,O
,চায়,O
,না,O
Sentence: 2277,এই,O
,বিষয়,O
,আন,O
,জানাজানি,O
,ওইলে,O
,মাইয়াগার,O
,সংসার,O
,আর,O
,টিকতো,O
,নো,O
Sentence: 2278,আর,O
,বন্ধু,B-REL
,হারা,O
,রাইত,O
,জাগি,O
,মাইয়াগমাইয়াগো,O
,লগে,O
,কতা,O
,কয়,O
Sentence: 2279,আর,O
,কাবিনের,O
,টেয়া,B-OBJ
,তোর,O
,আরে,O
,হতি,O
,মাসে,O
,মাসে,O
,দেন,O
,লাইগবো,O
Sentence: 2280,আর,O
,বড্ডা,B-REL
,ভাইয়া,I-REL
,হাত,O
,মাস,O
,প্রেম,O
,করি,O
,আরেকগা,O
,রে,O
,বিয়া,O
,কইরছে,O
Sentence: 2281,আই,O
,ক্লাসের,O
,বেজ্ঞুন,O
,হোলার,O
,লগেই,O
,মিশতাম,O
Sentence: 2282,তোয়ার,O
,অনেক,O
,ভুল,O
,আসিল,O
Sentence: 2283,এই,O
,তিন,O
,বছরে,O
,বাইচ্চা,O
,ইয়ার,O
,দোষ,O
,কন্ডে,O
Sentence: 2284,তোওয়ারে,O
,কইসিলাম,O
,বিয়াগা,O
,করিয়েলো,O
Sentence: 2285,হুদা,O
,তোওয়ার,O
,ভালার,O
,লাই,O
,বিয়াগা,O
,করি,O
,লাইতো,O
,কইসিলাম,O
Sentence: 2286,তোওয়ার,O
,ভালার,O
,লাই,O
,আই,O
,তোওইয়ারে,O
,ছাড়ি,O
,দূরে,O
,চলি,O
,আইসি,O
Sentence: 2287,আই,O
,আর,O
,তুই,O
,এক,O
,লগে,O
,নাই,O
,ইয়া,O
,আই,O
,মাইনতাম,O
,হারিয়ের,O
,না,O
Sentence: 2288,আই,O
,আর,O
,স্বপ্নগা,O
,যে,O
,কত্তে,O
,হুরণ,O
,অইব,O
Sentence: 2289,তোওয়ার,O
,হরিবার,O
,আন্ডা,O
,বাবার,B-REL
,লগে,O
,কথা,O
,কইত,O
,চায়,O
Sentence: 2290,তোওয়ার,O
,বিয়া,O
,অইব,O
,হুনি,O
,আন্ডা,O
,খুব,O
,খুশি,O
Sentence: 2291,আন্ডা,O
,বইন,B-REL
,তার,O
,বন্ধুর,B-REL
,লগে,O
,ঘুরত,O
,যাইত,O
,চায়,O
Sentence: 2292,আর,O
,বন্ধুরা,B-REL
,সতিই,O
,ভালা,O
,হৃদয়ের,O
,মানুষ,O
Sentence: 2293,আর,O
,বন্ধুরগ,B-REL
,লগে,O
,বেজ্ঞুন,O
,খুব,O
,মেধাবি,O
Sentence: 2294,আর,O
,বন্ধুরগ,B-REL
,লগে,O
,ঘুইরত,O
,খুব,O
,ভালা,O
,লাগে,O
Sentence: 2295,হেতেরগ,O
,হরিবারে,O
,কোন,O
,কইজ্জা,O
,অয়,O
,না,O
Sentence: 2296,আর,O
,ভাই,B-REL
,বইনের,B-REL
,খুব,O
,ভালা,O
,ছবি,O
,আঁকে,O
Sentence: 2297,আর,O
,গেরামের,B-LOC
,মানুষগোর,O
,লগে,O
,কোন,O
,রকম,O
,কইজ্জা,O
,নাই,O
Sentence: 2298,আন্নে,O
,খুব,O
,সুন্দর,O
,করি,O
,কথা,O
,কন,O
Sentence: 2299,তোওয়ার,O
,সুন্দর,O
,সুন্দর,O
,ছবিগুন,B-OBJ
,দেখি,O
,খুব,O
,আনন্দ,O
,হাইসি,O
Sentence: 2300,বিয়ার,O
,হরে,O
,অনেক,O
,হাতলা,O
,মাইয়া,O
,মোডা,O
,অই,O
,যায়,O
Sentence: 2301,মাইয়ারা,O
,বিয়া,O
,করার,O
,লাই,O
,ভদ্র,O
,হোলা,O
,খুজে,O
Sentence: 2302,আর,O
,খুব,O
,ভয়,O
,লাইগসে,O
,কোনো,O
,দিন,O
,আই,O
,কিডন্যাপ,O
,অই,O
,যাই,O
Sentence: 2303,আইজ্জা,O
,সিঙ্গেল,O
,বলি,O
,ঘুইরত,O
,যাইত,O
,হারে,O
,না,O
Sentence: 2304,বাস্তব,O
,জীবনে,O
,বিয়ার,O
,হরেই,O
,কইজ্জা,O
,শুরু,O
,অয়,O
Sentence: 2305,আইজ্জা,O
,গরিব,O
,বলে,O
,কেও,O
,আরে,O
,ভালবাসে,O
,না,O
Sentence: 2306,যতদিন,O
,এই,O
,দুনিয়াতে,B-LOC
,থাইকব,O
,তোওয়ারে,O
,মনে,O
,রাইখব,O
Sentence: 2307,একমাত্র,O
,মাইয়ারা,O
,হারে,O
,সংসার,O
,গোছাই,O
,রাইখতো,O
Sentence: 2308,হোলা,O
,ইয়া,O
,তোওয়ার,O
,মনগা,O
,লই,O
,মাইয়ারা,O
,হুটবল,B-OBJ
,খেলে,O
Sentence: 2309,হোলা,O
,ইয়া,O
,গাড়ির,B-OBJ
,নিচে,O
,হরে,O
,মারা,O
,যায়,O
Sentence: 2310,একবার,O
,তোওয়ার,O
,হাট,O
,ধইরলে,O
,আর,O
,কোনদিনও,O
,ছাইড়তাইন্ন,O
Sentence: 2311,তুই,O
,ছাড়া,O
,আর,O
,জীবনগা,O
,আন্ধকার,O
Sentence: 2312,তোওয়ার,O
,চুল,O
,হরার,O
,এই,O
,সমস্যা,O
,লই,O
,ডাক্তারের,B-ROLE
,কাছে,O
,যাইত,O
,অইব,O
Sentence: 2313,ভালা,O
,মানুষ,O
,এই,O
,দুনিয়াতে,B-LOC
,বেশি,O
,দিন,O
,বাচে,O
,না,O
Sentence: 2314,গেরামের,B-LOC
,বাড়ির,I-LOC
,এই,O
,মাইয়া,O
,ইয়া,O
,খুব,O
,ভালা,O
,লাইগসিলো,O
Sentence: 2315,হোলাগা,O
,ছুডির,O
,দিনেও,O
,কলেজে,B-ORG
,যায়,O
Sentence: 2316,আর,O
,বাংলা,O
,সিনেমা,O
,দেখতে,O
,ভালা,O
,লাগে,O
Sentence: 2317,তোরে,O
,আই,O
,ধন্যবাদ,O
,জানাইতাম,O
,চাই,O
Sentence: 2318,তোর,O
,ছোড,B-REL
,ভাইয়ের,I-REL
,জন্মদিন,O
,কবে,O
Sentence: 2319,তুই,O
,কি,O
,আরে,O
,এক্কান,O
,ছবি,O
,তুলি,O
,দিতা,O
,হাইরবা,O
,নি,O
Sentence: 2320,তোর,O
,লগে,O
,আম্মা,B-REL
,কতা,O
,কইতো,O
,চায়,O
Sentence: 2321,তোর,O
,কাছে,O
,আই,O
,এক্কান,O
,পরামর্শ,O
,চাই,O
Sentence: 2322,আন্নে,O
,কি,O
,আরে,O
,এইগগা,O
,গান,O
,হুনাইতে,O
,হাইরবেন,O
,নি,O
Sentence: 2323,তুই,O
,কি,O
,তোর,O
,ভুল,O
,বুঝইদা,O
,হাইরছো,O
,নি,O
Sentence: 2324,তুই,O
,কি,O
,আরে,O
,লাই,O
,এক্কান,O
,গান,O
,লিখতে,O
,হাইরবানে,O
Sentence: 2325,আর,O
,হতিদিন,O
,খেলাধুলা,O
,কইরত,O
,ভালা,O
,লাগে,O
Sentence: 2326,আর,O
,বন্ধুরা,B-REL
,বেয়ানে,O
,ফুটবল,B-OBJ
,খেইলত,O
,মাঠে,B-LOC
,যায়,O
Sentence: 2327,তোর,O
,বয়স,O
,কদ্দুর,O
Sentence: 2328,আই,O
,মেলা,O
,বড্ডা,O
,ভুল,O
,করি,O
,হালাইছি,O
Sentence: 2329,চাঁদের,O
,আলো,O
,দেইখতে,O
,আর,O
,খুব,O
,ভালা,O
,লাগে,O
Sentence: 2330,তুই,O
,কি,O
,বেয়ানে,O
,উঠি,O
,চা,B-FOOD
,খাইবা,O
,নে,O
Sentence: 2331,আন্নে,O
,এক্কেনা,O
,এমুই,O
,আইত,O
,হাইরবেন,O
Sentence: 2332,তোর,O
,হরিক্ষা,O
,কবে,O
Sentence: 2333,আরে,O
,বিয়ালে,O
,খেলার,B-LOC
,মাঠে,I-LOC
,যাইত,O
,অইব,O
Sentence: 2334,কিছু,O
,মানুষ,O
,অনেক,O
,স্বার্থপর,O
,অয়,O
Sentence: 2335,আই,O
,একজন,O
,ভালা,O
,মানুষ,O
,অইত,O
,চাই,O
Sentence: 2336,আর,O
,হরিবার,O
,তোওয়ারে,O
,কোনদিনও,O
,মানি,O
,লইত,O
,নো,O
Sentence: 2337,আন্নেরে,O
,ছাড়া,O
,আর,O
,বান্ধুবি,B-REL
,ভালা,O
,নাই,O
Sentence: 2338,মাইয়া,O
,ইয়ার,O
,রাগ,O
,বহুত,O
,বেশী,O
Sentence: 2339,আন্নে,O
,কি,O
,চান,O
,আই,O
,এডেত্তুন,O
,চলি,O
,যাই,O
Sentence: 2340,আন্নে,O
,কি,O
,এই,O
,বিয়াতে,O
,রাজি,O
,অইসেন,O
Sentence: 2341,আর,O
,আব্বুর,B-REL
,মাথা,O
,গরম,O
,থাকে,O
Sentence: 2342,আর,O
,বড়,B-REL
,ভাই,I-REL
,একজন,O
,বদমেজাজি,O
,লোক,O
Sentence: 2343,যেই,O
,মাইয়া,O
,বেশী,O
,কথা,O
,কয়,O
,তারে,O
,আর,O
,হসন্দ,O
,না,O
Sentence: 2344,হোলা,O
,ইয়া,O
,অনেক,O
,বেশী,O
,কথা,O
,কয়,O
Sentence: 2345,আন্নে,O
,কি,O
,আইজ্জা,O
,বেয়ানে,O
,চা,B-FOOD
,খান্নো,O
Sentence: 2346,আইজ্জা,O
,বেয়ানে,O
,আই,O
,এবং,O
,আর,O
,বন্ধুরা,B-REL
,ফুটবল,B-OBJ
,খেইলত,O
,মাঠে,B-LOC
,গেসে,O
Sentence: 2347,আই,O
,আর,O
,আম্মুর,B-REL
,বেগ,O
,কথা,O
,খুব,O
,মনোযোগ,O
,দি,O
,হুনি,O
Sentence: 2348,আর,O
,বান্ধুবির,B-REL
,এক্কান,O
,ছোট,B-ANI
,বিলাই,I-ANI
,আসে,O
Sentence: 2349,লোক,O
,ইয়া,O
,তার,O
,বউয়ের,B-REL
,গাত,O
,আত,O
,তুলে,O
Sentence: 2350,তোর,O
,কি,O
,লোক,O
,দেয়ানি,O
,শেষনি,O
Sentence: 2351,আর,O
,বউ,B-REL
,কোনদিন,O
,আরে,O
,খোঁচা,O
,মারি,O
,কতা,O
,ক,O
,নো,O
Sentence: 2352,তুই,O
,একজন,O
,ভালা,O
,মাইয়া,O
,মানুষ,O
Sentence: 2353,তোরে,O
,জোর,O
,করি,O
,বিয়া,O
,দেন,O
,ওইছে,O
Sentence: 2354,হেতন,O
,তিনবেলা,O
,ভাত,B-FOOD
,খাইতো,O
,হারে,O
,নাহ,O
Sentence: 2355,তোর,O
,পাশে,O
,থাইক্লে,O
,আই,O
,কল্পনার,O
,তুন,O
,বেশি,O
,সুখী,O
,থাই,O
Sentence: 2356,আম্মা,B-REL
,আইজকা,O
,খানাত,B-FOOD
,নুন,B-FOOD
,কম,O
,দিছে,O
Sentence: 2357,আর,O
,আম্মা,B-REL
,বেক,O
,সময়,O
,ভালাই,O
,হাসি,O
,খুশি,O
,থায়,O
Sentence: 2358,তোর,O
,লাই,O
,এতো,O
,কিছু,O
,করিও,O
,আর,O
,কোন,O
,লাভ,O
,ও,O
,নো,O
Sentence: 2359,আন্নে,O
,আরে,O
,আর,O
,কত,O
,অবাক,O
,কইরবেন,O
Sentence: 2360,আন্নে,O
,একা্কেনা,O
,কম,O
,চাপাবাজি,O
,করেন,O
Sentence: 2361,আইজ্জা,O
,আর,O
,ছোট,B-REL
,বইন,I-REL
,হাক,O
,কইচ্চে,O
Sentence: 2362,খানাত্তে,B-FOOD
,লবণ,B-FOOD
,এক্কেনা,O
,বেসি,O
,অই,O
,গেসে,O
Sentence: 2363,খানাত্তে,B-FOOD
,লবণ,B-FOOD
,কম,O
,অইলে,O
,আরো,O
,ভালা,O
,লাইগদ,O
Sentence: 2364,আইজ্জা,O
,আই,O
,বাইরে,O
,যামুই,O
Sentence: 2365,আন্নে,O
,একা,O
,একা,O
,বাইরে,O
,ঘুইত্ত,O
,যান,O
Sentence: 2366,আই,O
,খুব,O
,জোস,O
,মেকআপ,O
,করি,O
Sentence: 2367,তুই,O
,এক্কেরে,O
,না,O
,বুঝি,O
,বেশি,O
,কথা,O
,কো,O
Sentence: 2368,আন্নেরে,O
,কিছু,O
,কোন,O
,লাগে,O
,না,O
,আন্নে,O
,এন্নেই,O
,আর,O
,মনের,O
,কথা,O
,বুঝি,O
,যান,O
Sentence: 2369,তোওয়ার,O
,চোকেত্তুন,O
,আন্য,O
,মাইয়ার,O
,মুই,O
Sentence: 2370,তোওয়ার,O
,বিবাহিত,O
,জীবন,O
,সুকের,O
,ওক,O
Sentence: 2371,আন্ডা,O
,বাসার,O
,দাওয়ান,B-ROLE
,রাইচ্চা,O
,মদ,B-FOOD
,খায়,O
Sentence: 2372,আর,O
,জামাই,B-REL
,রাইচ্চা,O
,বন্ধুদের,B-REL
,লোগে,O
,আড্ডা,O
,দেয়,O
Sentence: 2373,আই,O
,আর,O
,আব্বু্,B-REL
,বিয়া,O
,বাইত,O
,যাইয়ের,O
Sentence: 2374,তুই,O
,আন্ডার,O
,কাছে,O
,ধরা,O
,খাইবার,O
,হরেও,O
,হরকীয়া,O
,করার,O
,কথা,O
,স্বীকার,O
,কররনা,O
Sentence: 2375,ইজ্ঞা,O
,বিবাহিত,B-REL
,মহিলা,I-REL
,রাস্তা,B-LOC
,দি,O
,হাডি,O
,যার,O
Sentence: 2376,আর,O
,আম্মু,B-REL
,আর,O
,হরাশোনার,O
,খরচ,O
,দিত,O
,চায়,O
,না,O
Sentence: 2377,আর,O
,মা,B-REL
,অনেক,O
,কষ্ট,O
,করি,O
,আন্ডারে,O
,বড়প,O
,কইচ্চে,O
Sentence: 2378,তোওইয়ার,O
,ছোট,B-REL
,ভআই,I-REL
,আগে,O
,নেশায়,O
,আসক্ত,O
,আসিল,O
Sentence: 2379,হোলা,O
,ইয়া,O
,হারাদিন,O
,বাইরে,O
,বাইরে,O
,থাকে,O
Sentence: 2380,আর,O
,হু,B-REL
,চাচারাও,B-REL
,অনেক,O
,ভালবাসে,O
Sentence: 2381,আর,O
,আম্মু,B-REL
,আগের,O
,তুলনা,O
,অন,O
,অনেক,O
,ভালা,O
,আসে,O
Sentence: 2382,আই,O
,আর,O
,ছোট,B-REL
,বইন,I-REL
,আইজ্জা,O
,খালামুনির,B-REL
,বাসাত,O
,ঘুইরত,O
,যাইব,O
Sentence: 2383,আর,O
,বড়,B-REL
,বইন,I-REL
,এতো,O
,বেয়ানে,O
,ঘুমেত্তুন,O
,উঠতো,O
,হাইত্ত,O
,নো,O
Sentence: 2384,আর,O
,বড়,B-REL
,বইন,I-REL
,প্রচন্ড,O
,অলস,O
,ইজ্ঞা,O
,কাজ,O
,সময়,O
,মতন,O
,কইত্ত,O
,হারে,O
,না,O
Sentence: 2385,আন্নের,O
,লগে,O
,আর,O
,ইজ্ঞা,O
,জরুরি,O
,কথা,O
,আসে,O
Sentence: 2386,বেয়ানে,O
,সবরে,O
,উঠি,O
,বাইরে,O
,এক্কেনা,O
,হাটি,O
,আইয়োন,O
,খুব,O
,উপকারী,O
Sentence: 2387,তুই,O
,কি,O
,আম,B-FOOD
,ইয়া,O
,খাইসিলানে,O
Sentence: 2388,বাগানেত্তে,B-LOC
,যাই,O
,আর,O
,ছোট,O
,ভাই,B-REL
,যাই,I-REL
,দৌড়াইসে,O
Sentence: 2389,আন্নে,O
,হুটবল,B-OBJ
,খেলায়,O
,হারি,O
,গেসে,O
Sentence: 2390,তুই,O
,ক্রিকেট,O
,খেলায়,O
,জিতলে,O
Sentence: 2391,তুই,O
,এডে,O
,থাকি,O
,যা,O
Sentence: 2392,আন্নে,O
,কি,O
,আরে,O
,দয়া,O
,করি,O
,বিশ্বাস,O
,করেন,O
Sentence: 2393,ছোট,O
,বাাইচ্চা,O
,ইয়া,O
,অসুস্থ,O
,অই,O
,হইচ্চে,O
Sentence: 2394,তুই,O
,কি,O
,আরে,O
,লাই,O
,অফেক্ষা,O
,কইরতে,O
,হাইরবা,O
,নে,O
Sentence: 2395,তুই,O
,আর,O
,কাছে,O
,মাফ,O
,চো,O
Sentence: 2396,আই,O
,বিয়ালে,O
,এক্কেনা,O
,ঘুমাই,O
,লইসি,O
Sentence: 2397,আর,O
,আব্বু,B-REL
,বড়,B-REL
,বইনের,I-REL
,উফরে,O
,রাগি,O
,গেসে,O
Sentence: 2398,তোওয়ার,O
,কথাা,O
,হুনি,O
,আই,O
,খুব,O
,অবাক,O
,অই,O
,গেসিলাম,O
Sentence: 2399,তোওয়ার,O
,কি,O
,মাথা,O
,ব্যাথা,O
,কইচ্চে,O
,নি,O
Sentence: 2400,আর,O
,আত,O
,খরচের,O
,টেয়া,B-OBJ
,আর,O
,আব্বু,B-REL
,দেয়,O
Sentence: 2401,আর,O
,বইন,B-REL
,ইদানিং,O
,অনেক,O
,খারাপ,O
,আচরন,O
,করে,O
Sentence: 2402,আই,O
,যেই,O
,হোলা,O
,ইয়ারে,O
,হসন্দ,O
,হেতে,O
,আর,O
,হরিবারের,O
,কাওরে,O
,সম্মান,O
,করে,O
,না,O
Sentence: 2403,মাইয়া,O
,ইয়া,O
,হেতিরে,O
,বিয়া,O
,কত্ত,O
,নো,O
,কইদিসে,O
Sentence: 2404,মাইত্তুন,O
,বিয়ার,O
,লাই,O
,আর,O
,লাই,O
,মাইয়া,O
,দেয়া,O
,শুরু,O
,কইচ্চে,O
Sentence: 2405,আর,O
,বিয়া,O
,তোওয়ার,O
,ছোড,B-REL
,ভইনেরর,I-REL
,লগে,O
,ঠিক,O
,অইসে,O
Sentence: 2406,হোলা,O
,ইয়া,O
,আরও,O
,দুই,O
,বছর,O
,হয়ে,O
,বিয়া,O
,কইরতো,O
,চায়,O
Sentence: 2407,বাবা,B-REL
,আন্ডার,O
,বেজ্ঞুন,O
,সম্পত্তি,O
,বেসি,O
,আন্ডারে,O
,লই,O
,গেরামের,B-LOC
,বারি,I-LOC
,চলি,O
,আইসে,O
Sentence: 2408,আই,O
,বেকেরে,O
,বুঝাই,O
,বুঝাই,O
,ক্লান্ত,O
,যে,O
,আর,O
,আম্মু,B-REL
,এইচ্চা,O
,কিছু,O
,করেনো,O
Sentence: 2409,হেতেরগো,O
,হারিবারিক,O
,ভাবেই,O
,বিয়া,O
,অইসে,O
Sentence: 2410,হেতেগো,O
,গেরামে,O
,বইয়া,O
,অইসিলো,O
Sentence: 2411,আর,O
,শাশুড়ি,B-REL
,অনেক,O
,ভালা,O
,হাক,O
,করে,O
Sentence: 2412,বাবা,B-REL
,অশিক্ষিত,O
,হোলা,O
,ইজ্ঞার,O
,লগে,O
,আর,O
,বিয়া,O
,দিতো,O
,চাইচিলো,O
Sentence: 2413,আব্বু,B-REL
,মান,O
,সম্মানের,O
,ভয়ে,O
,মামলা,O
,করেনো,O
Sentence: 2414,হোলা,O
,ইয়া,O
,চাচার,B-REL
,ভয়ে,O
,হেতের,O
,বাবারে,B-REL
,আসা,O
,কথা,O
,কইত,O
,হারেনো,O
Sentence: 2415,হে,O
,সময়,O
,আই,O
,খুব,O
,ছোড,O
,আর,O
,মা,B-REL
,মারা,O
,গেসে,O
Sentence: 2416,গেরামেত্তুন,B-LOC
,আইয়োন,O
,হোলা,O
,ইয়া,O
,অন,O
,ঢাকাত,B-LOC
,হড়ালেয়া,O
,কইচ্চে,O
Sentence: 2417,আন্ডার,O
,লোগে,O
,তার,O
,হরিচয়,O
,অইসে,O
,স্কুলে,B-ORG
,যাই,O
Sentence: 2418,আন্ডারে,O
,দয়া,O
,করি,O
,হরামরশ,O
,দেন,O
,আই,O
,অন,O
,কিয়া,O
,কইত্তাম,O
,হারি,O
Sentence: 2419,আন্ডা,O
,বাইরে,O
,ঘুইরত,O
,যাইবার,O
,কোন,O
,ইচ্ছা,O
,আসিল,O
,না,O
Sentence: 2420,হোলা,O
,ইয়া,O
,সিগারেত,B-OBJ
,খাইতে,O
,হসন্দ,O
,করে,O
,না,O
Sentence: 2421,প্রথম,O
,দিকে,O
,আন্নেরে,O
,আই,O
,এত,O
,ভালোবাইসতাম,O
,না,O
Sentence: 2422,হোলা,O
,ইয়া,O
,সপ্তাখানিক,O
,আগে,O
,আন্ডা,O
,লোগে,O
,দেয়া,O
,কইচ্চে,O
Sentence: 2423,অই,O
,মাইয়া,O
,ইয়া,O
,যেন্নেই,O
,ওক,O
,খুজি,O
,বাইর,O
,করন,O
,লাইগব,O
Sentence: 2424,অই,O
,হোলা,O
,ইয়ার,O
,ঘটনা,O
,হুনি,O
,আন্ডা,O
,হেতেরে,O
,সাহায্য,O
,কইচ্ছি,O
Sentence: 2425,হলা,O
,ইয়া,O
,হরিবার,O
,সহ,O
,ঈদের,O
,আগের,O
,দিন,O
,আন্ডার,O
,লগে,O
,দেখাই,O
,কত্তে,O
,আইসে,O
Sentence: 2426,মাইয়া,O
,ইয়া,O
,বাংলাদেশে,B-LOC
,আই,O
,তার,O
,হসন্দ,O
,মতন,O
,হলার,O
,লগে,O
,বিয়া,O
,ঠিক,O
,কইচ্চে,O
Sentence: 2427,আন্ডা,O
,এলাকায়,O
,কেরোসিন,O
,তেলের,O
,দাম,O
,বারি,O
,গেসে,O
Sentence: 2428,আর,O
,হতিদিন,O
,গম,B-FOOD
,খাইতে,O
,খুব,O
,ভালা,O
,লাগে,O
Sentence: 2429,গম,B-FOOD
,আর,O
,ফ্রিও,O
,হল,B-FOOD
Sentence: 2430,আর,O
,আব্বু,B-REL
,হতিদিন,O
,নাইরকেলের,B-FOOD
,হানি,I-FOOD
,খায়,O
Sentence: 2431,আর,O
,দাাদার,B-REL
,বাড়ির,O
,হিসকিনাদ্দি,O
,এক্কান,O
,গম,B-OBJ
,গাস,I-OBJ
,আসে,O
Sentence: 2432,আম্মু,B-REL
,হাজ্ঞরেত্তে,O
,বই,O
,মুরগির,B-FOOD
,মাংস,I-FOOD
,রান্দদের,O
Sentence: 2433,গেরামের,B-LOC
,মানুষেরা,O
,মাটির,B-OBJ
,হাতিলে,I-OBJ
,ফাক,O
,করে,O
Sentence: 2434,আর,O
,ভাই,B-REL
,শিমের,I-REL
,তরকারি,B-FOOD
,দি,I-FOOD
,ভাত,B-FOOD
,খাইলে,O
,খুব,O
,ভালোবাসে,O
Sentence: 2435,এই,O
,বাইচ্চা্,O
,ইয়া,O
,হাকা,B-FOOD
,পেঁপে,I-FOOD
,খার,O
Sentence: 2436,আব্বু,B-REL
,গেরামেত্তুন,B-LOC
,আইবার,O
,সময়,O
,বহুত,O
,বড্ডা,O
,বড্ডা,O
,জাম্বুরা,B-FOOD
,কিনি,O
,আইঞ্চে,O
Sentence: 2437,আর,O
,আম্মু,B-REL
,জামরুল,B-FOOD
,খার,O
Sentence: 2438,আর,O
,ছোট,B-REL
,ভাই,I-REL
,বিয়ালে,O
,সাদে,O
,উঠি,O
,লগের,O
,ঘরের,O
,সাদে,O
,কইতর,B-ANI
,দেখি,O
Sentence: 2439,আন্ডা,O
,গেরামের,B-LOC
,বাড়িত,I-LOC
,কতুগুন,O
,মুরগির,B-ANI
,সা,I-ANI
,আসে,O
Sentence: 2440,বাইচ্চা,O
,ইয়াা,O
,এক্কান,O
,মুরগির,B-ANI
,সা,I-ANI
,কলে,O
,লইসে,O
Sentence: 2441,আর,O
,ছোট,B-REL
,ভোইন,I-REL
,খুবি,O
,বোকা,O
Sentence: 2442,গেরামের,B-LOC
,বাড়ি,I-LOC
,জাই,O
,আই,O
,অসসর,O
,অসসর,O
,হাসুর,O
,কাইসসি,O
Sentence: 2443,আর,O
,আব্বু,B-REL
,আম্মু,B-REL
,ভাই,B-REL
,ভোইন,B-REL
,ড্রয়িংরুমে,O
,বই,O
,রইসে,O
Sentence: 2444,আন্ডা,O
,ঘরের,O
,স্টোররুম,O
,ইয়া,O
,অনেক,O
,বড়,O
,বাইচ্চা,O
Sentence: 2445,এক্কান,O
,বিলাইর,B-ANI
,সারে,I-ANI
,আদর,O
,কইচ্ছে,O
Sentence: 2446,লাকড়ির,B-OBJ
,চুলা,I-OBJ
,রাইন্তে,O
,করা,O
,খানা,O
,খুব,O
,মজা,O
Sentence: 2447,আর,O
,বড়া,B-ROLE
,ভাই,I-ROLE
,বেজ্ঞুন,B-FOOD
,তরকারির,I-FOOD
,ঝোল,I-FOOD
,আর,O
,খুব,O
,হসন্দ,O
Sentence: 2448,আর,O
,আব্বু,B-ROLE
,লাই,B-FOOD
,দি,I-FOOD
,চিংড়ি,I-FOOD
,মাসের,I-FOOD
,ঝোল,I-FOOD
,আর,O
,খুব,O
,হসন্দ,O
Sentence: 2449,আর,O
,শীতের,O
,দিনে,O
,গোসল,O
,কইত্তে,O
,ভালা,O
,লাগে,O
,না,O
Sentence: 2450,আর,O
,ভোন,B-REL
,গেরামের,B-LOC
,বাড়ীত,I-LOC
,যাই,O
,হইরেত্তে,B-LOC
,গোসল,O
,করে,O
Sentence: 2451,আর,O
,আম্মু,B-REL
,বলে,O
,তেতই,B-FOOD
,খাইলে,O
,আর,O
,বুদ্ধিকমি,O
,যাইব,O
Sentence: 2452,আর,O
,আব্বু্,B-REL
,বাজারেত্তুন,O
,আন্ডারলাই,O
,তেতই,B-FOOD
,কি,O
,আইঞ্চে,O
Sentence: 2453,আর,O
,গেরামের,B-LOC
,বাড়ীর,I-LOC
,উঠান,O
,অনেক,O
,বড়,O
Sentence: 2454,এই,O
,বাইচ্চা,O
,ইয়,O
,গেরামের,B-LOC
,ঊঠানে,I-LOC
,খেলের,O
Sentence: 2455,ছোট,O
,বাইচ্ছা,O
,ইয়া,O
,অনেক,O
,অসুস্ত,O
Sentence: 2456,এক্কান,O
,আহত,O
,বাইচ্চা,O
,রাস্তায়,B-LOC
,খাবই,O
,কান্দের,O
Sentence: 2457,আর,O
,ছোট,B-REL
,ভোইনরে,I-REL
,আইজ্জা,O
,বেয়ানে,O
,হাস্ফাতালে,B-ORG
,নি,O
,গেসে,O
Sentence: 2458,আব্বু,B-REL
,কইসে,O
,বৃষ্টি,O
,অইলেও,O
,বারান্দাত,O
,গাসে,O
,হানি,B-FOOD
,দিবার,O
,দরকার,O
,নাই,O
Sentence: 2459,আর,O
,আম্মু,B-REL
,বৃষ্টি,O
,অইলেও,O
,বারান্দাত,O
,গাসে,O
,হানি,B-FOOD
,দেয়,O
Sentence: 2460,আব্বু,B-REL
,কইসে,O
,গাসে,O
,অতিরিক্ত,O
,হানি,B-FOOD
,দিলে,O
,গাস,O
,মরি,O
,যায়,O
Sentence: 2461,কাইল্লা,O
,বিয়ালে,O
,আন্ডা,O
,এদে,O
,অনেক,O
,বৃষ্টি,O
,অইসে,O
Sentence: 2462,আর,O
,আম্মু্,B-REL
,আইজ্জা,O
,শশার,B-FOOD
,তরকাতি,I-FOOD
,ফাক,O
,কইচ্চে,O
Sentence: 2463,গরমের,O
,দিনে,O
,নুন,B-FOOD
,দি,O
,শশা,B-FOOD
,খাইতে,O
,খুব,O
,ভালা,O
,লাগে,O
Sentence: 2464,শশা,B-FOOD
,খাইতে,O
,অনেক,O
,ভালা,O
Sentence: 2465,আব্বু,B-REL
,আইজ্জা,O
,বেয়ানে,O
,বাজারেত্তুন,O
,টমাটু,B-FOOD
,কি,O
,আইঞ্চে,O
Sentence: 2466,দিন,O
,দিন,O
,টমাটুর,B-FOOD
,বারি,O
,গেসে,O
Sentence: 2467,আর,O
,সরিষার,B-FOOD
,তেল,I-FOOD
,দি,O
,মাছ,B-FOOD
,ভাজি,I-FOOD
,খুব,O
,ভালা,O
,লাগে,O
Sentence: 2468,আর,O
,দাদা,B-REL
,চুলে,O
,সরিষার,O
,তেল,O
,দেয়,O
Sentence: 2469,আর,O
,নানা,B-REL
,কইসে,O
,সরিষার,O
,তের,O
,চুল,O
,হোড়া,O
,কমায়,O
Sentence: 2470,এক্কান,O
,কৃষক,B-ROLE
,বাজারে,O
,টমাটু,B-FOOD
,বেসের,O
Sentence: 2471,আর,O
,আব্বু,B-REL
,গাত,O
,সরিষার,O
,তেল,O
,লাগায়,O
Sentence: 2472,দিন,O
,দিন,O
,আই,O
,খুব,O
,অসুস্ত,O
,অই,O
,যাইয়ের,O
Sentence: 2473,যিয়েনে,O
,হিয়েনে,O
,সেপ,O
,হেলন,O
,একদম,O
,নিষেধ,O
Sentence: 2474,আর,O
,আম্মু,B-REL
,কইসে,O
,হতিদিন,O
,তেতই,B-FOOD
,খাইলে,O
,আর,O
,গায়েত্তে,O
,রক্ত,O
,হানি,O
,অই,O
,জাইব,O
Sentence: 2475,আর,O
,ছোট,B-REL
,ভাইয়ের,I-REL
,ফ্রিও,O
,ফল,B-FOOD
,অইলো,O
,জামরুল,O
Sentence: 2476,বাইচ্চা,O
,ইয়ার,O
,কিছু,O
,দিন,O
,ধরি,O
,সর্দি,O
,কাশি,O
Sentence: 2477,আন্ডা,O
,গেরামের,B-LOC
,বাজারে,I-LOC
,অনেক,O
,বড্ডা,O
,ইজ্ঞা,O
,দেশী,B-ANI
,মুরগির,I-ANI
,দোয়ান,B-LOC
,আসে,O
Sentence: 2478,বেয়ানে,O
,ঘুমেত্তুন,O
,উঠি,O
,নাইরকেল,B-FOOD
,এর,O
,হানি,B-FOOD
,খাইতে,O
,আর,O
,খুব,O
,ভালা,O
,লাগে,O
Sentence: 2479,আই,O
,আইজ্জা,O
,শিম,B-FOOD
,ভাজি,I-FOOD
,দি,O
,দুফুরে,O
,ভাত,B-FOOD
,খাইসি,O
Sentence: 2480,মা,B-REL
,আর,O
,লাই,O
,শিম,B-FOOD
,ভাজি,I-FOOD
,দি,O
,দুফুরে,O
,ভাত,O
,খাইসি,O
Sentence: 2481,আম্মু,B-REL
,ফাকঘরে,O
,বই,O
,মাটির,B-OBJ
,হাতিলে,I-OBJ
,মাংস,B-FOOD
,রান্না,I-FOOD
,কইচ্চে,O
Sentence: 2482,অনেক,O
,মানুষই,O
,শখের,O
,লাই,O
,ছাদের,O
,অচে,O
,কইতর,B-ANI
,হালে,O
Sentence: 2483,দুুইদিন,O
,ধরি,O
,আর,O
,অনেক,O
,সর্দি,O
,জ্বর,O
Sentence: 2484,বেয়ানে,O
,ঘুমেত্তুন,O
,উঠিই,O
,ঘরের,O
,স্টোররুমগা,O
,হরিষ্কার,O
,করন,O
,লাইগবো,O
Sentence: 2485,লবণ,B-FOOD
,দি,O
,গম,B-FOOD
,খাইতে,O
,আর,O
,ছোট,B-REL
,ভোইন,I-REL
,খুব,O
,হসন্দ,O
,করে,O
Sentence: 2486,মা,B-REL
,ফাকঘরে,O
,বসি,O
,আর,O
,বাবার,B-REL
,লাই,O
,শিমের,B-FOOD
,তরকারি,I-FOOD
,রাইঞ্চে,O
Sentence: 2487,আই,O
,আর,O
,আব্বু,B-REL
,কাইল্লা,O
,সিলেটেত্তুন,B-LOC
,ঢাকা,O
,আইসি,B-LOC
Sentence: 2488,আম্মু,B-REL
,লাকড়িস,B-OBJ
,চুলাত,I-OBJ
,রাইঞ্চে,O
Sentence: 2489,আর,O
,স্কুলে,B-ORG
,কোনো,I-REL
,খেলাত,B-LOC
,মাঠ,I-LOC
,নাই,O
Sentence: 2490,এই,O
,বকা,O
,হলা,O
,ইয়া,O
,দুইদিন,O
,ধরি,O
,হড়ালেয়া,O
,করের,O
,না,O
Sentence: 2491,বিয়ালে,O
,আম্মু,B-REL
,আর,O
,লাই,O
,শসার,B-FOOD
,সুপ,I-FOOD
,রান্না,O
,কইচ্চে,O
Sentence: 2492,আর,O
,স্কুলে,B-ORG
,কোনো,O
,খেলাত,B-LOC
,মাঠ,I-LOC
,নাই,O
Sentence: 2493,আন্ডা,O
,বেজ্ঞুন,O
,একলোগে,O
,খেলা,O
,দেখসিলাম,O
Sentence: 2494,বিশ্বকাপ,B-ORG
,ক্রিকেট,O
,খেলা,O
,আইজ্জাত্তুন,O
,শুরু,O
Sentence: 2495,আইজ্জা,O
,ইংল্যান্ড,B-LOC
,বিশ্বকাপ,B-ORG
,ক্রিকেট,O
,খেলায়,O
,জিতি,O
,গেসে,O
Sentence: 2496,চল,O
,আন্ডা,O
,বেজ্ঞুন,O
,গান,O
,গাই,O
Sentence: 2497,তুই,O
,কি,O
,আরে,O
,এক,O
,গ্লাস,B-OBJ
,হানি,B-FOOD
,আনি,O
,দিতা,O
,হাইরবানি,O
Sentence: 2498,আই,O
,হাইত্তান্নো,O
,হানি,B-FOOD
,দিতাম,O
Sentence: 2499,তোওয়ার,O
,ভাই,B-REL
,হড়ালেখাত,O
,অনেক,O
,মেধাবি,O
Sentence: 2500,আইচ্ছা,O
,বলো,O
,সাই,O
,বাংলাদেশে,B-LOC
,কোগা,O
,জেলা,B-LOC
Sentence: 2501,সাম্নের,O
,মুই,O
,যাই,O
,মাইয়া,O
,ইয়া,O
,অনেক,O
,হাসিবো,O
Sentence: 2502,আই,O
,হিয়ানে,O
,যাইতান,O
,না,O
Sentence: 2503,আই,O
,হিয়ানে,O
,যাইয়ুম,O
Sentence: 2504,এগগা,O
,কবিতা,O
,ক,O
Sentence: 2505,আর,O
,কোইতুর,O
,হছন্দ,O
Sentence: 2506,আর,O
,কোয়াল,O
,ভালা,O
Sentence: 2507,হেতে,O
,কেন্নে,O
,ঝিমাইতেয়াছে,O
,ছা,O
Sentence: 2508,কিতা,O
,হাইছেন,O
Sentence: 2509,আই,O
,তোয়ারে,O
,দেইখখালইয়ুম,O
Sentence: 2510,ভুলি,O
,গেছত,O
Sentence: 2511,কিতা,O
,তরকারি,B-FOOD
Sentence: 2512,আই,O
,হাইরগুম,O
Sentence: 2513,হেতে,O
,হলাই,O
,গেছে,O
Sentence: 2514,হেতে,O
,অনেক,O
,ডরাইল্লা,O
Sentence: 2515,তরকারি,B-FOOD
,লও,O
Sentence: 2516,ইমি,O
,আয়,O
Sentence: 2517,হেতারে,O
,হাডাইছে,O
Sentence: 2518,শিমুর,B-PER
,গোলাপী,B-COL
,রঙ,I-COL
,হছন্দ,O
Sentence: 2519,শিমুর,B-PER
,আকাশী,B-COL
,রং,I-COL
,হছন্দ,O
Sentence: 2520,শিমুর,B-PER
,ধূসর,B-COL
,রং,I-COL
,হছন্দ,O
Sentence: 2521,শিমুর,B-PER
,মেরুন,B-COL
,রং,I-COL
,হছন্দ,O
Sentence: 2522,শিমুর,B-PER
,কমলা,B-COL
,রং,I-COL
,হছন্দ,O
Sentence: 2523,শিমুর,B-PER
,সবুজ,B-COL
,রং,I-COL
,হছন্দ,O
Sentence: 2524,আন্নেরা,O
,আগে,O
,দি,O
,যান,O
Sentence: 2525,আন্নে,O
,কোনান,O
,তুন,O
,আইছেন,O
Sentence: 2526,সামলাই,O
,রাইখো,O
Sentence: 2527,কিয়া,O
,কইরবা,O
,আই,O
,যদি,O
,ঠিক,O
,থাই,O
Sentence: 2528,আর,O
,কতা,O
,বুঝস,O
,নি,O
,তুই,O
Sentence: 2529,আর,O
,হিছনে,O
,কিয়া,O
Sentence: 2530,তোয়ারে,O
,আরা,O
,দেখিলইয়ুম,O
Sentence: 2531,যাওনের,O
,সময়,O
,কোনাই,O
,গেছোস,O
Sentence: 2532,প্রানকান,O
,বাইত,O
,রাখি,O
Sentence: 2533,মাথাত,O
,হাত,O
,দি,O
,ক,O
,আরে,O
,আর,O
,ধোঁকা,O
,দিতি,O
,ন,O
Sentence: 2534,তোর,O
,নাম,O
,লেই,O
,দিছি,O
Sentence: 2535,না,O
,ও,O
,কইছ,O
,হা,O
,ও,O
,কইছ,O
Sentence: 2536,আই,O
,জানি,O
,তুই,O
,আইহসোস,O
Sentence: 2537,তুই,O
,কাইলগা,O
,আইস,O
Sentence: 2538,আই,O
,জানি,O
,তুই,O
,আইহসোস,O
Sentence: 2539,সিটি,B-ORG
,কর্পোরেশন,I-ORG
,অফিস,I-ORG
,আছে,O
Sentence: 2540,অনেক,O
,কষটত,O
,আছি,O
Sentence: 2541,আঁই,O
,হাছা,O
,খুব,O
,অসহায়,O
,বোধ,O
,কইত্তাম,O
,আছি,O
Sentence: 2542,আঁই,O
,খুব,O
,অসহায়,O
,বোধ,O
,কইত্তাম,O
,আছি,O
Sentence: 2543,খুব,O
,অসহায়,O
,বোধ,O
,কইত্তাম,O
,আছি,O
Sentence: 2544,অসহায়,O
,বোধ,O
,কইত্তাম,O
,আছি,O
Sentence: 2545,আঁই,O
,হাছা,O
,হইছি,O
,খুব,O
,অসহায়,O
Sentence: 2546,ভিডিও,O
,বানানির,O
,কি,O
,দরকার,O
,আছিলো,O
Sentence: 2547,বানানির,O
,কি,O
,দরকার,O
,আছিলো,O
Sentence: 2548,আঁরে,O
,বোলায়,O
Sentence: 2549,সিলেটেত্তুন,B-LOC
,আঁর,O
,লগে,O
,দেয়া,O
,কইত্তো,O
,আইছে,O
Sentence: 2550,আঁর,O
,লগে,O
,দেয়া,O
,কইত্তে,O
,আইছে,O
Sentence: 2551,দেয়া,O
,কইত্তে,O
,আইছে,O
Sentence: 2552,সিলে্টেত্তুন,B-LOC
,ঢাকাত,B-LOC
,আইছে,O
Sentence: 2553,ছুইস,O
,না,O
Sentence: 2554,হই,O
,গেছি,O
Sentence: 2555,আসল,O
,কথাত,O
,আইও,O
Sentence: 2556,আঁই,O
,বাত,B-FOOD
,খাইতান্নো,O
,রাগ,O
,কইচ্ছি,O
Sentence: 2557,আন্নে,O
,আঁরে,O
,ছাড়ি,O
,চলি,O
,যাইবেন,O
Sentence: 2558,বিয়া,O
,অইছে,O
,অনেক,O
,বছর,O
,আগেদি,O
Sentence: 2559,যানের,O
,কতা,O
,নাই,O
Sentence: 2560,চিন্তা,O
,কইচ্ছি,O
,কিছু,O
,এক্কান,O
,কইরগুম,O
Sentence: 2561,এইডা,O
,বালা,O
,হইব,O
,তোর,O
,লাই,O
Sentence: 2562,বাইত,O
,আইয়ুনের,O
,সময়,O
,অই,O
,গেছে,O
Sentence: 2563,হেতে,O
,খানা,O
,থামি,O
,কয়,O
Sentence: 2564,খানা,O
,খাইতে,O
,গেছে,O
Sentence: 2565,কতা,O
,না,O
,কই,O
,খানাত,O
,মন,O
,দে,O
Sentence: 2566,খাওয়া,O
,শেষ,O
,করি,O
,তহন,O
,হেতের,O
,দিকে,O
,গেলো,O
Sentence: 2567,দেই,O
,চোক,O
,যায়,O
Sentence: 2568,সুন্দর,O
,কিছু,O
,অইতো,O
,হারে,O
Sentence: 2569,বিয়া,O
,কিচ্ছে,O
,আঁর,O
,ছডো,B-REL
,ভাই,I-REL
Sentence: 2570,মাতাত,O
,বুদ্দি,O
,অয়,O
,না,O
Sentence: 2571,ডিম,B-FOOD
,দেওন,O
,বন্ধ,O
,করি,O
,দেয়,O
Sentence: 2572,বেকেরে,O
,কইছে,O
Sentence: 2573,বলা,O
,আইছে,O
Sentence: 2574,আন্নের,O
,ইয়ান,O
,করন,O
,লাগব,O
Sentence: 2575,করন,O
,লাগবো,O
Sentence: 2576,চলি,O
,আইবি,O
Sentence: 2577,আঁই,O
,হেতারে,O
,কইছি,O
,ইয়ান,O
,করিছনা,O
Sentence: 2578,আঁই,O
,হেতারে,O
,কইছি,O
Sentence: 2579,ইয়ান,O
,করিছ,O
,না,O
Sentence: 2580,কি,O
,দরকার,O
,আছিলো,O
Sentence: 2581,দরকার,O
,আছিলো,O
Sentence: 2582,বানানির,O
,কি,O
,দরকার,O
Sentence: 2583,এরুম,O
,কইত্তাছে,O
,কিল্লাই,O
,বই,O
,বই,O
Sentence: 2584,কিল্লাই,O
,বই,O
,বই,O
Sentence: 2585,এরুম,O
,কইত্তেছে,O
Sentence: 2586,ইয়ান,O
,কেন্নে,O
,সম্ভব,O
Sentence: 2587,কেন্নে,O
,সম্ভব,O
Sentence: 2588,তুই,O
,এন্নে,O
,ঘুমাস,O
,কিল্লাই,O
Sentence: 2589,তুই,O
,ঘুমাস,O
,কিল্লাই,O
Sentence: 2590,ঘুমাস,O
,কিল্লাই,O
Sentence: 2591,এতো,O
,ঘুমাস,O
,কিল্লাই,O
Sentence: 2592,তুুই,O
,ঘুমা,O
Sentence: 2593,তোর,O
,কাম,O
,নাই,O
Sentence: 2594,কতা,O
,ঠিক,O
,আছে,O
,নি,O
Sentence: 2595,কান,O
,টান,O
,লাল,B-COL
,করি,O
,হালাইয়ুম,O
,আঁই,O
,তোর,O
Sentence: 2596,আঁই,O
,কষ্টে,O
,আছি,O
Sentence: 2597,কষ্টে,O
,আছি,O
Sentence: 2598,তোর,O
,লগে,O
,আঁর,O
,হবরে,O
,কতা,O
,আছে,O
Sentence: 2599,তোর,O
,লগে,O
,আঁর,O
,কতা,O
,আছে,O
Sentence: 2600,আঁর,O
,হবরে,O
,কতা,O
,আছে,O
Sentence: 2601,হবরে,O
,কতা,O
,আছে,O
Sentence: 2602,কতা,O
,আছে,O
Sentence: 2603,আঁর,O
,বেইন্না,O
,উডি,O
,চা,B-FOOD
,খানের,O
,অভ্যাস,O
Sentence: 2604,বেইন্না,O
,উডি,O
,চা,B-FOOD
,খানের,O
,অভ্যাস,O
Sentence: 2605,চা,B-FOOD
,খানের,O
,অভ্যাস,O
Sentence: 2606,তুই,O
,দুফারে,O
,কি,O
,খাইছত,O
Sentence: 2607,দুফারে,O
,কি,O
,খাইছত,O
Sentence: 2608,তুই,O
,কি,O
,রাইতকা,O
,বারো,O
,বাইর,O
,হবিনি,O
Sentence: 2609,রাইতকা,O
,বারো,O
,বের,O
,হবিনি,O
Sentence: 2610,বাইরে,O
,বাইরোবিনি,O
Sentence: 2611,তুই,O
,কি,O
,বারো,O
,যাবিনি,O
Sentence: 2612,বাইরোবিনি,O
Sentence: 2613,আন্নের,O
,লগে,O
,কতা,O
,কইতে,O
,আঁর,O
,অনেক,O
,বাল্লাগে,O
Sentence: 2614,কতা,O
,কইতে,O
,আঁর,O
,বাল্লাগে,O
Sentence: 2615,আঁর,O
,বাল্লাগে,O
Sentence: 2616,রং,B-COL
,কইত্তে,O
,হাইরবিনি,O
,রে,O
Sentence: 2617,কাম,O
,কইত্তাম,O
,কেন্নে,O
Sentence: 2618,আঁই,O
,অনেক,O
,কষ্টে,O
,আছি,O
Sentence: 2619,কতা,O
,কইতে,O
,বাল্লাগে,O
Sentence: 2620,কতা,O
,বাল্লাগে,O
Sentence: 2621,আন্নের,O
,লগে,O
,কতা,O
Sentence: 2622,খেইলবি,O
,নি,O
,আঁর,O
,মাইয়ার,O
,লগে,O
Sentence: 2623,আঁর,O
,অন,O
,তোরে,O
,বাল্লাগে,O
Sentence: 2624,আঁর,O
,কতা,O
,তুই,O
,বুজন্নি,O
Sentence: 2625,কসম,O
,আঁর,O
,গাত,O
,জ্বর।,O
Sentence: 2626,তোরে,O
,আন্ডা,O
,দেই,O
,লইয়ুম।,O
Sentence: 2627,তুই,O
,দুফারে,O
,কি,O
,দি,O
,ভাত,B-FOOD
,খাইছত,O
Sentence: 2628,দুফারে,O
,কি,O
,দি,O
,ভাত,B-FOOD
,খাইছত,O
Sentence: 2629,দুফারে,O
,কি,O
,খাইছত,O
Sentence: 2630,কি,O
,দি,O
,ভাত,B-FOOD
Sentence: 2631,বেকের,O
,তুন,O
,কাছের,O
,মানুষ,O
Sentence: 2632,অনেক,O
,ভালা,O
,লাগে,O
Sentence: 2633,বাল্লাগে,O
Sentence: 2634,কতা,O
,কইতে,O
,অনেক,O
,বাল্লাগে,O
Sentence: 2635,আঁই,O
,তোরে,O
,ডাকতান্নো,O
Sentence: 2636,তোরে,O
,ডাকতান্নো,O
Sentence: 2637,আঁই,O
,তোরে,O
,ডাক,O
,দিয়ুম।,O
Sentence: 2638,তোরে,O
,ডাক,O
,দিয়ুম,O
Sentence: 2639,ডাকতান্নো,O
Sentence: 2640,তোর,O
,এতো,O
,ঘুম,O
,আইয়ে,O
,কিল্লাই,O
Sentence: 2641,তোর,O
,ঘুম,O
,আইয়ে,O
,কিল্লাই,O
Sentence: 2642,এত,O
,ঘুম,O
,আইয়ে,O
,কিল্লেই,O
Sentence: 2643,ঘুম,O
,আইয়ে,O
,কিল্লেই,O
Sentence: 2644,তোমার,O
,এত,O
,ঘুম,O
,কিল্লেই,O
Sentence: 2645,হোলাগা,O
,সাদা,B-COL
,রঙয়ের,I-COL
,অগগা,O
,শার্ট,B-OBJ
,হরি,O
,আইছিলো,O
Sentence: 2646,হেতে,O
,অন,O
,রাজশাহী,B-LOC
,চলি,O
,গেছে,O
Sentence: 2647,হেতে,O
,এক্কারই,O
,আঁসে,O
,না।,O
Sentence: 2648,হেতে,O
,আঁসেনা,O
Sentence: 2649,হেতে,O
,আঁসে,O
Sentence: 2650,হেতে,O
,আঁসে,O
,না।,O
Sentence: 2651,এক্কারিই,O
,আঁসে,O
,না,O
Sentence: 2652,হেতে,O
,রাজশাহী,B-LOC
,চলি,O
,গেছে,O
Sentence: 2653,রাজশাহী,B-LOC
,চলি,O
,গেছে,O
Sentence: 2654,চলি,O
,গেছে,O
Sentence: 2655,হেতে,O
,অন,O
,রাজশাহী,B-LOC
Sentence: 2656,আন্নের,O
,বেকের,O
,তুন,O
,কাছের,O
,মানুষ,O
,কুনগা,O
Sentence: 2657,আন্নের,O
,কাছের,O
,মানুষটি,O
,কেগা,O
Sentence: 2658,কাছের,O
,মানুষগা,O
,কে,O
Sentence: 2659,মানুষটি,O
,কেগা,O
Sentence: 2660,ঢাকাত,B-LOC
,আইছে,O
Sentence: 2661,হোলাগা,O
,ঢাকাত,B-LOC
,আইছে,O
Sentence: 2662,সিলেটের,B-LOC
,তুন,O
,ঢাকাত,B-LOC
Sentence: 2663,সাদা,B-COL
,রঙের,I-COL
,একগা,O
,শার্ট,B-OBJ
,হরি,O
,আইছিলো,O
Sentence: 2664,সাদা,B-COL
,রঙ্গের,I-COL
,শার্ট,O
Sentence: 2665,সাদা,B-COL
,রঙের,I-COL
,শার্ট,B-OBJ
,হরি,O
,আইছিলো,O
Sentence: 2666,সাদা,B-COL
,রঙ্গের,I-COL
,শার্ট,B-OBJ
Sentence: 2667,শার্ট,B-OBJ
,হরি,O
,আইছিলো,O
Sentence: 2668,হরে,O
,আইছিল,O
Sentence: 2669,আঁর,O
,অনেক,O
,খারাপ,O
,লাইগছে,O
Sentence: 2670,আঁর,O
,খারাপ,O
,লাইগছে,O
Sentence: 2671,অনেক,O
,খারাপ,O
,লাইগছে,O
Sentence: 2672,খারাপ,O
,লাইগছে,O
Sentence: 2673,তুই,O
,কোন,O
,স্কুলে,B-ORG
,হরো,O
Sentence: 2674,কোন,O
,স্কুলে,B-ORG
,হরো,O
Sentence: 2675,আংগো,O
,বাড়ি,O
,চাঁদপুর,B-LOC
Sentence: 2676,আংগো,O
,বাড়ি,O
,যশোর,B-LOC
Sentence: 2677,তুই,O
,কোনাই,O
,যাস,O
Sentence: 2678,কোনাই,O
,যাস,O
Sentence: 2679,হেতার,O
,বই,B-OBJ
,হড়তে,O
,এক্কারই,O
,বালা,O
,লাগে,O
,না,O
Sentence: 2680,হেতার,O
,কি,O
,হড়ালেয়া,O
,এক্কারই,O
,বালা,O
,লাগে,O
,না,O
Sentence: 2681,হড়ালেয়া,O
,এক্কারই,O
,বালা,O
,লাগে,O
,না,O
Sentence: 2682,তোর,O
,কি,O
,হড়ালেয়া,O
,বালা,O
,লাগে,O
,না,O
Sentence: 2683,তোর,O
,কি,O
,হড়ালেয়া,O
,বালা,O
,লাগে,O
Sentence: 2684,বাল্লাগে,O
,না,O
Sentence: 2685,আঁই,O
,কামে,O
,যাইতাম,O
,চাই,O
Sentence: 2686,কামে,O
,যাইতে,O
,চাই,O
,না,O
Sentence: 2687,যাইতাম,O
,ন,O
Sentence: 2688,চাই,O
,না,O
Sentence: 2689,কামে,O
,যাইতাম,O
,চাই,O
Sentence: 2690,যাইতে,O
,চাই,O
Sentence: 2691,আন্নে,O
,এই,O
,কলমকান,B-OBJ
,নেন,O
Sentence: 2692,এই,O
,কলমকান,B-OBJ
,নেন,O
Sentence: 2693,কলমকান,B-OBJ
,নেন,O
Sentence: 2694,আন্নে,O
,কলমকান,B-OBJ
,নেন,O
Sentence: 2695,তুই,O
,যাবিনি,O
Sentence: 2696,ব্যাইচ্চা,O
,কান্দে,O
,খাবার,O
,খাওয়াও,O
Sentence: 2697,নিজের,O
,থাকার,O
,জাগা,O
,নাই,O
,আবার,O
,আরেকজনের,O
,ভরণপোষনের,O
,দায়িত্ব,O
,নিছে,O
Sentence: 2698,আঁরে,O
,হাঁচা,O
,কতা,O
,কন,O
Sentence: 2699,হাঁচা,O
,কতা,O
,কন,O
Sentence: 2700,কতা,O
,কন,O
Sentence: 2701,আঁরে,O
,হাঁচা,O
,কন,O
Sentence: 2702,হাঁচা,O
,কন,O
Sentence: 2703,বাচ্চা,O
,কান্দে,O
Sentence: 2704,খাওন,B-FOOD
,খাওয়াও,O
Sentence: 2705,তুই,O
,ঘুমের,O
,তুন,O
,হলে,O
,উডি,O
,যা,O
Sentence: 2706,ঘুমের,O
,তুন,O
,হলে,O
,উডি,O
,যা,O
Sentence: 2707,হলে,O
,উডি,O
,যা,O
Sentence: 2708,উডি,O
,যা,O
Sentence: 2709,তুই,O
,হলে,O
,উডি,O
,যা,O
Sentence: 2710,আঁই,O
,বেয়াইন্না,O
,নাস্তা,O
,করি,O
,ইস্কুলে,O
,যাই,O
Sentence: 2711,বােয়াইন্না,O
,নাস্তা,B-FOOD
,করি,O
,স্কুলে,B-ORG
,যাই,O
Sentence: 2712,নাস্তা,B-FOOD
,করি,O
,স্কুলে,B-ORG
,যাই,O
Sentence: 2713,স্কুলে,B-ORG
,যাই,O
Sentence: 2714,আই,O
,নাস্তা,B-FOOD
,করি,O
,ইস্কুলে,B-ORG
,যাই,O
Sentence: 2715,আঁর,O
,বেয়াইন্না,O
,কিছু,O
,খাইতে,O
,ভাল্লাগে,O
,না,O
Sentence: 2716,বেয়াইন্না,O
,কিছু,O
,খাইতে,O
,ভালা,O
,লাগে,O
,না,O
Sentence: 2717,কিছু,O
,খাইতে,O
,ভালা,O
,লাগে,O
,না,O
Sentence: 2718,খাইতে,O
,ভালা,O
,লাগে,O
,না,O
Sentence: 2719,ভালা,O
,লাগে,O
,না,O
Sentence: 2720,লাগে,O
,না,O
Sentence: 2721,আঁর,O
,কিছু,O
,খাইতে,O
,ভাল্লাগে,O
,না,O
Sentence: 2722,আঁর,O
,খাইতে,O
,ভাল্লাগে,O
,না,O
Sentence: 2723,আঁর,O
,কিিছ,O
,ভালা,O
,লাগে,O
,না,O
Sentence: 2724,আঁর,O
,ভালা,O
,লাগে,O
,না,O
Sentence: 2725,আঁর,O
,বেয়াইন্না,O
,কিছু,O
,খাইতাম,O
,ভালো,O
,লাগে,O
Sentence: 2726,বেয়াইন্না,O
,কিছু,O
,খাইতে,O
,ভালা,O
,লাগে,O
Sentence: 2727,কিছু,O
,খাইতে,O
,ভালা,O
,লাগে,O
Sentence: 2728,খাইতে,O
,ভালা,O
,লাগে,O
Sentence: 2729,ভালা,O
,লাগে,O
Sentence: 2730,আঁর,O
,কিছু,O
,খাইতে,O
,ভাল্লাগে,O
Sentence: 2731,আঁর,O
,খাইতে,O
,ভালা,O
,লাগে,O
Sentence: 2732,আঁর,O
,কিছু,O
,ভালা,O
,লাগে,O
Sentence: 2733,আঁর,O
,ভালা,O
,লাগে,O
Sentence: 2734,আমরা,O
,হারি,O
,গেছি,O
Sentence: 2735,আই,O
,ভালা,O
,আছি,O
Sentence: 2736,ভালা,O
,আছি,O
Sentence: 2737,আই,O
,ভালা,O
,নাই,O
Sentence: 2738,তুমি,O
,কেমিক্কা,O
,আছো,O
Sentence: 2739,ভালা,O
,লাগে,O
,না,O
Sentence: 2740,আঁর,O
,আর,O
,ভাল্লাগে,O
,না,O
Sentence: 2741,আঁই,O
,ক্রিকেট,O
,খেইলগুম,O
Sentence: 2742,ক্রিকেট,O
,খেইলগুম,O
Sentence: 2743,তুই,O
,কোনাই,O
Sentence: 2744,ওগগা,O
,বিলাই,B-ANI
,দুয়ারের,O
,সামিনে,O
,বই,O
,রইছে,O
Sentence: 2745,বিলাই,B-ANI
,দুয়ারের,O
,সামনে,O
,বই,O
,রইছে,O
Sentence: 2746,দুয়ারের,O
,সামনে,O
,বই,O
,রইছে,O
Sentence: 2747,সামনে,O
,বই,O
,রইছে,O
Sentence: 2748,বই,O
,রইছে,O
Sentence: 2749,আঁই,O
,কামে,O
,যাইতাম,O
,চাই,O
,না,O
Sentence: 2750,তুুই,O
,কোনানতন,O
,আইছোত,O
Sentence: 2751,কোনান,O
,তোন,O
,আইছত,O
Sentence: 2752,তুই,O
,কোোণাই,O
,থাচ,O
Sentence: 2753,কোনাই,O
,থাচ,O
Sentence: 2754,আঁই,O
,ভালা,O
,নাই,O
Sentence: 2755,আন্নে,O
,বালা,O
,আছেন,O
,নী,O
Sentence: 2756,তুই,O
,বালা,O
,আছতনি,O
Sentence: 2757,কোনাই,O
,যাচ,O
Sentence: 2758,তুই,O
,কোনা্নতন,O
,আইছত,O
Sentence: 2759,কোনা্নতন,O
,আইছত,O
Sentence: 2760,তুই,O
,কিয়ারস,O
Sentence: 2761,কিল্লাই,O
,কইছেন,O
Sentence: 2762,কিতা,O
,করস,O
Sentence: 2763,আঁর,O
,মন,O
,ভালা,O
,নাই,O
Sentence: 2764,মন,O
,ভালা,O
,নাই,O
Sentence: 2765,আন্নেগো,O
,বাড়ি,O
,কোনাই,O
Sentence: 2766,আঁই,O
,স্কুলে,B-ORG
,যাই,O
,না,O
Sentence: 2767,আঁই,O
,যাইতান্নো,O
Sentence: 2768,আঁই,O
,স্কুলে,B-ORG
,যাই,O
,নো,O
Sentence: 2769,তোরে,O
,ইয়ানতুন,O
,যাইতাম,O
,কইছি,O
Sentence: 2770,ইয়ান্তোন,O
,যাইতাম,O
,কইছি,O
Sentence: 2771,তুই,O
,কি,O
,কাম,O
,করস,O
Sentence: 2772,কি,O
,কাম,O
,করো,O
Sentence: 2773,কাম,O
,করো,O
Sentence: 2774,কতা,O
,কম,O
,ক,O
Sentence: 2775,এই,O
,কাম,O
,কান,O
,কর,O
Sentence: 2776,কাম,O
,কান,O
,কর,O
Sentence: 2777,বিয়াইন্না,O
,কাম,O
,করিস,O
Sentence: 2778,হাঞ্জা,O
,কাম,O
,কর,O
Sentence: 2779,গালে,O
,ওজ্ঞা,O
,একটা,O
,থাবড়,O
,লাগাই,O
,দিব,O
Sentence: 2780,ওগগা,O
,থাবড়,O
,লাগাই,O
,দিউয়ুম,O
Sentence: 2781,আঁই,O
,ভাত,B-FOOD
,খাইয়ুম,O
Sentence: 2782,ভাত,B-FOOD
,খাইয়ুম,O
Sentence: 2783,আঁর,O
,কাম,O
,আছে,O
Sentence: 2784,কাম,O
,আছে,O
Sentence: 2785,আন্ডা,O
,যাইয়ুম,O
Sentence: 2786,তোর,O
,নাম,O
,কিতা,O
Sentence: 2787,আঁর,O
,নাম,O
,নয়ন,O
Sentence: 2788,আঁই,O
,তোয়ারে,O
,ভালোবাসি,O
Sentence: 2789,তোয়ারে,O
,ভালোবাসি,O
Sentence: 2790,তুই,O
,কোনাই,O
,যাচ,O
Sentence: 2791,কোনাই,O
,যাচ,O
Sentence: 2792,কি,O
,আইনতাম,O
Sentence: 2793,বাচ্চা,O
,কান্দে,O
,খাবার,O
,খাবা,O
Sentence: 2794,আঁই,O
,খাই,O
Sentence: 2795,আঁই,O
,খেলি,O
Sentence: 2796,আই,O
,খাইয়ুম,O
Sentence: 2797,আই,O
,হইরতেছি,O
Sentence: 2798,আই,O
,হইরগুম,O
Sentence: 2799,আই,O
,স্কুলে,B-ORG
,যাইয়ুম,O
Sentence: 2800,স্কুলে,B-ORG
,যাইয়ুম,O
Sentence: 2801,আঁই,O
,ভাত,B-FOOD
,খাইতাননো,O
Sentence: 2802,খাইতাননো,O
Sentence: 2803,তুই,O
,কিয়ারস,O
Sentence: 2804,কিতা,O
,করস,O
Sentence: 2805,আঁই,O
,খেলি,O
Sentence: 2806,খেলা,O
,করি,O
Sentence: 2807,তুুই,O
,ভাত,B-FOOD
,খাইছতনি,O
Sentence: 2808,কি,O
,খবর,O
,আন্নের,O
Sentence: 2809,কি,O
,খবর,O
Sentence: 2810,তোগো,O
,বাড়ি,O
,কোনাই,O
Sentence: 2811,বাড়ি,O
,কোনাই,O
Sentence: 2812,কিতা,O
,করো,O
,বেকে,O
Sentence: 2813,কিতা,O
,করো,O
Sentence: 2814,আঁই,O
,রিক্সাত,B-OBJ
,করি,O
,আইয়ুম,O
Sentence: 2815,রিক্সা,B-OBJ
,করি,O
,আইয়ুম,O
Sentence: 2816,আর,O
,নাম,O
,আরিফ,B-PER
Sentence: 2817,তুই,O
,কিতা,O
,করস,O
Sentence: 2818,কিতা,O
,করস,O
Sentence: 2819,তোর,O
,বয়স,O
,কত,O
Sentence: 2820,না,O
,ভালা,O
,নাই,O
Sentence: 2821,আঁই,O
,রাগ,O
,কইচ্ছি,O
Sentence: 2822,আঁই,O
,তোর,O
,লগে,O
,হরে,O
,কতা,O
,কইয়ুম,O
Sentence: 2823,বাড়ি,O
,ইজ্ঞা,O
,আঙ্গ,O
Sentence: 2824,সুন্দর,O
,করি,O
,ব,O
Sentence: 2825,আঁংগো,O
,বাইত,O
,কেউ,O
,আইয়েন্নো,O
Sentence: 2826,কি,O
,কইত্তেছেন,O
Sentence: 2827,ভাইয়া,B-REL
,কিতা,O
,কইরতেয়াছেন,O
Sentence: 2828,কইরতাম,O
,হাইরতেছি,O
,না,O
,অনেক,O
,জ্বর,O
Sentence: 2829,আপেল,B-FOOD
,আর,O
,হছন্দ,O
Sentence: 2830,আঙুর,B-FOOD
,আর,O
,হছন্দ,O
Sentence: 2831,হেতে,O
,মেলা,O
,খায়,O
Sentence: 2832,আঁই,O
,কিচ্ছি,O
Sentence: 2833,আইজ্জা,O
,বাইরে,O
,যাইয়ুম,O
Sentence: 2834,আইজ্জা,O
,বাইরে,O
,যাইতান্ন,O
Sentence: 2835,আঁরে,O
,হাঁচা,O
,কতা,O
,কন,O
Sentence: 2836,হাঁচা,O
,কতা,O
,কন,O
Sentence: 2837,কতা,O
,কন,O
Sentence: 2838,আঁরে,O
,হাঁচা,O
,কন,O
Sentence: 2839,হাঁচা,O
,কন,O
Sentence: 2840,তুই,O
,ঘুমের,O
,তুন,O
,হলে,O
,উডি,O
,যা,O
Sentence: 2841,ঘুমের,O
,তুন,O
,হলে,O
,উডি,O
,যাই,O
Sentence: 2842,হলে,O
,উডি,O
,যা,O
Sentence: 2843,উডি,O
,যা,O
Sentence: 2844,তুুই,O
,হলে,O
,উডি,O
,যা,O
Sentence: 2845,আঁই,O
,বেয়াইন্না,O
,নাস্তা,B-FOOD
,করি,O
,স্কুলে,B-ORG
,যাই,O
Sentence: 2846,বেয়াইন্না,O
,নাস্তা,B-FOOD
,করে,O
,স্কুলে,B-ORG
,যাই,O
Sentence: 2847,নাস্তা,B-FOOD
,করি,O
,ইস্কুলে,B-ORG
,যাই,O
Sentence: 2848,স্কুলে,B-ORG
,যাই,O
Sentence: 2849,আঙ্গো,O
,কাম,O
,আছে,O
Sentence: 2850,তোয়ার,O
,কাম,O
,আছে,O
Sentence: 2851,আন্নের,O
,লাই,O
Sentence: 2852,তুই,O
,আইজ্জা,O
,স্কুলে,B-ORG
,গেছিলি,O
Sentence: 2853,আইজ্জা,O
,স্কুলে,B-ORG
,গেছিলি,O
Sentence: 2854,কি,O
,কি,O
,আইনগুম,O
Sentence: 2855,আঁর,O
,বেয়াইন্না,O
,কিছু,O
,খাইতাম,O
,বালা,O
,লাগে,O
,না,O
Sentence: 2856,বেয়াইন্না,O
,কিছু,O
,খাইতাম,O
,বালা,O
,লাগে,O
,না,O
Sentence: 2857,কিছু,O
,খাইতে,O
,বালা,O
,লাগে,O
,না,O
Sentence: 2858,খাইতাম,O
,বালা,O
,লাগে,O
,না,O
Sentence: 2859,বালা,O
,লাগে,O
,না,O
Sentence: 2860,লাগে,O
,না,O
Sentence: 2861,আঁর,O
,বেয়াইন্না,O
,খাইতাম,O
,বালা,O
,লাগে,O
,না,O
Sentence: 2862,আঁর,O
,বেয়াইন্না,O
,খাইতাম,O
,বালা,O
,লাগে,O
Sentence: 2863,আঁর,O
,বেয়াইন্না,O
,কিছু,O
,খাইতাম,O
,বালা,O
,লাগে,O
Sentence: 2864,বেয়াইন্না,O
,খাইতাম,O
,বালা,O
,লাগে,O
Sentence: 2865,কিছু,O
,খাইতাম,O
,বালা,O
,লাগে,O
Sentence: 2866,খাাইতে,O
,বালা,O
,লাগে,O
Sentence: 2867,বালাা,O
,লাগে,O
Sentence: 2868,আঁর,O
,হশ্নের,O
,জবাব,O
,দেন,O
Sentence: 2869,হশ্নের,O
,জবাব,O
,দেন,O
Sentence: 2870,জবাব,O
,দেন,O
Sentence: 2871,আঁই,O
,বেরামে,O
,হরি,O
,গেছিলাম,O
Sentence: 2872,বেরামে,O
,হড়ি,O
,গেছিলাম,O
Sentence: 2873,আঁই,O
,হেতারে,O
,চাই,O
,হালাইছি,O
Sentence: 2874,হেতারে,O
,চাই,O
,হালাইছি,O
Sentence: 2875,দেই,O
,গেছি,O
Sentence: 2876,ইয়ানো,O
,অপেক্ষা,O
,করেন,O
Sentence: 2877,অপেক্ষা,O
,করেন,O
Sentence: 2878,সময়,O
,শেষ,O
,অই,O
,গেছে,O
Sentence: 2879,শিমুর,O
,লাল,O
,রঙ,O
,হছন্দ,O
Sentence: 2880,শিমুর,B-PER
,সবুজ,B-COL
,রঙ,I-COL
,হছন্দ,O
Sentence: 2881,শিমুর,B-PER
,কালো,B-COL
,রঙ,I-COL
,হছন্দ,O
Sentence: 2882,হেতে,O
,বেশি,O
,লম্বা,O
,নো,O
Sentence: 2883,আঁই,O
,মাফ,O
,চাইছি,O
Sentence: 2884,মাফ,O
,চাইছি,O
Sentence: 2885,আই,O
,চাইছি,O
Sentence: 2886,হেতে,O
,উডি,O
,খাড়ায়,O
,নো,O
Sentence: 2887,উডি,O
,খাড়ায়,O
,নো,O
Sentence: 2888,খাড়ায়,O
,নো,O
Sentence: 2889,হেতে,O
,খাড়ায়,O
,নো,O
Sentence: 2890,আঁই,O
,বেশি,O
,লম্বা,O
Sentence: 2891,আঁই,O
,লম্বা,O
Sentence: 2892,আঁই,O
,বেশি,O
,লম্বা,O
,নো,O
Sentence: 2893,বেশি,O
,লম্বা,O
,নো,O
Sentence: 2894,লম্বা,O
,নো,O
Sentence: 2895,আই,O
,লম্বা,O
,নো,O
Sentence: 2896,হেতে,O
,বেশি,O
,লম্বা,O
Sentence: 2897,আঁই,O
,আজি,O
,গেছি,O
Sentence: 2898,আজি,O
,গেছি,O
Sentence: 2899,আই,O
,ঠিক,O
,আছি,O
Sentence: 2900,ঠিক,O
,আছি,O
Sentence: 2901,আঁই,O
,হিরি,O
,আইছি,O
Sentence: 2902,হিরি,O
,আইছি,O
Sentence: 2903,আঁই,O
,আইছি,O
Sentence: 2904,আঁই,O
,কেক,B-FOOD
,হছন্দ,O
,করি,O
Sentence: 2905,কেক,B-FOOD
,হছন্দ,O
,করি,O
Sentence: 2906,হছন্দ,O
,করি,O
Sentence: 2907,আঁই,O
,কেক,B-FOOD
,হছন্দ,O
,করি,O
Sentence: 2908,কেক,B-FOOD
,হছন্দ,O
,করি,O
,না,O
Sentence: 2909,হছন্দ,O
,করি,O
,না,O
Sentence: 2910,কেক,B-FOOD
,হছন্দ,O
,না,O
Sentence: 2911,এক্কানা,O
,গুমাই,O
,নে,O
Sentence: 2912,গুমাই,O
,নে,O
Sentence: 2913,আঁই,O
,একলা,O
,আছিলাম,O
Sentence: 2914,একলা,O
,আছিলাম,O
Sentence: 2915,আঁই,O
,আছিলাম,O
Sentence: 2916,আঁর,O
,লগে,O
,আইয়েন,O
Sentence: 2917,লগে,O
,আইয়েন,O
Sentence: 2918,হেতে,O
,চেতি,O
,গেছে,O
Sentence: 2919,চেতি,O
,গেছে,O
Sentence: 2920,হেতনে,O
,গেছিলেন,O
Sentence: 2921,আঁর,O
,আতকান,O
,ধরেন,O
Sentence: 2922,আঁতকান,O
,ধরেন,O
Sentence: 2923,আঁই,O
,অবাক,O
,অই,O
,গেছি,O
Sentence: 2924,অবাক,O
,অই,O
,গেছি,O
Sentence: 2925,অই,O
,গেছি,O
Sentence: 2926,আঁই,O
,অবাাক,O
Sentence: 2927,আঁই,O
,আইতান,O
,নো,O
Sentence: 2928,আইতান্নো,O
Sentence: 2929,আঁই,O
,আইয়ুম,O
Sentence: 2930,আঁই,O
,হাইরতাম,O
,নো,O
Sentence: 2931,হাইরতাম,O
,ন,O
Sentence: 2932,আই,O
,হাইরগুম,O
Sentence: 2933,আঁর,O
,আত,O
,বিষ,O
,করে,O
Sentence: 2934,আত,O
,বিষ,O
,করে,O
Sentence: 2935,বিষ,O
,করে,O
Sentence: 2936,আঁর,O
,আত,O
,বিষ,O
Sentence: 2937,আত,O
,বিষ,O
Sentence: 2938,আঁর,O
,হা,O
,বিষ,O
,করে,O
Sentence: 2939,হা,O
,বিষ,O
,করে,O
Sentence: 2940,আঁর,O
,হা,O
,বিষ,O
Sentence: 2941,হা,O
,বিষ,O
Sentence: 2942,আন্নেরে,O
,কেগা,O
,হাডাইছে,O
Sentence: 2943,কেগা,O
,হাডাইছে,O
Sentence: 2944,হাডাইছে,O
Sentence: 2945,আগে,O
,দি,O
,যান,O
Sentence: 2946,আন্নেরা,O
,যান,O
Sentence: 2947,আঁরে,O
,বোলাইয়েন্না,O
Sentence: 2948,হছন্দ,O
,করি,O
Sentence: 2949,ডাক্তার,B-ROLE
,না,O
,কসাই,B-ROLE
Sentence: 2950,তুই,O
,কসাই,B-ROLE
Sentence: 2951,দুগা,O
,হোলা,B-REL
,আছিলো,O
Sentence: 2952,কোন,O
,এক,O
,জনের,O
,দুগা,O
,হোলা,B-REL
,আছিলো,O
Sentence: 2953,কোন,O
,এক,O
,জন,O
Sentence: 2954,ওকগা,O
,লোকের,O
,দুগা,O
,হোলা,B-REL
,আছিলো,O
Sentence: 2955,কইত্তাম,O
,কেন্নে,O
Sentence: 2956,আঁর,O
,হলুদ,B-COL
,রং,I-COL
,হছন্দ,O
Sentence: 2957,আঁর,O
,লাল,B-COL
,রং,I-COL
,হছন্দ,O
Sentence: 2958,আঁর,O
,সবুজ,B-COL
,রং,I-COL
,হছন্দ,O
Sentence: 2959,আঁর,O
,কালা,B-COL
,রং,I-COL
,হছন্দ,O
Sentence: 2960,আঁর,O
,সাদা,B-COL
,রং,I-COL
,হছন্দ,O
Sentence: 2961,আপেল,B-FOOD
,হছন্দ,O
Sentence: 2962,আই,O
,আপেল,B-FOOD
,হছন্দ,O
,করি,O
,না,O
Sentence: 2963,আপেল,B-FOOD
,হছন্দ,O
,করি,O
,না,O
Sentence: 2964,হছন্দ,O
,করি,O
,না,O
Sentence: 2965,আঁরে,O
,লই,O
,যান,O
Sentence: 2966,তুই,O
,ডাক্তার,B-ROLE
Sentence: 2967,আঁর,O
,কমলা,B-COL
,রং,I-COL
,হছন্দ,O
Sentence: 2968,আঁর,O
,খয়েরী,B-COL
,রং,I-COL
,হছন্দ,O
Sentence: 2969,আপেল,B-FOOD
,হছন্দ,O
,নো,O
Sentence: 2970,আর,O
,ঠান্ডা,O
,লাইগছে,O
Sentence: 2971,ঠান্ডা,O
,লাইগছে,O
Sentence: 2972,আঁই,O
,বিদাশ,O
,গেছিলাম,O
Sentence: 2973,বিদাশো,O
,গেছিলাম,O
Sentence: 2974,আঁরে,O
,হিয়ানো,O
,লই,O
,যান,O
Sentence: 2975,হিয়ানো,O
,লই,O
,যান,O
Sentence: 2976,লই,O
,যান,O
Sentence: 2977,শিমুর,B-PER
,সাদা,B-COL
,রং,I-COL
,হছন্দ,O
Sentence: 2978,শিমুর,B-PER
,নীল,B-COL
,রং,I-COL
,হছন্দ,O
Sentence: 2979,শিমুর,B-PER
,বেগুনি,B-COL
,রং,I-COL
,হছন্দ,O
Sentence: 2980,বোলাইয়েন্না,O
Sentence: 2981,আঁরে,O
,বোলাইয়েন্না,O
Sentence: 2982,আই,O
,আপেল,B-FOOD
,হছন্দ,O
,করি,O
Sentence: 2983,আপেল,B-FOOD
,হছন্দ,O
,করি,O
Sentence: 2984,শেষ,O
,অই,O
,গেছে,O
Sentence: 2985,অই,O
,গেছে,O
Sentence: 2986,সময়,O
,শেষ,O
Sentence: 2987,আন্ডা,O
,অপেক্ষা,O
,কইরগুম,O
Sentence: 2988,অপেক্ষা,O
,কইরগুম,O
Sentence: 2989,হেতে,O
,উডি,O
,খাড়াইছে,O
Sentence: 2990,উডি,O
,খাড়াইছে,O
Sentence: 2991,হেতে,O
,খাড়াইছে,O
Sentence: 2992,আঁর,O
,নীল,B-COL
,রং,I-COL
,হছন্দ,O
Sentence: 2993,আঁর,O
,বেগুনী,B-COL
,রং,I-COL
,হছন্দ,O
Sentence: 2994,আঁর,O
,গোলাপী,B-COL
,রং,I-COL
,হছন্দ,O
Sentence: 2995,আঁর,O
,আকাশী,B-COL
,রং,I-COL
,হছন্দ,O
Sentence: 2996,আঁর,O
,ধূসর,B-COL
,রং,I-COL
,হছন্দ,O
Sentence: 2997,আঁর,O
,মেরুন,B-COL
,রং,I-COL
,হছন্দ,O
Sentence: 2998,আঁই,O
,নাস্তা,B-FOOD
,করি,O
,ইস্কুলে,B-ORG
,যাই,O
Sentence: 2999,আঁই,O
,বেয়াইন্না,O
,নাস্তা,B-FOOD
,করি,O
,ইস্কুলে,B-ORG
,যাই,O
,না,O
Sentence: 3000,বেয়াইন্না,O
,নাস্তা,B-FOOD
,করি,O
,ইস্কুলে,B-ORG
,যাই,O
,না,O
Sentence: 3001,নাস্তা,B-FOOD
,করি,O
,স্কুলে,B-ORG
,যাই,O
,না,O
Sentence: 3002,স্কুলে,B-ORG
,যাই,O
,না,O
Sentence: 3003,আঁই,O
,নাস্তা,B-FOOD
,করি,O
,ইস্কুলে,B-ORG
,যাই,O
,না,O
Sentence: 3004,হেতে,O
,হরের,O
,মাসে,O
,বিদাশ,B-LOC
,চলি,O
,যাইব,O
Sentence: 3005,হরের,O
,মাসে,O
,বিদাশ,B-LOC
,চলি,O
,যাইব,O
Sentence: 3006,হেতে,O
,বিদাশ,B-LOC
,চলি,O
,যাইব,O
Sentence: 3007,বিদাশ,B-LOC
,চলি,O
,যাইব,O
Sentence: 3008,চলি,O
,যাইবো,O
Sentence: 3009,মাইয়াডা,O
,খুবই,O
,বেয়াদব,O
Sentence: 3010,খুব,O
,বেদ্দপ,O
Sentence: 3011,মাাইয়াগা,O
,বেদ্দপ,O
Sentence: 3012,হেতি,O
,খুব,O
,বেদ্দপ,O
Sentence: 3013,ইজ্ঞা,O
,বেদ্দপ,O
Sentence: 3014,হোলাগা,O
,রাস্তা,B-LOC
,দি,O
,আডি,O
,যায়,O
Sentence: 3015,রাস্তা,B-LOC
,দি,O
,আডি,O
,যায়,O
Sentence: 3016,আডি,O
,যায়,O
Sentence: 3017,হোলাগা,O
,আডি,O
,যায়,O
Sentence: 3018,হো্লাগা,O
,রাস্তাডি,B-LOC
,আডি,O
,যায়,O
Sentence: 3019,মাইয়াগা,O
,লাল,B-COL
,রঙের,I-COL
,শাড়ি,B-OBJ
,হড়ি,O
,আর,O
,লগে,O
,দেয়া,O
,কইত্তে,O
,আইছে,O
Sentence: 3020,মাইয়াগা,O
,শাড়ি,B-OBJ
,হড়ি,O
,আর,O
,লগে,O
,দেয়া,O
,কইত্তে,O
,আইছে,O
Sentence: 3021,লাল,B-COL
,রঙের,I-COL
,শাড়ি,B-OBJ
Sentence: 3022,আঁর,O
,লগে,O
,দেয়া,O
,কইত্তে,O
,আইছে,O
Sentence: 3023,দেয়া,O
,কইত্তে,O
,আইছে,O
Sentence: 3024,মাাইয়াগা,O
,দেয়া,O
,কইত্তে,O
,আইছে,O
Sentence: 3025,মাইয়াাগা,O
,আঁর,O
,লগে,O
,দেয়া,O
,কইত্তে,O
,আইছে,O
Sentence: 3026,শাড়ি,B-OBJ
,হরি,O
,আঁর,O
,লগে,O
,দেয়া,O
,কইত্তে,O
,আইছে,O
Sentence: 3027,আঁর,O
,লগে,O
,দেয়া,O
Sentence: 3028,লাল,B-COL
,রঙের,I-COL
,শাড়ি,B-OBJ
,হড়ি,O
,আর,O
,লগে,O
,দেয়া,O
Sentence: 3029,মা,O
,হেদিন,O
,ঠিকই,O
,কইছিলো,O
Sentence: 3030,মা,B-REL
,ঠিকই,O
,কইছে,O
Sentence: 3031,ঠিকই,O
,কইছে,O
Sentence: 3032,আঁই,O
,হিয়ানো,O
,যাইয়ুম,O
Sentence: 3033,হিয়ানো,O
,যাইতান্নো,O
Sentence: 3034,হিয়ানো,O
,যাাইয়ুম,O
Sentence: 3035,আন্ডা,O
,হারি,O
,গেছি,O
Sentence: 3036,হারি,O
,গেছি,O
Sentence: 3037,আন্ডা,O
,হারি,O
,গেছিলাম,O
Sentence: 3038,হারি,O
,গেছিলাম,O
Sentence: 3039,আন্ডা,O
,গেছিলাম,O
Sentence: 3040,আম,B-FOOD
,ইজ্ঞা,O
,কেগা,O
,খাইছে,O
Sentence: 3041,কেগা,O
,খাইছে,O
Sentence: 3042,আমগা,B-FOOD
,খাইছে,O
Sentence: 3043,আঁই,O
,আছি,O
Sentence: 3044,আঁরে,O
,বিশ্বাস,O
,কর,O
Sentence: 3045,বিশ্বাস,O
,করো,O
Sentence: 3046,শক্কুরবার,O
,আন্ডা,O
,গেছিলাম,O
Sentence: 3047,শুক্কুরবার,O
,মা,O
,হেদিন,O
,ঠিকই,O
,কইছিলো,O
Sentence: 3048,আঁর,O
,গাড়িকান,B-OBJ
,গত,O
,কাইলগা,O
,চুরি,O
,অই,O
,গেছে,O
Sentence: 3049,আঁর,O
,বাইত,O
,গতকাইল,O
,গা,O
,চুরি,O
,অই,O
,গেছে,O
Sentence: 3050,বাইত,O
,গতকাইলগা,O
,চুরি,O
,অই,O
,গেছে,O
Sentence: 3051,গতকাইলগা,O
,চুরি,O
,হইছে,O
Sentence: 3052,আঁর,O
,গারির,B-OBJ
,রঙ,B-COL
,লাল,I-COL
Sentence: 3053,গারির,B-OBJ
,রঙ,B-COL
,লাল,I-COL
Sentence: 3054,সোজা,O
,ভাষায়,O
,কতা,O
,কন,O
,উচিত,O
Sentence: 3055,আই,O
,আন্নের,O
,লগে,O
,আছি,O
Sentence: 3056,আন্নের,O
,লগে,O
,আছি,O
Sentence: 3057,লগে,O
,আছি,O
Sentence: 3058,আঁর,O
,আব্বা,O
,বিদাশো,B-LOC
,থায়,O
Sentence: 3059,আব্বা,O
,বিদাশো,B-LOC
,থায়,O
Sentence: 3060,বিদাশ,B-LOC
,থায়,O
Sentence: 3061,আঁর,O
,বড্ডা,B-REL
,বইন,I-REL
,আরে,O
,বহুত,O
,বালোবাসে,O
Sentence: 3062,বড্ডা,B-REL
,বইন,I-REL
,আরে,O
,বহুত,O
,বালোবাসে,O
Sentence: 3063,বইন,B-REL
,আরে,O
,বহুত,O
,বালোবাসে,O
Sentence: 3064,আরে,O
,বহুত,O
,বালোবাসে,O
Sentence: 3065,আঁর,O
,বইন,B-REL
,আরে,O
,বহুত,O
,বালোবাসে,O
Sentence: 3066,আঁর,O
,বড্ডা,B-REL
,বইনরে,I-REL
,আঁই,O
,বহুত,O
,বালোবাসি,O
Sentence: 3067,বড্ডা,B-REL
,বইনরে,I-REL
,আঁই,O
,বহুত,O
,বালোবাসি,O
Sentence: 3068,বইনরে,B-REL
,আঁই,O
,বহুত,O
,বালোবাসি,O
Sentence: 3069,আন্নের,O
,বড্ডা,B-REL
,বইনের,I-REL
,কি,O
,বিয়া,O
,অই,O
,গেছে,O
Sentence: 3070,বড্ডা,B-REL
,বইনের,I-REL
,কি,O
,বিয়া,O
,অই,O
,গেছে,O
Sentence: 3071,বইনের,B-REL
,কি,O
,বিয়া,O
,অই,O
,গেছে,O
Sentence: 3072,কি,O
,বিয়া,O
,অই,O
,গেছে,O
Sentence: 3073,আন্নের,O
,বইনের,B-REL
,কি,O
,বিয়া,O
,অই,O
,গেছে,O
Sentence: 3074,আন্নের,O
,কি,O
,বিয়া,O
,অই,O
,গেছে,O
Sentence: 3075,তোর,O
,বড্ডা,B-REL
,ভাইয়ের,I-REL
,নাম,O
,কিয়া,O
Sentence: 3076,বড্ডা,B-REL
,ভাইয়ের,I-REL
,নাম,O
,কিয়া,O
Sentence: 3077,ভাইয়ের,B-REL
,নাম,O
,কিয়া,O
Sentence: 3078,বিদাশো,B-LOC
,ঘুইত্তে,O
,যাবার,O
,আর,O
,স্বপ্ন,O
Sentence: 3079,ঘুইত্তে,O
,যাবার,O
,আর,O
,স্বপ্ন,O
Sentence: 3080,আর,O
,স্বপ্ন,O
Sentence: 3081,আঁই,O
,কোনোদিন,O
,তরে,O
,ভুইলতাম,O
,নো,O
Sentence: 3082,কোনোদিন,O
,তরে,O
,ভুইলতাম,O
,নো,O
Sentence: 3083,তরে,O
,ভুইলতাম,O
,নো,O
Sentence: 3084,ভুইলতাম,O
,নো,O
Sentence: 3085,তুই,O
,আঁর,O
,জীবনের,O
,আলো,O
Sentence: 3086,আঁর,O
,জীবনের,O
,আলো,O
Sentence: 3087,জীবনের,O
,আলো,O
Sentence: 3088,আঁরে,O
,হিয়ানো,O
,লই,O
,চল,O
Sentence: 3089,হিয়ানো,O
,লই,O
,চল,O
Sentence: 3090,বহুত,O
,দিন,O
,আগে,O
,এক,O
,গ্যারামো,O
,অজ্ঞা,B-ROLE
,টুপি,I-ROLE
,বিক্রেতা,O
,ছিলো,O
Sentence: 3091,এক,O
,গ্যারামো,O
,অজ্ঞা,O
,টুপি,B-ROLE
,বিক্রেতা,I-ROLE
,ছিলো,O
Sentence: 3092,অজ্ঞা,O
,টুপি,B-ROLE
,বিক্রেতা,I-ROLE
,ছিলো,O
Sentence: 3093,টুপি,B-ROLE
,বিক্রেতা,I-ROLE
,ছিলো,O
Sentence: 3094,হে,O
,সময়,O
,লগে,O
,দি,O
,ওজ্ঞা,O
,শিয়াল,B-ANI
,গেছে,O
Sentence: 3095,তোরে,O
,চায়,O
Sentence: 3096,থমকে,O
,খাড়াই,O
,গেছি,O
Sentence: 3097,খাড়াই,O
,আছিলাম,O
Sentence: 3098,আব্বা,B-REL
,আঁর,O
,লাই,O
,লাল,B-COL
,জামা,B-OBJ
,কিনি,O
,আইনছে,O
Sentence: 3099,আঁর,O
,লাই,O
,লাল,B-COL
,জামা,B-OBJ
,কিনি,O
,আইনছে,O
Sentence: 3100,লাল,B-COL
,জামা,B-OBJ
,কিনি,O
,আইনছে,O
Sentence: 3101,জামা,B-OBJ
,কিনি,O
,আইনছে,O
Sentence: 3102,কিনি,O
,আইনছে,O
Sentence: 3103,আব্বা,B-REL
,লাল,B-COL
,জামা,B-OBJ
,কিনি,O
,আইনছে,O
Sentence: 3104,আব্বা,B-REL
,জামা,B-OBJ
,কিনি,O
,আইনছে,O
Sentence: 3105,আব্বা,B-REL
,কিনি,O
,আইনছে,O
Sentence: 3106,আব্বা,B-REL
,আঁর,O
,লাই,O
,সবুজ,B-COL
,জামা,B-OBJ
,কিনি,O
,আইনছে,O
Sentence: 3107,আব্বা,B-REL
,আঁর,O
,লাই,O
,কালা,B-COL
,জামা,B-OBJ
,কিনি,O
,আইনছে,O
Sentence: 3108,আব্বা,B-REL
,আঁর,O
,লাই,O
,সাদা,B-COL
,জামা,B-OBJ
,কিনি,O
,আইনছে,O
Sentence: 3109,আব্বা,B-REL
,আঁর,O
,লাই,O
,নীল,B-COL
,জামা,B-OBJ
,কিনি,O
,আইনছে,O
Sentence: 3110,চুলগুন,O
,মেলা,O
,লম্ফা,O
Sentence: 3111,মেলা,O
,লম্ফা,O
Sentence: 3112,হেতিরে,O
,কাজল,B-OBJ
,দিলে,O
,মেলা,O
,ভাল্লাগে,O
Sentence: 3113,কাজল,B-OBJ
,দিলে,O
,মেলা,O
,ভাল্লাগে,O
Sentence: 3114,অনেক,O
,ভালা,O
,লাগে,O
Sentence: 3115,তুই,O
,ইয়ানো,O
,থাকলে,O
,আঁই,O
,খুশি,O
Sentence: 3116,ইয়ানো,O
,থাকলে,O
,আঁই,O
,খুশি,O
Sentence: 3117,থাকলে,O
,আঁই,O
,খুশি,O
Sentence: 3118,আঁই,O
,খুশি,O
Sentence: 3119,আঁর,O
,লাল,B-COL
,রঙের,I-COL
,গাড়ি,B-OBJ
,ইয়ান,O
,গতকাইলগা,O
,চুরি,O
,অই,O
,গেছে,O
Sentence: 3120,লাল,B-COL
,রঙের,I-COL
,গাড়ি,B-OBJ
,ইয়ান,O
,গতকাইলগা,O
,চুরি,O
,অই,O
,গেছে,O
Sentence: 3121,গাড়ি,B-OBJ
,ইয়ান,O
,গতকাইলগা,O
,চুরি,O
,অই,O
,গেছে,O
Sentence: 3122,গতকাইলগা,O
,চুরি,O
,অই,O
,গেছে,O
Sentence: 3123,চুরি,O
,অই,O
,গেছে,O
Sentence: 3124,শুক্কুরবার,O
,আন্ডা,O
,হারি,O
,গেছি,O
Sentence: 3125,হিজ্ঞা,O
,আরে,O
,বেইজ্জুতি,O
,কইচ্ছে,O
Sentence: 3126,আরে,O
,বেইজ্জুতি,O
,কইচ্ছে,O
Sentence: 3127,বেইজ্জুতি,O
,কইচ্ছে,O
Sentence: 3128,হেতে,O
,বেইজ্জুতি,O
,কইচ্ছে,O
Sentence: 3129,তুুই,O
,আঁরে,O
,চিনস,O
Sentence: 3130,শুক্কুরবার,O
,মা,B-REL
,ঠিকই,O
,কইছিলো,O
Sentence: 3131,শুুক্কুরবার,O
,আই,O
,হিয়ানো,O
,যাইয়ুম,O
Sentence: 3132,শুুক্কুরবার,O
,হিমি,O
,যাইতাম,O
,নো,O
Sentence: 3133,শুক্কুরবার,O
,হিমিদ্দিকে,O
,যাইয়ুম,O
Sentence: 3134,তুুই,O
,আঁরে,O
,চিনস,O
Sentence: 3135,আঁরে,O
,চিনস,O
Sentence: 3136,আঁই,O
,আইজগা,O
,বেয়াইন্না,O
,ফুটবল,B-OBJ
,খেইলছি,O
Sentence: 3137,আইজগা,O
,বেয়াইন্না,O
,ফুটবল,B-OBJ
,খেইলছি,O
Sentence: 3138,বেয়াইন্না,O
,ফুটবল,B-OBJ
,খেইলছি,O
Sentence: 3139,আঁই,O
,বেয়াইন্না,O
,ফুটবল,B-OBJ
,খেইলছি,O
Sentence: 3140,আঁই,O
,ফুটবল,B-OBJ
,খেইলছি,O
Sentence: 3141,আঁই,O
,তোয়ার,O
,মনের,O
,কতা,O
,বুঝি,O
,না,O
Sentence: 3142,তোয়ার,O
,মনের,O
,কতা,O
,বুঝি,O
,না,O
Sentence: 3143,মনের,O
,কতা,O
,বুঝি,O
,না,O
Sentence: 3144,আঁই,O
,মনের,O
,কতা,O
,বুঝি,O
,না,O
Sentence: 3145,আঁই,O
,কতা,O
,বুঝি,O
,না,O
Sentence: 3146,আঁই,O
,বুঝি,O
,না,O
Sentence: 3147,তোয়ার,O
,লাই,O
,আঁর,O
,মেলা,O
,কষ্ট,O
,লাগে,O
Sentence: 3148,আঁর,O
,মেলা,O
,কষ্ট,O
,লাগে,O
Sentence: 3149,আংগোর,O
,স্বপ্ন,O
,মেলা,O
,বড্ডা,O
Sentence: 3150,আঁই,O
,ওজ্ঞা,O
,হোলা,O
Sentence: 3151,আঁই,O
,ওজ্ঞা,O
,মাইয়া,O
Sentence: 3152,আন্নের,O
,লগে,O
,হরিচয়,O
,অই,O
,বালা,O
,লাগইছে,O
Sentence: 3153,হরিচিত,O
,অই,O
,বালা,O
,লাগইছে,O
Sentence: 3154,বালা,O
,লাইগছে,O
Sentence: 3155,মেলা,O
,দিন,O
,হরে,O
,আন্নেরে,O
,দেইখছি,O
Sentence: 3156,মেলাদিন,O
,হরে,O
Sentence: 3157,আন্নেরে,O
,দেইকলাম,O
Sentence: 3158,আগেদি,O
,আন্নেরে,O
,এককান,O
,দোয়ানে,O
,যাইতে,O
,অইবো,O
Sentence: 3159,আন্নেরে,O
,এককান,O
,দোয়ানে,O
,যাইতে,O
,অইবো,O
Sentence: 3160,ওকগা,O
,দোয়ানে,O
,যাইতে,O
,অইবো,O
Sentence: 3161,দোয়ানে,O
,যাইতে,O
,অইবো,O
Sentence: 3162,যাইতে,O
,অইবো,O
Sentence: 3163,আগেদি,O
,ওকগা,O
,দোয়ানে,O
,যাইতে,O
,অইবো,O
Sentence: 3164,আগেদি,O
,দোয়ানো,O
,যাইতে,O
,অইব,O
Sentence: 3165,মেলা,O
,দিন,O
,হরে,O
,তোয়ারে,O
,দেখছি,O
Sentence: 3166,মেলা,O
,দিন,O
,হরে,O
Sentence: 3167,তোয়ারে,O
,দেখছি,O
Sentence: 3168,তোয়ারে,O
,দেই,O
,এক্কারে,O
,খাড়াই,O
,গেছি,O
Sentence: 3169,তোয়ারে,O
,চায়,O
Sentence: 3170,খাড়াই,O
,গেছিলাম,O
Sentence: 3171,খাড়াই,O
,আছিলাম,O
Sentence: 3172,আব্বা,B-REL
,আঁর,O
,লাই,O
,লাল,B-COL
,জামা,B-OBJ
,কিনি,O
,আইনছে,O
Sentence: 3173,আঁর,O
,লাই,O
,লাল,B-COL
,জামা,B-OBJ
,কিনি,O
,আইনছে,O
Sentence: 3174,লাল,B-COL
,জামা,B-OBJ
,কিনি,O
,আইনছে,O
Sentence: 3175,জামা,B-OBJ
,কিনি,O
,আইনছে,O
Sentence: 3176,কিনি,O
,আইনছে,O
Sentence: 3177,আব্বা,B-REL
,লাল,B-COL
,জামা,B-OBJ
,কিনি,O
,আইনছে,O
Sentence: 3178,আব্বা,B-REL
,জামা,B-OBJ
,কিনি,O
,আইনছে,O
Sentence: 3179,আব্বা,B-REL
,কিনি,O
,আইনছে,O
Sentence: 3180,আব্বা,B-REL
,আঁর,O
,লাই,O
,সবুজ,B-COL
,জামা,B-OBJ
,কিনি,O
,আইনছে,O
Sentence: 3181,আব্বা,B-REL
,আঁর,O
,লাই,O
,কালা,B-COL
,জামা,B-OBJ
,কিনি,O
,আইনছে,O
Sentence: 3182,আব্বা,B-REL
,আঁর,O
,লাই,O
,সাদা,B-COL
,জামা,B-OBJ
,কিনি,O
,আইনছে,O
Sentence: 3183,আব্বা,B-REL
,আঁর,O
,লাই,O
,নীল,B-COL
,জামা,B-OBJ
,কিনি,O
,আইনছে,O
Sentence: 3184,আব্বা,B-REL
,আঁর,O
,লাই,O
,বেগুনী,B-COL
,জামা,B-OBJ
,কিনি,O
,আইনছে,O
Sentence: 3185,আব্বা,B-REL
,আঁর,O
,লাই,O
,গোলাপী,B-COL
,জামা,B-OBJ
,কিনি,O
,আইনছে,O
Sentence: 3186,আব্বা,B-REL
,আঁর,O
,লাই,O
,আকাশী,B-COL
,জামা,B-OBJ
,কিনি,O
,আইনছে,O
Sentence: 3187,আব্বা,B-REL
,আঁর,O
,লাই,O
,মেরুন,B-COL
,জামা,B-OBJ
,কিনি,O
,আইনছে,O
Sentence: 3188,আব্বা,B-REL
,আঁর,O
,লাই,O
,কমলা,B-COL
,জামা,B-OBJ
,কিনি,O
,আইনছে,O
Sentence: 3189,আব্বা,B-REL
,আঁর,O
,লাই,O
,বেগুনী,B-COL
,জামা,B-OBJ
,কিনি,O
,আইনছে,O
Sentence: 3190,আঁর,O
,বন্ধু,B-REL
,আঁরে,O
,লাল,B-COL
,শাড়ি,B-OBJ
,কিনি,O
,দিছে,O
Sentence: 3191,বন্ধু,B-REL
,আঁরে,O
,লাল,B-COL
,শাড়ি,B-OBJ
,কিনি,O
,দিছে,O
Sentence: 3192,আঁরে,O
,লাল,B-COL
,শাড়ি,B-OBJ
,কিনি,O
,দিছে,O
Sentence: 3193,লাল,B-COL
,শাড়ি,B-OBJ
,কিনি,O
,দিছে,O
Sentence: 3194,শাড়ি,B-OBJ
,কিনি,O
,দিছে,O
Sentence: 3195,কিনি,O
,দিছে,O
Sentence: 3196,আঁর,O
,বন্ধু,B-REL
,আঁরে,O
,ওজ্ঞা,O
,লাল,B-COL
,গোলাপ,B-OBJ
,কিনি,O
,দিছে,O
Sentence: 3197,বন্ধু,B-REL
,আঁরে,O
,ওজ্ঞা,O
,লাল,B-COL
,গোলাপ,B-OBJ
,কিনি,O
,দিছে,O
Sentence: 3198,আঁরে,O
,ওজ্ঞা,O
,লাল,B-COL
,গোলাপ,B-OBJ
,কিনি,O
,দিছে,O
Sentence: 3199,ওজ্ঞা,O
,লাল,B-COL
,গোলাপ,B-OBJ
,কিনি,O
,দিছে,O
Sentence: 3200,লাল,B-COL
,গোলাপ,B-OBJ
,কিনি,O
,দিছে,O
Sentence: 3201,গোলাপ,B-OBJ
,কিনি,O
,দিছে,O
Sentence: 3202,আন্ডা,O
,জীবনেও,O
,ভুইলতাম,O
,হাইত্তান্নো,O
Sentence: 3203,জীবনেও,O
,ভুইলতাম,O
,হাইত্তান্নো,O
Sentence: 3204,ভুইলতাম,O
,হাইত্তান্নো,O
Sentence: 3205,আন্ডা,O
,ভুইলতাম,O
,হাইত্তান্নো,O
Sentence: 3206,আন্ডা,O
,জীবনেও,O
,হাইত্তান্নো,O
Sentence: 3207,আন্ডা,O
,হাইত্তান্নো,O
Sentence: 3208,ছুট্টিনা,O
,হোলা,O
,অজ্ঞা,O
,বল,B-OBJ
,দি,O
,খেইলছে,O
Sentence: 3209,হোলাগা,O
,অজ্ঞা,O
,বল,B-OBJ
,দি,O
,খেইলছে,O
Sentence: 3210,অজ্ঞা,O
,বল,B-OBJ
,দি,O
,খেইলছে,O
Sentence: 3211,বল,B-OBJ
,দি,O
,খেইলছে,O
Sentence: 3212,ছুট্টিনা,O
,হোলাগা,O
,বল,B-OBJ
,দি,O
,খেইলছে,O
Sentence: 3213,হোলাগা,O
,বল,B-OBJ
,দি,O
,খেইলছে,O
Sentence: 3214,বেডা,O
,ফোনে,B-OBJ
,কতা,O
,কয়,O
Sentence: 3215,ফোনে,B-OBJ
,কতা,O
,কয়,O
Sentence: 3216,কতা,O
,কয়,O
Sentence: 3217,তোয়ার,O
,হছন্দের,O
,মেলা,O
,কোগা,O
,বই,B-OBJ
,কিনছি,O
Sentence: 3218,হছন্দের,O
,মেলা,O
,কোগা,O
,বই,B-OBJ
,কিনছি,O
Sentence: 3219,কোগা,O
,বই,B-OBJ
,কিনছি,O
Sentence: 3220,কোগা,O
,বই,B-OBJ
,কিনছি,O
Sentence: 3221,বই,B-OBJ
,কিনছি,O
Sentence: 3222,তোয়ার,O
,হছন্দের,O
,কোগা,O
,বই,B-OBJ
,কিনছি,O
Sentence: 3223,তোয়ার,O
,হছন্দের,O
,বই,B-OBJ
,কিনছি,O
Sentence: 3224,আন্নে,O
,আন্নের,O
,হরিবার,O
,লই,O
,বইয়েন,O
Sentence: 3225,নিজের,O
,হরিবার,O
,লই,O
,বইয়েন,O
Sentence: 3226,হরিবার,O
,লই,O
,বইয়েন,O
Sentence: 3227,লই,O
,বইয়েন,O
Sentence: 3228,আন্নে,O
,হরিবার,O
,লই,O
,বইয়েন,O
Sentence: 3229,আন্নে,O
,লই,O
,বইয়েন,O
Sentence: 3230,আঁরে,O
,এক্কানা,O
,সাহায্য,O
,কইরবেন,O
Sentence: 3231,এক্কানা,O
,সাহায্য,O
,কইরবেন,O
Sentence: 3232,সাহায্য,O
,কইরবেন,O
Sentence: 3233,আঁরে,O
,সাহায্য,O
,কইরবেন,O
Sentence: 3234,তুই,O
,আঁর,O
,লগে,O
,আর,O
,কতা,O
,কবি,O
,না,O
Sentence: 3235,আঁর,O
,লগে,O
,আর,O
,কতা,O
,কবি,O
,না,O
Sentence: 3236,আর,O
,কতা,O
,কবি,O
,না,O
Sentence: 3237,কতা,O
,কবি,O
,না,O
Sentence: 3238,কবি,O
,না,O
Sentence: 3239,তুই,O
,আর,O
,কতা,O
,কবি,O
,না,O
Sentence: 3240,তুুই,O
,কতা,O
,কবি,O
,না,O
Sentence: 3241,তুুই,O
,কবি,O
,না,O
Sentence: 3242,আংগো,O
,বেকের,O
,এক্কান,O
,রঙিন,B-COL
,চবি,O
,তুইলতে,O
,অইব,O
Sentence: 3243,বেকের,O
,এক্কান,O
,রঙিন,B-COL
,চবি,O
,তুইলতে,O
,অইব,O
Sentence: 3244,এগগা,O
,রঙিন,B-COL
,চবি,O
,তুইলতে,O
,অইব,O
Sentence: 3245,রঙিন,B-COL
,চবি,O
,তুইলতে,O
,অইব,O
Sentence: 3246,চবি,O
,তুইলতে,O
,অইব,O
Sentence: 3247,তুইলতে,O
,অইব,O
Sentence: 3248,আঙ্গো,O
,ওকগা,O
,রঙিন,B-COL
,ছবি,O
,তুইলতে,O
,অইবো,O
Sentence: 3249,আঙ্গো,O
,রঙিন,B-COL
,ছবি,O
,তুইলতে,O
,অইব,O
Sentence: 3250,আঙ্গো,O
,ছবি,O
,তুইলতে,O
,অইব,O
Sentence: 3251,আঙ্গো,O
,তুইলতে,O
,অইব,O
Sentence: 3252,আর,O
,কত,O
,ছুডি,O
,কাডাইতাম,O
Sentence: 3253,কত,O
,ছুডি,O
,কাডাইতাম,O
Sentence: 3254,ছুডি,O
,কাডাইয়ুম,O
Sentence: 3255,আন্নে,O
,বাচি,O
,আছেন,O
Sentence: 3256,বাচি,O
,আছেন,O
Sentence: 3257,আন্নে,O
,আছেন,O
Sentence: 3258,দেয়া,O
,করন,O
,যাইবো,O
Sentence: 3259,করন,O
,যাইবো,O
Sentence: 3260,দেয়োন,O
,যাইবো,O
Sentence: 3261,আই,O
,আর,O
,হরিবারের,O
,কথা,O
,কইতাম,O
,চাই,O
Sentence: 3262,আর,O
,হরিবারের,O
,কথা,O
,কইতাম,O
,চাই,O
Sentence: 3263,হরিবারের,O
,কথা,O
,কইতাম,O
,চাই,O
Sentence: 3264,কতা,O
,কইতাম,O
,চাই,O
Sentence: 3265,আই,O
,হরিবারের,O
,কথা,O
,কইতাম,O
,চাই,O
Sentence: 3266,আর,O
,হরিবারে,O
,আই,O
,মা,B-REL
,আর,B-REL
,এগগা,O
,ছোড,O
,বইন,B-REL
Sentence: 3267,আর,O
,হরিবারে,O
,আই,O
,মা,B-REL
,বাপ,B-REL
Sentence: 3268,আর,O
,হরিবারে,O
,আই,O
Sentence: 3269,আর,O
,হরিবারে,O
,আই,O
,মা,B-REL
,আর,O
,ছোডো,B-REL
,বোইন,I-REL
Sentence: 3270,আর,O
,হরিবারে,O
,আই,O
,মা,B-REL
,আর,O
,বোন,B-REL
Sentence: 3271,এগগা,O
,ছোড,B-REL
,বইন,I-REL
Sentence: 3272,আন্ডা,O
,বেকে,O
,একসময়ে,O
,একলগে,O
,আছি,O
Sentence: 3273,বেকে,O
,একসময়ে,O
,একলগে,O
,আছি,O
Sentence: 3274,একসময়ে,O
,একলগে,O
,আছি,O
Sentence: 3275,একলগে,O
,আছি,O
Sentence: 3276,আংগোর,O
,বেকে,O
,একলগে,O
,আছি,O
Sentence: 3277,এককান,O
,কতাও,O
,আর,O
,কতি,O
,হাইত্তিনো,O
Sentence: 3278,কতাও,O
,আর,O
,কতি,O
,নো,O
Sentence: 3279,আর,O
,কইতাম,O
,ন,O
Sentence: 3280,কইতানো,O
,নো,O
Sentence: 3281,এক্কান,O
,কতাও,O
,কইতি,O
,হাইত্তিনো,O
Sentence: 3282,আন্নেরা,O
,যারা,O
,আরে,O
,অনো,O
,চিনেন,O
,না,O
Sentence: 3283,যারা,O
,আরে,O
,অনো,O
,চিনেন,O
,না,O
Sentence: 3284,আরে,O
,অনো,O
,চিনেন,O
,না,O
Sentence: 3285,অনো,O
,চিনেন,O
,না,O
Sentence: 3286,চিনেন,O
,না,O
Sentence: 3287,আন্নেরা,O
,আরে,O
,অনো,O
,চিনেন,O
,না,O
Sentence: 3288,আন্নেরে,O
,অনো,O
,চিনেন,O
,না,O
Sentence: 3289,আন্নেরে,O
,চিনেন,O
,না,O
Sentence: 3290,বিছানাত,B-OBJ
,হুতি,O
,টিভি,B-OBJ
,দেইখতেছি,O
Sentence: 3291,হুতি,O
,টিভি,B-OBJ
,দেইখতেছি,O
Sentence: 3292,টিভি,B-OBJ
,দেইখতেছি,O
Sentence: 3293,বিছানাত,B-OBJ
,টিভি,B-OBJ
,দেইখতেছি,O
Sentence: 3294,চল,O
,গুরি,B-OBJ
,ঊরাই,O
Sentence: 3295,গুরি,B-OBJ
,উরাই,O
Sentence: 3296,চলো,O
,উরাই,O
Sentence: 3297,আই,O
,ছোডকালে,O
,বহুত,O
,মেদাবী,O
,আছিলাম,O
Sentence: 3298,ছোড,O
,বেলায়,O
,বহুত,O
,মেদাবী,O
,আছিলাম,O
Sentence: 3299,বহুত,O
,মেদাবী,O
,আছিলাম,O
Sentence: 3300,মেদাবি,O
,আছিলাম,O
Sentence: 3301,আই,O
,অনেক,O
,মেদাবি,O
,আছিলাম,O
Sentence: 3302,আঁই,O
,মেদাবী,O
,আছিলাম,O
Sentence: 3303,আঁর,O
,নৌকাত,B-OBJ
,ঘুইত্তাম,O
,বালা,O
,লাগে,O
Sentence: 3304,নৌকাত,B-OBJ
,ঘুইত্তাম,O
,বালা,O
,লাগে,O
Sentence: 3305,ঘুইত্তাম,O
,অনেক,O
,বালা,O
,লাগে,O
Sentence: 3306,অনেক,O
,বালা,O
,লাগে,O
Sentence: 3307,আন্নের,O
,ভালা,O
,লাগে,O
Sentence: 3308,আঁর,O
,ঘুইত্তাম,O
,অনেক,O
,বালা,O
,লাগে,O
Sentence: 3309,আঁর,O
,অনেক,O
,বালা,O
,লাগে,O
Sentence: 3310,আঁর,O
,বালা,O
,লাগে,O
Sentence: 3311,জাইল্লারা,B-ROLE
,মাছ,B-ANI
,ধরছে,O
Sentence: 3312,মাছ,B-ANI
,ধরছে,O
Sentence: 3313,জাাইল্লারা,B-ROLE
,ধইচ্ছে,O
Sentence: 3314,আঁই,O
,আম,B-FOOD
,খাইয়ুম,O
Sentence: 3315,আম,B-FOOD
,খাইয়ুম,O
Sentence: 3316,আই,O
,খাইয়ুম,O
Sentence: 3317,আম,B-FOOD
,আর,O
,ফ্রিয়,O
,ফল,B-FOOD
Sentence: 3318,আর,O
,ফ্রিয়,O
,ফল,B-FOOD
Sentence: 3319,ফ্রিয়,O
,ফল,B-FOOD
Sentence: 3320,আম,B-FOOD
,ফ্রিয়,O
,ফল,B-FOOD
Sentence: 3321,আইজ্জা,O
,তোয়ার,O
,ভাইরে,B-REL
,দেইখছি,O
Sentence: 3322,তোয়ার,O
,ভাইরে,B-REL
,দেইখছি,O
Sentence: 3323,ভাইরে,B-REL
,দেখছি,O
Sentence: 3324,আইজ্জা,O
,ভাইরে,B-REL
,দেইখছি,O
Sentence: 3325,তোয়ার,O
,গানের,O
,গলা,O
,মেলা,O
,ভালা,O
Sentence: 3326,গানের,O
,গলা,O
,মেলা,O
,ভালা,O
Sentence: 3327,গলা,O
,মেলা,O
,ভালা,O
Sentence: 3328,মেলা,O
,ভালা,O
Sentence: 3329,তোয়ার,O
,গলা,O
,মেলা,O
,ভালা,O
Sentence: 3330,আঁই,O
,তোয়ার,O
,আসির,O
,ফ্রেমে,O
,হইড়ছি,O
Sentence: 3331,তোয়ার,O
,হরিবারে,O
,কেগা,O
,কেগা,O
,আছে,O
Sentence: 3332,হরিবারে,O
,কগা,O
,কেগা,O
,আছে,O
Sentence: 3333,কেগা,O
,কেগা,O
,আছে,O
Sentence: 3334,কেগা,O
,আছে,O
Sentence: 3335,ক্রিকেট,O
,খেলা,O
,তোয়ার,O
,কেমিক্কা,O
,লাগে,O
Sentence: 3336,খেলা,O
,তোয়ার,O
,কেমিক্কা,O
,লাগে,O
Sentence: 3337,তোয়ার,O
,কেমিক্কা,O
,লাগে,O
Sentence: 3338,কেমিক্কা,O
,লাগের,O
Sentence: 3339,ক্রিকেট,O
,তোয়ার,O
,কেমিক্কা,O
,লাগে,O
Sentence: 3340,ক্রিকেট,O
,কেমিক্কা,O
,লাগে,O
Sentence: 3341,আর,O
,এক্কারি,O
,বালা,O
,লাগে,O
,না,O
Sentence: 3342,আর,O
,মেলা,O
,বালা,O
,লাগে,O
Sentence: 3343,তোয়ার,O
,আব্বা,B-REL
,কিয়ারে,O
Sentence: 3344,আব্বা,B-REL
,কিয়ারে,O
Sentence: 3345,কিয়ারেন,O
Sentence: 3346,তোয়ার,O
,ভাই,B-REL
,কোনাই,O
,চাকরি,O
,করে,O
Sentence: 3347,ভাই,B-REL
,কোনাই,O
,চাকরি,O
,করে,O
Sentence: 3348,কোনাই,O
,চাকরি,O
,করে,O
Sentence: 3349,চাকরি,O
,করে,O
Sentence: 3350,আই,O
,মুরগির,B-FOOD
,মাংস,I-FOOD
,বেশি,O
,হছন্দ,O
,করি,O
Sentence: 3351,মুরগির,B-FOOD
,মাংস,I-FOOD
,বেশি,O
,হছন্দ,O
,করি,O
Sentence: 3352,মাংস,B-FOOD
,বেশি,O
,হছন্দ,O
,করি,O
Sentence: 3353,বেশি,O
,হছন্দ,O
,করি,O
Sentence: 3354,হছন্দ,O
,করি,O
Sentence: 3355,তুউই,O
,কিয়া,O
,খাইতে,O
,হছন্দ,O
,করো,O
Sentence: 3356,কিয়া,O
,খাইতে,O
,হছন্দ,O
,করো,O
Sentence: 3357,কিয়া,O
,খাইতাম,O
,হছন্দ,O
,করো,O
Sentence: 3358,খাইতাম,O
,হছন্দ,O
,করো,O
Sentence: 3359,আই,O
,চিংড়ি,B-FOOD
,মাছ,I-FOOD
,খাইতাম,O
,হছন্দ,O
,করি,O
Sentence: 3360,চিংড়ি,B-FOOD
,মাছ,I-FOOD
,খাইতাম,O
,হছন্দ,O
,করি,O
Sentence: 3361,মাছ,B-FOOD
,খাইতাম,O
,হছন্দ,O
,করি,O
Sentence: 3362,খাইতাম,O
,হছন্দ,O
,করি,O
Sentence: 3363,কিয়া,O
,করেন,O
,আন্নে,O
,অন,O
Sentence: 3364,কিয়ারেন,O
,আন্নে,O
Sentence: 3365,কিয়ারেন,O
,অন,O
Sentence: 3366,আঁই,O
,ওজ্ঞা,O
,বই,B-OBJ
,হড়ছি,O
Sentence: 3367,ওজ্ঞা,O
,বই,B-OBJ
,হড়ছি,O
Sentence: 3368,বই,B-OBJ
,হড়ছি,O
Sentence: 3369,আঁই,O
,বই,B-OBJ
,হইড়তাম,O
,আছি,O
Sentence: 3370,আন্নে,O
,কি,O
,অইন্যকোনো,O
,বই,B-OBJ
,হড়ছেন,O
Sentence: 3371,অন্যকোনো,O
,বই,B-OBJ
,হড়েছেন,O
Sentence: 3372,বই,B-OBJ
,হড়ছেন,O
Sentence: 3373,তুই,O
,কি,O
,সরকারি,B-ROLE
,চাকরি,I-ROLE
,করস,O
Sentence: 3374,সরকারি,B-ROLE
,চাকরি,I-ROLE
,করস,O
Sentence: 3375,চাকরি,O
,করো,O
Sentence: 3376,তুই,O
,সরকারি,B-ROLE
,চাকরি,I-ROLE
,করস,O
Sentence: 3377,তুই,O
,চাকরি,O
,করস,O
Sentence: 3378,আঁই,O
,একজন,O
,সরকারি,B-ROLE
,কম্মকর্তা,I-ROLE
Sentence: 3379,আঁই,O
,সরকারি,B-ROLE
,কম্মকর্তা,I-ROLE
Sentence: 3380,তুমি,O
,কি,O
,চাকরি,O
,করসো,O
Sentence: 3381,কি,O
,চাকরি,O
,করছো,O
Sentence: 3382,আঁই,O
,কিল্লাই,O
,সবসময়,O
,দুক্কু,O
,হাই,O
Sentence: 3383,কিল্লাই,O
,সবসময়,O
,দুক্কু,O
,হাই,O
Sentence: 3384,বেক,O
,সময়,O
,কষ্ট,O
,হাই,O
Sentence: 3385,কষ্ট,O
,হাই,O
Sentence: 3386,আঁর,O
,ভালোবাসাত,O
,কিতা,O
,কম,O
,আছিলো,O
Sentence: 3387,ভালোবাসাত,O
,কম,O
,কিতা,O
,আছিলো,O
Sentence: 3388,কম,O
,কিতা,O
,আছিলো,O
Sentence: 3389,হেতারা,O
,তিনভাই,O
,আছিলো,O
,কিন্তু,O
,হেতাগো,O
,মইধ্যে,O
,মিল,O
,আছিলো,O
,না,O
Sentence: 3390,হেতারা,O
,তিনভাই,O
,আছিলো,O
Sentence: 3391,কিন্তু,O
,হেতাগো,O
,মইধ্যে,O
,মিল,O
,আছিলো,O
,না,O
Sentence: 3392,হেতাগো,O
,মইধ্যে,O
,মিল,O
,আছিলো,O
,না,O
Sentence: 3393,মিল,O
,আছিলো,O
,না,O
Sentence: 3394,মিল,O
,আছিলো,O
Sentence: 3395,হেতারা,O
,তিনভাই,O
,আছিলো,O
,কিন্তু,O
,হেতাগো,O
,মইধ্যে,O
,মিল,O
,আছিলো,O
Sentence: 3396,আন্নে,O
,আঁর,O
,লগে,O
,এন্নে,O
,কতা,O
,কইতে,O
,হারেন,O
,না,O
Sentence: 3397,আঁর,O
,লগে,O
,এন্নে,O
,কতা,O
,কইতে,O
,হারেন,O
,না,O
Sentence: 3398,এন্নে,O
,কতা,O
,কইতাম,O
,হারেন,O
,না,O
Sentence: 3399,কতা,O
,কইতে,O
,হারেন,O
,না,O
Sentence: 3400,আন্নে,O
,এন্নে,O
,কতা,O
,কইতে,O
,হারেন,O
,না,O
Sentence: 3401,আন্নে,O
,কতা,O
,কইতে,O
,হারেন,O
,না,O
Sentence: 3402,আইজ্জা,O
,ক,O
,তারিখ,O
Sentence: 3403,ক,O
,তারিখ,O
Sentence: 3404,বেজ্ঞুন,O
,কেমিক্কা,O
,আছত,O
Sentence: 3405,আইজ্জা,O
,দুফারে,O
,আংগো,O
,দাবাত,O
,আছে,O
Sentence: 3406,দুফারে,O
,আংগো,O
,দাবাত,O
,আছে,O
Sentence: 3407,আংগো,O
,দাবাত,O
,আছে,O
Sentence: 3408,দাবাত,O
,আছে,O
Sentence: 3409,ঘড়িত,B-OBJ
,কটা,O
,বাজে,O
Sentence: 3410,কটা,O
,বাজে,O
Sentence: 3411,আইজ্জা,O
,আঁর,O
,জন্মদিন,O
Sentence: 3412,আঁর,O
,জন্মদিন,O
Sentence: 3413,আইজ্জা,O
,জন্মদিন,O
Sentence: 3414,হেতে,O
,আরে,O
,এককান,O
,উফহার,B-OBJ
,দিছে,O
Sentence: 3415,আরে,O
,এককান,O
,উফহার,B-OBJ
,দিছে,O
Sentence: 3416,ওকগা,O
,উফহার,B-OBJ
,দিছে,O
Sentence: 3417,উফহার,B-OBJ
,দিছে,O
Sentence: 3418,হিজ্ঞা,O
,মেলা,O
,বেলা,O
,করি,O
,গুমায়,O
Sentence: 3419,মেলা,O
,বেলা,O
,করি,O
,গুমায়,O
Sentence: 3420,বেলা,O
,করি,O
,ঘুমায়,O
Sentence: 3421,এককান,O
,তুই,O
,গান,O
,গাতি,O
,হাইত্তিনো,O
Sentence: 3422,তুই,O
,গান,O
,গাতি,O
,হাত্তিনো,O
Sentence: 3423,গান,O
,গাইতে,O
,হাইত্তান্নো,O
Sentence: 3424,গাইতে,O
,হাইত্তান্নো,O
Sentence: 3425,আন্নে,O
,মেলা,O
,বালা,O
,মানুষ,O
Sentence: 3426,মেলা,O
,বালা,O
,মানুষ,O
Sentence: 3427,বালা,O
,মানুষ,O
Sentence: 3428,আন্নে,O
,বালা,O
,মানুষ,O
Sentence: 3429,আন্ডা,O
,ঢাকাত,B-LOC
,থাই,O
Sentence: 3430,ঢাকাত,B-LOC
,থাই,O
Sentence: 3431,আঁই,O
,ঢাকার,B-LOC
,মিরফুরে,B-LOC
,থাই,O
Sentence: 3432,ঢাকার,B-LOC
,মিরফুরে,B-LOC
,থাই,O
Sentence: 3433,মিরফুরে,B-LOC
,থাই,O
Sentence: 3434,আই,O
,মিরফুরে,B-LOC
,থাই,O
Sentence: 3435,আই,O
,হেতির,O
,চোখের,O
,মায়ায়,O
,হড়ছি,O
Sentence: 3436,হেতির,O
,চোখের,O
,মায়াত,O
,হড়ছি,O
Sentence: 3437,চোখের,O
,মায়াত,O
,হড়ছি,O
Sentence: 3438,মায়ায়,O
,হড়ি,O
,গেছি,O
Sentence: 3439,আঁই,O
,চোখের,O
,মায়াত,O
,হড়ছি,O
Sentence: 3440,আঁই,O
,মায়াত,O
,হড়ছি,O
Sentence: 3441,হেতির,O
,আসি,O
,মেলা,O
,সুন্দর,O
Sentence: 3442,আসি,O
,মেলা,O
,সুন্দর,O
Sentence: 3443,হেতি,O
,হেতির,O
,হরিবাররে,O
,বালো,O
,বাসে,O
Sentence: 3444,হেতির,O
,হরিবাররে,O
,বালো,O
,বাসে,O
Sentence: 3445,হরিবাররে,O
,ভালা,O
,বাসে,O
Sentence: 3446,হেতে,O
,হরিবাররে,O
,ভালা,O
,বাসে,O
Sentence: 3447,হেতির,O
,লাই,O
,আই,O
,বেইগগান,O
,কইরতে,O
,হারি,O
Sentence: 3448,আঁই,O
,বেগগিন,O
,কইত্তাম,O
,হারি,O
Sentence: 3449,বেগগিন,O
,কইত্তাম,O
,হারি,O
Sentence: 3450,হেতির,O
,লাই,O
,বেগগিন,O
,কইত্তাম,O
,হারি,O
Sentence: 3451,আঁই,O
,হেতিরে,O
,বালোবাসি,O
Sentence: 3452,হেতিরে,O
,ভালোবাসি,O
Sentence: 3453,আর,O
,চুলগুন,O
,মেলা,O
,লম্ফা,O
Sentence: 3454,এইডা,O
,কে,O
Sentence: 3455,ইজ্ঞা,O
,কেগা,O
Sentence: 3456,আন্নে,O
,কন,O
Sentence: 3457,আন্নে,O
,আঁর,O
,লগে,O
,যাইবেন,O
Sentence: 3458,আন্নে,O
,ভাইয়ের,O
,ভক্ত,O
Sentence: 3459,তুউই,O
,কোনাই,O
Sentence: 3460,তোয়ার,O
,নাম,O
,কি,O
,সামি,O
Sentence: 3461,দেই,O
,কেইক্কা,O
,জানি,O
,লাগে,O
Sentence: 3462,ভালা,O
,করি,O
,কাম,O
,অইছে,O
Sentence: 3463,বেকের,O
,বউ,B-REL
,সুন্দর,O
,আর,O
,বউ,B-REL
,কালা,O
Sentence: 3464,সামছু,B-PER
,মিয়া,I-PER
,আ্ঁর,O
,তুন,O
,ছোড,O
Sentence: 3465,যানের,O
,সময়,O
,কোনাই,O
,গেছত,O
Sentence: 3466,বালা,O
,লাগে,O
,না,O
Sentence: 3467,কানো,O
,কতা,O
,যায়,O
,নি,O
,তোর,O
Sentence: 3468,ডরাইছিলাম,O
,আই,O
Sentence: 3469,গরুর,B-ANI
,হাকা,O
,দরকার,O
,নাই,O
Sentence: 3470,আই,O
,বাপরে,O
,চিনি,O
Sentence: 3471,আব্বারে,O
,কইলাম,O
,আঁরে,O
,বিয়া,O
,করাইতেন,O
,নো,O
Sentence: 3472,আই,O
,তোয়ার,O
,লাই,O
,কি,O
,আইনগুম,O
Sentence: 3473,মনে,O
,থাইকবো,O
,তোয়ার,O
,কতা,O
Sentence: 3474,আংগোর,O
,বাড়িত,O
,কিল্লাই,O
Sentence: 3475,কিয়া,O
,খাওন,O
,ইগিন,O
Sentence: 3476,ইয়ানো,O
,মানুষ,O
,মরে,O
Sentence: 3477,তুই,O
,রং,B-ROLE
,মিস্ত্রি,I-ROLE
Sentence: 3478,হাইত্তান,O
,নো,O
Sentence: 3479,কইত্তাম,O
,নো,O
Sentence: 3480,হাইত্তাম,O
,নো,O
Sentence: 3481,যাইত্তান্ন,O