Sentence #,mymensingh_word,bio_tag
Sentence: 3131,মা,O
,ঠিকই,O
,কইসিন,O
Sentence: 2385,আফনের,O
,লগে,O
,আমার,O
,একটা,O
,জরুরি,O
,কথা,O
,আসে,O
Sentence: 1,কেমত,O
,আছো,O
Sentence: 763,তোমারে,O
,ছাইড়া,O
,আমি,O
,ভালা,O
,নাই,O
Sentence: 2464,শশা,B-FOOD
,খাইতে,O
,অনেক,O
,সুস্বাদু,O
Sentence: 1521,চিঠি,B-OBJ
,সাধারণত,O
,খামে,B-OBJ
,ভইরা,O
,পাঠানো,O
,হয়,O
Sentence: 1153,মাইয়া,O
,হের,O
,পরিবার,O
,নিয়া,O
,ঈদের,O
,কয়েকদিন,O
,আগে,O
,দেশে,B-LOC
,আসার,O
,কথা,O
,আসিল,O
Sentence: 2661,ছেড়াডা,O
,ডাকাত,B-LOC
,আইসে,O
Sentence: 2367,তুমি,O
,এক্কেরেই,O
,না,O
,বুইজ্ঝা,O
,বেশী,O
,কথা,O
,কও,O
Sentence: 26,আফনের,O
,কি,O
,বই,B-OBJ
,পড়ার,O
,অভ্যাস,O
,আসে,O
Sentence: 1560,বাসাত,O
,যাওনের,O
,পথে,O
,ফ্লাইওভার,B-LOC
,দেইক্ষা,O
,হাবিব,B-PER
,অবাক,O
,হয়া,O
,গেল,O
Sentence: 2656,আইন্নের,O
,বেহের,O
,তে,O
,কাসের,O
,মানুষডা,O
,কেডা,O
Sentence: 535,আফনে,O
,আমার,O
,সাথে,O
,এম্নে,O
,কথা,O
,কইতে,O
,ফারেন,O
,না,O
Sentence: 3123,চুরি,O
,হইয়া,O
,গেসে,O
Sentence: 828,আমি,O
,তো,O
,ভাবলাম,O
,শাশুড়ি,B-REL
,আম্মা,I-REL
,আমার,O
,লাইজ্ঞা,O
,রাইন্দা,O
,পাঠাইসেন,O
Sentence: 1473,হেয়,O
,তো,O
,বুঝবনা,O
Sentence: 2276,হেয়,O
,বিবাহিত,O
,তাই,O
,মামলা,O
,করতে,O
,চাইতাসে,O
,না,O
Sentence: 1349,এরপর,O
,আমার,O
,লগে,O
,যোগাযোগ,O
,রাহে,O
,নাই,O
Sentence: 2424,ছেড়াডার,O
,ঘটনা,O
,হুইন্না,O
,আমরা,O
,তারে,O
,সাহায্য,O
,করি,O
Sentence: 2158,আমার,O
,বন্ধু,B-REL
,এইবার,O
,ছুটিতে,O
,রাজশাহী,B-LOC
,ঘুরতে,O
,যাইব,O
Sentence: 3359,আমি,O
,চিংড়িডা,B-FOOD
,খাইবার,I-FOOD
,পসন্দ,O
,করি,O
Sentence: 504,সহালে,O
,পড়াশোনা,O
,কইরা,O
,প্রত্যেকদিন,O
,শুরু,O
,করা,O
,ভালা,O
,হয়,O
Sentence: 2872,অসুস্থ,O
,হইয়া,O
,পড়সিলাম,O
Sentence: 2923,আমি,O
,অবাক,O
,হইয়া,O
,গেসিলাম,O
Sentence: 1407,আমি,O
,কিন্তু,O
,এইডা,O
,ভাবি,O
,নাই,O
,যে,O
,ও,O
,মনে,O
,রাহে,O
,না,O
,আমি,O
,কেন,O
,করতে,O
,যায়াম,O
Sentence: 207,পুরনা,O
,দিনের,O
,কথা,O
,মনে,O
,পইড়া,O
,গেল,O
Sentence: 2951,দুইডা,O
,পুত,B-REL
,আসিন,O
Sentence: 2289,তোমার,O
,পরিবার,O
,আমার,O
,আব্বার,B-REL
,সাথে,O
,কথা,O
,কইতে,O
,চায়,O
Sentence: 2121,তুমি,O
,যাও,O
,এইহান,O
,থাইক্কা,O
Sentence: 1259,আমার,O
,বিয়ার,O
,দুই,O
,মাসের,O
,মাথায়,O
,আব্বা,B-REL
,মারা,O
,গেসেন,O
Sentence: 2945,আগে,O
,যাইন,O
Sentence: 21,সে,O
,এহন,O
,রাজশাহী,B-LOC
,চইলা,O
,গেসে,O
Sentence: 1481,তোমার,O
,এক,O
,ফোটা,O
,হাসি,O
,দেহনের,O
,লাইজ্ঞা,O
,বয়া,O
,আসি,O
Sentence: 1096,বাড়ি,O
,থাইক্কা,O
,ছেড়া,O
,দেহা,O
,শুরু,O
,করল,O
Sentence: 3078,বিদেশে,B-LOC
,ঘুরবার,O
,যাইয়াম,O
,আমার,O
,স্বপ্ন,O
Sentence: 1126,ক্লাস,O
,নাইনে,O
,আমরার,O
,প্রথম,O
,কথা,O
,হয়,O
,ফেসবুকে,B-ORG
Sentence: 358,আজ,O
,গরিব,O
,বইল্লা,O
,পৃথিবীতে,B-LOC
,থাকি,O
,বড়লোক,O
,হইলে,O
,মঙ্গল,B-LOC
,গ্রহে,I-LOC
,থাকতাম,O
Sentence: 2892,আমি,O
,বেশি,O
,লম্বা,O
,না,O
Sentence: 3386,আমার,O
,ভালোবাসাত,O
,কমডা,O
,কি,O
,আসিন,O
Sentence: 2938,আমার,O
,পায়ে,O
,বেদনা,O
,করতাসে,O
Sentence: 146,আফনে,O
,কারো,O
,জীবনে,O
,সুখ,O
,আইন্না,O
,দিবেন,O
,ভাইব্বা,O
,প্রেম,O
,করেন,O
Sentence: 3342,আমার,O
,মেলা,O
,ভালা,O
,লাগে,O
Sentence: 2236,আমরার,O
,ঘরের,O
,প্রতিডা,O
,রুম,O
,ফুল,B-OBJ
,দিয়া,O
,সাজায়া,O
,রাখসি,O
Sentence: 2423,ওই,O
,মাইয়ারে,O
,যেমনেই,O
,হোক,O
,খুঁইজ্জা,O
,বাইর,O
,করতে,O
,হইব,O
Sentence: 1624,ঘরে,O
,আলো,O
,হাওয়া,O
,তেমন,O
,ঢুকতে,O
,পারে,O
,না,O
Sentence: 2898,হারায়া,O
,গেসি,O
Sentence: 1956,মন,O
,হইলো,O
,দেয়ার,O
,লাইজ্ঞা,O
Sentence: 2648,হে,O
,হাসে,O
,না,O
Sentence: 239,সন্তানরে,O
,খালি,O
,হের,O
,মায়ের,B-REL
,কোলেই,O
,মানায়,O
Sentence: 974,আমি,O
,আপেল,B-FOOD
,পসন্দ,O
,করি,O
Sentence: 774,লাল,B-COL
,রঙের,I-COL
,শাড়িতে,B-OBJ
,তোমরে,O
,ভালা,O
,মানাইব,O
Sentence: 3046,শুক্কুরবার,O
,আমরা,O
,গেসিলাম,O
Sentence: 2866,খাইতে,O
,ভালা,O
,লাগে,O
Sentence: 3114,মেলা,O
,ভালা,O
,লাগে,O
Sentence: 2844,তুমি,O
,তাত্তাড়ি,O
,উইঠ্যা,O
,যাও,O
Sentence: 1507,সাড়ে,O
,চারটায়,O
,বেহের,O
,মাঠে,B-LOC
,আওনের,O
,কথা,O
Sentence: 1102,হেয়,O
,হের,O
,বাপের,B-REL
,ভয়ে,O
,কোন,O
,কথাই,O
,কইতে,O
,পারলো,O
,না,O
Sentence: 629,তোমার,O
,মূল্যবান,O
,বক্তব্যের,O
,লাইজ্ঞা,O
,তোমারে,O
,মেলা,O
,ধন্যবাদ,O
Sentence: 3472,আমি,O
,তুমার,O
,লাইগ্গা,O
,কিতা,O
,আনবাম,O
Sentence: 2397,আমার,O
,আব্বা,B-REL
,বড়,B-REL
,ভাইয়ের,I-REL
,উপর,O
,রাইজ্ঞা,O
,গেসিল,O
Sentence: 1949,অনেকে,O
,আরো,O
,কয়,O
,যে,O
,বিয়া,O
,করলে,O
,মাইনষে,O
,নাকি,O
,গাধা,O
,হয়,O
Sentence: 3126,আমারে,O
,অপমান,O
,করে,O
Sentence: 20,সে,O
,সিলেট,B-LOC
,থাইকা,O
,আমার,O
,সাথে,O
,দেখা,O
,করতে,O
,আইসিল,O
Sentence: 32,আপনের,O
,পড়ালেহা,O
,করতে,O
,হইব,O
Sentence: 3461,দেইখ্যা,O
,কিরুম,O
,জানি,O
,লাগতাসে,O
Sentence: 320,আব্বার,B-REL
,মুখের,O
,দিকে,O
,তাকায়া,O
,কেমন,O
,জানি,O
,একটা,O
,শূন্যতা,O
,অনুভব,O
,করলাম,O
Sentence: 2001,হেয়,O
,বেগসময়,O
,মিথ্যা,O
,কথা,O
,কইত,O
Sentence: 2412,আব্বা,B-REL
,অশিক্ষিত,O
,একটা,O
,ছেড়ার,O
,সাথে,O
,আমার,O
,বিয়া,O
,দিতে,O
,চাইসিল,O
Sentence: 378,আমি,O
,কি,O
,খালি,O
,একটা,O
,জিনিস,O
,কইতে,O
,ফারি,O
,দয়া,O
,কইরা,O
Sentence: 1720,পরে,O
,আমরা,O
,লাইব্রেরি,B-LOC
,দেখতাম,O
,যাই,O
Sentence: 1443,আমার,O
,লগে,O
,বাজে,O
,ব্যবহার,O
,করতে,O
,থাকলো,O
Sentence: 335,আমার,O
,ভালা,O
,লাগলো,O
,আফনের,O
,কথা,O
,ফইড়া,O
Sentence: 2861,আমার,O
,সহালে,O
,খাইতে,O
,ভালা,O
,লাগে,O
,না,O
Sentence: 2956,আমার,O
,হলুদ,B-COL
,রং,I-COL
,পসন্দ,O
Sentence: 928,একটা,O
,বিলাই,B-ANI
,দরজার,B-OBJ
,সামনে,O
,বয়া,O
,আসে,O
Sentence: 2890,আমি,O
,বেশি,O
,লম্বা,O
Sentence: 1595,হের,O
,কাসে,O
,মেলা,O
,টেহা,B-OBJ
,আসে,O
Sentence: 2528,আমার,O
,কতা,O
,বুজতারোস,O
,তুই,O
Sentence: 288,উনারা,O
,উনাদের,O
,মত,O
,পানি,O
,দিব,O
,যারার,O
,লগে,O
,ভালা,B-FOOD
,সম্পর্ক,O
,আসে,O
,খালি,O
,তারারে,O
,দিব,O
,আর,O
,কাউরে,O
,দিত,O
,না,O
Sentence: 3073,আইন্নের,O
,বইনের,B-REL
,কি,O
,বিয়া,O
,হইয়া,O
,গেসে,O
Sentence: 2171,আমার,O
,বন্ধু,B-REL
,ইস্কুলের,B-LOC
,মাঠে,I-LOC
,প্রতিদিন,O
,ক্রিকেট,O
,খেলে,O
Sentence: 1832,জাম্বুরা,B-FOOD
,ঠান্ডা,O
,সর্দি,O
,জ্বর,O
,জনিত,O
,সমস্যার,O
,লাইজ্ঞা,O
,খাইলে,O
,ভাল,O
,ফলাফল,O
,পাওয়ন,O
,যায়,O
Sentence: 1415,ঢাকায়,B-LOC
,আইসি,O
,এসএসসি,O
,পরীক্ষা,O
,দিয়ে,O
Sentence: 3255,আইন্নে,O
,বাইচ্চা,O
,আসুইন,O
Sentence: 3364,কি,O
,করুইন,O
,আইন্নে,O
Sentence: 2406,ছেড়াডা,O
,আরও,O
,দুই,O
,বসর,O
,পরে,O
,বিয়া,O
,করতে,O
,চায়,O
Sentence: 1835,কবুতর,B-ANI
,পালতে,O
,বেশি,O
,জায়গারও,O
,দরকার,O
,হয়,O
,না,O
Sentence: 29,আমি,O
,তোমারে,O
,আগে,O
,কখনো,O
,দেখি,O
,নাই,O
Sentence: 3446,হে,O
,পরিবাররে,O
,ভালোবাসে,O
Sentence: 73,কিনুতাই,O
,বুঝতে,O
,পারলাম,O
,না,O
Sentence: 1535,যাতায়াতের,O
,প্রধান,O
,উপায়,O
,আসিল,O
,নৌকা,B-OBJ
Sentence: 532,আমি,O
,কেরে,O
,বেগসময়,O
,কষ্ট,O
,পাই,O
Sentence: 2954,এক,O
,বেডার,O
,দুইডা,O
,পুত,B-REL
,আসিন,O
Sentence: 2314,গ্রামের,B-LOC
,বাড়ির,I-LOC
,এই,O
,মাইয়াডারে,O
,খুব,O
,ভালা,O
,লাগসিল,O
Sentence: 855,কোন,O
,মানুষের,O
,প্রতি,O
,একবার,O
,বিশ্বাস,O
,উইঠঠা,O
,গেলে,O
,অভিনয়,O
,কইরা,O
,বেশি,O
,দিন,O
,অইহানে,O
,থাকন,O
,যায়,O
,না,O
Sentence: 1305,আমার,O
,বিয়া,O
,হইসে,O
,চাইর,O
,বছর,O
Sentence: 1900,বুইজ্ঝা,O
,উঠতে,O
,পারতাসিলাম,O
,না,O
,কীতা,O
,করবাম,O
Sentence: 1269,কিসু,O
,কইলে,O
,হেয়,O
,ওইডা,O
,অন্যভাবে,O
,নিয়া,O
,চিল্লাচিল্লি,O
,করে,O
Sentence: 1152,পোলা,O
,এক,O
,মাস,O
,আগে,O
,বাংলাদেশে,B-LOC
,আসে,O
,এই,O
,ঈদে,O
,তারার,O
,বিয়া,O
,হওয়ার,O
,কথা,O
Sentence: 831,মেকআপ,O
,টা,O
,কেমন,O
,হইসে,O
Sentence: 395,হেরা,O
,একটা,O
,দূর,O
,পাহাড়ের,B-LOC
,দিকে,O
,যাওনের,O
,পথে,O
,একটা,O
,পুষকুনি,B-LOC
,দেখল,O
Sentence: 2472,দিন,O
,দিন,O
,আমি,O
,খুব,O
,অসুস্থ,O
,হয়া,O
,যাইতাসি,O
Sentence: 941,আমডা,B-FOOD
,কেডা,O
,খাইসিল,O
Sentence: 2527,কি,O
,করবো,O
,আমি,O
,যুদি,O
,ঠিক,O
,থাহি,O
Sentence: 343,খুব,O
,সুন্দর,O
,কথা,O
,কইসেন,O
Sentence: 1211,অনেকবার,O
,বেহেই,O
,কথা,O
,কইসে,O
,বুঝাইতে,O
,চাইসে,O
,যে,O
,কি,O
,সমস্যা,O
,কিন্তু,O
,কোনো,O
,সমাধান,O
,হয়নাই,O
Sentence: 219,গানটা,O
,হুইন্না,O
,চোক্ষে,O
,পানি,O
,চইল্লা,O
,আইলো,O
,সত্যি,O
,খুব,O
,ভালা,O
,লাগসে,O
Sentence: 1485,এলাকায়,B-LOC
,আগুন,O
,লাগসে,O
Sentence: 1451,হেয়,O
,কেমনে,O
,পারলো,O
,এতো,O
,স্বপ্ন,O
,দেহানোর,O
,পরে,O
,আমারে,O
,ঠকাইতে,O
Sentence: 589,হের,O
,চেয়ে,O
,আমি,O
,দেখতে,O
,সুন্দর,O
Sentence: 2992,আমার,O
,নীল,B-COL
,রং,I-COL
,পসন্দ,O
Sentence: 3086,আমার,O
,জীবনের,O
,আলো,O
Sentence: 1911,তুমি,O
,আমারে,O
,দয়া,O
,কইরা,O
,আর,O
,বিরক্ত,O
,কইরোনা,O
Sentence: 2520,শিমুর,B-PER
,ধূসর,B-COL
,রং,I-COL
,পসন্দ,O
Sentence: 2555,আসল,O
,কতায়,O
,আইয়া,O
Sentence: 2128,আমার,O
,বড়,B-REL
,বইনের,I-REL
,আইজ,O
,মন,O
,ভালা,O
,নাই,O
Sentence: 705,বৃষ্টির,O
,দিনে,O
,চা,B-FOOD
,খাইতে,O
,ভালা,O
,লাগে,O
Sentence: 3382,আমি,O
,কেন,O
,বেকতা,O
,সময়,O
,কষ্ট,O
,পাই,O
Sentence: 145,কেউ,O
,আফনের,O
,জীবনে,O
,সুখ,O
,আইন্না,O
,দিব,O
,ভাইব্বা,O
,কারো,O
,সাথে,O
,প্রেমে,O
,জড়াইয়েন,O
,না,O
Sentence: 3324,আইজকা,O
,ভাইরে,B-REL
,দেখলাম,O
Sentence: 2947,আমারে,O
,ডাকবাইন,O
,না,O
Sentence: 1422,আমি,O
,কেমনে,O
,বুঝতাম,O
,যে,O
,মানুষগুলা,O
,সঠিক,O
,না,O
Sentence: 3009,মাইয়াডা,O
,খুব,O
,বেদ্দপ,O
Sentence: 2091,এতো,O
,টেহা,B-OBJ
,কই,O
,পায়াম,O
Sentence: 552,আমি,O
,তোমার,O
,লগে,O
,দুনিয়াডা,B-LOC
,ঘুইরা,O
,আসতাম,O
,চাই,O
Sentence: 727,কবিতা,O
,পড়তে,O
,আমার,O
,ভালা,O
,লাগে,O
Sentence: 2960,আমার,O
,সাদা,B-COL
,রং,I-COL
,পসন্দ,O
Sentence: 2530,তুমারে,O
,আমরা,O
,দেইখ্যা,O
,লমু,O
Sentence: 2097,আমারে,O
,ছাইড়া,O
,ভাল,O
,থাইক্ক,O
Sentence: 2113,হেয়,O
,রাস্তার,B-LOC
,মাঝে,O
,দৌড়ায়,O
Sentence: 569,আমারার,O
,পরিবারে,O
,আম্মার,B-REL
,অবদানই,O
,বেশি,O
,বইল্লা,O
,আমি,O
,মনে,O
,করি,O
Sentence: 1446,পরিবার,O
,তুইল্লা,O
,গালি,O
,দেয়,O
Sentence: 1342,আমার,O
,লগে,O
,হেয়,O
,আগে,O
,দেহা,O
,করত,O
Sentence: 2458,আব্বা,B-REL
,কইসে,O
,বৃষ্টি,O
,হইলে,O
,বারান্দার,O
,গাছে,O
,পানি,B-FOOD
,দেওনের,O
,দরকার,O
,নাই,O
Sentence: 1005,হেয়,O
,কারো,O
,কথা,O
,কয়না,O
,কারো,O
,বাসায়,O
,যায়না,O
Sentence: 600,আইজকাল,O
,পড়াশুনার,O
,চাপ,O
,অনেক,O
,বেশি,O
Sentence: 646,পলিথিনের,B-OBJ
,ব্যবহার,O
,মারাত্মক,O
,রোগের,O
,সৃষ্টি,O
,করতে,O
,পারে,O
Sentence: 1959,আমি,O
,কিসু,O
,লিখতাম,O
,ফারিনা,O
,তোমার,O
,নাম,O
,ছাড়া,O
Sentence: 1586,ঠিক,O
,করা,O
,হইলো,O
,বেহেই,O
,মিল্লা,O
,যায়াম,O
Sentence: 1221,আমার,O
,ভাই,B-REL
,আমরার,O
,পুরা,O
,পরিবার,O
,দেহাশুনা,O
,করে,O
Sentence: 554,তোমার,O
,কথা,O
,হুইন্না,O
,মেলা,O
,ভালা,O
,লাগল,O
Sentence: 31,আপনের,O
,পড়ালেহা,O
,করা,O
,দরকার,O
Sentence: 2366,আমি,O
,মেলা,O
,ভালা,O
,মেকআপ,O
,করি,O
Sentence: 568,আম্মার,B-REL
,লাইজ্ঞা,O
,বেশি,O
,খারাপ,O
,লাগতাসে,O
Sentence: 827,তুমি,O
,রানসো,O
Sentence: 1525,আমার,O
,লাইজ্ঞা,O
,বেশি,O
,চিন্তা,O
,কইরো,O
,না,O
Sentence: 2431,আমার,O
,দাদার,B-REL
,বাড়ীর,O
,পিসনে,O
,একটা,O
,পেয়ারা,B-OBJ
,গাছ,I-OBJ
,আসে,O
Sentence: 2595,কান,O
,টান,O
,লাল,B-COL
,কইরা,O
,ফালাইবাম,O
,আমি,O
,তোর,O
Sentence: 3272,আমরার,O
,বেহেই,O
,একসময়ে,O
,একলগে,O
,আসি,O
Sentence: 1205,আমি,O
,একটা,O
,সরকারি,O
,চাকরি,O
,করি,O
,কিন্তু,O
,হেয়,O
,কিসু,O
,করে,O
,না,O
Sentence: 3249,আমরার,O
,রঙিন,B-COL
,ছবি,O
,তুলুন,O
,লাগবো,O
Sentence: 3144,আমি,O
,মনের,O
,কতা,O
,বুজি,O
,না,O
Sentence: 2469,আমার,O
,নানা,B-REL
,কইসে,O
,সইরষার,O
,তেল,O
,চুল,O
,পড়া,O
,কমায়,O
Sentence: 1008,আমি,O
,তহন,O
,কই,O
,কেন,O
,কি,O
,হইছে,O
Sentence: 3015,রাস্তা,B-LOC
,দিয়া,O
,হাইট্টা,O
,যাইতাসে,O
Sentence: 529,আমি,O
,একজন,O
,প্রফেশনাল,B-ROLE
,ব্লগার,I-ROLE
,হয়া,O
,কাম,O
,করতাসি,O
Sentence: 2347,আমি,O
,আমার,O
,আম্মার,B-REL
,বেগ,O
,কথা,O
,খুবই,O
,মনোযোগ,O
,দিয়া,O
,হুনি,O
Sentence: 126,তোমারে,O
,কাসে,O
,আইসা,O
,জড়ায়া,O
,ধরা,O
,বাকি,O
Sentence: 1554,বাবা,B-REL
,বইডা,B-OBJ
,বুকশেলফে,B-OBJ
,তুইল্লা,O
,রাখসিলেন,O
Sentence: 531,দূরে,O
,কুনোখানে,O
,যেইহানে,O
,কেউ,O
,নাই,O
Sentence: 3299,মেলা,O
,মেধাবী,O
,আসিলাম,O
Sentence: 1531,ভাত,B-FOOD
,বাঙালির,B-ROLE
,মেলাকালের,O
,প্রিয়,O
,খাদ্য,O
Sentence: 1623,তাছাড়া,O
,আরেকটা,O
,কারণও,O
,আসে,O
Sentence: 1879,বরিশালের,B-LOC
,মানুষ,O
,কেমত,O
,হয়,O
Sentence: 1820,সরিষার,B-FOOD
,তেল,I-FOOD
,দিয়া,O
,মাছ,B-FOOD
,ভাজা,I-FOOD
,খায়াম,O
Sentence: 1607,রজনীগন্ধা,B-OBJ
,গোলাপ,B-OBJ
,গাঁদা,B-OBJ
,সহ,O
,নানা,O
,রহম,O
,ফুল,B-OBJ
,আসে,O
,দোহানে,B-ORG
Sentence: 1828,দাদু,B-REL
,নাইরকেল,B-FOOD
,পানি,I-FOOD
,পসন্দ,O
,করে,O
Sentence: 3367,একটা,O
,বই,B-OBJ
,পড়তাসি,O
Sentence: 1500,অনেকবার,O
,লালবাগ,B-LOC
,কেল্লার,I-LOC
,কথা,O
,হুনসি,O
Sentence: 2346,আইজ,O
,সহালে,O
,আমি,O
,আর,O
,আমার,O
,বন্ধুরা,B-REL
,ফুটবল,B-OBJ
,খেলতে,O
,মাঠে,B-LOC
,গেসি,O
Sentence: 3286,চিনুইন,O
,না,O
Sentence: 273,আমারে,O
,একটু,O
,সাহায্য,O
,করবাইন,O
Sentence: 2879,শিমুর,O
,লাল,O
,রং,O
,পসন্দ,O
Sentence: 1170,মাইয়ার,O
,পরিবারের,O
,লগে,O
,ফোনে,B-OBJ
,কথা,O
,কয়,O
Sentence: 1632,মেঠো,B-LOC
,পথের,I-LOC
,দুইপাশে,O
,সবুজ,B-LOC
,ধানখেত,I-LOC
Sentence: 2795,আমি,O
,খেলতাসি,O
Sentence: 364,যহন,O
,ভাবি,O
,তুমি,O
,ছাড়া,O
,আমার,O
,জীবনডা,O
,আন্ধার,O
,ঠিক,O
,তহনই,O
,কারেন্ট,O
,চইল্লা,O
,আসে,O
Sentence: 258,ক্লাসের,O
,সব,O
,মাইয়াদের,O
,সাথেই,O
,মিশতাম,O
Sentence: 918,তুমি,O
,কিতা,O
,রাইতের,O
,বেলা,O
,বাইরে,O
,বের,O
,হইবা,O
Sentence: 8,ছেড়িটা,O
,সিলেট,B-LOC
,থাইকা,O
,আসা,O
,অই,O
,ছেড়াটারে,O
,অনেক,O
,ভালবাসে,O
Sentence: 2590,ঘুমাও,O
,কেরে,O
Sentence: 2737,আমি,O
,ভালা,O
,নাই,O
Sentence: 322,আফনে,O
,কি,O
,আফনের,O
,হাত,O
,ধুইতে,O
,জানেন,O
Sentence: 2674,কোন,O
,ইশকুলে,B-ORG
,পড়ো,O
Sentence: 2456,একটা,O
,আহত,O
,আবুডা,O
,রাস্তায়,B-LOC
,খাড়ায়া,O
,কানতাসে,O
Sentence: 446,তুইন,O
,কিতা,O
,আমার,O
,লগে,O
,বাংলায়,O
,কথা,O
,কইতে,O
,ফারবি,O
Sentence: 853,যে,O
,মানুষ,O
,গায়ে,O
,হাত,O
,তুলে,O
,অন্য,O
,মাইয়ারার,O
,সাথে,O
,কথা,O
,কয়,O
,ঘরে,O
,বউ,B-REL
,রাইক্ষা।,O
Sentence: 1065,অন্যদিকে,O
,আফনের,O
,জামাইও,B-REL
,লোক,O
,হিসাবে,O
,ভালা,O
,না,O
Sentence: 3207,আমরা,O
,পারতাম,O
,না,O
Sentence: 976,আমার,O
,খিদা,O
,পাইতাসে,O
Sentence: 1427,দুনিয়া,B-LOC
,তে,O
,আসলে,O
,চেহারার,O
,সুন্দরই,O
,সব,O
Sentence: 2388,বাগানের,B-LOC
,মধ্যে,O
,গিয়া,O
,আমার,O
,ছোট,B-REL
,ভাই,I-REL
,দৌড়াইল,O
Sentence: 1333,এতে,O
,যদি,O
,আমার,O
,জামাইয়ের,B-REL
,খুব,O
,বেশি,O
,সমস্যা,O
,হয়,O
Sentence: 1496,বড়,B-REL
,মামা,I-REL
,বিদেশ,B-LOC
,থাইক্কা,O
,আইসেন,O
Sentence: 1010,আফনেরা,O
,কন,O
,হেয়,O
,পরকিয়া,O
,করব,O
,বউ,B-REL
,রে,O
,মারব,O
,আর,O
,বাপ,B-REL
,মা,B-REL
,চুপ,O
,থাকব,O
Sentence: 1568,হাত,O
,মুখ,O
,ধুয়া,O
,হেয়,O
,নাশতা,B-FOOD
,করতে,O
,বইল,O
Sentence: 415,আমি,O
,আফনের,O
,সাথে,O
,পরে,O
,দেহা,O
,করবাম,O
Sentence: 1931,আমার,O
,বিয়ার,O
,বয়স,O
,পার,O
,হয়া,O
,যাইতাসেগা,O
Sentence: 1038,হেয়,O
,বাইরে,O
,যা,O
,ইচ্ছা,O
,করব,O
,বউ,B-REL
,হিসাবে,O
,আমারে,O
,রাখব,O
Sentence: 2293,আমার,O
,বন্ধুরা,B-REL
,বেহেই,O
,মেলা,O
,মেধাবী,O
Sentence: 884,যত,O
,বড়,O
,হইলাম,O
,বেহের,O
,চোক্ষে,O
,এক,O
,প্রকার,O
,বিশ,O
,এর,O
,মত,O
,হয়া,O
,গেলাম,O
,আমি,O
Sentence: 2119,আফনে,O
,খেলায়,O
,জিতলেন,O
Sentence: 166,ছেড়ারার,O
,পোস্ট,O
,হইতাসে,O
,সোনার,O
,দোকান,O
,তাই,O
,খুব,O
,কম,O
,মানুষই,O
,এহানে,O
,আহে,O
Sentence: 2536,আমি,O
,জানি,O
,তুমি,O
,আইসো,O
Sentence: 2248,এই,O
,গানডা,O
,আমার,O
,খুব,O
,ভালা,O
,লাগে,O
Sentence: 276,একসময়,O
,ছেড়ার,O
,ছেড়িডারে,O
,ভালা,O
,লাগব,O
Sentence: 2303,আজ,O
,সিঙ্গেল,O
,বইল্লা,O
,ঘুরতাম,O
,যাইতাম,O
,পারি,O
,না,O
Sentence: 889,আম্মা,B-REL
,কিসু,O
,হইলেই,O
,আমারে,O
,মার,O
,ধর,O
,করে,O
Sentence: 596,সবাই,O
,কেমত,O
,আসো,O
Sentence: 1301,উনি,O
,নামাজ,O
,কালাম,O
,ও,O
,ঠিক,O
,মত,O
,পড়েন,O
,না,O
Sentence: 82,বাদে,O
,এক,O
,ভাই,B-REL
,কুয়েত,B-LOC
,যায়গা,O
,আরেক,O
,ভাই,B-REL
,সুদান,B-LOC
,যায়গা,O
Sentence: 2242,আমি,O
,সারা,O
,জীবন,O
,আফনের,O
,ভালবাসা,O
,পাইতাম,O
,চাই,O
Sentence: 2465,আব্বা,B-REL
,আইজকে,O
,সহালে,O
,বাজার,O
,থাইক্কা,O
,টমেটো,B-FOOD
,কিন্না,O
,আনসে,O
Sentence: 2083,এহন,O
,পর্যন্ত,O
,বেগকিসু,O
,ঠিকমতন,O
,আয়োজন,O
,করসি,O
Sentence: 1908,ছেড়াটা,O
,কিল্লেগা,O
,যে,O
,ছেড়িটার,O
,মনের,O
,কথা,O
,বুঝেনা,O
Sentence: 2761,কিল্লেইগ্গা,O
,কইতাসুইন,O
Sentence: 1359,হেয়,O
,নানান,O
,বাহানায়,O
,বাসায়,O
,একলা,O
,থাকতে,O
,চাইতো,O
Sentence: 2145,তুমি,O
,আমারে,O
,বিরক্ত,O
,কইরো,O
,না,O
Sentence: 685,ক্রিকেট,O
,খেলা,O
,তোমার,O
,কেমন,O
,লাগে,O
Sentence: 2487,আমি,O
,আর,O
,আব্বা,B-REL
,কালকে,O
,সিলেট,B-LOC
,থাইক্কা,O
,ঢাকায়,B-LOC
,আইসি,O
Sentence: 2515,ছালুন,B-FOOD
,নেও,O
Sentence: 1523,তবে,O
,বাইচ্চা,O
,আসি,O
,ও,O
,খুব,O
,ভালা,O
,আসি,O
Sentence: 3393,মিলডা,O
,আসিন,O
,না,O
Sentence: 2139,ছেড়িডা,O
,সকালে,O
,ঘুম,O
,থাইক্কা,O
,উইত্থাই,O
,পরতে,O
,বয়,O
Sentence: 3339,ক্রিকেট,O
,তোমার,O
,কিরুম,O
,লাগে,O
Sentence: 3452,তারে,O
,ভালেবাসি,O
Sentence: 37,তর,O
,কি,O
,পড়ালেহা,O
,করতে,O
,এক্কেরেই,O
,ভালালাগে,O
,নাহ,O
Sentence: 2842,তাত্তাড়ি,O
,উইঠ্যা,O
,যাও,O
Sentence: 3423,গান,O
,গাইবার,O
,পারতা,O
,না,O
Sentence: 3217,তুমার,O
,পসন্দের,O
,অনেক,O
,কয়ডা,O
,বই,B-OBJ
,কিনসি,O
Sentence: 2151,আমি,O
,একদিন,O
,ইস্কুলের,B-LOC
,মাঠে,I-LOC
,মাথা,O
,ঘুরায়া,O
,পইরা,O
,গেসিলাম,O
Sentence: 579,খালি,O
,এক,O
,গাড়ি,B-OBJ
,পানি,B-FOOD
,হইলেও,O
,২ডা,O
,দিন,O
,চলন,O
,যাইত,O
Sentence: 1447,আমি,O
,দ্বিতীয়,O
,বার,O
,ভালোবাইসাও,O
,ঠইক্কা,O
,গেসি,O
Sentence: 3445,পরিবাররে,O
,ভালোবাসে,O
Sentence: 1856,পেঁপে,B-FOOD
,একটা,O
,সুস্বাদু,O
,ফল,B-FOOD
Sentence: 2837,কতা,O
,কইন,O
Sentence: 3185,আব্বু,B-REL
,আমার,O
,লেইগা,O
,গুলাপি,B-COL
,জামা,B-OBJ
,কিন্না,O
,আনসে,O
Sentence: 1072,আফনে,O
,নিজে,O
,কিসু,O
,করনের,O
,চেষ্টা,O
,করেন,O
,যেন,O
,পরিবারের,O
,সাহায্য,O
,হয়,O
Sentence: 3235,আমার,O
,লগে,O
,আর,O
,কতা,O
,কইবা,O
,না,O
Sentence: 3279,আর,O
,কইতাম,O
,না,O
Sentence: 1147,এক,O
,সময়,O
,গিয়া,O
,যদি,O
,কয়,O
,যে,O
,ধরে,O
,রাখলেই,O
,তো,O
,পারতা,O
Sentence: 2296,আমার,O
,ভাই,B-REL
,বইনের,B-REL
,খুব,O
,ভালা,O
,ছবি,O
,আঁকে,O
Sentence: 367,ভালো,O
,মানুষ,O
,নাকিতা,O
,বেশি,O
,দিন,O
,বাঁচে,O
,না,O
,এটা,O
,হুনার,O
,পর,O
,খুব,O
,টেনশনে,O
,আছি,O
Sentence: 2428,আমার,O
,প্রত্যেকদিন,O
,পেয়ারা,B-FOOD
,খাইতে,O
,খুব,O
,ভালা,O
,লাগে,O
Sentence: 1599,আমি,O
,তোমারে,O
,একটা,O
,উপহার,O
,দিতাম,O
,চাই,O
Sentence: 3294,লও,O
,ঘুড়ি,B-OBJ
,উড়াই,O
Sentence: 3214,বেডাডা,O
,ফোনে,B-OBJ
,কতা,O
,কয়,O
Sentence: 3449,বেকই,O
,করতারি,O
Sentence: 2279,আমার,O
,কাবিনের,O
,টাকা,B-OBJ
,তোমারে,O
,প্রতি,O
,মাসে,O
,মাসে,O
,দিতে,O
,হইব,O
Sentence: 3074,আইন্নের,O
,কি,O
,বিয়া,O
,হইয়া,O
,গেসে,O
Sentence: 149,আফনে,O
,কহনোই,O
,ফারবেন,O
,না,O
,অন্য,O
,কারও,O
,ভালোবাসারে,O
,ছিনায়া,O
,নিতে,O
,কিংবা,O
,জোর,O
,কইরা,O
,অন্যের,O
,ভালো,O
,লাগার,O
,মানুষ,O
,হইতে,O
Sentence: 1968,তোমার,O
,লাইজ্ঞা,O
,মনে,O
,আমার,O
,অফুরন্ত,O
,আশা,O
Sentence: 2187,বেশি,O
,কিসু,O
,কওনের,O
,আগেই,O
,আবেগে,O
,চোখে,O
,পানি,O
,আয়া,O
,পরসে,O
Sentence: 1252,কহনো,O
,ভাবিও,O
,নাই,O
,আমার,O
,এহানে,O
,পোস্ট,O
,কইরা,O
,সাহায্য,O
,চাইতে,O
,হইব,O
Sentence: 927,ছেড়াডা,O
,রাস্তা,B-LOC
,দিয়া,O
,হাইটটা,O
,যাইতাসে,O
Sentence: 2851,আইন্নের,O
,লেইগা,O
Sentence: 2076,তুমি,O
,কিতা,O
,ফড়াশুনা,O
,করতাসো,O
Sentence: 2164,আফনে,O
,কি,O
,আমারে,O
,চিনতে,O
,পারসেন,O
Sentence: 1167,পোলার,O
,পরিবার,O
,থাইক্কা,O
,মাইয়ার,O
,পরিবার,O
,মেলা,O
,ভালা,O
Sentence: 2477,আমরার,O
,গ্রামের,B-LOC
,বাজারে,I-LOC
,অনেক,O
,বড়,O
,একটা,O
,দেশী,B-ANI
,মুরগীর,I-ANI
,দোকান,B-LOC
,আসে,O
Sentence: 1854,ভাত,B-FOOD
,রান্দনের,O
,পাত্রটা,B-OBJ
,শক্ত,O
,কইরা,O
,ঢাইক্কা,O
,রাখতে,O
,হইব,O
Sentence: 1154,কিন্তু,O
,পোলা,O
,বাংলাদেশে,B-LOC
,আওনের,O
,পর,O
,ওই,O
,মাইয়াডার,O
,লগে,O
,যোগাযোগ,O
,বন্ধ,O
,কইরা,O
,দেয়,O
Sentence: 2833,আইজকা,O
,বাইরে,O
,যাইয়াম,O
Sentence: 798,আমার,O
,দুই,O
,বিয়া,O
,হইসে,O
Sentence: 2754,আমি,O
,ভালা,O
,নাই,O
Sentence: 1515,অচেনা,O
,লোকের,O
,উপহার,O
,গ্রহণ,O
,করি,O
,না,O
Sentence: 1076,আমার,O
,বিয়া,O
,হইসে,O
,নয়,O
,বছর,O
Sentence: 56,তোমার,O
,লাইজ্ঞা,O
,আমার,O
,মেলা,O
,কষ্ট,O
,হয়,O
Sentence: 362,একবার,O
,ধরলে,O
,হাত,O
,ছাড়বেনা,O
,কহনো,O
,রোগা,O
,পাতলা,O
,মাইয়া,O
,গুলারে,O
,দেইক্ষা,O
,মনে,O
,হয়,O
,ভিটামিনের,B-OBJ
,বোতল,I-OBJ
,কিন্না,O
,দেই,O
Sentence: 1539,আম্মা,B-REL
,নানারে,B-REL
,একটা,O
,চিঠি,B-OBJ
,লিখসেন,O
Sentence: 19,এই,O
,জিনিসটা,O
,অনেক,O
,বিরক্তিকর,O
,আছিল,O
Sentence: 2111,হেয়,O
,রাইতে,O
,ঘুমাইতে,O
,গেসিল,O
Sentence: 260,কিন্তু,O
,আমাদের,O
,তিন,O
,বছরের,O
,বাচ্চা,B-REL
,হের,O
,কোনখানে,O
,দোষ,O
Sentence: 2725,আমার,O
,সহালে,O
,কিসু,O
,খাইতে,O
,ভালা,O
,লাগে,O
Sentence: 2673,তুমি,O
,কোন,O
,ইশকুলো,B-ORG
,পড়ো,O
Sentence: 381,আফনেরা,O
,যারা,O
,আমারে,O
,এহনো,O
,চিনেন,O
,না,O
Sentence: 3173,আমার,O
,লেইগা,O
,লাল,B-COL
,জামা,B-OBJ
,কিন্না,O
,আনসে,O
Sentence: 1253,আমি,O
,নিজেই,O
,অনেক,O
,জনরে,O
,উপদেশ,O
,দিসি,O
Sentence: 1101,এরই,O
,মধ্যে,O
,একটা,O
,অঘটন,O
,ঘইটটা,O
,গেল,O
Sentence: 1667,আরেকটু,O
,বড়,O
,হইলে,O
,কী,O
,করব,O
Sentence: 3175,জামা,B-OBJ
,কিন্না,O
,আনসে,O
Sentence: 770,কিন্তু,O
,এইডা,O
,কোনদিনও,O
,সম্ভব,O
,না,O
Sentence: 2996,আমার,O
,ধূসর,B-COL
,রং,I-COL
,পসন্দ,O
Sentence: 2102,একটু,O
,এইদিকে,O
,আয়ো,O
Sentence: 2902,ফিরা,O
,আইলাম,O
Sentence: 2697,নিজের,O
,থাহুনের,O
,জাগা,O
,নাই,O
,আবার,O
,আরেকজনের,O
,ভরনপোষণের,O
,দায়িত্বডা,O
,নিয়ালসে,O
Sentence: 36,তুই,O
,কি,O
,পড়ালেহা,O
,ছাইরা,O
,দিতে,O
,চাস,O
Sentence: 3244,একটা,O
,রঙিন,B-COL
,ছবি,O
,তুলুন,O
,লাগবো,O
Sentence: 864,আমি,O
,একটা,O
,পাবলিক,B-ORG
,বিশ্ববিদ্যায়ের,I-ORG
,পড়াশুনা,O
,করতাসি,O
Sentence: 3003,আমি,O
,নাস্তা,B-FOOD
,কইরা,O
,ইশকুলো,B-ORG
,যাই,O
,না,O
Sentence: 562,কালা,B-COL
,কুত্তাডা,B-ANI
,ঘাসের,O
,মধ্যে,O
,দিয়া,O
,ছুটতাসে,O
Sentence: 2446,লাকড়ির,B-OBJ
,চুলায়,I-OBJ
,রানদা,O
,খাওন,O
,খুব,O
,মজা,O
Sentence: 1509,একটা,O
,পোড়োবাড়ি,O
,আসে,O
Sentence: 1128,আমার,O
,বন্ধুত্ব,B-REL
,ছাড়া,O
,অন্য,O
,কিসুর,O
,ইচ্ছা,O
,আসিল,O
,না,O
Sentence: 940,আমরা,O
,হাইরা,O
,গেসলাম,O
Sentence: 313,আশেফাশে,O
,কেউ,O
,থাকলে,O
,কল,O
,দিয়েন,O
Sentence: 2084,সাহায্যের,O
,লাইজ্ঞা,O
,আমি,O
,এইহানে,O
,আসি,O
Sentence: 1241,আমার,O
,আব্বা,B-REL
,অসুস্থ,O
,হাসপাতালে,B-ORG
,আর,O
,হেয়,O
,আইসে,O
,আমারে,O
,নিতে,O
Sentence: 2552,সিলেটতে,B-LOC
,ঢাকা,B-LOC
,আইসে,O
Sentence: 202,ভবিষ্যতে,O
,আমার,O
,ছেড়া,B-REL
,ছেড়ি,B-REL
,যহন,O
,এসব,O
,গান,O
,দেখব,O
,তার,O
,বাপ,B-REL
,কতডা,O
,রোমান্টিক,O
,আসিল,O
Sentence: 2375,একটা,O
,বিবাহিত,B-REL
,মহিলা,I-REL
,রাস্তা,B-LOC
,দিয়া,O
,হাইটা,O
,যাইতাসে,O
Sentence: 3204,ভুলতাম,O
,পারতাম,O
,না,O
Sentence: 616,বাইরে,O
,মেলা,O
,গরম,O
,পড়সে,O
Sentence: 2727,কিসু,O
,খাইতে,O
,ভালা,O
,লাগে,O
Sentence: 1916,আমার,O
,এহন,O
,বইডা,B-OBJ
,লাগতোনা,O
Sentence: 986,এমনে,O
,নানা,O
,রকম,O
,ঝামেলা,O
,হইতে,O
,থাহে,O
Sentence: 400,সোহাগ,B-PER
,নামের,O
,একটা,O
,ছেড়া,O
,আসিল,O
Sentence: 3202,আমরা,O
,জীবনেও,O
,ভুলবার,O
,পাইতাম,O
,না,O
Sentence: 2247,আমার,O
,সত্যের,O
,ভালবাসা,O
,কোনদিনও,O
,হারতো,O
,না,O
Sentence: 1462,বিয়ার,O
,সময়,O
,কইসিল,O
,বরের,O
,বাড়ি,O
,আসে,O
Sentence: 161,যত,O
,কষ্ট,O
,হোক,O
,বেগতা,O
,মাইন্না,O
,নিয়াম,O
,তাও,O
,চিরদিন,O
,তোমারেই,O
,ভালাবাসবাম,O
Sentence: 1268,আমি,O
,দেখসি,O
,বেগ,O
,সময়,O
,এমন,O
,কাম,O
,করেন,O
,যার,O
,লাইজ্ঞা,O
,হের,O
,পোলা,B-REL
,মেলা,O
,রাগ,O
,করে,O
Sentence: 1018,তার,O
,বাপ,B-REL
,বিয়া,O
,করসে,O
,অইহানে,O
,বছরে,O
,একবার,O
,যাওয়া,O
,হয়,O
Sentence: 1740,আসলেই,O
,মানুষটার,O
,প্রতি,O
,আমি,O
,মুগ্ধ,O
Sentence: 2812,তুমরা,O
,কি,O
,করো,O
,বেহেই,O
Sentence: 3443,হে,O
,হের,O
,পরিবার,O
,ভালাইবাসে,O
Sentence: 2888,দাড়াইলেন,O
,না,O
Sentence: 334,অসাধারণ,O
,কইরা,O
,লেখসেন,O
Sentence: 2090,আমার,O
,পকেট,B-OBJ
,মানি,I-OBJ
,লাগব,O
Sentence: 1575,পা,O
,পিসলায়া,O
,পইরা,O
,গেলাম,O
,তো,O
,কিতা,O
,করবাম,O
Sentence: 3084,ভুলতাম,O
,না,O
Sentence: 3238,কইবা,O
,না,O
Sentence: 3101,জামা,B-OBJ
,কিন্না,O
,আনসে,O
Sentence: 1648,হেয়,O
,ওরার,O
,কথা,O
,হুইন্না,O
,কইলেন,O
Sentence: 171,তোমায়,O
,লইয়া,O
,হারায়া,O
,যায়াম,O
,আকাশের,O
,নীলে,O
Sentence: 1550,কোন,O
,ব্যাপারে,O
,নিশ্চিত,O
,না,O
,হয়া,O
,কাউরে,O
,দোষ,O
,দেওয়ন,O
,ঠিক,O
,না,O
Sentence: 1352,আমি,O
,নিজে,O
,মেলা,O
,অসুস্থ,O
Sentence: 156,তোমার,O
,হেই,O
,মন,O
,আমি,O
,নিয়া,O
,নিলাম,O
Sentence: 2483,দুইদিন,O
,ধইরা,O
,আমরার,O
,মেলা,O
,সর্দি,O
,জ্বর,O
Sentence: 2751,কইত্তে,O
,আইসো,O
Sentence: 3118,আমি,O
,খুশি,O
Sentence: 2037,আফনে,O
,কি,O
,বাংলা,O
,কবিতা,O
,লিখতে,O
,ফারেন,O
Sentence: 1458,এদিকে,O
,যার,O
,সাথে,O
,বিয়া,O
,হয়,O
,হেয়,O
,অশিক্ষিত,O
Sentence: 843,সবুজ,B-COL
,শাড়িডা,B-OBJ
,পড়লে,O
,দারুন,O
,লাগত,O
Sentence: 799,আমি,O
,একজন,O
,মেয়ে,O
,মানুষ,O
Sentence: 2848,ইশকুলো,B-ORG
,যাই,O
Sentence: 530,তুমি,O
,কুনহানে,O
,চাকরি,O
,করতাসো,O
Sentence: 1640,আমি,O
,আম,B-FOOD
,খাইতে,O
,ভালবাসি,O
Sentence: 388,কিছু,O
,মনে,O
,কইরেন,O
,না,O
,আফনেরে,O
,একটা,O
,কথা,O
,কমু,O
Sentence: 3176,কিন্না,O
,আনসে,O
Sentence: 248,হেয়,O
,ছেড়িডার,O
,সাথে,O
,যোগাযোগ,O
,করে,O
Sentence: 2448,আমার,O
,আব্বা,B-ROLE
,লাউ,B-FOOD
,দিয়া,I-FOOD
,চিংড়ি,I-FOOD
,মাছের,I-FOOD
,ঝোল,I-FOOD
,আমার,O
,মেলা,O
,পসন্দ,O
,করে,O
Sentence: 216,যতদিন,O
,পৃথিবীর,B-LOC
,বুকে,O
,বাংলাদেশ,B-LOC
,নামডা,O
,থাকব,O
,ততদিন,O
,পর্যন্ত,O
,এই,O
,গানডা,O
,চলতে,O
,থাকব,O
Sentence: 142,ভালোবাসা,O
,মানে,O
,একজন,O
,আরেকজনরে,O
,বুঝতে,O
,পারা,O
Sentence: 1191,আমি,O
,কইলাম,O
,লও,O
,কাজী,B-ORG
,অফিসে,I-ORG
,যায়া,O
,বিয়া,O
,করি,O
Sentence: 1978,পরিবার,O
,কইতে,O
,মা,B-REL
,বাপ,B-REL
,ভাই,B-REL
,বোন,B-REL
,নিয়া,O
Sentence: 521,আফনে,O
,কেমত,O
,আসেন,O
Sentence: 1796,স্টোররুমডা,O
,নোংরা,O
,হয়া,O
,আসে,O
Sentence: 253,এখন,O
,কথা,O
,হইলো,O
,আমি,O
,কাবিনের,B-OBJ
,টেহা,I-OBJ
,দিয়া,O
,দিমু,O
,প্রতি,O
,মাসে,O
,মাসে,O
Sentence: 1857,অনেকগুলা,O
,কবুতর,B-ANI
,আকাশে,O
,উড়তাসে,O
Sentence: 574,আফনেরার,O
,অযোগ্য,O
,সন্তান,O
Sentence: 1803,আফনেরে,O
,যদি,O
,জিভে,O
,পানি,O
,আইন্না,O
,দিব,O
,এমন,O
,একটা,O
,ফলের,B-FOOD
,নাম,O
,কইতে,O
,কওয়ন,O
,হয়,O
,তাইলে,O
,আফনের,O
,মনে,O
,তেঁতুলের,B-FOOD
,নাম,O
,আইবই,O
Sentence: 449,আমরা,O
,মেসিরে,B-PER
,ঘৃণা,O
,করি,O
,না,O
Sentence: 2328,আমি,O
,অনেক,O
,বড়,O
,ভুল,O
,কইরালসি,O
Sentence: 401,হাজারটা,O
,স্মৃতি,O
,জড়ায়া,O
,আসে,O
,এই,O
,গানের,O
,মধ্যে,O
Sentence: 782,তুমি,O
,বোকা,O
,একজন,O
,মানুষ,O
Sentence: 3138,সহালে,O
,ফুটবল,B-OBJ
,খেলসি,O
Sentence: 267,আমার,O
,ভালবাসার,O
,মাইনষের,O
,সাথে,O
,আমার,O
,বিয়া,O
,হইসে,O
Sentence: 2185,লোকটা,O
,কিসু,O
,দিন,O
,আগে,O
,বিয়া,O
,করেন,O
Sentence: 125,তোমারে,O
,দুইচোখ,O
,ভইর,O
,দেহা,O
,এখহনো,O
,বাকি,O
Sentence: 1460,বিয়ের,O
,সময়,O
,কইসিলো,O
,পোলা,O
,শিক্ষিত,O
,ঢাকায়,B-LOC
,চাকরি,O
,করে,O
Sentence: 909,এ,O
,কিরা,O
,কইরা,O
,সম্ভব,O
Sentence: 3415,আমারে,O
,একটা,O
,উপহার,B-OBJ
,দিসে,O
Sentence: 728,মাইয়া,O
,মানুষ,O
,বড়ই,O
,অদ্ভুত,O
Sentence: 599,আমি,O
,মাঝেমধ্যে,O
,গান,O
,হুনি,O
Sentence: 1793,আমি,O
,হাতার,O
,কাটতাম,O
,না,O
Sentence: 1609,বড়,B-REL
,বইন,I-REL
,কিসু,O
,পেয়ারা,B-FOOD
,কিনল,O
Sentence: 935,তুমি,O
,ঘুম,O
,থাইক্কা,O
,তাড়াতাড়ি,O
,উইঠঠা,O
,যাও,O
Sentence: 3377,তুমি,O
,চাকরি,O
,করতাসো,O
Sentence: 1156,মাইয়াডা,O
,সপ্তাহখানেক,O
,আগে,O
,হের,O
,লগে,O
,ঘইটটা,O
,যাওয়া,O
,ঘটনা,O
,আমারার,O
,লগে,O
,শেয়ার,O
,করে,O
Sentence: 1288,আম্মার,B-REL
,সামনে,O
,হেরা,O
,যা,O
,তা,O
,ঝগড়া,O
,করেন,O
Sentence: 1417,আমার,O
,খালার,O
,বাসাতে,O
,ফিরা,O
,কি,O
,ঠিক,O
,হইব,O
Sentence: 2919,রাইগ্যা,O
,গেসিলেন,O
Sentence: 3353,বেশি,O
,পসন্দ,O
,করি,O
Sentence: 3295,ঘুড়ি,B-OBJ
,উড়াই,O
Sentence: 2658,কাছের,O
,মানুষডা,O
,কেডা,O
Sentence: 748,বিয়াতে,O
,আমার,O
,মত,O
,নাই,O
Sentence: 1279,কিসু,O
,কিন্না,O
,দিতে,O
,চাইলে,O
,কোথায়,O
,ঘুরতে,O
,নিয়া,O
,যাইতে,O
,চাইলে,O
,হেয়,O
,হেইডা,O
,ভালোভাবে,O
,লন,O
,না,O
Sentence: 1308,মা,B-REL
,মইরা,O
,যাওনের,O
,পর,O
,আব্বা,B-REL
,খুব,O
,একা,O
,হয়া,O
,গেসে,O
Sentence: 2838,আমারে,O
,সত্যি,O
,কইন,O
Sentence: 2285,খালি,O
,তোমার,O
,ভালোর,O
,লাইজ্ঞা,O
,বিয়াডা,O
,কইরা,O
,ফালাইতে,O
,কইলাম,O
Sentence: 1364,বাসায়,O
,কারে,O
,জানায়াম,O
,কেমনে,O
,জানায়াম,O
,বুঝতাসিনা,O
Sentence: 1435,প্রথমবার,O
,ঠকার,O
,পর,O
,একটা,O
,ভয়,O
,ঢুইক্কা,O
,গেসিলো,O
,ভিতরে,O
Sentence: 45,হের,O
,ইস্কুলে,B-ORG
,যায়া,O
,পড়ালেহা,O
,করতে,O
,ভালা,O
,লাগে,O
,না,O
Sentence: 68,অসম্ভব,O
,ভালা,O
,ছবি,O
Sentence: 2760,তুমি,O
,কিতা,O
,করো,O
Sentence: 2131,তোমার,O
,বেগ,O
,কথাই,O
,ভুল,O
Sentence: 1290,একলগে,O
,বয়া,O
,খায়,O
,ও,O
,না,O
Sentence: 2591,এত,O
,ঘুমাও,O
,কেরে,O
Sentence: 2834,আইজকা,O
,বাইরে,O
,যাইবাম,O
,না,O
Sentence: 3273,বেহেই,O
,একসময়ে,O
,একলগে,O
,আসি,O
Sentence: 3115,তুমি,O
,এইনে,O
,থাকলে,O
,আমি,O
,খুশি,O
Sentence: 1164,পোলা,O
,বাংলাদেশে,B-LOC
,আয়া,O
,বিয়া,O
,ঠিক,O
,করসে,O
Sentence: 1047,আমি,O
,প্রেম,O
,কউরা,O
,বিয়া,O
,করসি,O
Sentence: 1611,সমান,O
,দুইটা,O
,টুকরা,O
,হয়া,O
,গেসে,O
Sentence: 456,আমার,O
,বন্ধুরা,B-REL
,সপ্তাহের,O
,মাঝে,O
,দুইডা,O
,ফুটবল,B-OBJ
,ম্যাচ,O
,খেলতে,O
,পারে,O
Sentence: 3317,আম,B-FOOD
,আমার,O
,প্রিয়,O
,ফল,B-FOOD
Sentence: 603,আমার,O
,প্রিয়,O
,লেখক,B-ROLE
,হুমায়ুন,B-PER
,আহমেদ,I-PER
Sentence: 1639,আমার,O
,মনে,O
,হইতাসে,O
,এবার,O
,অনেক,O
,আম,B-FOOD
,ধরব,O
Sentence: 1265,সমস্যা,O
,টা,O
,হইতাসে,O
,কয়েক,O
,মাস,O
,আগে,O
,থাইক্কা,O
,আমার,O
,শাশুড়ী,B-REL
,মারে,I-REL
,নিয়া,O
Sentence: 2799,আমি,O
,ইসকুলো,B-ORG
,যাইবাম,O
Sentence: 1544,আমার,O
,প্রিয়,O
,একটা,O
,বই,B-OBJ
,হারায়া,O
,গেসে,O
Sentence: 2813,কিতা,O
,করো,O
Sentence: 2077,আমি,O
,এহন,O
,বিশ্ববিদ্যালয়ে,B-ORG
,ফড়াশুনা,O
,করতাসি,O
Sentence: 2093,একটা,O
,গাড়ি,B-OBJ
,কিনবাম,O
Sentence: 366,চুল,O
,পরার,O
,সমস্যা,O
,লয়া,O
,ডাক্তারের,B-ROLE
,কাসে,O
,গেছিলাম,O
,গিয়া,O
,দেহি,O
,ডাক্তার,B-ROLE
,নিজেই,O
,টাক,O
Sentence: 1739,হেয়,O
,মানুষটাই,O
,এমন।,O
,বেহেই,O
,কয়,O
,মেলা,O
,ভাগ্য,O
,কইরা,O
,নাকিতা,O
,এমন,O
,জামাই,B-REL
,পাইসি,O
Sentence: 1284,তাও,O
,আম্মার,B-REL
,অভিযোগ,O
,হেয়,O
,কিসু,O
,আনে,O
,না,O
Sentence: 2172,একটা,O
,ছোট,O
,আবু,O
,ফুটপাতে,B-LOC
,লাফাইতাসে,O
Sentence: 2457,আমার,O
,ছোট,B-REL
,বইনরে,I-REL
,আইজকে,O
,সহালে,O
,হাসপাতালে,B-ORG
,নেয়া,O
,হইসে,O
Sentence: 44,হেয়,O
,ইস্কুলে,B-ORG
,যাইতে,O
,চায়,O
,না,O
Sentence: 731,তুমি,O
,কিতা,O
,দেখতাসো,O
Sentence: 3236,আর,O
,কতা,O
,কইবা,O
,না,O
Sentence: 2338,মাইয়াডার,O
,রাগ,O
,অনেক,O
,বেশী,O
Sentence: 2642,এত্তো,O
,ঘুম,O
,আয়,O
,কেরে,O
Sentence: 1709,সহাল,O
,হয়া,O
,গেসে,O
Sentence: 2013,আমি,O
,বাংলা,O
,ভাষা,O
,বুঝি,O
Sentence: 2024,আমি,O
,আফনের,O
,সাথে,O
,একটা,O
,কথা,O
,কইতে,O
,চাই,O
Sentence: 1714,আফনে,O
,কি,O
,আমরার,O
,বাড়িত,O
,আইসেন,O
Sentence: 3215,ফোনে,B-OBJ
,কতা,O
,কয়,O
Sentence: 2909,পসন্দ,O
,করি,O
,না,O
Sentence: 2980,ডাকবাইন,O
,না,O
Sentence: 1007,হেয়,O
,তারার,O
,সাথে,O
,সম্পর্ক,O
,রাখবো,O
,না,O
Sentence: 2193,আমি,O
,আগেই,O
,কইসি,O
,তোমারে,O
,নিয়া,O
,বিদেশ,B-LOC
,ঘুরতাম,O
,চাই,O
Sentence: 1839,আমি,O
,ড্রয়িংরুমে,O
,বয়া,O
,ছবি,B-OBJ
,আঁকতে,O
,ভালবাসি,O
Sentence: 325,আমার,O
,পরিবারে,O
,আমি,O
,আম্মা,B-REL
,আব্বা,B-REL
,আর,O
,একটা,O
,ছোট্ট,B-REL
,বইন,I-REL
Sentence: 1869,প্রথম,O
,দেহায়,O
,কাউরে,O
,খুব,O
,সরল,O
,মনে,O
,বিশ্বাস,O
,করতে,O
,যাইবেন,O
,না,O
Sentence: 1807,এইডা,O
,আমরার,O
,বাড়ির,O
,উঠান,O
Sentence: 3430,ঢাহাত,B-LOC
,থাহি,O
Sentence: 3425,আইন্নে,O
,মেলা,O
,ভালা,O
,মানুষ,O
Sentence: 305,তুমি,O
,আমার,O
,লগে,O
,আর,O
,কথা,O
,কইবা,O
,না,O
Sentence: 2605,চা,B-FOOD
,খাওনের,O
,অভ্যাস,O
Sentence: 1270,উনি,O
,যেইডা,O
,কইব,O
,ওইডাই,O
,ঠিক,O
,আর,O
,ওইডাই,O
,করব,O
Sentence: 3391,কিন্তু,O
,হেরার,O
,মধ্যে,O
,কোনো,O
,মিলডা,O
,আসিন,O
,না,O
Sentence: 175,তোমারে,O
,হৃদয়ে,O
,রাখবাম,O
,সারাক্ষণ,O
Sentence: 1754,ছেড়াডার,O
,গেরামের,B-LOC
,বাড়ি,I-LOC
,রাজশাহীতে,B-LOC
Sentence: 3061,আমার,O
,বড়,B-REL
,বইন,I-REL
,আমারে,O
,অনেক,O
,ভালবাসে,O
Sentence: 2288,আমার,O
,আর,O
,আমার,O
,স্বপ্নডা,O
,যে,O
,কবে,O
,পূরণ,O
,হইব,O
Sentence: 1424,হেয়,O
,পুরা,O
,ছয়,O
,বছর,O
,আমারে,O
,ঠকাইসে,O
Sentence: 2698,আমারে,O
,হাসা,O
,কতা,O
,কইন,O
Sentence: 28,আমি,O
,তোমারে,O
,চিনতে,O
,পারলাম,O
,না,O
Sentence: 2098,আমার,O
,বয়স,O
,কম,O
Sentence: 1686,মানুষের,O
,বার্ধক্য,O
,আর,O
,মৃত্যুরে,O
,ঠেকান,O
,যায়,O
,না,O
Sentence: 2857,কিসু,O
,খাইতে,O
,ভালা,O
,লাগে,O
,না,O
Sentence: 2687,যাইতাম,O
,চাই,O
,না,O
Sentence: 835,তুমি,O
,যাও,O
,একলা,O
,একলা,O
Sentence: 3010,খুবিই,O
,বেদ্দপ,O
Sentence: 2435,এই,O
,আবুডা,O
,পাকনা,B-FOOD
,পেঁপে,I-FOOD
,খাইতাসে,O
Sentence: 1372,এতো,O
,এতো,O
,সংসারের,O
,ঝামেলা,O
,দেইক্ষা,O
,পোস্ট,O
,করা,O
Sentence: 3022,আমার,O
,লগে,O
,দেহা,O
,করবার,O
,আইসিন,O
Sentence: 1099,আমি,O
,আরও,O
,এক,O
,বছর,O
,পরে,O
,বিয়া,O
,করতাম,O
,চাই,O
Sentence: 819,খাওনে,B-FOOD
,আরেকটু,O
,রসুন,B-FOOD
,দিলে,O
,বেশী,O
,মজা,O
,হইত,O
Sentence: 2758,তুমি,O
,কুনতে,O
,আইসো,O
Sentence: 1726,আমরা,O
,সালাম,O
,গ্রহণ,O
,করলাম,O
Sentence: 347,হেই,O
,ফুলগুলার,B-OBJ
,রঙিন,O
,মেলা,O
,দেইক্ষা,O
,হৃদয়,O
,ভইরা,O
,যায়,O
Sentence: 200,ছোটবেলার,O
,স্মৃতিগুলো,O
,মনে,O
,পইরা,O
,যায়,O
Sentence: 3434,আমি,O
,মিরপুরে,B-LOC
,থাহি,O
Sentence: 2931,হারবাম,O
,না,O
Sentence: 862,হেয়,O
,দ্বিতীয়,O
,বিয়া,O
,কইরা,O
,শান্তি,O
,পায়,O
,নাই,O
Sentence: 124,ছেড়ারার,O
,লাইজ্ঞা,O
,দুনিয়াতে,B-LOC
,সবচে,O
,দামি,O
,হইল,O
,ছেড়িরার,O
,হাসি,O
Sentence: 479,তোমার,O
,সাথে,O
,নীল,B-COL
,আকাশের,O
,নিচে,O
,বয়া,O
,গল্প,O
,করতাম,O
,চাই,O
Sentence: 840,আমি,O
,বেশ,O
,কিসুক্ষন,O
,তাঁর,O
,মুহের,O
,দিকে,O
,তাকায়া,O
,থাকলাম,O
Sentence: 825,এক,O
,চামচ,B-OBJ
,খায়াই,O
,এতো,O
,কথা,O
,কয়া,O
,দিলা,O
Sentence: 3006,হে,O
,বিদেশ,B-LOC
,চইলা,O
,যাইবো,O
Sentence: 204,এভাবে,O
,চইলা,O
,যাইব,O
,সময়,O
,কিন্তু,O
,থাইক্কা,O
,যাইব,O
,এসব,O
,কিসু,O
,গান,O
Sentence: 2584,কেরে,O
,বইয়া,O
,বইয়া,O
Sentence: 365,বউ,B-REL
,হারাইলে,O
,বউ,B-REL
,পাওয়ন,O
,যায়,O
,কিন্তু,O
,বন্ধুরে,B-REL
,টেহা,B-OBJ
,দিলে,O
,হেইডা,O
,আর,O
,ফেরত,O
,পাওয়ন,O
,যায়,O
,না,O
Sentence: 2546,ভিডিওডা,O
,বানানির,O
,কি,O
,দরকারডা,O
,আসিন,O
Sentence: 3201,গুলাপ,B-OBJ
,কিন্না,O
,দিসিন,O
Sentence: 74,হেয়,O
,এইডা,O
,দেইক্ষা,O
,জ্ঞান,O
,হারায়া,O
,ফালাইসে,O
Sentence: 3067,বড়,B-REL
,বইনরে,I-REL
,আমি,O
,অনেক,O
,ভালোবাসি,O
Sentence: 1585,চল,O
,ঐতিহাসিক,B-LOC
,জায়গাইয়,I-LOC
,ঘুরতে,O
,যায়াম,O
Sentence: 3141,আমি,O
,তুমার,O
,মনের,O
,কতা,O
,বুজি,O
,না,O
Sentence: 3099,আমার,O
,লেইগা,O
,লাল,B-COL
,জামা,B-OBJ
,কিন্না,O
,আনসে,O
Sentence: 2019,আফনে,O
,কি,O
,পড়ালেহা,O
,করতে,O
,পারেন,O
Sentence: 3471,আব্বারে,O
,কইলাম,O
,আমারে,O
,বিয়া,O
,করাইতা,O
,না,O
Sentence: 2901,আমি,O
,ফিরা,O
,আইলাম,O
Sentence: 337,আফনের,O
,সুন্দর,O
,সুন্দর,O
,ছবিগুলা,B-OBJ
,দেইক্ষা,O
,আনন্দ,O
,পাইসি,O
Sentence: 2739,ভালা,O
,লাগতাসে,O
,না,O
Sentence: 3105,আব্বু,B-REL
,কিন্না,O
,আনসে,O
Sentence: 2804,কিতা,O
,করো,O
Sentence: 3404,বেহেই,O
,কিরুম,O
,আসুইন,O
Sentence: 2521,শিমুর,B-PER
,মেরুন,B-COL
,রং,I-COL
,পসন্দ,O
Sentence: 2667,শার্ট,B-OBJ
,পইড়া,O
,আইসিন,O
Sentence: 959,একটু,O
,ঘুমায়া,O
,নেও,O
Sentence: 802,ভাবসি,O
,আপন,O
,লোক,O
,কিতা,O
,এমনই,O
,হয়,O
Sentence: 1914,এইবার,O
,ছুটিতে,O
,সিলেট,B-LOC
,ঘুরতে,O
,যামু,O
Sentence: 777,কেন,O
,ভালোবাস,O
,না,O
,আমায়,O
Sentence: 1992,পরে,O
,খুঁইজ্জা,O
,নাও,O
,ফাইতে,O
,ফারি,O
Sentence: 1967,আফনে,O
,কি,O
,আমারে,O
,ভালবাসেন,O
Sentence: 1901,তোমার,O
,বেক,O
,কথা,O
,ঠিক,O
,আছে,O
Sentence: 1488,রোগীরে,O
,হাসপাতালে,B-ORG
,থাকতে,O
,হইব,O
Sentence: 2932,আমি,O
,হারাম,O
Sentence: 1264,তারে,O
,নিয়া,O
,আমার,O
,অভিযোগ,O
,এর,O
,কোন,O
,জায়গা,O
,নাই,O
Sentence: 3458,আইন্নে,O
,ভায়ের,O
,ভক্ত,O
Sentence: 1384,এমন,O
,মনোভাব,O
,নিয়া,O
,সংসারে,O
,কহনো,O
,সুখ,O
,আয়,O
,না,O
Sentence: 22,সে,O
,এহন,O
,তার,O
,বন্ধুরার,B-REL
,সাথে,O
,সিগারেট,B-OBJ
,খায়,O
Sentence: 2617,কাজ,O
,করতাম,O
,কেমনে,O
Sentence: 271,আফনে,O
,নিজের,O
,পরিবার,O
,নিয়া,O
,বসেন,O
Sentence: 3005,পরের,O
,মাসে,O
,বিদেশে,B-LOC
,যাইবো,O
,গা,O
Sentence: 2587,কিতা,O
,কইরা,O
,সম্ভব,O
Sentence: 2491,বিহালে,O
,আম্মা,B-REL
,আমার,O
,লাইজ্ঞা,O
,শসার,B-FOOD
,সুপ,I-FOOD
,রানসে,O
Sentence: 1746,আমার,O
,মাথায়,O
,মেলা,O
,ব্যাথা,O
,করতাসে,O
Sentence: 638,হঠাৎ,O
,কইরা,O
,বিদ্যুৎ,O
,চইল্লা,O
,গেল,O
Sentence: 1350,এইডাই,O
,আমার,O
,লগে,O
,হের,O
,শেষ,O
,কথা,O
Sentence: 1412,আমরা,O
,তিন,O
,ভাই,B-REL
,বইন,B-REL
,আমি,O
,বেহের,O
,বড়,O
Sentence: 3158,প্রথমে,O
,আইন্নেরে,O
,একটা,O
,দুহানো,O
,যাওন,O
,লাগবো,O
Sentence: 2086,কিল্লেগা,O
,তুমি,O
,সাগর,B-LOC
,পসন্দ,O
,করো,O
Sentence: 3037,আমরা,O
,হাইরা,O
,গেসিলাম,O
Sentence: 2629,দুরফে,O
,কি,O
,খাইসো,O
Sentence: 3318,আমার,O
,প্রিয়,O
,ফল,B-FOOD
Sentence: 1242,আমি,O
,ওরে,O
,কয়া,O
,দিসি,O
,আমি,O
,আর,O
,তোমার,O
,লগে,O
,সংসার,O
,করতাম,O
,না,O
Sentence: 2105,মাইয়াডা,O
,মেলা,O
,বুদ্ধিমতী,O
Sentence: 3203,জীবনেও,O
,ভুলবার,O
,পাইতাম,O
,না,O
Sentence: 1368,যদি,O
,আমি,O
,জাইন্না,O
,গেসি,O
,হুনে,O
,আমার,O
,ক্ষতি,O
,করার,O
,চেষ্টা,O
,করে,O
Sentence: 2845,আমি,O
,সহালবেলা,O
,খাইয়া,B-FOOD
,ইশকুলো,B-ORG
,যাই,O
Sentence: 3112,তারে,O
,কাজল,B-OBJ
,দিয়া,O
,মেলা,O
,ভালা,O
,লাগে,O
Sentence: 2797,আমি,O
,পড়ি,O
Sentence: 527,আমি,O
,একজন,O
,সরকারি,B-ROLE
,কর্মকর্তা,I-ROLE
Sentence: 96,মাঝে,O
,মাঝে,O
,লাগে,O
,ঘরবাড়ী,O
,বেক,O
,মশার,B-ANI
,নামে,O
,লেইখখা,O
,দিয়া,O
,আমি,O
,জংগলে,B-LOC
,চইল্লা,O
,যাইগা,O
Sentence: 734,পানির,B-FOOD
,অপর,O
,নাম,O
,জীবন,O
Sentence: 1166,মাইয়াডা,O
,হের,O
,লগে,O
,ঘইটটা,O
,যাওয়া,O
,ঘটনা,O
,সম্পূর্ণ,O
,পোলাডার,O
,পরিবাররে,O
,জানায়,O
Sentence: 2607,দুরফে,O
,কিতা,O
,খাইসো,O
Sentence: 232,তুমি,O
,নাই,O
,এই,O
,কঠিন,O
,সত্যিডা,O
,আমি,O
,আইজও,O
,বিশ্বাস,O
,করতে,O
,পারতাসি,O
,না,O
Sentence: 1048,আমি,O
,আমার,O
,জামাইরে,B-REL
,অনেক,O
,ভালবাসি,O
Sentence: 2476,আবুডার,O
,কিসু,O
,দিন,O
,ধইরা,O
,সর্দি,O
,কাশি,O
Sentence: 917,তুমি,O
,দুপুরে,O
,কিতা,O
,দিয়া,O
,ভাত,B-FOOD
,খাইস,O
Sentence: 1365,আমি,O
,আমার,O
,বইনের,B-REL
,চেয়ে,O
,মেলা,O
,বছরের,O
,ছোট,O
Sentence: 2214,আমি,O
,আমার,O
,জামাইয়ের,B-REL
,সাথে,O
,বিকালে,O
,পার্কে,B-LOC
,ঘুরতে,O
,যায়াম,O
Sentence: 2327,তোমার,O
,বয়স,O
,কত,O
Sentence: 2706,ঘুমেরতে,O
,তাত্তাড়ি,O
,উইঠ্যা,O
,যাও,O
Sentence: 2320,তোমার,O
,লগে,O
,আমার,O
,আম্মা,B-REL
,কথা,O
,কইতে,O
,চায়,O
Sentence: 1371,আমার,O
,মনে,O
,হইতাসে,O
,আমি,O
,জাইন্না,O
,গেসি,O
,হুনলে,O
,ওরা,O
,আমারে,O
,খুন,O
,করতেও,O
,দুইবার,O
,ভাববো,O
,না,O
Sentence: 197,জীবনে,O
,অনেক,O
,গান,O
,হুনি,O
,তারফরেও,O
,কিল্লেগা,O
,জানি,O
,না,O
,এই,O
,গান,O
,গুলার,O
,মত,O
,এত,O
,ভালা,O
,লাগে,O
,না,O
Sentence: 1358,আমি,O
,বিশ্বাস,O
,করতে,O
,পারতাসিলাম,O
,না,O
,আমার,O
,বইন,B-REL
,এই,O
,কাম,O
,করব,O
Sentence: 3071,বইনের,B-REL
,কি,O
,বিয়া,O
,হইয়া,O
,গেসে,O
Sentence: 99,পাশে,O
,থাইক্কো,O
,সারাজীবন,O
,দূরে,O
,যাইয়ো,O
,না,O
Sentence: 3401,আইন্নে,O
,কতা,O
,বলতে,O
,পারেন,O
,না,O
Sentence: 184,কালা,B-COL
,আর,O
,লাল,B-COL
,শাড়িতে,B-OBJ
,মৌসুমী,B-PER
,আপু,O
,রে,O
,অসম্ভব,O
,সুন্দরী,O
,লাগে,O
Sentence: 2539,সিটি,B-ORG
,করপোরেশন,I-ORG
,অফিস,I-ORG
,আসে,O
Sentence: 875,এহন,O
,নানার,O
,বাড়িতই,O
,থাহি,O
Sentence: 546,তুমি,O
,কিতা,O
,আমারে,O
,ভালোবাস,O
,না,O
Sentence: 3170,থইমকা,O
,দাড়াই,O
,আসিলাম,O
Sentence: 1713,অনেকগুলা,O
,নতুন,O
,বই,B-OBJ
,দেইক্ষা,O
,আমি,O
,অবাক,O
,হয়া,O
,কইলাম,O
Sentence: 660,আমারে,O
,বেহেই,O
,এক,O
,নামে,O
,চিনে,O
Sentence: 18,তোমারে,O
,আমি,O
,কল,O
,দিতাম,O
,না,O
Sentence: 1975,ছেড়াডা,O
,ভালা,O
,চাকরি,O
,করে,O
Sentence: 2984,শেষ,O
,হইয়া,O
,গেসে,O
Sentence: 2490,এই,O
,বেক্কল,O
,ছেড়াডা,O
,দুইদিন,O
,ধইরা,O
,পড়ালেহা,O
,করতাসে,O
,না,O
Sentence: 565,একদল,O
,বেডি,O
,রাস্তায়,B-LOC
,হাঁটতাসে,O
Sentence: 1708,বাস,B-OBJ
,থাইক্কা,O
,যহন,O
,নামলেন,O
,তহন,O
,সকাল,O
,হয়া,O
,গেসে,O
Sentence: 500,আমি,O
,কহনই,O
,তোমারে,O
,ভুলতাম,O
,না,O
Sentence: 2577,আমি,O
,তারে,O
,কইলাম,O
,এইডা,O
,কইরো,O
,না,O
Sentence: 784,তুমি,O
,অল্প,O
,কথা,O
,কও,O
Sentence: 1436,তারে,O
,আমি,O
,কয়া,O
,নিসিলাম,O
,যে,O
,আমার,O
,তোমারে,O
,বিশ্বাস,O
,করতে,O
,সময়,O
,লাগব,O
Sentence: 3360,চিংড়ি,B-FOOD
,মাছডা,I-FOOD
,খাইবার,O
,পসন্দ,O
,করি,O
Sentence: 1448,তবে,O
,আমি,O
,তারে,O
,এহনো,O
,ভালবাসি,O
Sentence: 2722,আমার,O
,খাইতে,O
,ভালা,O
,লাগে,O
,না,O
Sentence: 1548,ওই,O
,ব্যাপারে,O
,নিশ্চিত,O
,না,O
Sentence: 2540,মেলা,O
,কষ্ট,O
,নিয়া,O
,আসি,O
Sentence: 70,অসম্ভব,O
,ভালা,O
,লিখসেন,O
Sentence: 237,দম,O
,বন্ধ,O
,হইয়া,O
,আয়,O
,চিৎকার,O
,কইরা,O
,কাঁনতে,O
,ইচ্ছা,O
,করে,O
Sentence: 1015,আমার,O
,শাশুড়িও,B-REL
,নাই,O
,মারা,O
,গেসে,O
,মেলা,O
,আগে,O
Sentence: 663,আমার,O
,প্রিয়,O
,সবজি,B-FOOD
,টোমেটো,B-FOOD
Sentence: 1220,একজন,O
,মা,B-REL
,মাইয়ার,B-REL
,সংসারে,O
,এমনেই,O
,কি,O
,অশান্তি,O
,করতে,O
,পারে,O
Sentence: 1392,এহন,O
,তুমি,O
,আমার,O
,কাসে,O
,মাফ,O
,চাও,O
Sentence: 77,আফনের,O
,হাসির,O
,কাসে,O
,বেক,O
,কিসু,O
,হার,O
,মানে,O
Sentence: 724,আমার,O
,বন্ধুর,B-REL
,বিয়া,O
,আইজকা,O
Sentence: 947,আমারে,O
,ঢুকতে,O
,দেন,O
Sentence: 993,হেয়,O
,তহন,O
,আবারো,O
,ফিইরা,O
,চায়,O
,আমারে,O
Sentence: 1997,আমার,O
,বইন,B-REL
,আমার,O
,সাথে,O
,বেগ,O
,সময়,O
,থাকতে,O
,চায়,O
Sentence: 2178,তোমার,O
,হাশির,O
,কাসে,O
,আমার,O
,বেগ,O
,কিসু,O
,হার,O
,মাইন্না,O
,যায়,O
Sentence: 2461,কালকে,O
,বিহালে,O
,আমরার,O
,এইহানে,O
,মেলা,O
,বৃষ্টি,O
,হইসে,O
Sentence: 1612,দুই,O
,টুকরা,O
,হইলো,O
,কী,O
,কইরা,O
Sentence: 711,আমার,O
,কালা,B-COL
,জামা,B-OBJ
,নাই,O
Sentence: 1679,নানার,B-REL
,কঠিন,O
,অসুখ,O
,হইসিল,O
Sentence: 2413,আব্বা,B-REL
,মান,O
,সন্মানের,O
,ভয়ে,O
,মামলা,O
,করে,O
,নাই,O
Sentence: 2547,বানানির,O
,কি,O
,দরকারডা,O
,আসিন,O
Sentence: 2331,আফনে,O
,একটু,O
,এইদিকে,O
,আইতে,O
,ফারবেন,O
Sentence: 503,পরীক্ষার,O
,লাইজ্ঞা,O
,সহালে,O
,পড়াশুনা,O
,করা,O
,ভালা,O
,হয়,O
Sentence: 3281,একটা,O
,কতাও,O
,কইতাম,O
,না,O
Sentence: 931,অল্পবয়সী,O
,একটা,O
,ছেড়া,O
,বাইরে,O
,ফুটপাতে,B-LOC
,দৌড়াইতাসে,O
Sentence: 2115,আমি,O
,চেষ্টা,O
,করসিলাম,O
Sentence: 2507,হে,O
,কেমনে,O
,জিমাইতাসে,O
,দেখ,O
Sentence: 1970,হারায়া,O
,যাইতে,O
,ইচ্ছা,O
,করে,O
,মেলা,O
,দূরে,O
Sentence: 1330,নিজের,O
,পসন্দ,O
,বিয়া,O
,করাটা,O
,উচিত,O
,হয়নাই,O
Sentence: 1597,আমার,O
,বাসার,O
,কাসে,O
,রাস্তার,B-LOC
,পাশে,O
,একটা,O
,ফুলের,B-OBJ
,দোহান,O
Sentence: 1150,ওইহানেই,O
,এক,O
,বাংলাদেশী,B-ROLE
,ছেড়ার,I-ROLE
,লগে,O
,পরিচয়,O
,তারপর,O
,সম্পর্ক,O
Sentence: 2815,রিশকা,B-OBJ
,কইরা,O
,আইবাম,O
Sentence: 2559,যাওনের,O
,কতা,O
,নাই,O
Sentence: 2755,আইন্নে,O
,কিরুম,O
,আসুইন,O
Sentence: 2876,এইনে,O
,অপেক্ষা,O
,করুইন,O
Sentence: 1662,মাইয়াডার,O
,বেগ,O
,কাম,O
,এমন,O
,এলোমেলো,O
,হইতাসে,O
,কেন,O
Sentence: 977,আমি,O
,বিদেশে,B-LOC
,গেসলাম,O
Sentence: 2623,আমার,O
,এহন,O
,তুমারে,O
,ভালা,O
,লাগে,O
Sentence: 2783,আমার,O
,কাম,O
,আসে,O
Sentence: 1108,বেগ,O
,কিসু,O
,হুইন্না,O
,বুঝলাম,O
,যে,O
,এহন,O
,আর,O
,এইহানে,O
,থাইক্কা,O
,কোন,O
,লাভ,O
,হইত,O
,না,O
Sentence: 730,হ,O
,তুমি,O
,মেলা,O
,মোডা,O
Sentence: 2191,আফনে,O
,এত,O
,গরীব,O
,আগে,O
,কেন,O
,কন,O
,নাই,O
Sentence: 2600,আমার,O
,জরুরি,O
,কতা,O
,আসে,O
Sentence: 3057,লগে,O
,আসি,O
Sentence: 3227,লইয়া,O
,বইন,O
Sentence: 1581,আমারে,O
,দেইক্ষা,O
,মেলা,O
,খুশি,O
,হইলো,O
Sentence: 321,কবে,O
,যে,O
,আমার,O
,স্বপ্নডা,O
,পূরণ,O
,হইব,O
Sentence: 651,এহন,O
,পড়তে,O
,বয়াম,O
Sentence: 1933,আমি,O
,ঘুমাইতে,O
,যায়াম,O
Sentence: 2748,বইয়া,O
,আসে,O
Sentence: 481,আকাশের,O
,নীল,B-COL
,রঙডা,I-COL
,অসাধারণ,O
Sentence: 2847,নাস্তা,B-FOOD
,কইরা,O
,ইশকুলো,B-ORG
,যাই,O
Sentence: 3152,আফনেরার,O
,লগে,O
,পরিচিত,O
,হইয়া,O
,ভালা,O
,লাগলো,O
Sentence: 2462,আমার,O
,আম্মা,B-REL
,আইজকে,O
,শশার,B-FOOD
,তরকারি,I-FOOD
,রানসে,O
Sentence: 2911,এট্টু,O
,ঘুমায়া,O
,নেও,O
Sentence: 886,আমার,O
,খালামুনির,B-REL
,বিয়ে,O
,হইছে,O
,২০১৫তে,O
Sentence: 888,বিয়ার,O
,আগে,O
,খালামুনিই,B-REL
,আমারে,O
,বড়,O
,করসে,O
Sentence: 1480,ভালবাসা,O
,মেলা,O
,কষ্টের,O
Sentence: 368,তোরে,O
,ভুইল্লা,O
,যাওয়ার,O
,লাইজ্ঞা,O
,আমি,O
,ভালোবাসি,O
,নাই,O
Sentence: 2101,সকালে,O
,চা,B-FOOD
,খাইবা,O
Sentence: 2177,আমি,O
,তোমার,O
,কোন,O
,কথা,O
,কিসুই,O
,বুঝতে,O
,পারলাম,O
,না,O
Sentence: 2063,আফনে,O
,কি,O
,বিদেশে,B-LOC
,যাইতে,O
,চান,O
Sentence: 2975,ওইনে,O
,লইয়া,O
,চলুইন,O
Sentence: 2453,আমার,O
,গ্রামের,B-LOC
,বাড়ীর,I-LOC
,উঠান,O
,মেলা,O
,বড়,O
Sentence: 566,দরজার,B-OBJ
,কাসে,O
,দুইজন,O
,বয়া,O
,গিটার,B-OBJ
,বাজাইতাসে,O
Sentence: 1897,তুমি,O
,দেখতে,O
,সুন্দর,O
,না,O
,হইলেও,O
,আমি,O
,তোমারেই,O
,চাই,O
Sentence: 3151,আমি,O
,একটা,O
,ছেড়ি,O
Sentence: 210,এই,O
,গান,O
,গুলা,O
,নিয়া,O
,মেলা,O
,আবেগ,O
,আসে,O
Sentence: 3305,ঘুরতে,O
,মেলা,O
,ভালা,O
,লাগে,O
Sentence: 1681,তাঁরে,O
,হাসপাতালে,B-ORG
,নেওয়ন,O
,হইসিল,O
Sentence: 1669,দাদির,B-REL
,কাসে,O
,একটা,O
,পুরাতন,O
,সিন্দুক,B-OBJ
,আসে,O
Sentence: 1411,কাউরে,O
,তোমার,O
,কথা,O
,হুনাইতে,O
,হতে,O
,আগে,O
,তুমি,O
,তার,O
,কথা,O
,হুনো,O
Sentence: 195,যৌবন,O
,আওনের,O
,আগেই,O
,তারে,O
,ভালো,O
,বাইসা,O
,ফালাইছিলাম,O
,আবার,O
,যৌবন,O
,শেষ,O
,হওনের,O
,ফরেও,O
,তারেই,O
,ভালো,O
,বাসমু,O
Sentence: 2631,বেহেরতে,O
,কাসের,O
,মানুষ,O
Sentence: 1896,আমরে,B-FOOD
,আমরার,O
,দেশে,B-LOC
,ফলের,B-FOOD
,রাজা’,O
,কওয়ন,O
,হয়,O
Sentence: 3027,আমার,O
,লগে,O
,দেহা,O
Sentence: 341,আফনের,O
,লেহার,O
,ধরণ,O
,মেলা,O
,সুন্দর,O
Sentence: 3406,দুফরো,O
,আমরার,O
,দাওয়াত,O
,আসিন,O
Sentence: 2514,হে,O
,মেলা,O
,ভীতু,O
Sentence: 2885,আমি,O
,চাইসি,O
Sentence: 2333,আমারে,O
,বিহালে,O
,খেলার,B-LOC
,মাঠে,I-LOC
,যাইতে,O
,হইব,O
Sentence: 3031,ঠিকি,O
,কইসিন,O
Sentence: 3328,মেলা,O
,ভালা,O
Sentence: 1556,আর,O
,পারলও,B-PER
,না,O
,বুঝে,O
,অন্যরারে,O
,দোষ,O
,দিতাসিল,O
Sentence: 41,আমার,O
,ছোট,B-REL
,বইন,I-REL
,ইস্কুলে,B-ORG
,যাইতে,O
,চায়,O
,না,O
Sentence: 1282,আমার,O
,বাসার,O
,কেউ,O
,আইলে,O
,উনি,O
,বাসায়,O
,ঝগড়াঝাটি,O
,শুরু,O
,কইরা,O
,দেন,O
Sentence: 620,সকল,O
,বাধা,O
,পার,O
,হয়া,O
,জীবনে,O
,সফল,O
,হইতে,O
,হইব,O
Sentence: 2401,আমার,O
,বইন,B-REL
,ইদানীং,O
,মেলা,O
,খারাপ,O
,আচরন,O
,করে,O
Sentence: 1971,চলোনা,O
,দুইজনে,O
,মিল্লা,O
,ঘুইরা,O
,আসি,O
Sentence: 53,তুমি,O
,কিতা,O
,আমার,O
,সাথে,O
,প্রেম,O
,করবা,O
Sentence: 196,সাত,O
,বছর,O
,বাদে,O
,খুইজ্জা,O
,পাইসি,O
,আমার,O
,প্রিয়,O
,গানডা,O
Sentence: 549,হেয়,O
,যেই,O
,মাইয়াডারে,O
,ভালবাসে,O
,হেই,O
,মাইয়াডা,O
,ঢাকায়,B-LOC
,থাহে,O
Sentence: 95,আমি,O
,জানি,O
,এইহানে,O
,অনেক,O
,ছেড়ি,O
,কমেন্ট,O
,পড়তে,O
,আইব,O
Sentence: 3432,ঢাহায়,B-LOC
,মিরপুরে,B-LOC
,থাহি,O
Sentence: 1058,আফনের,O
,মা,B-REL
,এবং,O
,জামাই,B-REL
,দুইজনেই,O
,সতর্ক,O
,হইব,O
,আফনের,O
,প্রতি,O
Sentence: 1728,আমরা,O
,বিদায়,O
,নিয়া,O
,চইল্লা,O
,আইলাম,O
Sentence: 1722,রিডিং,O
,রুমগুলা,O
,ভাগ,O
,ভাগ,O
,করা,O
,রইসে,O
Sentence: 3023,দেহা,O
,করবার,O
,আইসিন,O
Sentence: 1671,মেলাদিন,O
,ধইরা,O
,ওইডা,O
,খোলা,O
,হয়,O
,না,O
Sentence: 3224,আইন্নে,O
,নিজের,O
,পরিবার,O
,লইয়া,O
,বইন,O
Sentence: 1603,এক,O
,বই,B-OBJ
,লয়া,O
,এত,O
,ঘটনা,O
,ঘইটটা,O
,যাইব,O
Sentence: 2336,আমার,O
,পরিবার,O
,তোমারে,O
,কোনদিনও,O
,মাইন্না,O
,নিত,O
,না,O
Sentence: 1237,আমার,O
,জামাই,B-REL
,হাসপাতাল,B-ORG
,আইসে,O
,আমার,O
,আব্বারে,B-REL
,দেখতে,O
,না,O
,আমারে,O
,নিতে,O
Sentence: 1283,আমার,O
,জামাই,B-REL
,বাসায়,O
,কিসু,O
,আনলে,O
,সবার,O
,লাইজ্ঞা,O
,নিয়া,O
,আসেন,O
Sentence: 1137,আমার,O
,অসুস্থতার,O
,কারণে,O
,আমার,O
,এক,O
,বছর,O
,গ্যাপ,O
,গেসে,O
Sentence: 423,আফনেরা,O
,কি,O
,বাংলা,O
,সিনেমা,O
,দেখতে,O
,ভালবাসেন,O
Sentence: 576,বৃষ্টির,O
,লাইজ্ঞা,O
,ঢাকায়,B-LOC
,কুনোখানে,O
,নামাজ,O
,পড়ন,O
,হইব,O
,কি,O
Sentence: 804,আমার,O
,আর,O
,বাঁচতে,O
,ইচ্ছা,O
,করেনা,O
,জানেন,O
Sentence: 3405,আইজকা,O
,দুফোরো,O
,আমরার,O
,দাওয়াত,O
,আসিন,O
Sentence: 3349,চাকরি,O
,করে,O
Sentence: 3143,মনের,O
,কতা,O
,বুজি,O
,না,O
Sentence: 231,আমি,O
,জানি,O
,আমরার,O
,আর,O
,কোন,O
,দিন,O
,এপারে,O
,একলগে,O
,বই,B-OBJ
,পড়া,O
,হইতনা,O
Sentence: 729,আমি,O
,কিতা,O
,অনেক,O
,মোডা,O
Sentence: 1315,একটা,O
,পোলা,O
,যেমন,O
,হের,O
,বাপ,B-REL
,মার,B-REL
,দায়িত্ব,O
,পালন,O
,করে,O
Sentence: 2762,কিতা,O
,করো,O
Sentence: 2287,আমি,O
,আর,O
,তুমি,O
,একসাথে,O
,নাই,O
,আমি,O
,এইডা,O
,মানতে,O
,পারতাসি,O
,না,O
Sentence: 1745,আমি,O
,আইজকে,O
,কফি,B-FOOD
,খাই,O
,নাই,O
Sentence: 1459,হেয়,O
,স্কুলেই,B-ORG
,যায়,O
,নাই,O
,কহনো,O
Sentence: 2174,আমার,O
,বউ,B-REL
,আমারে,O
,ভালবাসে,O
,না,O
Sentence: 1092,ছেড়াডার,B-REL
,বাপ,B-REL
,চাচার,B-REL
,ভয়ে,O
,বাড়িত,O
,কিসু,O
,কইতে,O
,পারে,O
,নাহ,O
Sentence: 427,আফনে,O
,কি,O
,কথা,O
,কইতে,O
,ফারেন,O
,ইংরেজিতে,O
Sentence: 2675,আমরার,O
,বাড়ি,O
,চাঁদপুর,B-LOC
Sentence: 538,আমি,O
,ঢাকার,B-LOC
,মিরপুরে,I-LOC
,থাহি,O
Sentence: 3370,আইন্নে,O
,কি,O
,অন্যান্য,O
,বইডিও,B-OBJ
,পড়তাসুইন,O
Sentence: 1744,এর,O
,মাঝখানে,O
,চাকরির,O
,পড়াশুনায়,O
,বেশ,O
,খানিকটা,O
,ক্ষতি,O
,হয়া,O
,যায়,O
Sentence: 991,অনেক,O
,দিন,O
,আব্বার,O
,বাসায়,O
,আসিলাম,O
Sentence: 49,হেয়,O
,অনেকদিন,O
,আগে,O
,হের,O
,ইস্কুলের,B-ORG
,একটা,O
,ছেড়িরে,O
,ভালবাসতো,O
Sentence: 967,আমার,O
,হাত,O
,ব্যাথা,O
,করতাসে,O
Sentence: 570,তোমরার,O
,লাইজ্ঞা,O
,কিসু,O
,করতাম,O
,তো,O
,ফারলামই,O
,না,O
,উলডা,O
,পরিবাররে,O
,শেষ,O
,করলাম,O
Sentence: 913,তোমার,O
,লগে,O
,আমার,O
,জরুরি,O
,কথা,O
,আসে,O
Sentence: 2818,কিতা,O
,করো,O
Sentence: 2033,আমি,O
,আফনের,O
,কাসে,O
,শিক্ষা,O
,নিতাম,O
,চাই,O
Sentence: 1399,ওয়,O
,বুঝে,O
,না,O
,আমার,O
,ঠেকা,O
,নাই,O
,বুঝানোর,O
Sentence: 1988,তর,O
,নাম,O
,কি,O
Sentence: 3053,গাড়ির,B-OBJ
,রং,B-COL
,লাল,I-COL
Sentence: 1031,আমার,O
,আব্বা,B-REL
,আম্মা,B-REL
,মেলা,O
,বার,O
,মাফ,O
,চাইসে,O
Sentence: 1694,আরে,O
,এর,O
,মধ্যেই,O
,দেহি,O
,বিজয়,O
,মিছিল,O
,শুরু,O
,হয়া,O
,গেসে,O
Sentence: 2418,আমারে,O
,দয়া,O
,কইরা,O
,পরামর্শ,O
,দেন,O
,আমি,O
,এহন,O
,কিতা,O
,করতাম,O
,পারি,O
Sentence: 2502,আমি,O
,ওইনদিয়া,O
,যাইতাম,O
,না।,O
Sentence: 2896,তিনি,O
,বেশি,O
,লম্বা,O
,না,O
Sentence: 733,তোমার,O
,সৌন্দর্যোতা,O
,দেখতাসি,O
Sentence: 147,সত্যিকারের,O
,ভালোবাসা,O
,খালি,O
,ভালোবাসার,O
,মানুষটারে,O
,সুখী,O
,করতে,O
,চায়,O
,হের,O
,থাইক্কা,O
,কোনো,O
,প্রতিদান,O
,আশা,O
,করে,O
,না,O
Sentence: 1845,মা,B-REL
,ঝারু,B-OBJ
,দিয়া,O
,ঘরডা,O
,পরিষ্কার,O
,করতাসে,O
Sentence: 243,আমি,O
,যে,O
,বাবা,B-REL
,আমি,O
,আমার,O
,মাইয়ার,B-REL
,মুহের,O
,দিকে,O
,তাকাইয়া,O
,অনেক,O
,কিছু,O
,বুঝতে,O
,পারি,O
Sentence: 3422,তুমি,O
,গান,O
,গাইবার,O
,পারতা,O
,না,O
Sentence: 836,পার্টি,O
,তে,O
,যায়া,O
,সুন্দরি,O
,দের,O
,সাথে,O
,ঢং,O
,কইরা,O
,আস,O
Sentence: 1461,আমার,O
,বর,B-REL
,ছোটবেলায়,O
,তার,O
,মা,B-REL
,হারায়,O
Sentence: 2370,তোমার,O
,বিয়ার,O
,জীবন,O
,সুখের,O
,হোক,O
Sentence: 1185,হেরার,O
,চাওয়া,O
,না,O
,চাওয়ার,O
,গুরুত্ব,O
,দেন,O
Sentence: 2266,এই,O
,মাসে,O
,ছেড়া,B-REL
,তার,O
,পরিবার,O
,নিয়া,O
,ঘুরতে,O
,যাওনের,O
,কথা,O
Sentence: 2625,কসম,O
,আমার,O
,শইল্লো,O
,জ্বর,O
Sentence: 2676,আমরার,O
,বাড়ি,O
,যশোর,B-LOC
Sentence: 2135,ছেড়াডারে,O
,আমার,O
,এক্কেরেই,O
,ভালা,O
,লাগসেনা,O
Sentence: 905,ভিডিও,O
,বানানুর,O
,কী,O
,দরকার,O
,আসিল,O
Sentence: 1552,বইটা,B-OBJ
,পাওয়ন,O
,যায়,O
,কি,O
,না,O
Sentence: 2402,আমি,O
,যেই,O
,ছেড়ারে,O
,পসন্দ,O
,করি,O
,হেয়,O
,আমার,O
,পরিবারের,O
,কাউরে,O
,সম্মান,O
,করেনা,O
Sentence: 1716,হেয়,O
,আমার,O
,কথার,O
,জবাবে,O
,ছোটো,O
,কইরা,O
,কইলেন,O
,হ্যাঁ,O
Sentence: 3125,সে,O
,আমারে,O
,অপমান,O
,করে,O
Sentence: 3327,গলা,O
,মেলা,O
,ভালা,O
Sentence: 1516,উপহার,O
,দিতে,O
,অনেকের,O
,ভালা,O
,লাগে,O
Sentence: 46,হেয়,O
,ইস্কুলে,B-ORG
,যায়া,O
,বন্ধুরার,B-REL
,সাথে,O
,গল্প,O
,করে,O
Sentence: 3416,একটা,O
,উপহার,B-OBJ
,দিসে,O
Sentence: 50,ছেড়াটা,O
,হের,O
,গ্রামের,B-LOC
,ছোট,O
,একটা,O
,ইস্কুল,B-ORG
,থাইক্কা,O
,পড়ালেহা,O
,কইরা,O
,এসএসসি,O
,পাশ,O
,করসে,O
Sentence: 801,কিন্তু,O
,আইজ,O
,পর্যন্ত,O
,আমার,O
,জামাই,B-REL
,আমারে,O
,খোঁচা,O
,মেরে,O
,কথা,O
,কয়নাই,O
Sentence: 1114,আমি,O
,একটা,O
,খুব,O
,বড়,O
,সমস্যায়,O
,পড়সি,O
,দয়া,O
,কইরা,O
,কেউ,O
,হাসাহাসি,O
,করবেন,O
,না,O
Sentence: 3020,মাইয়াডা,O
,শাড়ি,B-OBJ
,পইড়া,O
,আমার,O
,লগে,O
,দেহা,O
,করবার,O
,আইসিন,O
Sentence: 2417,আমার,O
,লগে,O
,হের,O
,পরিচয়,O
,হইসে,O
,ইস্কুলে,B-ORG
,গিয়া,O
Sentence: 2348,আমার,O
,বান্ধুবির,B-REL
,একটা,O
,ছোট,B-ANI
,বিড়াল,I-ANI
,আসে,O
Sentence: 1741,এই,O
,মুগ্ধতায়,O
,বিভোর,O
,থাকতাম,O
,চাই,O
,আমি,O
,আজীবন,O
Sentence: 69,মেলাদিন,O
,পরে,O
,একটা,O
,ভালা,O
,ছবি,O
,দেখলাম,O
Sentence: 1737,কোন,O
,বিষয়,O
,নিয়া,O
,আমার,O
,রাগ,O
,থাকলে,O
,আমি,O
,কিসু,O
,কইলেও,O
,হেয়,O
,চুপ,O
,কইরা,O
,থাইক্কা,O
,আমারে,O
,বুঝায়,O
Sentence: 3051,কাইলকা,O
,চুরি,O
,হইসিন,O
Sentence: 1948,অনেকে,O
,কয়,O
,প্রেম,O
,করলে,O
,মাইনষে,O
,বেক্কল,O
,হয়,O
Sentence: 866,ঐ,O
,মহিলা,O
,আর,O
,হেয়,O
,মিল্লা,O
,আমারে,O
,গালিগালাজ,O
,করতে,O
,থাহে,O
Sentence: 430,আফনে,O
,কি,O
,বাংলা,O
,নাটক,O
,দেখতে,O
,পারেন,O
Sentence: 2742,ক্রিকেট,O
,খেলবাম,O
Sentence: 2769,তুমারে,O
,এইনতে,O
,যাইবার,O
,কইসি,O
Sentence: 1174,আমার,O
,বউ,B-REL
,আমার,O
,থাইক্কা,O
,বয়সে,O
,আট,O
,বছরের,O
,ছোট,O
Sentence: 1703,কান,O
,পাকে,O
,ফোড়া,O
,পাকে,O
Sentence: 1075,আশা,O
,করতাসি,O
,সব,O
,কিসুর,O
,সমাধান,O
,হইব,O
Sentence: 1647,হের,O
,বয়স,O
,কম,O
,বেশি,O
,সত্তর,O
,বছর,O
Sentence: 1068,অবশ্যই,O
,আফনে,O
,নিয়মিত,O
,নামাজ,O
,পইড়া,O
,আল্লাহর,O
,কাসে,O
,শান্তি,O
,প্রার্থনা,O
,করতে,O
,পারেন,O
Sentence: 1887,আইজকে,O
,ইস্কুলে,B-ORG
,তোমরারে,O
,কিতা,O
,কিতা,O
,পড়াইসে,O
Sentence: 845,এই,O
,সব,O
,তেল,O
,আমারে,O
,দিবা,O
,না,O
,বিরক্ত,O
,লাগে,O
Sentence: 1861,কাঁচা,B-FOOD
,আমের,I-FOOD
,শরবত,I-FOOD
,মেলা,O
,টক,O
Sentence: 3403,কতো,O
,তারিখ,O
Sentence: 545,তারে,O
,কাজল,B-OBJ
,দিলে,O
,মেলা,O
,ভালা,O
,লাগে,O
Sentence: 435,তুই,O
,আমার,O
,সাথে,O
,একটা,O
,গান,O
,গাইতে,O
,পারবি,O
Sentence: 1936,আমি,O
,তোমার,O
,বাসায়,O
,ঘুরতে,O
,আয়াম,O
Sentence: 737,বেহেই,O
,হারায়া,O
,যায়,O
Sentence: 3336,খেলা,O
,তোমার,O
,কিরুম,O
,লাগে,O
Sentence: 2409,হেরার,O
,পারিবারিক,O
,ভাবেই,O
,বিয়া,O
,হইসে,O
Sentence: 2643,ঘুম,O
,আয়,O
,কেরে,O
Sentence: 24,সে,O
,আমারে,O
,অপমান,O
,করে,O
Sentence: 795,লোক,O
,দেহানু,O
,শেষ,O
Sentence: 229,তোমার,O
,পসন্দের,O
,বেশ,O
,কয়েকটা,O
,বই,B-OBJ
,কিনসি,O
Sentence: 3451,আমি,O
,তারে,O
,ভালোবাসি,O
Sentence: 3465,যাওনের,O
,সময়,O
,কই,O
,গেসোস,O
Sentence: 1123,হের,O
,লগে,O
,পরিচয়,O
,তারে,O
,প্রাইভেট,O
,পড়াইতে,O
,গিয়া,O
Sentence: 1258,আমার,O
,বাপ,B-REL
,ভাই,B-REL
,বোন,B-REL
,কেউ,O
,নাই,O
Sentence: 851,আমার,O
,কাছে,O
,ধরা,O
,পড়ার,O
,পরেও,O
,স্বীকার,O
,না,O
,করে,O
,উল্টা,O
,আমার,O
,গায়ে,O
,হাত,O
,তুলে,O
Sentence: 183,এহনো,O
,ভালা,O
,লাগে,O
,গানডা,O
Sentence: 1922,মেলা,O
,রাইত,O
,হইসে,O
,এহন,O
,ঘুমায়া,O
,যাও,O
Sentence: 1584,হেয়,O
,কোন,O
,বিষয়,O
,নিয়া,O
,কথা,O
,কইতাসিলেন,O
Sentence: 2302,আমার,O
,মেলা,O
,ভয়,O
,লাগসে,O
,কোন,O
,দিন,O
,আমি,O
,কিডন্যাপ,O
,হয়া,O
,না,O
,যাই,O
Sentence: 3033,ওইনদা,O
,যাইতাম,O
,না,O
Sentence: 553,কিন্তু,O
,আমিতো,O
,তোমার,O
,লগে,O
,যাইতাম,O
,না,O
Sentence: 678,আম,B-FOOD
,আমার,O
,প্রিয়,O
,ফল,B-FOOD
Sentence: 2003,কেউ,O
,তারে,O
,ভালবাসতো,O
,নাহ,O
Sentence: 1995,আমরা,O
,বেহেই,O
,একসাথে,O
,হাসি,O
,খুশি,O
,কইরা,O
,সময়,O
,কাডাই,O
Sentence: 385,অনেকগুলা,O
,রাশিয়ান,O
,শব্দ,O
,শিখসিলাম,O
Sentence: 3191,বন্ধু,B-REL
,আমারে,O
,লাল,B-COL
,শাড়ি,B-OBJ
,কিন্না,O
,দিসে,O
Sentence: 1311,আমার,O
,শ্বশুরবাড়ির,O
,লোকজন,O
,এটা,O
,এক্কেরেই,O
,পসন্দ,O
,করে,O
,না,O
Sentence: 1432,হেও,O
,আমার,O
,প্রতি,O
,দুর্বল,O
,হয়া,O
,গেসিলো,O
Sentence: 1493,আমি,O
,গতকাল,O
,ইস্কুলে,B-ORG
,আইনাই,O
Sentence: 431,আফনে,O
,কি,O
,কুনো,O
,কবিতা,O
,লিখতে,O
,পারেন,O
Sentence: 994,এক,O
,পর্যায়ে,O
,এমন,O
,অবস্থা,O
,করে,O
,মে,O
,আমিও,O
,দূর্বল,O
,হয়া,O
,যাই।,O
Sentence: 1619,বিশাল,O
,বড়,O
,বড়,O
,গাছ,O
Sentence: 2169,আমারে,O
,পরিক্ষার,O
,আগে,O
,বেগ,O
,কিসু,O
,নিয়া,O
,পড়ালেহা,O
,করতে,O
,হইব,O
Sentence: 2244,তোমারে,O
,নিয়া,O
,সুখের,O
,পৃথিবী,B-LOC
,সাজাইতাম,O
,চাই,O
Sentence: 1177,টুকটাক,O
,টিউশনি,O
,কইরা,O
,যটটুকু,O
,আয়,O
,হয়,O
,তা,O
,দিয়া,O
,নিজের,O
,হাতখরচই,O
,ঠিকমতো,O
,চলে,O
,না,O
Sentence: 3417,উপহার,B-OBJ
,দিসে,O
Sentence: 3147,তুমার,O
,লেইগা,O
,আমার,O
,মেলা,O
,কস্ট,O
,ওয়,O
Sentence: 3048,আমার,O
,গাড়িডা,B-OBJ
,কাইলকা,O
,চুরি,O
,হইয়া,O
,গেসে,O
Sentence: 2342,আমার,O
,বড়,B-REL
,ভাই,I-REL
,একজন,O
,বদমেজাজি,O
,লোক,O
Sentence: 3021,লাল,B-COL
,রঙের,I-COL
,শাড়ি,B-OBJ
Sentence: 62,একটা,O
,ছুটো,O
,আবু,O
,ফুটপাতে,B-LOC
,হাটতাসে,O
Sentence: 555,তোমার,O
,ভালা,O
,না,O
,লাগলে,O
,কিসু,O
,করনের,O
,নাই,O
Sentence: 66,ইস্কুল,B-ORG
,জীবনতে,O
,তারার,O
,প্রেম,O
,আসিল,O
Sentence: 2012,আফনেরে,O
,কেমন,O
,ভাবে,O
,সাহায্য,O
,করতাম,O
,ফারি,O
Sentence: 353,বিয়ার,O
,পর,O
,মোডা,O
,হইব,O
,এমন,O
,স্বপ্ন,O
,নিয়া,O
,বাইচ্চা,O
,আসে,O
,হাজারো,O
,পাতলা,O
,মাইয়া,O
Sentence: 434,তুইন,O
,কিতা,O
,এই,O
,বইডা,B-OBJ
,পড়তে,O
,হারস,O
Sentence: 47,হেয়,O
,ইস্কুলের,B-LOC
,মাঠে,I-LOC
,প্রত্যেকদিন,O
,ক্রিকেট,O
,খেলে,O
Sentence: 2708,উইঠ্যা,O
,যাও,O
Sentence: 1862,সরিষার,B-FOOD
,তেল,B-FOOD
,দিয়া,O
,ঝাল,B-FOOD
,মুড়ি,I-FOOD
,বানাও,O
Sentence: 1336,আমার,O
,সম্পর্কের,O
,চার,O
,বছর,O
,হইতে,O
,চলল,O
Sentence: 3093,টুপি,B-ROLE
,বিক্রেতা,I-ROLE
,আসিন,O
Sentence: 2198,আমার,O
,মনের,O
,ভালবাসা,O
,চিরদিন,O
,তোমার,O
,লাইজ্ঞা,O
,থাইক্কা,O
,যাইব,O
Sentence: 2107,আমি,O
,ওর,O
,নাম,O
,জানি,O
Sentence: 2161,মাইয়াডা,O
,এহন,O
,সিলেট,B-LOC
,যাইব,O
Sentence: 2829,আফেল,B-FOOD
,আমার,O
,পসন্দ,O
Sentence: 2309,ছেড়াডা,O
,গাড়ির,B-OBJ
,নিচে,O
,পইরা,O
,মইরা,O
,যায়,O
Sentence: 2049,আমি,O
,মেলা,O
,খুশি,O
Sentence: 1437,হেয়,O
,কইসিলো,O
,সমস্যা,O
,নাই,O
Sentence: 2924,অবাক,O
,হইয়া,O
,গেসিলাম,O
Sentence: 2949,ডাক্তার,B-ROLE
,নাকি,O
,কসাই,B-ROLE
Sentence: 2027,আমি,O
,আফনের,O
,কাসে,O
,পরামর্শ,O
,চাই,O
Sentence: 833,বউ,B-REL
,মেকআপ,O
,তুলতে,O
,তুলতে,O
,যামুই,O
,না,O
,আইজ,O
Sentence: 3413,আজকে,O
,জন্মদিন,O
Sentence: 3089,হেইনে,O
,নিয়া,O
,চলো,O
Sentence: 1037,অন্য,O
,কোনেহানে,O
,বিয়া,O
,কইরা,O
,ভালা,O
,থাকবা,O
,তা,O
,কেমনে,O
,হয়,O
Sentence: 136,ভালোবাসা,O
,পাওনের,O
,চাইতে,O
,ভালোবাসা,O
,দেওয়াতেই,O
,বেশি,O
,আনন্দ,O
Sentence: 2377,আমার,O
,মা,B-REL
,অনেক,O
,কষ্ট,O
,কইরা,O
,আমরারে,O
,বড়,O
,করসে,O
Sentence: 2382,আমি,O
,আর,O
,আমার,O
,ছোট,B-REL
,বইন,I-REL
,আইজ,O
,খালাম্মার,B-REL
,বাসায়,O
,ঘুরতে,O
,যাইব,O
Sentence: 3300,মেধাবী,O
,আসিলাম,O
Sentence: 2970,আমার,O
,ঠান্ডা,O
,লাগসে,O
Sentence: 1588,বেগ,O
,মানুষের,O
,ভাষা,O
,এক,O
,রহমের,O
,না,O
Sentence: 2143,আমার,O
,ঘুরতে,O
,মেলা,O
,ভালা,O
,লাগে,O
Sentence: 598,মন,O
,ভালা,O
,করতে,O
,তোমরা,O
,কিতা,O
,কর,O
Sentence: 1232,এই,O
,মাইয়া,O
,রীতিমতো,O
,আমার,O
,ভাই,B-REL
,আর,O
,মারে,B-REL
,কষ্ট,O
,দিতাসে,O
Sentence: 3392,হেরার,O
,মধ্যে,O
,মিলডা,O
,আসিন,O
,না,O
Sentence: 844,সবুজ,B-COL
,শাড়ি,B-OBJ
,কি,O
,তোমার,O
,এক্স,O
,কোনো,O
,গার্লফ্রেন্ডের,B-REL
,পসন্দের,O
,রঙ,O
Sentence: 120,এই,O
,দুনিয়াতে,B-LOC
,প্রিয়,O
,মানুষগুলোরে,O
,ছাড়া,O
,বাইচ্চা,O
,থাকাটা,O
,কষ্টকর,O
,কিন্তু,O
,অসম্ভব,O
,কিসু,O
,না,O
Sentence: 453,কলকাতার,B-LOC
,মোহনবাগানের,B-ORG
,ফুটবল,I-ORG
,দল,I-ORG
,মেলা,O
,জনপ্রিয়,O
Sentence: 2048,তুমি,O
,কিতা,O
,বাংলা,O
,গান,O
,হুনতে,O
,ফারো,O
Sentence: 2578,আমি,O
,তারে,O
,কইলাম,O
Sentence: 2664,সাদা,B-COL
,রঙ্গের,I-COL
,একটা,O
,শার্ট,B-OBJ
Sentence: 3130,শুক্কুরবার,O
,মা,B-REL
,ঠিকই,O
,কইসিন,O
Sentence: 550,আফনে,O
,যেই,O
,ছেড়াডারে,O
,ভালবাসেন,O
,সেই,O
,ছেড়াডা,O
,কি,O
,আফনেরে,O
,ভালবাসে,O
Sentence: 2318,তোমার,O
,ছোট,B-REL
,ভাইয়ের,I-REL
,জন্মদিন,O
,কবে,O
Sentence: 3361,মাছডা,B-FOOD
,খাইবার,O
,পসন্দ,O
,করি,O
Sentence: 3262,আমার,O
,পরিবারের,O
,কতা,O
,কইতে,O
,চাই,O
Sentence: 2489,আমার,O
,বড়,B-REL
,বইনডা,I-REL
,কাঁচা,B-FOOD
,আমের,I-FOOD
,শরবত,I-FOOD
,খাইতে,O
,মেলা,O
,ভালবাসে,O
Sentence: 1161,আমরা,O
,মাইয়াডারে,O
,নিয়া,O
,পোলার,O
,বাসায়,O
,যাই,O
Sentence: 115,চোক্ষের,O
,কান্দনে,O
,মুইচ্ছা,O
,দিমু,O
,তোমার,O
,হাসি,O
Sentence: 1833,জামরুল,B-FOOD
,আমার,O
,প্রিয়,O
,ফল,B-FOOD
Sentence: 2218,আফনে,O
,যে,O
,মানুষটরে,O
,ভালবাসবেন,O
,তারে,O
,যদি,O
,না,O
,বুঝতে,O
,পারেন,O
,তাইলে,O
,আফনের,O
,এই,O
,প্রেমের,O
,কোনে,O
,অর্থ,O
,নাই,O
Sentence: 2199,জীবনে,O
,একলা,O
,একলা,O
,পথ,O
,চলা,O
,মেলা,O
,কঠিন,O
Sentence: 3065,আমার,O
,বইন,B-REL
,আমারে,O
,অনেক,O
,ভালবাসে,O
Sentence: 541,হেয়,O
,হের,O
,পরিবাররে,O
,ভালবাসে,O
Sentence: 2492,আমার,O
,ইস্কুলে,B-ORG
,কোন,O
,খেলার,B-LOC
,মাঠ,I-LOC
,নাই,O
Sentence: 2222,তুমি,O
,কহনই,O
,পারতা,O
,না,O
,অন্য,O
,কারও,O
,ভালোবাসারে,O
,ছিনায়া,O
,নিতে,O
Sentence: 2862,আমার,O
,সহালে,O
,খাইতে,O
,ভালা,O
,লাগে,O
Sentence: 1542,তোমারে,O
,একটা,O
,উপহার,O
,দিতাম,O
,চাই,O
Sentence: 3427,ভালা,O
,মানুষ,O
Sentence: 2337,আফনেরে,O
,ছাড়া,O
,আমার,O
,বান্ধুবি,B-REL
,ভালা,O
,নাই,O
Sentence: 1917,তুমি,O
,কি,O
,এই,O
,বইডা,B-OBJ
,পড়তে,O
,চাও,O
Sentence: 254,আমি,O
,সাত,O
,মাস,O
,প্রেম,O
,কইরা,O
,একজনরে,O
,বিয়া,O
,করসি,O
Sentence: 2440,আবুডা,O
,একটা,O
,মুরগির,B-ANI
,বাচ্চা,I-ANI
,কোলে,O
,নিসে,O
Sentence: 3047,শুক্কুরবার,O
,মা,O
,হেইদিন,O
,ঠিকি,O
,কইসিন,O
Sentence: 1526,এহন,O
,ঘরে,O
,ঘরে,O
,টেলিভিশন,B-OBJ
,দেহন,O
,যায়,O
Sentence: 1549,হেয়,O
,হয়তো,O
,পড়ার,O
,লাইজ্ঞাই,O
,নিসে,O
Sentence: 822,আমি,O
,তো,O
,আসলে,O
,কিসুই,O
,পারি,O
,না,O
Sentence: 3042,আমডা,B-FOOD
,খাইসিন,O
Sentence: 1199,কিন্তু,O
,হে,O
,হের,O
,মন,O
,মতোই,O
Sentence: 1797,ফ্লোর,O
,গুলা,O
,মার্বেল,B-OBJ
,পাথর,I-OBJ
,দিয়া,O
,বানানু,O
Sentence: 2839,হাসা,O
,কইন,O
Sentence: 1976,এই,O
,পাঁচ,O
,মাসে,O
,ছেড়া,O
,হের,O
,পরিবার,O
,নিয়া,O
,মাইয়ার,O
,বাসায়,O
,যায়,O
,না,O
Sentence: 426,আফনে,O
,কি,O
,এইহানে,O
,থাকতে,O
,ফারেন,O
Sentence: 1418,আম্মা,B-REL
,খালা,B-REL
,লেহাপড়ার,O
,লাইজ্ঞা,O
,ঢাকায়,B-LOC
,ফিরতে,O
,কইব,O
,আমি,O
,যাইতে,O
,পারতাম,O
,না,O
Sentence: 1829,মা,B-REL
,পাকঘরে,O
,তরকারি,B-FOOD
,রান্না,O
,করতাসে,O
Sentence: 1558,হেয়,O
,রাইতের,O
,ট্রেইনে,B-OBJ
,রাজশাহী,B-LOC
,থাইক্কা,O
,রওনা,O
,দিসিল,O
Sentence: 950,আমি,O
,অসুস্থ,O
,হয়া,O
,পরসিলাম,O
Sentence: 1831,শিম,B-FOOD
,ভাজি,I-FOOD
,আমার,O
,পসন্দের,O
,সবজি,B-FOOD
Sentence: 1610,তো,O
,আমি,O
,কিতা,O
,করবাম,O
Sentence: 2224,কালকে,O
,সকালবেলা,O
,তারারে,O
,দেখতে,O
,পারবেন,O
Sentence: 1103,আমি,O
,এহনই,O
,বিয়া,O
,কইরা,O
,ফালাইতাম,O
,চাই,O
Sentence: 227,তুমিহীন,O
,সময়ডা,O
,নিজেরার,O
,মতো,O
,কইরা,O
,গুছায়া,O
,নেওয়ার,O
,চেষ্টা,O
,করতাসি,O
Sentence: 630,তোমরার,O
,বেজ্ঞের,O
,দুয়া,O
,চাই,O
Sentence: 377,যদি,O
,আমি,O
,ভুল,O
,করি,O
,তাইলে,O
,আমারে,O
,দয়া,O
,কইরা,O
,শুধরায়া,O
,দিবেন,O
Sentence: 1565,ওইহান,O
,থাইক্কা,O
,বড়,B-REL
,বইন,I-REL
,কিসু,O
,পেয়ারা,B-FOOD
,কিনল,O
Sentence: 1712,কথাডা,O
,তোমরার,O
,কারো,O
,বিশ্বাস,O
,হইত,O
,না,O
Sentence: 121,কারো,O
,লাইজ্ঞা,O
,কারো,O
,জীবন,O
,থাইম্মা,O
,থাকে,O
,না,O
Sentence: 1826,তেতুল,B-FOOD
,খাইলে,O
,রক্ত,O
,পানি,O
,হয়া,O
,যায়,O
Sentence: 2211,আমার,O
,বন্ধুর,B-REL
,মেলা,O
,মন,O
,খারাপ,O
Sentence: 2576,চইল্লা,O
,আবি,O
Sentence: 1774,বেহেইরে,O
,স্বাগতম,O
Sentence: 515,এহন,O
,যদি,O
,তুমি,O
,গান,O
,গাও,O
,তাইলে,O
,চাষী,B-ROLE
,হুনতে,O
,পাইব,O
Sentence: 703,বৃষ্টির,O
,দিনে,O
,রিক্সাতে,B-OBJ
,ঘুরতে,O
,ভালা,O
,লাগে,O
Sentence: 3475,কিতা,O
,খাওন,O
,এইত্তা,O
Sentence: 1402,কাউরে,O
,নিজের,O
,মত,O
,বানানোর,O
,লাইজ্ঞা,O
,আগে,O
,আমারে,O
,তার,O
,মত,O
,হইতে,O
,হইব,O
Sentence: 2910,কেক,B-FOOD
,পসন্দ,O
,না,O
Sentence: 2678,কই,O
,যাও,O
Sentence: 122,কাউরে,O
,প্রচন্ডভাবে,O
,ভালবাসার,O
,মধ্যে,O
,এক,O
,জাতের,O
,দুর্বলতা,O
,আছে,O
Sentence: 684,তুমি,O
,বিয়া,O
,করবা,O
,কত,O
,বছর,O
,বয়সে,O
Sentence: 3310,আমার,O
,ভালা,O
,লাগে,O
Sentence: 965,আমি,O
,আইতাম,O
,না,O
Sentence: 1112,পনেরো,O
,দিনের,O
,মধ্যেই,O
,আমরার,O
,বিয়া,O
,হইল,O
Sentence: 369,নিজেরে,O
,কহনো,O
,বেকার,O
,ভাববেন,O
,না,O
,মনে,O
,রাখবেন,O
,আফনের,O
,শরীরের,O
,রক্ত,O
,দিয়ে,O
,হাজারডা,O
,মশার,B-ANI
,সংসার,O
,চলে,O
Sentence: 3378,আমি,O
,একটা,O
,সরকারি,B-ROLE
,কর্মকর্তা,I-ROLE
Sentence: 1109,তর,O
,বড়,B-ROLE
,ভাইরেই,I-ROLE
,বিয়া,O
,করতে,O
,হইব,O
,এহন,O
Sentence: 2127,তোমার,O
,বাপ,B-REL
,কেমত,O
,আসে,O
Sentence: 3221,বই,B-OBJ
,কিনসি,O
Sentence: 2353,তোমারে,O
,জোর,O
,কইরা,O
,বিয়া,O
,দেয়া,O
,হইসিল,O
Sentence: 1501,ঠিক,O
,করা,O
,হইলো,O
,সবাই,O
,মিল্লা,O
,ওইহানে,O
,যায়াম,O
Sentence: 2638,তুমারে,O
,ডাকবাম,O
Sentence: 2899,আমি,O
,ঠিক,O
,আসি,O
Sentence: 3136,আমি,O
,আইজকা,O
,সহালে,O
,ফুটবল,B-OBJ
,খেলসি,O
Sentence: 2937,হাতে,O
,বেদনা,O
Sentence: 458,আমার,O
,পসন্দের,O
,ফুটবল,B-ORG
,দল,I-ORG
,আর্জেন্টিনা,B-ORG
Sentence: 2219,আফনে,O
,নিজে,O
,অসুখী,O
,হয়া,O
,কেমনে,O
,অন্যরে,O
,ভালবাইসা,O
,সুখী,O
,করবেন,O
Sentence: 393,তারার,O
,প্রত্যেকদিন,O
,একসাথে,O
,খেলা,O
,করতে,O
,পসন্দ,O
,আসিল,O
Sentence: 2914,একলা,O
,আসিলাম,O
Sentence: 2916,আমার,O
,লগে,O
,আইয়ুইন,O
Sentence: 1271,কারো,O
,কথা,O
,হেয়,O
,হুনে,O
,না,O
Sentence: 2065,বনের,B-LOC
,মধ্যে,O
,একটা,O
,ছোট্ট,O
,জায়গায়,O
,হেরা,O
,তিন,O
,ভাই,B-REL
,একলগে,O
,থাকত,O
Sentence: 3345,কিতা,O
,করেন,O
Sentence: 144,নিজে,O
,অসুখী,O
,হইয়া,O
,অন্যরে,O
,ভালোবাইসা,O
,সুখী,O
,করান,O
,যায়না,O
Sentence: 2846,সহালবেলা,O
,খাইয়া,B-FOOD
,ইশকুলো,B-ORG
,যাই,O
Sentence: 1429,তারপর,O
,আমি,O
,আবার,O
,ভুল,O
,করসিলাম,O
Sentence: 1706,মেলা,O
,দূরের,O
,পথ,O
Sentence: 411,আমার,O
,মনে,O
,হয়,O
,আমরার,O
,এহানে,O
,শেষ,O
,করন,O
,উচিত,O
Sentence: 89,তুমি,O
,কইসো,O
,যেয়,O
,থাকার,O
,হেয়,O
,এমনেই,O
,থাকব,O
Sentence: 2713,ইশকুলো,B-ORG
,যাই,O
Sentence: 528,তুমি,O
,কিতা,O
,চাকরি,O
,করসো,O
Sentence: 438,তুইন,O
,আমার,O
,লাইজ্ঞা,O
,কী,O
,ভালোবাসতে,O
,পারবি,O
Sentence: 847,বউ,B-REL
,এর,O
,চেয়ে,O
,তোমারে,O
,বেশী,O
,সুন্দর,O
,লাগলে,O
,কিন্তু,O
,সমস্যা,O
Sentence: 416,চল,O
,পড়াশুনা,O
,করি,O
Sentence: 1323,আইজ,O
,রাইতে,O
,আব্বা,B-REL
,হঠাৎ,O
,কইরা,O
,অসুস্থ,O
,হয়া,O
,পড়সে,O
,খবর,O
,হুইন্না,O
,হাসপাতালে,B-ORG
,আইলাম,O
Sentence: 2778,সইন্দাবেলায়,O
,কাম,O
,করো,O
Sentence: 2057,আপনি,O
,কি,O
,গান,O
,হ্যনতে,O
,পসন্দ,O
,করেন,O
Sentence: 2696,বাইচ্চা,O
,কানতাছে,O
,খাওন,O
,দেও,O
Sentence: 3365,কিতা,O
,করুইন,O
,এহন,O
Sentence: 776,আমি,O
,তোমায়,O
,ভালবাসি,O
,না,O
Sentence: 691,তুমি,O
,কি,O
,খাইতে,O
,পসন্দ,O
,করো,O
Sentence: 3352,মাংস,B-FOOD
,বেশি,O
,পসন্দ,O
,করি,O
Sentence: 2581,দরকার,O
,আসিন,O
Sentence: 1910,হয়তো,O
,কোন,O
,একদিন,O
,ছেড়াটা,O
,ছেড়িটারে,O
,ভালবাসবো,O
Sentence: 1250,অনেক,O
,পরিচিত,O
,লোকজন,O
,আসেন,O
Sentence: 1105,দয়া,O
,কইরা,O
,তুমি,O
,তোমার,O
,পরিবারের,O
,পসন্দে,O
,বিয়া,O
,কইরা,O
,ফেলো,O
Sentence: 3473,মন,O
,থাকবো,O
,তুমার,O
,কতা,O
Sentence: 1291,আম্মা,B-REL
,এসব,O
,দেইক্ষা,O
,মেলা,O
,কষ্ট,O
,পাইসেন,O
,যেহেতু,O
,আমার,O
,আব্বা,B-REL
,নাই,O
Sentence: 736,আমার,O
,বিয়াতে,O
,দাওয়াত,O
,রইলো,O
Sentence: 2010,আমরা,O
,কিল্লেগা,O
,যাইতাসি,O
,না,O
Sentence: 664,চলো,O
,একসাথে,O
,গান,O
,গাই,O
Sentence: 2684,ভালা,O
,লাগে,O
,না,O
Sentence: 1303,আমি,O
,চাইতাসি,O
,আলাদা,O
,বাসায়,O
,চইল্লা,O
,যায়াম,O
,আমরা,O
Sentence: 1663,বেগ,O
,কাম,O
,তো,O
,এলোমেলো,O
,হইতাসে,O
,না,O
Sentence: 1188,আইজ,O
,আমারে,O
,কয়,O
,আমি,O
,নাকি,O
,তার,O
,যোগ্য,O
,না,O
Sentence: 1775,কেরোসিন,O
,তেলের,O
,দাম,O
,কমনের,O
,কারনে,O
,অক্টোবরে,O
,চাহিদা,O
,কিছুডা,O
,বাড়সিল,O
Sentence: 3198,আমারে,O
,একটা,O
,লাল,B-COL
,গুলাপ,B-OBJ
,কিন্না,O
,দিসে,O
Sentence: 198,যখন,O
,গানডা,O
,নয়া,O
,বাইর,O
,হইসিন,O
,তহন,O
,অনেক,O
,হুনছি,O
Sentence: 280,হেয়,O
,বিয়া,O
,কইরা,O
,সুখী,O
,হইতে,O
,চায়,O
Sentence: 1608,বড়,B-REL
,বইনের,I-REL
,লাইজ্ঞা,O
,কিসু,O
,পেয়ারা,B-FOOD
,কিনল,O
Sentence: 2840,তুৃমি,O
,ঘুম,O
,থেইকা,O
,তাত্তাড়ি,O
,উইঠ্যা,O
,যাও,O
Sentence: 872,আফনেরার,O
,থাইক্কা,O
,কিসু,O
,ভালা,O
,পরামর্শ,O
,নিতে,O
,আইলাম,O
Sentence: 1370,কি,O
,করন,O
,উচিত,O
,এমন,O
,পরিস্থিতিতে,O
Sentence: 911,তুমি,O
,এত,O
,ঘুমাও,O
,কেরে,O
Sentence: 506,সকালের,O
,শুরুতেই,O
,পড়াশোনা,O
,শুরু,O
,করা,O
,ভালা,O
Sentence: 1338,হেয়,O
,দেশের,B-LOC
,বাইরে,O
,থাকে,O
,খুব,O
,ঘন,O
,ঘন,O
,আসা,O
,যাওয়া,O
,করত,O
Sentence: 1032,যা,O
,হইসে,O
,হয়া,O
,গেসে,O
,তোমার,O
,কথাই,O
,মানলাম,O
,আমরার,O
,দোষ,O
Sentence: 657,তোমার,O
,প্রিয়,O
,বিষয়,O
,কিতা,O
Sentence: 2407,আব্বা,B-REL
,আমরার,O
,বেগ,O
,সম্পত্তি,O
,বেইচ্চা,O
,আমারারে,O
,নিয়া,O
,গ্রামের,B-LOC
,বাড়িত,I-LOC
,চইলা,O
,আইসে,O
Sentence: 2686,কামো,O
,যাইতাম,O
,চাই,O
,না,O
Sentence: 2731,আমার,O
,খাইতে,O
,ভালা,O
,লাগে,O
Sentence: 1800,লাউ,B-FOOD
,দিয়া,O
,চিংড়ি,B-FOOD
,মাছের,I-FOOD
,ঝোল,I-FOOD
,আমার,O
,মেলা,O
,পসন্দের,O
,তরকারি,B-FOOD
Sentence: 2079,আফনে,O
,যেমনে,O
,আগায়া,O
,যাইতাসেন,O
,তা,O
,মেলা,O
,গর্বের,O
,বিষয়,O
Sentence: 2639,ডাকবাম,O
,না,O
Sentence: 3372,বই,B-OBJ
,পড়তাসুইন,O
Sentence: 1121,আমাদের,O
,ফ্যামিলি,O
,থাইক্কা,O
,ওরার,O
,ফ্যামিলি,O
,অনেক,O
,বড়লোক,O
Sentence: 10,ছেড়িটা,O
,তার,O
,সপ্নের,O
,মধ্যে,O
,ছেড়াটারে,O
,কল্পনা,O
,করে,O
Sentence: 1292,আমার,O
,জামাই,B-REL
,এসব,O
,নিয়া,O
,কিসু,O
,কইতে,O
,গেলে,O
,হেয়,O
,মনে,O
,করেন,O
,বউ,B-REL
,পোলার,B-REL
,হয়া,O
,গেসে,O
Sentence: 2291,আমার,O
,বইন,B-REL
,হের,O
,বন্ধুর,B-REL
,লগে,O
,ঘুরতে,O
,যাইতে,O
,চায়,O
Sentence: 297,আজকাইল,O
,ছোডরাও,O
,পাত্তা,O
,দিতাসে,O
,না,O
Sentence: 2486,মা,B-REL
,পাকঘরে,O
,আমার,O
,আব্বার,B-REL
,লাইজ্ঞা,O
,উশশির,B-FOOD
,সালুন,I-FOOD
,রানতাসে,O
Sentence: 1875,খাওয়নের,O
,অনেক,O
,আগেই,O
,যদি,O
,ভাত,B-FOOD
,রান্না,O
,শেষ,O
,হয়া,O
,গিয়া,O
,থাকে,O
,তাইলে,O
,ঢাকনা,B-OBJ
,সরায়া,O
,একটা,O
,তোয়ালে,B-OBJ
,দিয়া,O
,ঢাইক্কা,O
,রাহেন,O
Sentence: 767,তুমি,O
,কিতা,O
,চাও,O
Sentence: 1867,এই,O
,তেতুলের,B-FOOD
,নাম,O
,হুনলেই,O
,জিভে,O
,জল,O
,আয়ানা,O
,এমন,O
,মানুষ,O
,খুইজ্জা,O
,পাওয়ন,O
,কঠিন,O
Sentence: 191,একদিন,O
,হয়তো,O
,দুনিয়ার,B-LOC
,মায়া,O
,কাটিয়ে,O
,চইল্লা,O
,যামু,O
,পরপারে,O
Sentence: 1198,হেয়,O
,রাগ,O
,কইরা,O
,আমার,O
,লগে,O
,কথা,O
,কয়,O
,না,O
Sentence: 1138,আমি,O
,এহন,O
,সুস্থ,O
,অনেক,O
Sentence: 2074,তুমি,O
,কেমত,O
,আসো,O
Sentence: 1465,আমি,O
,এক,O
,কাপড়ে,B-OBJ
,বাসা,O
,থাইক্কা,O
,বাইর,O
,হয়া,O
,আইসি,O
Sentence: 2807,তুমি,O
,ভাত,B-FOOD
,খাইসো,O
Sentence: 1067,কিসু,O
,কিসু,O
,বিষয়ের,O
,কোন,O
,সমাধান,O
,থাহে,O
,না,O
Sentence: 2179,তোমার,O
,চোখ,O
,দুইডা,O
,মেলা,O
,সুন্দর,O
Sentence: 3460,তুমার,O
,নামডা,O
,কি,O
,সামি,O
Sentence: 1083,কোনো,O
,আত্মীয়,B-REL
,আমার,O
,বাসায়,O
,আইলে,O
,তারার,O
,লগেও,O
,সম্পর্ক,O
,নষ্ট,O
,করতো,O
Sentence: 2906,পসন্দ,O
,করি,O
Sentence: 428,আফনে,O
,কি,O
,এই,O
,প্রশ্নের,O
,জবাব,O
,দিতে,O
,ফারবাইন,O
Sentence: 2881,শিমুর,B-PER
,কালা,B-COL
,রং,I-COL
,পসন্দ,O
Sentence: 944,আমারে,O
,বিশ্বাস,O
,কর,O
Sentence: 1122,আমি,O
,গ্রামের,B-LOC
,পোলা,B-ROLE
,ঢাকাত,B-LOC
,একটা,O
,প্রাইভেট,B-ORG
,বিশ্ববিদ্যালয়ে,I-ORG
,পড়াশুনা,O
,করি,O
Sentence: 2310,একবার,O
,তোমার,O
,হাঁত,O
,ধরলে,O
,আর,O
,কোনদিনও,O
,ছাড়তাম,O
,না,O
Sentence: 960,আমি,O
,একা,O
,আসিলাম,O
Sentence: 3354,পসন্দ,O
,করি,O
Sentence: 1313,আমার,O
,জামাই,B-REL
,আর,O
,হের,O
,বাড়ির,O
,লোকজন,O
,কোনভাবেই,O
,রাজি,O
,না,O
Sentence: 757,তোমার,O
,পরিবারে,O
,কি,O
,আমায়,O
,মাইন্না,O
,নিব,O
Sentence: 1200,আমি,O
,অসুস্থ,O
,আমারে,O
,একবারও,O
,জিগ্গেস,O
,করেনা,O
,আমি,O
,কেমন,O
,আসি,O
Sentence: 3264,কতা,O
,কইতে,O
,চাই,O
Sentence: 1543,হেইডা,O
,টেবিলের,B-OBJ
,উপরে,O
,রাখা,O
,আসিল,O
Sentence: 668,আমার,O
,সাথে,O
,নাচবা,O
Sentence: 92,ছেড়িডা,O
,লাল,B-COL
,শাড়ী,B-OBJ
,পইরা,O
,খারায়া,O
,আসে,O
Sentence: 2729,ভালা,O
,লাগে,O
Sentence: 2535,না,O
,ও,O
,কইস,O
,হা,O
,কইস,O
Sentence: 2118,বাগানের,B-LOC
,মধ্যে,O
,দিয়া,O
,কেডা,O
,দৌড়াইল,O
Sentence: 1789,হেয়,O
,ছাদে,O
,অনেক,O
,গুলা,O
,কবুতর,B-ANI
,পালে,O
Sentence: 1382,আম্মার,B-REL
,কথা,O
,কয়দিন,O
,আগে,O
,আমি,O
,তারে,O
,একটা,O
,কষ্টের,O
,কথা,O
,কইসি,O
Sentence: 2836,হাসা,O
,কতা,O
,কইন,O
Sentence: 2561,হেইডা,O
,ভালা,O
,ওইবো,O
,তোর,O
,লাইগ্গা,O
Sentence: 2701,আমারে,O
,হাসা,O
,কইন,O
Sentence: 775,নীল,B-COL
,রঙ,I-COL
,আমার,O
,মেলা,O
,পসন্দ,O
Sentence: 205,হেগোরে,O
,মেলা,O
,ধন্যবাদ,O
,যারা,O
,গান,O
,গুলা,O
,উপহার,O
,দিয়া,O
,গেসেন,O
Sentence: 3394,মিলডা,O
,আসিন,O
Sentence: 1966,আফনের,O
,কি,O
,গরম,O
,লাগতাসে,O
Sentence: 488,আমার,O
,বাসায়,O
,গতকালকে,O
,রাইতে,O
,চুরি,O
,হইসে,O
Sentence: 1724,যাওনের,O
,লগে,O
,লগে,O
,কী,O
,একটা,O
,শব্দ,O
,করল,O
Sentence: 902,আমি,O
,সত্যিই,O
,খুব,O
,অসহায়,O
,বোধ,O
,করতাসি,O
Sentence: 2811,বাড়ি,O
,কই,O
Sentence: 669,তোমার,O
,প্রিয়,O
,গান,O
,কোনডা,O
Sentence: 417,চল,O
,একটা,O
,বিরতি,O
,নেই,O
Sentence: 1697,আম,B-FOOD
,পাকে,O
,বৈশাখে,O
,কুল,B-FOOD
,পাকে,O
,ফাগুনে,O
Sentence: 1758,পৃথিবীতে,B-LOC
,বাপের,B-REL
,পরেই,O
,দ্বিতীয়,O
,বীর,B-ROLE
,যোদ্ধা,I-ROLE
,হইলেন,O
,বড়ভাই,B-REL
Sentence: 1054,পুলিশরে,B-ROLE
,বেগকিসু,O
,প্রথম,O
,থাইক্কা,O
,শেষ,O
,পর্যন্ত,O
,খুইল্লা,O
,কন,O
,আফনের,O
,সাথে,O
,যা,O
,যা,O
,হইসে,O
Sentence: 564,একটা,O
,ছোড,O
,কালা,B-COL
,কুত্তা,B-ANI
,ঘাসের,O
,মধ্যে,O
,শুয়া,O
,আসে,O
Sentence: 2016,আমি,O
,আফনেরে,O
,কহনো,O
,ভুলতাম,O
,না,O
Sentence: 6,ছেড়িটা,O
,লাল,B-COL
,রংগের,I-COL
,শাড়ি,B-OBJ
,পইরা,O
,আমার,O
,সাথে,O
,দেখা,O
,করতে,O
,আইসিল,O
Sentence: 141,মুহে,O
,মুহে,O
,বেগসময়,O
,ভালোবাসি,O
,ভালোবাসি,O
,কওয়ার,O
,চেয়ে,O
,আমার,O
,মনে,O
,হয়,O
,ভালোবাসার,O
,মানুষটারে,O
,বুঝতে,O
,পারা,O
,অনেক,O
,বড়,O
,ব্যাপার,O
Sentence: 790,আমার,O
,একটা,O
,বিলাই,B-ANI
,আসে,O
Sentence: 698,আমারে,O
,একটা,O
,গান,O
,হুনাইবা,O
Sentence: 1428,আমার,O
,মনডা,O
,কেউ,O
,বুঝে,O
,নাহ,O
Sentence: 1491,নানা,B-REL
,আমারে,O
,দেইক্ষা,O
,খুব,O
,খুশি,O
,হইল,O
Sentence: 2558,বিয়া,O
,ওয়,O
,মেলা,O
,বছর,O
,আগে,O
Sentence: 339,আফনের,O
,ব্লগডা,O
,পইড়া,O
,অনেক,O
,কিছু,O
,শিখতাম,O
,ফারসি,O
Sentence: 424,আমি,O
,আফনেরে,O
,ধন্যবাদ,O
,জানাইতাম,O
,চাই,O
Sentence: 2184,আমার,O
,আব্বা,B-REL
,আর,O
,চাচার,B-REL
,মধ্যে,O
,জায়গা,O
,জমি,O
,নিয়া,O
,ঝগড়া,O
,হয়,O
Sentence: 1710,একটা,O
,ভালা,O
,কাম,O
,করতে,O
,পারবেন,O
Sentence: 477,নীল,B-LOC
,নদী,I-LOC
,আফ্রিকার,B-LOC
,প্রধান,O
,নদীর,B-LOC
,একটা,O
Sentence: 463,বার্সেলোনা,B-ORG
,ফুটবল,I-ORG
,ক্লাব,I-ORG
,মেলা,O
,জনপ্রিয়,O
Sentence: 3320,আম,B-FOOD
,প্রিয়,O
,ফল,B-FOOD
Sentence: 1090,মান,O
,সন্মানের,O
,ভয়ে,O
,কেউ,O
,কিসু,O
,কয়,O
,না,O
Sentence: 491,আমি,O
,আফনের,O
,লগে,O
,আসি,O
Sentence: 2551,দেহা,O
,করবার,O
,আইসিন,O
Sentence: 1400,মানুষ,O
,যার,O
,যার,O
,নিজের,O
,মত,O
Sentence: 557,আমি,O
,আজকে,O
,অনেকদিন,O
,পর,O
,হের,O
,সাথে,O
,কথা,O
,কইসি,O
Sentence: 3314,আমি,O
,আম,B-FOOD
,খাইয়াম,O
Sentence: 3400,আইন্নে,O
,এরুমবায়,O
,কতা,O
,কইবার,O
,পারুইন,O
,না,O
Sentence: 1655,ভাই,O
,তহন,O
,পড়তে,O
,বয়,O
Sentence: 982,আফনেরে,O
,দেইক্ষা,O
,অসুস্থ,O
,বইল্লা,O
,মনে,O
,হইতাসে,O
Sentence: 3252,আর,O
,কতো,O
,ছুটি,O
,কাটাইবাম,O
Sentence: 3363,কিতা,O
,করুন,O
,আইন্নে,O
,এহন,O
Sentence: 710,রাস্তায়,O
,আইজকে,O
,অনেক,O
,মানুষ,O
Sentence: 2641,তুমার,O
,ঘুম,O
,আয়,O
,কেরে,O
Sentence: 1049,আমার,O
,বয়স,O
,উনিশ,O
,বছর,O
Sentence: 1601,কয়েক,O
,দিন,O
,অপেক্ষা,O
,কইরা,O
,দেহো,O
Sentence: 1691,বাহ্,O
,এমন,O
,খেলা,O
,মেলাদিন,O
,দেহি,O
,নাই,O
Sentence: 2463,গরমের,O
,দিনে,O
,লবণ,B-FOOD
,দিয়া,O
,শশা,B-FOOD
,খাইতে,O
,মেলা,O
,ভালা,O
,লাগে,O
Sentence: 2148,আমার,O
,ছোট,B-REL
,ভাই,I-REL
,এক্কেরেই,O
,পড়ালেহা,O
,করতে,O
,চায়,O
,না,O
Sentence: 809,খোঁচা,O
,মারার,O
,মত,O
,কথা,O
,আসেই,O
,যে,O
,আমার,O
,দুই,O
,বিয়া,O
Sentence: 2144,আমি,O
,বিদেশে,B-LOC
,যায়া,O
,মেলা,O
,ঘুরতাম,O
,চাই,O
Sentence: 2096,তুমি,O
,কিতা,O
,দেখছ,O
Sentence: 2026,আফনে,O
,কি,O
,একটা,O
,বাংলা,B-OBJ
,বই,I-OBJ
,পড়তে,O
,পারেন,O
Sentence: 2229,তোমার,O
,হাজার,O
,কথার,O
,মাঝে,O
,তোমার,O
,মনের,O
,কথা,O
,লুকায়া,O
,আসিল,O
Sentence: 2824,সুন্দর,O
,কইরা,O
,বও,O
Sentence: 2505,আমার,O
,কইতর,O
,পসন্দ,O
Sentence: 2917,লগে,O
,আয়ইন,O
Sentence: 1002,এক,O
,পর্যায়ে,O
,আবারো,O
,বাড়িত,O
,জানানো,O
,হয়,O
Sentence: 1489,নানাকে,B-REL
,দেখতে,O
,গেসিলাম,O
Sentence: 1148,আফনেরা,O
,কন,O
,এহন,O
,আমি,O
,আসলে,O
,করবাম,O
,কি,O
Sentence: 1711,তোমরার,O
,কারো,O
,বিশ্বাস,O
,হইত,O
,না,O
Sentence: 461,ফুটবল,B-OBJ
,খেলা,O
,আমার,O
,জীবনের,O
,অংশ,O
Sentence: 2526,সামাল,O
,দিয়া,O
,রাইক্ষো,O
Sentence: 3346,তোমার,O
,ভাই,B-REL
,কই,O
,চাকরি,O
,করে,O
Sentence: 505,সকালে,O
,পড়াশুনা,O
,কইরা,O
,আমি,O
,আরামে,O
,মনোযোগ,O
,দিতাম,O
,ফারি,O
Sentence: 1651,বেহেই,O
,যহন,O
,পড়তে,O
,বয়,O
,রাজীব,B-PER
,তহন,O
,ঘুমায়,O
Sentence: 2511,কিয়ের,O
,ছালুন,B-FOOD
Sentence: 2351,আমার,O
,বউ,B-REL
,আমারে,O
,কোনদিনও,O
,খোঁচা,O
,মাইরা,O
,কথা,O
,কয়,O
,নাই,O
Sentence: 1881,খুলনার,B-LOC
,মানুষ,O
,তেমন,O
,সুন্দর,O
,হয়,O
,না,O
Sentence: 702,আমি,O
,তোমারে,O
,ভালবাসি,O
Sentence: 3075,তোর,O
,বড়,B-REL
,ভাইয়ের,I-REL
,নামডা,O
,কি,O
Sentence: 2730,আমার,O
,কিসু,O
,খাইতে,O
,ভালা,O
,লাগে,O
Sentence: 2194,আমার,O
,আম্মা,B-REL
,আমারে,O
,বেহের,O
,সামনে,O
,মারতে,O
,মারতে,O
,বাসায়,O
,নিয়া,O
,আয়,O
Sentence: 2031,আমি,O
,আফনের,O
,সাথে,O
,প্রেম,O
,করি,O
Sentence: 3183,আব্বু,B-REL
,আমার,O
,লেইগা,O
,নীল,B-COL
,জামা,B-OBJ
,কিন্না,O
,আনসে,O
Sentence: 2066,একসময়,O
,এক,O
,রাজার,B-ROLE
,এক,O
,হাতি,B-ANI
,আসিন,O
Sentence: 3043,আমি,O
,আসি,O
Sentence: 1262,আলহামদুলিল্লাহ,O
,হেয়,O
,খুব,O
,ভালা,O
,একজন,O
,মানুষ,O
Sentence: 2659,মানুষডা,O
,কেডা,O
Sentence: 2925,হয়া,O
,গেসিলাম,O
Sentence: 966,আমি,O
,হারতাম,O
,না,O
Sentence: 1028,কিন্তু,O
,আমি,O
,বাইচ্চা,O
,থাইক্কা,O
,মইরা,O
,আসি,O
Sentence: 2134,আব্বা,B-REL
,আমারে,O
,কালকে,O
,একটা,O
,ছেড়ার,O
,সাথে,O
,দেখা,O
,করতে,O
,কইসিন,O
Sentence: 3127,অপমান,O
,করে,O
Sentence: 846,মাথায়,O
,রাইক্ষো,O
,বিয়া,O
,বাড়িত,O
,যাইতাসো,O
Sentence: 311,পুরাডা,O
,দেহার,O
,অপেক্ষায়,O
,বয়া,O
,রইসি,O
Sentence: 1950,একজন,O
,বেডা,O
,মারা,O
,গেসেন,O
Sentence: 643,বিলাইয়ের,B-ANI
,প্রিয়,O
,খাদ্য,O
,দুধ,B-FOOD
Sentence: 2753,কই,O
,থাহো,O
Sentence: 1533,মাইয়ারা,O
,সাঁতার,O
,কাটতে,O
,ভালোবাসত,O
Sentence: 391,একটা,O
,ছোট্ট,B-LOC
,গ্রামে,I-LOC
,একজন,O
,মাইয়া,O
,আসিল,O
Sentence: 226,রাতে,O
,একদল,O
,বেডা,O
,একলগে,O
,বাইরে,O
,বয়া,O
,থাকে,O
Sentence: 2114,আমি,O
,তোমার,O
,লগে,O
,একমত,O
,হইতাম,O
,পারতাসি,O
,না,O
Sentence: 497,তর,O
,বড়,B-REL
,ভাইয়ের,I-REL
,নাম,O
,কি,O
Sentence: 3332,পরিবারে,O
,কেডা,O
,কেডা,O
,আছে,O
Sentence: 1890,এই,O
,বিষয়ে,O
,কিতা,O
,করতে,O
,পারি,O
,আমি,O
Sentence: 2889,তিনি,O
,দাড়াইলেন,O
,না,O
Sentence: 2053,তুমি,O
,কিতা,O
,আমার,O
,বন্ধু,B-REL
,হইতে,O
,চাও,O
Sentence: 984,আমি,O
,বুঝতে,O
,পারতাম,O
,হের,O
,অন্য,O
,কোনখানে,O
,সম্পর্কে,O
,আসে,O
Sentence: 2028,আমি,O
,আফনের,O
,পাশে,O
,থাকতাম,O
,চাই,O
Sentence: 467,আমি,O
,ফুটবল,B-OBJ
,ম্যাচগুলা,O
,দেখতাম,O
,ভালবাসি,O
Sentence: 544,হের,O
,চুলগুলা,O
,মেলা,O
,লম্বা,O
Sentence: 2246,তোমার,O
,মিথ্যা,O
,ভালবাসা,O
,একদিন,O
,হারাইয়া,O
,যাইব,O
Sentence: 1574,ইচ্ছা,O
,কইরা,O
,ভাংসি,O
,নাকি,O
Sentence: 2374,তুমি,O
,আমার,O
,কাসে,O
,ধরা,O
,পড়নের,O
,পরেও,O
,পরকীয়া,O
,করনের,O
,কথা,O
,স্বীকার,O
,করতাসো,O
,না,O
Sentence: 1408,আর,O
,এবছর,O
,হেয়,O
,বিশাল,O
,কইরা,O
,সারপ্রাইজ,O
,দিসে,O
,আমারে,O
Sentence: 225,বাইরে,O
,বেশ,O
,কিছু,O
,মানুষ,O
,ঘুইরা,O
,বেড়াইতাসে,O
Sentence: 679,আজকে,O
,তোমার,O
,ভাইরে,B-REL
,দেখলাম,O
Sentence: 755,কিন্তু,O
,কিসু,O
,মানুষ,O
,মেলা,O
,ভালা,O
Sentence: 35,তুই,O
,কি,O
,আর,O
,পড়ালেহা,O
,করতি,O
,নাহ,O
Sentence: 973,আমার,O
,হলুদ,B-COL
,রঙ,O
,পসন্দ,O
Sentence: 614,মেলা,O
,বড়লোক,O
,হইতাম,O
,চাই,O
Sentence: 3476,এইনো,O
,মানুষ,O
,মরে,O
Sentence: 2550,আমার,O
,লগে,O
,দেহা,O
,করবার,O
,আইসিন,O
Sentence: 2920,তিনি,O
,গেসিলেন,O
Sentence: 2509,আমি,O
,তুমারে,O
,দেইখ্যা,O
,লমু,O
Sentence: 689,তোমার,O
,ভাই,B-REL
,কোনখানে,O
,চাকরি,O
,করেন,O
Sentence: 613,বাংলাদেশের,B-LOC
,বর্তমান,O
,প্রধানমন্ত্রী,B-ROLE
,শেখ,B-PER
,হাসিনা,I-PER
Sentence: 805,আমার,O
,প্রথম,O
,বিয়া,O
,আমারে,O
,জোর,O
,কইরা,O
,দেয়,O
Sentence: 2308,ছেড়ারার,O
,সহজ,O
,সরল,O
,মনডা,O
,নিয়া,O
,ছেড়িরা,O
,ফুটবল,B-OBJ
,খেলে,O
Sentence: 3419,মেলা,O
,বেলা,O
,কইরা,O
,ঘুমায়,O
Sentence: 1401,আমি,O
,বিশ্বাস,O
,করি,O
,কাউরে,O
,যদি,O
,আমি,O
,নিজের,O
,মত,O
,চাই,O
,তাইলে,O
,নিজের,O
,মত,O
,বানায়া,O
,নিতে,O
,হইব,O
Sentence: 2908,কেক,B-FOOD
,পসন্দ,O
,করি,O
,না,O
Sentence: 2946,আইন্নেরা,O
,যাইন,O
Sentence: 306,আমরা,O
,অনেক,O
,বড়,O
,হয়া,O
,গেসি,O
,মনে,O
,হইতাসে,O
Sentence: 2069,আমি,O
,আইজকা,O
,রাইতের,O
,খাওন,B-FOOD
,খাইতাম,O
,না,O
Sentence: 2344,ছেড়াডা,O
,অনেক,O
,বেশী,O
,কথা,O
,কয়,O
Sentence: 971,আফনেরা,O
,আগে,O
,যান,O
Sentence: 2403,মাইয়াডা,O
,তারে,O
,বিয়া,O
,করব,O
,না,O
,কয়া,O
,দিসে,O
Sentence: 3457,আইন্নে,O
,আমার,O
,লগে,O
,যাইবাইন,O
Sentence: 2711,সহালের,O
,নাস্তাডা,B-FOOD
,কইরা,O
,ইশকুলো,B-ORG
,যাই,O
Sentence: 1243,তোমার,O
,সংসারের,O
,প্রয়োজন,O
,মিটানোর,O
,লাইজ্ঞা,O
,আমার,O
,জন্ম,O
,হয়,O
,নাই,O
Sentence: 83,কয়েকদিন,O
,বাদে,O
,সুদান,B-LOC
,ফিরত,O
,বেডাটা,O
,বিয়া,O
,করে,O
Sentence: 2959,আমার,O
,কালা,B-COL
,রং,I-COL
,পসন্দ,O
Sentence: 2216,যদি,O
,তুমি,O
,আমার,O
,কাসে,O
,ফিরা,O
,আও,O
,তাইলে,O
,তারে,O
,ছইড়া,O
,দেও,O
Sentence: 1043,আমি,O
,বড়,B-REL
,মাইয়া,I-REL
,আমার,O
,ছোট,B-REL
,বোইন,I-REL
,আসে,O
,খালি,O
Sentence: 408,কোন,O
,কিছুই,O
,খুব,O
,সহজে,O
,হারিয়ে,O
,যায়,O
,না,O
Sentence: 296,এই,O
,বিষয়ডা,O
,নিয়া,O
,আর,O
,কথা,O
,কইতে,O
,চাইতাসি,O
,না,O
Sentence: 749,পাহাড়ের,B-LOC
,চূড়ায়,I-LOC
,উঠতাম,O
,চাই,O
Sentence: 1627,কোথাও,O
,যাওনের,O
,রাস্তা,O
Sentence: 1475,আমার,O
,ইচ্ছা,O
,আমি,O
,ভাব্বাম,O
Sentence: 807,দ্বিতীয়,O
,বিয়াতে,O
,আমি,O
,কল্পনার,O
,চেয়েও,O
,বেশি,O
,সুখী,O
Sentence: 3098,আব্বু,B-REL
,আমার,O
,লেইগা,O
,লাল,B-COL
,জামা,B-OBJ
,কিন্না,O
,আনসে,O
Sentence: 2777,সহালবেলা,O
,কাম,O
,করো,O
Sentence: 244,এই,O
,রকম,O
,মানুষরা,O
,কহনো,O
,ঠিক,O
,হয়,O
,না,O
Sentence: 2278,আমার,O
,বন্ধু,B-REL
,ছেড়িরার,O
,লগে,O
,সারা,O
,রাইত,O
,জাইজ্ঞা,O
,কথা,O
,কয়,O
Sentence: 2680,তুমার,O
,কি,O
,পড়াশুনা,O
,এক্কেরেই,O
,ভালা,O
,লাগে,O
,না,O
Sentence: 2479,আমি,O
,আইজকে,O
,শিম,B-FOOD
,ভাজি,I-FOOD
,দিয়া,O
,দুপুরে,O
,ভাত,B-FOOD
,খাইসি,O
Sentence: 1033,আমি,O
,চাইলেই,O
,আমার,O
,আব্বার,O
,বাসায়,O
,চইল্লা,O
,যাইতে,O
,পারি,O
Sentence: 1420,আমার,O
,মতো,O
,এতো,O
,ভুল,O
,মনে,O
,হয়,O
,কেউ,O
,করে,O
,না,O
Sentence: 2567,দেইখ্যা,O
,চোখ,O
,গেলো,O
Sentence: 592,তুমি,O
,বিয়া,O
,করতাসো,O
,না,O
,কেরে,O
Sentence: 3019,মাইয়াডা,O
,লাল,B-COL
,রঙের,I-COL
,শাড়ি,B-OBJ
,পইড়া,O
,আমার,O
,লগে,O
,দেহা,O
,করবার,O
,আইসিন,O
Sentence: 1658,বয়স,O
,সবে,O
,চাইর,O
,বছর,O
,পূর্ণ,O
,হইলো,O
Sentence: 2170,আমার,O
,ছোট,B-REL
,ভাই,I-REL
,ইস্কুলে,B-ORG
,গিয়া,O
,বন্ধুরার,B-REL
,লগে,O
,গল্প,O
,করে,O
Sentence: 2597,কষ্টে,O
,আসি,O
Sentence: 105,তোমারে,O
,দেইখখা,O
,তাক,O
,লাইজ্ঞা,O
,খারায়া,O
,আসিলাম,O
Sentence: 1843,বেশি,O
,শীতও,O
,না,O
,আবার,O
,বেশি,O
,গরমও,O
,না,O
,এমন,O
,আবহাওয়া,O
,লাউ,B-FOOD
,চাষের,O
,লাইজ্ঞা,O
,উত্তম,O
Sentence: 93,বউয়ের,B-REL
,লাইজ্ঞা,O
,আর,O
,বন্ধুগর,B-REL
,মাঝখানে,O
,মুখ,O
,দেহানুর,O
,উপায়,O
,নাই,O
Sentence: 1158,মাইয়াডার,O
,ঘটনা,O
,হুইন্না,O
,আমরা,O
,হেরে,O
,দেশে,B-LOC
,আইতে,O
,কই,O
Sentence: 826,চাপাবাজি,O
,ডা,O
,একটু,O
,কমাও,O
Sentence: 750,এক,O
,পাশে,O
,সাগর,B-LOC
,এক,O
,পাশে,O
,বালি,O
Sentence: 3155,মেলা,O
,সময়,O
,পর,O
,আফনেরে,O
,দেখসি,O
Sentence: 2055,তুমি,O
,কিতা,O
,খেলাধুলায়,O
,ভালা,O
Sentence: 883,আমারে,O
,আগে,O
,বেহেই,O
,আদর,O
,করত,O
Sentence: 221,আইজকের,O
,এই,O
,দিনে,O
,বাংলাদেশরে,B-LOC
,মেলা,O
,মনে,O
,পড়তাসে,O
Sentence: 17,আমার,O
,বাড়ির,O
,দারওয়ান,B-ROLE
,এহন,O
,অর,O
,গ্রামে,B-LOC
,ঘুরতে,O
,গেছে,O
Sentence: 2636,তুমারে,O
,ডাকতাম,O
,না,O
Sentence: 1685,তাই,O
,তহন,O
,হেয়,O
,কারও,O
,লগে,O
,কথা,O
,কইত,O
,না,O
Sentence: 3103,আব্বু,B-REL
,লাল,B-COL
,জামা,B-OBJ
,কিন্না,O
,আনসে,O
Sentence: 1014,তারা,O
,কয়,O
,আমরা,O
,আমরার,O
,বউ,B-REL
,রে,O
,কত,O
,মারি,O
,কোন,O
,দিন,O
,মুখ,O
,দিয়া,O
,কথা,O
,বাইর,O
,করে,O
,না,O
Sentence: 2201,আমার,O
,ভালবাসা,O
,দিয়া,O
,সারাজীবন,O
,তোমার,O
,পাশে,O
,থাকতাম,O
,চাই,O
Sentence: 1195,আমি,O
,টুকটাক,O
,অনলাইনে,O
,কাম,O
,করি,O
Sentence: 100,তোমারে,O
,ছাড়া,O
,একটুও,O
,আমার,O
,ভালালাগেনা,O
Sentence: 3066,আমার,O
,বড়,B-REL
,বইনরে,I-REL
,আমি,O
,অনেক,O
,ভালোবাসি,O
Sentence: 2044,আমার,O
,বাড়ি,O
,দূরে,O
,আসে,O
Sentence: 2283,এই,O
,তিন,O
,বছরের,O
,আবুডার,O
,দোষ,O
,কোনখানে,O
Sentence: 3193,লাল,B-COL
,শাড়ি,B-OBJ
,কিন্না,O
,দিসে,O
Sentence: 1036,হেয়,O
,এহন,O
,নিজে,O
,মুহেই,O
,কয়,O
,তোমার,O
,লগে,O
,আবার,O
,ও,O
,সব,O
,ঠিক,O
,করসি,O
Sentence: 806,অইহানে,O
,ছেড়া,O
,মেলা,O
,কিপটা,O
,আসিল,O
,আমি,O
,দুইবেলা,O
,ভাত,B-FOOD
,খাইতে,O
,পারতাম,O
,না,O
Sentence: 1760,সামনে,O
,কোরবানি,O
,ঈদ,O
,আইতাসে,O
Sentence: 3311,ছেলেরা,B-ROLE
,মাছ,B-ANI
,ধরতাছে,O
Sentence: 2256,তুমি,O
,চইল্লা,O
,যাওনের,O
,পর,O
,আমার,O
,জীবন,O
,থাইম্মা,O
,গেসে,O
Sentence: 3184,আব্বু,B-REL
,আমার,O
,লেইগা,O
,বেগুনি,B-COL
,জামা,B-OBJ
,কিন্না,O
,আনসে,O
Sentence: 1022,আমি,O
,অনেক,O
,চেষ্টা,O
,করসি,O
,যে,O
,আমার,O
,কোন,O
,ভুল,O
,আসে,O
,কিনা,O
Sentence: 3100,লাল,B-COL
,জামা,B-OBJ
,কিন্না,O
,আনসে,O
Sentence: 2802,খাইতাম,O
,না,O
Sentence: 2820,না,O
,ভালা,O
,নাই,O
Sentence: 3402,আইজগা,O
,কতো,O
,তারিখ,O
Sentence: 389,আমরাই,O
,কিসু,O
,বুঝতাম,O
,না,O
Sentence: 2654,গেসে,O
,গা,O
Sentence: 2021,আফনে,O
,কি,O
,আমার,O
,প্রশ্নের,O
,জবাব,O
,দিতে,O
,ফারবাইন,O
Sentence: 2683,তুমার,O
,কি,O
,পড়াশুনা,O
,ভালা,O
,লাগে,O
Sentence: 2745,বিলাই,B-ANI
,দরজাডার,O
,সামনে,O
,বইয়া,O
,আসে,O
Sentence: 509,হেয়,O
,রাস্তা,B-LOC
,দিয়া,O
,হের,O
,গেরামের,B-LOC
,দিকে,O
,ফিরতাসিন,O
Sentence: 857,আমার,O
,আব্বা,B-REL
,পুলিশে,B-ROLE
,আসেন,O
,তো,O
,আম্মার,B-REL
,সাথে,O
,বিয়ার,O
,পর,O
,থাইক্কাই,O
,হেয়,O
,পরকীয়ায়,O
,আসক্ত,O
,আসিলেন,O
Sentence: 787,আমি,O
,আইজকে,O
,সহালে,O
,আমার,O
,বন্ধুরার,B-REL
,লগে,O
,ঝগড়া,O
,করসি,O
Sentence: 1675,আমার,O
,আর,O
,তোমার,O
,মার,B-REL
,অনেক,O
,গয়না,B-OBJ
,আসে,O
Sentence: 104,অনেকদিন,O
,বাদে,O
,তোমারে,O
,দেখলাম,O
Sentence: 199,এই,O
,গানডা,O
,যে,O
,কতো,O
,বার,O
,যে,O
,হুনছি,O
,তার,O
,কোনো,O
,হিসেব,O
,নাই,O
Sentence: 289,জানিনা,O
,পানি,B-FOOD
,পায়াম,O
,নাকিতা,O
,পাইতাম,O
,না,O
Sentence: 2715,আমার,O
,সহালে,O
,কিসু,O
,খাইতে,O
,ভালা,O
,লাগে,O
,না,O
Sentence: 1571,সব,O
,মিলায়া,O
,হের,O
,খুব,O
,আনন্দ,O
,হইতাসিল,O
Sentence: 2796,আমি,O
,খাইবাম,O
Sentence: 2270,আমার,O
,জামাই,B-REL
,আমারারে,O
,নিয়া,O
,রাইতের,O
,বেলা,O
,ঘুরতে,O
,বাইর,O
,হইব,O
Sentence: 956,আমি,O
,মাফ,O
,চাইতাসি,O
Sentence: 1504,বেগ,O
,অঞ্চলের,B-LOC
,মাইনষের,O
,ভাষা,O
,এক,O
,রহমের,O
,না,O
Sentence: 2651,এক্কেরেই,O
,হাসে,O
,না,O
Sentence: 218,গানডা,O
,হুইন্না,O
,আমার,O
,অনেক,O
,ভালা,O
,লাগসে,O
Sentence: 1340,হেয়,O
,দেশে,B-LOC
,আইলে,O
,আমারে,O
,এয়ার্পোটে,B-LOC
,যাইতে,O
,হইত,O
Sentence: 1055,পুলিশরে,B-ROLE
,এটাও,O
,কইয়েন,O
,যে,O
,আমি,O
,যদি,O
,আমার,O
,সমস্যার,O
,কোন,O
,সমাধান,O
,পাইনাই,O
Sentence: 2572,বেহেরেই,O
,কওয়া,O
,হইসে,O
Sentence: 2533,মাতাত,O
,হাতটা,O
,দিয়া,O
,কও,O
,আমারে,O
,ঠকাইবা,O
,না,O
Sentence: 3189,আব্বু,B-REL
,আমার,O
,লেইগা,O
,খয়েরী,B-COL
,জামা,B-OBJ
,কিন্না,O
,আনসে,O
Sentence: 708,মানুষ,O
,আসলে,O
,বড়ই,O
,অদ্ভুত,O
Sentence: 3442,হাসিডা,O
,অনেক,O
,সুন্দর,O
Sentence: 641,বাংলাদেশ,B-LOC
,গ্রামপ্রধান,O
,দেশ,B-LOC
Sentence: 1502,আমার,O
,মামাতো,B-REL
,বইনও,I-REL
,যাইতে,O
,চাইল,O
Sentence: 2649,হে,O
,হাসে,O
Sentence: 2669,আমার,O
,মেলা,O
,খারাপ,O
,লাগতাসে,O
Sentence: 1455,আমার,O
,আট,O
,মাসের,O
,একটা,O
,ছেলে,B-REL
,বাবু,I-REL
,আছে,O
Sentence: 992,তোমারে,O
,ছাড়া,O
,বাচবাম,O
,তোমার,O
,বিয়াতেও,O
,নাচবাম,O
Sentence: 2503,আমি,O
,ওইনদিয়া,O
,যাইয়াম।,O
Sentence: 2389,আফনে,O
,ফুটবল,B-OBJ
,খেলায়,O
,হাইরা,O
,গেলেন,O
Sentence: 2273,ছেড়াডা,O
,হের,O
,পরিবারের,O
,পসন্দে,O
,বিয়া,O
,কইরা,O
,ফালায়,O
Sentence: 2046,তুমি,O
,কি,O
,কহনো,O
,এইহানে,O
,আইতে,O
,পারবা,O
Sentence: 150,চোক্ষের,O
,সামনে,O
,যারারে,O
,দেখছেন,O
,তারারে,O
,কালকে,O
,সকালে,O
,আর,O
,দেখতে,O
,ফাইবেন,O
,কিনা,O
,তার,O
,কোনও,O
,নিশ্চয়তা,O
,নাই,O
Sentence: 929,একটা,O
,কুত্তা,B-ANI
,রাস্তায়,B-LOC
,বয়া,O
,আসে,O
Sentence: 610,তুমি,O
,কিতা,O
,হাতার,O
,জানো,O
Sentence: 1380,আমি,O
,আম্মা,B-REL
,রে,O
,কইলাম,O
,আব্বা,B-REL
,হুনতে,O
,চাইসে,O
,একটু,O
,সান্ত্বনা,O
Sentence: 502,সকালে,O
,পড়াশুনা,O
,করা,O
,ভালা,O
,উপায়,O
Sentence: 990,কিন্তু,O
,হেয়,O
,ভালা,O
,হয়না,O
Sentence: 619,জীবনে,O
,উন্নতি,O
,করতে,O
,গেলে,O
,অনেক,O
,সময়,O
,অনেক,O
,বাঁধার,O
,সম্মুখীন,O
,হইতে,O
,হয়,O
Sentence: 594,ঘড়িতে,B-OBJ
,কয়টা,O
,বাজে,O
Sentence: 1406,আমি,O
,পর,O
,পর,O
,তিন,O
,বছর,O
,তারে,O
,সারপ্রাইজ,O
,দিসি,O
,জন্মদিনে,O
Sentence: 1020,আফনেরা,O
,কন,O
,যে,O
,জামাই,B-REL
,ভালোবাসে,O
,কথা,O
,কয়না,O
Sentence: 1964,আমার,O
,মেলা,O
,গরম,O
,লাগতাসে,O
Sentence: 2991,তিনি,O
,দাড়াইলেন,O
Sentence: 1172,আমি,O
,বিবাহিত,O
Sentence: 432,আফনে,O
,কি,O
,এই,O
,বইডা,B-OBJ
,পড়তে,O
,পারেন,O
Sentence: 3062,বড়,B-REL
,বইন,I-REL
,আমাারে,O
,অনেক,O
,ভালোবাসে,O
Sentence: 1182,ভালোবাসা,O
,থাকলে,O
,বেগকিসুই,O
,সুন্দর,O
Sentence: 1912,সে,O
,তারে,O
,অনেক,O
,বিরক্ত,O
,করে,O
Sentence: 1692,আহা,O
,যারা,O
,হাইরা,O
,গেল,O
,ওরার,O
,মনে,O
,মেলা,O
,কষ্ট,O
Sentence: 59,একটা,O
,ছুটো,O
,আবু,O
,বিছানাত,B-OBJ
,লাফাইয়া,O
,উঠছে,O
Sentence: 1750,আমার,O
,জামাই,B-REL
,তিন,O
,বছর,O
,ধইরা,O
,বিদেশে,B-LOC
,আসেন,O
Sentence: 1798,গ্রামের,B-LOC
,মানুষরা,O
,লাকড়ির,B-OBJ
,চুলা,I-OBJ
,ব্যবহার,O
,করে,O
Sentence: 692,আমি,O
,চিংড়ী,B-FOOD
,মাছ,I-FOOD
,খাইতাম,O
,পসন্দ,O
,করি,O
Sentence: 2343,যেই,O
,মেয়ে,O
,বেশী,O
,কথা,O
,কয়,O
,তারে,O
,আমার,O
,পসন্দ,O
,না,O
Sentence: 2608,তুমি,O
,কি,O
,রাইতের,O
,বেলা,O
,বাইরোবা,O
Sentence: 1630,মিথ্যা,O
,কথা,O
,কইয়ো,O
,না,O
Sentence: 1190,আমি,O
,নাকি,O
,মইরা,O
,গেলে,O
,হের,O
,একটা,O
,আফসোস,O
,থাকব,O
,শুধু,O
,আমি,O
,নাকি,O
,তারে,O
,বুঝিনাই,O
,কহনো,O
Sentence: 1213,মাইয়ার,B-REL
,মুহের,O
,দিকে,O
,তাকায়া,O
,ঝগড়া,O
,কইরাই,O
,থাকত,O
Sentence: 346,হেই,O
,আকাশে,O
,উড়ন্ত,O
,পক্ষির,B-ANI
,গান,O
,হুনতেই,O
,মন,O
,খুশি,O
,হয়া,O
,উঠত,O
Sentence: 2384,আমার,O
,বড়,B-REL
,বইন,I-REL
,প্রচন্ড,O
,অলস,O
,একটা,O
,কাম,O
,সময়মতো,O
,করতে,O
,ফারে,O
,না,O
Sentence: 2606,তুমি,O
,দুরফে,O
,কিতা,O
,খাইসো,O
Sentence: 2968,আমার,O
,খয়রি,B-COL
,রং,I-COL
,পসন্দ,O
Sentence: 1779,গরমের,O
,দিনে,O
,তাজা,O
,নাইরকেল,B-FOOD
,পান,O
,করা,O
,মেলা,O
,আনন্দদায়ক,O
Sentence: 2918,তিনি,O
,রাইগ্যা,O
,গেসিলেন,O
Sentence: 1618,হেরার,O
,বাগান,B-LOC
,অন্যরার,O
,বাগানের,B-LOC
,মত,O
,না,O
Sentence: 1129,কিন্তু,O
,ছেলেটা,O
,অনেক,O
,ভালা,O
,মানুষ,O
,কোনো,O
,নেশা,O
,নাই,O
Sentence: 403,এখন,O
,আবার,O
,একটা,O
,মাইয়ারে,O
,অনেক,O
,ভালবাসি,O
Sentence: 514,আমি,O
,গান,O
,গাইতাম,O
,চাই,O
Sentence: 1410,সময়,O
,লাগসে,O
,কিন্তু,O
,আমি,O
,যা,O
,হের,O
,থাইক্কা,O
,চাই,O
,সেইটা,O
,কিন্তু,O
,ঠিক,O
,বের,O
,করে,O
,আনসি,O
Sentence: 1987,আফনের,O
,নাম,O
,কি,O
Sentence: 1063,দুই,O
,বেলা,O
,ডাল,B-FOOD
,ভাত,I-FOOD
,খায়া,O
,নিজের,O
,মত,O
,একলা,O
,থাহা,O
,মেলা,O
,ভালা,O
Sentence: 709,আজকে,O
,আমি,O
,ছাতা,B-OBJ
,আনতে,O
,ভুইল্লা,O
,গেসি,O
Sentence: 462,আমি,O
,প্রত্যেকদিন,O
,ফুটবল,B-OBJ
,খেলতাম,O
,যাই,O
Sentence: 661,তুমি,O
,কিতা,O
,গেসিলা,O
Sentence: 1824,আমার,O
,দুইদিন,O
,ধইরা,O
,সর্দি,O
,কাশি,O
Sentence: 338,আফনে,O
,মেলা,O
,সুন্দরমতন,O
,সমস্যাডা,O
,সমাধান,O
,করসেন,O
Sentence: 623,তরে,O
,ধন্যবাদ,O
,এমন,O
,ভালা,O
,একটা,O
,বইয়ের,B-OBJ
,খোজ,O
,দেওনের,O
,লাইজ্ঞা,O
Sentence: 1809,এই,O
,আবুডা,O
,মেলা,O
,অসুস্থ,O
Sentence: 2801,আমি,O
,ভাত,B-FOOD
,খাইতাম,O
,না,O
Sentence: 1865,বাংলাদেশে,B-LOC
,জনপ্রিয়,O
,সবজির,B-FOOD
,অন্যতম,O
,লাউ,B-FOOD
,যেইডা,O
,এহন,O
,প্রায়,O
,সারা,O
,বছরই,O
,পাওয়ন,O
,যায়,O
Sentence: 2939,পায়ে,O
,বেদনা,O
,করতাসে,O
Sentence: 3390,তারা,O
,তিনডা,O
,ভাই,O
,আসিন,O
Sentence: 2671,মেলা,O
,খারাপ,O
,লাগতাসে,O
Sentence: 1682,কিন্তু,O
,বাঁচান,O
,যায়,O
,নাই,O
Sentence: 3330,আমি,O
,তোমার,O
,হাসিডা,O
,দেইখা,O
,প্রেমে,O
,পড়ছি,O
Sentence: 1204,আমাদের,O
,তিন,O
,বছরের,O
,সংসার,O
,বাচ্চা,B-REL
,হয়নাই,O
Sentence: 1299,বেগ,O
,কাম,O
,আমি,O
,করি,O
,হেয়,O
,একটা,O
,কাম,O
,ও,O
,করেন,O
,না,O
,তাও,O
,আমরা,O
,খারাপ,O
Sentence: 3225,নিজের,O
,পরিবার,O
,লইয়া,O
,বইন,O
Sentence: 706,আমি,O
,ছবি,O
,তুলতাম,O
,পসন্দ,O
,করি,O
Sentence: 1060,আফনে,O
,একটা,O
,সাহায্য,O
,পাইতসেন,O
,পুলিশের,B-ROLE
,কাস,O
,থাইক্কা,O
Sentence: 2915,আমি,O
,আসিলাম,O
Sentence: 1690,ছোটো,B-REL
,বইন,I-REL
,চিক্কুর,O
,দিয়া,O
,উঠল,O
,দারুণ,O
Sentence: 1467,আমার,O
,জামাই,B-REL
,বাসায়,O
,ফিরলেই,O
,আমার,O
,কোলে,O
,মাথা,O
,রাখে,O
Sentence: 650,রাতের,B-FOOD
,খাওনডা,I-FOOD
,সাইরাই,O
,ঘুমায়া,O
,পড়লাম,O
Sentence: 257,আমার,O
,একটাই,O
,কথা,O
,ছেলে,O
,মানুষের,O
,কাসে,O
,কিসের,O
,প্রয়োজন,O
,থাকতে,O
,ফারে,O
Sentence: 3271,একটা,O
,ছুডো,B-REL
,বইন,I-REL
Sentence: 2566,খাওন,O
,শেষ,O
,কইরা,O
,তখন,O
,হের,O
,দিকে,O
,গেলো,O
Sentence: 839,আমার,O
,দিকে,O
,তো,O
,আর,O
,তাকাও,O
,না,O
,চোখ,O
,থাকে,O
,অন্য,O
,মাইয়ারার,O
,দিকে,O
Sentence: 1620,পুতুলের,B-OBJ
,এই,O
,লাইজ্ঞাই,O
,মেলা,O
,মন,O
,খারাপ,O
Sentence: 3341,আমার,O
,এক্কেরেই,O
,ভালা,O
,লাগেনা,O
Sentence: 1453,কি,O
,ছিলাম,O
,আর,O
,কি,O
,হইলাম,O
Sentence: 2421,প্রথমদিকে,O
,আফনেরে,O
,আমি,O
,এত,O
,ভালবাসতাম,O
,না,O
Sentence: 1605,কমলাপুর,B-LOC
,রেলস্টেশন,I-LOC
,থাইক্কা,O
,বইনের,O
,বাসায়,O
,যাইতাসি,O
Sentence: 2519,শিমুর,B-PER
,আসমানী,B-COL
,রং,I-COL
,পসন্দ,O
Sentence: 177,চল,O
,দুইজনে,O
,হাত,O
,ধইরা,O
,হারায়াম,O
Sentence: 1334,তাইলে,O
,হের,O
,লগে,O
,আলাদা,O
,হয়া,O
,যায়াম,O
Sentence: 266,পসন্দ,O
,কইরাই,O
,পরিবারের,O
,মাধ্যমে,O
,বিয়া,O
,কইরা,O
,আনসে,O
Sentence: 1130,আমি,O
,সবকিছু,O
,বুঝে,O
,প্রেম,O
,করতে,O
,গেলাম,O
Sentence: 2305,আজ,O
,গরিব,O
,বইল্লা,O
,কেউ,O
,আমারে,O
,ভালবাসে,O
,না,O
Sentence: 3411,আইজকা,O
,আমার,O
,জন্মদিন,O
Sentence: 3001,নাস্তা,B-FOOD
,কইরা,O
,ইশকুলো,B-ORG
,যাই,O
,না,O
Sentence: 2399,তোমার,O
,কিতা,O
,মাথা,O
,ব্যাথা,O
,করতাসে,O
Sentence: 740,তুমি,O
,রান্না,O
,করতে,O
,পার,O
Sentence: 1696,একটা,O
,শব্দের,O
,মেলা,O
,রকম,O
,অর্থ,O
,থাকতে,O
,পারে,O
Sentence: 1801,গরমের,O
,দিনে,O
,গোসল,O
,করন,O
,ছাড়া,O
,একটা,O
,দিনও,O
,টিকা,O
,মুশকিল,O
Sentence: 485,তুমি,O
,এইহানে,O
,থাকলে,O
,আমি,O
,খুশি,O
Sentence: 1540,আমরার,O
,নামের,O
,প্রয়োজন,O
,হয়,O
,না,O
Sentence: 2292,আমার,O
,বন্ধুরা,B-REL
,হাচাই,O
,ভালা,O
,মনের,O
,মানুষ,O
Sentence: 2147,আমার,O
,সকালে,O
,উইত্থা,O
,বই,B-OBJ
,পরতে,O
,মেলা,O
,ভালা,O
,লাগে,O
Sentence: 3302,আমি,O
,মেধাবী,O
,আসিলাম,O
Sentence: 2014,আমি,O
,আফনের,O
,সাথে,O
,আসি,O
Sentence: 741,তোমার,O
,হাতের,O
,লেহা,O
,মেলা,O
,সুন্দর,O
Sentence: 3468,ডরাইসিলাম,O
,আমি,O
Sentence: 1307,আমি,O
,আমার,O
,বাপ,B-REL
,মার,B-REL
,একমাত্র,O
,সন্তান,B-REL
Sentence: 1942,মেলাদিন,O
,পরে,O
,আফনের,O
,সাথে,O
,দেহা,O
Sentence: 615,তুমি,O
,কুন,O
,বিষয়,O
,পড়াশুনা,O
,করসো,O
Sentence: 595,আজকে,O
,দুফুরে,O
,আমরার,O
,দাওয়াত,O
,আসে,O
Sentence: 1111,যত,O
,তাড়াতাড়ি,O
,সম্ভব,O
,বিয়ার,O
,ব্যবস্থা,O
,কর,O
Sentence: 3110,চুলডি,O
,মেলা,O
,লম্বা,O
Sentence: 133,আমার,O
,বন্ধু,B-REL
,আমারে,O
,একটা,O
,লাল,B-COL
,গোলাপ,B-OBJ
,কিন্না,O
,দিসে,O
Sentence: 2497,তুমি,O
,কিতা,O
,আমারে,O
,এক,O
,গ্লাস,B-OBJ
,পানি,B-FOOD
,আইন্না,O
,দিতে,O
,পারবা,O
Sentence: 655,বিষয়ডা,O
,আসলেই,O
,দুশ্চিন্তার,O
Sentence: 180,সত্যের,O
,ভালবাসা,O
,হারে,O
,না,O
,মিথ্যা,O
,ভালবাসা,O
,হাইরা,O
,যায়,O
Sentence: 2961,আপেল,B-FOOD
,পসন্দ,O
Sentence: 3166,মেলা,O
,দিন,O
,বাদে,O
Sentence: 3291,শুইয়া,O
,টিভি,B-OBJ
,দেখতাসিলাম,O
Sentence: 1772,বেহের,O
,জীবনে,O
,একটা,O
,লক্ষ্য,O
,থাকতে,O
,হইব,O
Sentence: 278,গত,O
,এক,O
,মাস,O
,আগে,O
,বউয়ের,B-REL
,সাথে,O
,ঝগড়া,O
,কইরা,O
,জামাই,B-REL
,দেশে,B-LOC
,চইল্লা,O
,আসে,O
Sentence: 252,আমার,O
,জামাই,B-REL
,বিভিন্ন,O
,মাইয়ার,O
,সাথে,O
,সারা,O
,রাত,O
,জাইজ্ঞা,O
,কথা,O
,কয়,O
Sentence: 3068,বইনরে,B-REL
,আমি,O
,অনেক,O
,ভালোবাসি,O
Sentence: 3350,আমার,O
,মরগীর,B-FOOD
,মাংশ,I-FOOD
,বেশি,O
,পসন্দ,O
,করি,O
Sentence: 585,হেয়,O
,মেলা,O
,বেলা,O
,কইরা,O
,ঘুমায়,O
Sentence: 1254,এহন,O
,নিজেই,O
,আর,O
,পারতাসি,O
,না,O
Sentence: 440,তুইন,O
,আমার,O
,লাইজ্ঞা,O
,কুনো,O
,সুন্দর,O
,উফহার,O
,কিনতা,O
,পারবি,O
Sentence: 1397,আমার,O
,কহনো,O
,মনে,O
,হয়,O
,নাই,O
,আমি,O
,কেন,O
,ছোট,O
,হবো,O
Sentence: 534,হেরা,O
,তিন,O
,ভাই,B-REL
,আসিন,O
,কিন্তু,O
,তারার,O
,মদ্ধে,O
,মিল,O
,আসিন,O
,না,O
Sentence: 2392,আফনে,O
,আমারে,O
,দয়া,O
,কইরা,O
,বিশ্বাস,O
,করেন,O
Sentence: 3213,ছেরাডা,O
,বল,B-OBJ
,দিয়া,O
,খেলতাসে,O
Sentence: 3278,কতাও,O
,আর,O
,কইতাম,O
,না,O
Sentence: 1476,আমি,O
,তো,O
,বেক্কলই,O
Sentence: 1061,আমি,O
,কমু,O
,আফনে,O
,বিবাহবিচ্ছেদ,O
,পথ,O
,বাইচ্ছা,O
,নেন,O
Sentence: 2986,সময়,O
,শেষ,O
Sentence: 2052,আমার,O
,বাড়িত,O
,মেলা,O
,সুন্দর,O
,ফুল,B-OBJ
,আসে,O
Sentence: 3258,দেহা,O
,করুন,O
,যাইবো,O
Sentence: 3111,মেলা,O
,লম্বা,O
Sentence: 3420,বেলা,O
,কইরা,O
,ঘুমায়,O
Sentence: 2349,লোকটা,O
,হের,O
,বউয়ের,B-REL
,গায়ে,O
,হাত,O
,তুলে,O
Sentence: 1331,আমি,O
,এহন,O
,থাইক্কা,O
,সিদ্ধান্ত,O
,নিসি,O
,আর,O
,কারো,O
,কথা,O
,আমি,O
,হুনতাম,O
,না,O
Sentence: 2499,তোমার,O
,ভাই,B-REL
,পড়ালেহাতে,O
,অনেক,O
,মেধাবি,O
Sentence: 1438,আমি,O
,তোমার,O
,পাশে,O
,আসি,O
Sentence: 3165,মেলা,O
,দিন,O
,বাদে,O
,তুমারে,O
,দেখলাম,O
Sentence: 3347,ভাইডা,B-REL
,কই,O
,চাকরি,O
,করে,O
Sentence: 1545,ফোন,O
,কইরা,O
,জানাইল,O
Sentence: 2160,মাইয়াডা,O
,রাজশাহী,B-LOC
,থাইক্কা,O
,আমার,O
,বড়,B-REL
,ভাইয়ের,I-REL
,সাথে,O
,দেখা,O
,করতে,O
,আইসিল,O
Sentence: 2075,তুমি,O
,কি,O
,চাকরি,O
,করছো,O
,এখনো,O
Sentence: 2355,তোমার,O
,পাশে,O
,থাকলে,O
,আমি,O
,কল্পনার,O
,চেয়েও,O
,বেশি,O
,সুখী,O
,থাহি,O
Sentence: 3108,আব্বু,B-REL
,আমার,O
,লেইগা,O
,সাদা,B-COL
,জামা,B-OBJ
,কিন্না,O
,আনসে,O
Sentence: 760,খেলার,B-LOC
,মাঠে,I-LOC
,আইজকে,O
,মেলা,O
,মানুষ,O
Sentence: 2061,হের,O
,এই,O
,মাসে,O
,বিদেশে,B-LOC
,যাওনের,O
,কথা,O
,আসিল,O
Sentence: 315,কিসু,O
,পাইতে,O
,হইলে,O
,কিসু,O
,ছাড়তে,O
,হইব,O
Sentence: 2586,এইডা,O
,কি,O
,কইরা,O
,সম্ভব,O
Sentence: 67,আমি,O
,বিয়া,O
,করসি,O
,দশ,O
,বছর,O
,হইসে,O
Sentence: 1162,বাসায়,O
,পোলা,O
,আসিল,O
,আর,O
,হের,O
,পরিবারের,O
,সমস্ত,O
,সদস্যরা,O
,আসিল,O
Sentence: 3325,তোমার,O
,গানের,O
,গলা,O
,মেলা,O
,ভালা,O
Sentence: 1660,আব্বা,B-REL
,একদিন,O
,কথায়,O
,কথায়,O
,মারে,B-REL
,কইলেন,O
Sentence: 751,তোমার,O
,ছেড়া,B-REL
,অনেক,O
,দুষ্ট,O
Sentence: 1819,এই,O
,বাজারেই,B-LOC
,টমেটো,B-FOOD
,বিক্রি,O
,কইরা,O
,কোটিপতি,O
,হয়া,O
,গেলেন,O
,এক,O
,কৃষক,B-ROLE
Sentence: 3160,একটা,O
,দুহানো,O
,যাওন,O
,লাগবো,O
Sentence: 138,যদি,O
,হেয়,O
,তোমার,O
,কাছে,O
,ফিরা,O
,আসে,O
,তবে,O
,হেয়,O
,তোমারই,O
,আসিল,O
Sentence: 2181,ছেড়াডা,O
,বিদেশে,B-LOC
,গিয়া,O
,পড়ালেহা,O
,করার,O
,স্বপ্ন,O
,দেহে,O
Sentence: 72,বহুত,O
,মাথা,O
,ব্যথা,O
,করতাসিলো,O
Sentence: 2232,আমি,O
,যতদিন,O
,বাইচ্চা,O
,থাহি,O
,আফনেরে,O
,মনে,O
,রাখবাম,O
Sentence: 2524,আইন্নেরা,O
,আগে,O
,যাইন,O
Sentence: 2470,এক,O
,কৃষক,B-ROLE
,বাজারে,O
,টমেটো,B-FOOD
,বেচে,O
Sentence: 64,আমি,O
,একটা,O
,ছেড়ি,O
Sentence: 328,আমরার,O
,পরিবারে,O
,আনন্দের,O
,বাইরে,O
,কোন,O
,ঝগড়া,O
,নাই,O
Sentence: 1051,এমন,O
,কিসু,O
,করবাম,O
,যাতে,O
,হের,O
,কাসে,O
,আমার,O
,না,O
,যাইতে,O
,হয়,O
Sentence: 2621,আইন্নের,O
,লগে,O
,কতা,O
Sentence: 832,একটু,O
,বেশী,O
,হয়া,O
,গেসে,O
,কম,O
,হইলে,O
,আরো,O
,ভালা,O
,লাগতো,O
Sentence: 1306,আমার,O
,মা,B-REL
,মারা,O
,গেসে,O
,আট,O
,মাস,O
,আগে,O
Sentence: 1375,হেয়,O
,সারাদিন,O
,কত,O
,কষ্ট,O
,কইরা,O
,কাম,O
,করে,O
Sentence: 154,গোলাপ,B-OBJ
,ফুল,I-OBJ
,দিয়াম,O
,আমি,O
,তোমার,O
,হাতে,O
Sentence: 2624,আমার,O
,কতা,O
,বুজোস,O
,তুই,O
Sentence: 2786,তুমার,O
,নামডা,O
,কি,O
Sentence: 1777,বিভিন্ন,O
,ফলের,B-FOOD
,মধ্যে,O
,পেয়ারা,B-FOOD
,অন্যতম,O
,জনপ্রিয়,O
,ফল,B-FOOD
Sentence: 891,আমি,O
,একজন,O
,ছেড়া,O
,বর্তমানে,O
,বাংলাদেশ,B-ORG
,নেভীতে,I-ORG
,কর্মরত,O
,আসি,O
Sentence: 1498,কেরে,O
,পলাশের,B-PER
,কথায়,O
,বিরক্ত,O
,হইসিল,O
Sentence: 1497,ক্লাসে,O
,কোন,O
,বিষয়,O
,নিয়া,O
,কথা,O
,কইসিলেন,O
Sentence: 3467,কানো,O
,কতা,O
,যায়,O
,তোর,O
Sentence: 916,আমার,O
,সন্ধায়,O
,কফি,B-FOOD
,খাওনের,O
,অভ্যাস,O
,আসে,O
Sentence: 2153,আমার,O
,বন্ধু,B-REL
,আজকে,O
,সকালে,O
,ফুটবল,B-OBJ
,খেলসে,O
Sentence: 1645,আমগাছে,O
,প্রচুর,O
,মুকুল,B-OBJ
,আইসে,O
Sentence: 342,আফনের,O
,ছবিডা,B-OBJ
,দেইক্ষা,O
,মন,O
,ভইরা,O
,গেল,O
Sentence: 873,আমি,O
,একজন,O
,অবিবাহিতা,O
Sentence: 2808,কি,O
,খবর,O
,তুমার,O
Sentence: 2955,করতাম,O
,কেমনে,O
Sentence: 628,নদীর,B-LOC
,দুপাড়ের,O
,মনোরম,O
,দৃশ্যে,O
,চোখ,O
,জুড়িয়ে,O
,যায়,O
Sentence: 2092,টেহা,B-OBJ
,দিয়া,O
,কিতা,O
,করবা,O
Sentence: 3209,ছেরাডা,O
,একটা,O
,বল,B-OBJ
,দিয়া,O
,খেলতাসে,O
Sentence: 1898,ওইহানে,O
,মেলা,O
,পুলিশ,B-ROLE
,দেইক্ষা,O
,বাসার,O
,দিকে,O
,ফিরছিলাম,O
Sentence: 2451,আমার,O
,আম্মা,B-REL
,কয়,O
,যে,O
,তেঁতুল,B-FOOD
,খাইলে,O
,আমার,O
,বুদ্ধি,O
,কইম্মা,O
,যাইব,O
Sentence: 1626,হাতে,O
,তালি,O
,দিয়া,O
,দিয়া,O
,কি,O
,পড়ন,O
,যায়,O
Sentence: 658,গণিত,O
,তোমার,O
,কেমন,O
,লাগে,O
Sentence: 602,তোমরার,O
,প্রিয়,O
,লেখক,B-ROLE
,কেডা,O
Sentence: 2750,তুমি,O
,কইত্তে,O
,আইসো,O
Sentence: 2408,আমি,O
,বেহেইরে,O
,বুঝায়া,O
,বুঝায়া,O
,ক্লান্ত,O
,যে,O
,আমার,O
,আম্মা,B-REL
,এরকম,O
,কিসু,O
,করে,O
,নাই,O
Sentence: 2803,তুমি,O
,কিতা,O
,করো,O
Sentence: 2404,বাড়ি,O
,থাইক্কা,O
,বিয়ার,O
,লাইজ্ঞা,O
,আমার,O
,লাইজ্ঞা,O
,মাইয়া,O
,দেহা,O
,শুরু,O
,করলো,O
Sentence: 1841,ঘরের,O
,ফ্লোর,O
,পরিষ্কার,O
,করতে,O
,হইব,O
Sentence: 870,আটাশ ,O
,বছর,O
,ধইরা,O
,আমার,O
,আম্মা,B-REL
,কষ্ট,O
,কইরা,O
,গেসেন,O
Sentence: 170,মিষ্টি,O
,হাইসসা,O
,কথা,O
,কইয়া,O
,পাগল,O
,কইরা,O
,দিসে,O
Sentence: 2830,আঙুর,B-FOOD
,আমার,O
,পসন্দ,O
Sentence: 1064,যাই,O
,হোক,O
,মায়ের,B-REL
,কাসে,O
,মেলা,O
,কিসু,O
,পাওনের,O
,থাকলেও,O
,আফনে,O
,তেমন,O
,কিসু,O
,পান,O
,নাই,O
Sentence: 2089,চলো,O
,পলায়া,O
,যাই,O
Sentence: 3163,প্রথমে,O
,একটা,O
,দুহানো,O
,যাওন,O
,লাগবো,O
Sentence: 2884,মাফ,O
,চাইসিলাম,O
Sentence: 3135,আমারে,O
,চিনো,O
Sentence: 695,না,O
,কইরা,O
,দিও,O
,ছেড়া,B-REL
,পক্ষকে,I-REL
Sentence: 3246,ছবি,O
,তুলুন,O
,লাগবো,O
Sentence: 2646,হে,O
,এহন,O
,রাজশাহী,B-LOC
,গেসে,O
,গা,O
Sentence: 820,খাওনে,B-FOOD
,লবণ,B-FOOD
,একটু,O
,কম,O
,হইসে,O
Sentence: 1849,চাষাবাদ,O
,কইরা,O
,আমি,O
,সময়,O
,কাটাই,O
Sentence: 1602,কিসু,O
,দিন,O
,বাদে,O
,পারুল,B-PER
,নিজেই,O
,জানাইল,O
,বইটা,B-OBJ
,পাওয়ন,O
,গেসে,O
Sentence: 255,এহন,O
,বিয়ার,O
,পর,O
,জানতে,O
,পারসি,O
,আমার,O
,জামাই,B-REL
,আগে,O
,দুইডা,O
,বিয়া,O
,করসিল,O
Sentence: 2034,আমি,O
,আফনের,O
,সাথে,O
,মজা,O
,করতাম,O
,চাই,O
Sentence: 2468,আমার,O
,দাদা,B-REL
,চুলে,O
,সইরষার,O
,তেল,O
,দেয়,O
Sentence: 2225,তোমার,O
,কোন,O
,কথাতেই,O
,কোনও,O
,নিশ্চয়তা,O
,নাই,O
Sentence: 1519,হেয়,O
,চানাচুর,B-FOOD
,বেচতে,O
,আয়,O
Sentence: 1503,লেইক্ষা,O
,শিক্ষকের,B-ROLE
,কাছে,O
,জমা,O
,দেও,O
Sentence: 3348,কই,O
,চাকরি,O
,করে,O
Sentence: 392,ছেড়িডার,O
,একটা,O
,ভালা,O
,বন্ধু,B-REL
,আসিল,O
Sentence: 3222,তুমার,O
,পসন্দের,O
,কয়ডা,O
,বই,B-OBJ
,কিনসি,O
Sentence: 75,এক,O
,কথায়,O
,মেলা,O
,সুন্দর,O
,লাগতাসে,O
,আফনেরে,O
Sentence: 2554,হইয়া,O
,গেসি,O
Sentence: 2978,শিমুর,B-PER
,নীল,B-COL
,রং,I-COL
,পসন্দ,O
Sentence: 3322,তোমার,O
,ভাইরে,B-REL
,দেখলাম,O
Sentence: 3104,আব্বু,B-REL
,জামা,B-OBJ
,কিন্না,O
,আনসেে,O
Sentence: 1506,দক্ষিণের,B-LOC
,জেলা,I-LOC
,কক্সবাজার,I-LOC
Sentence: 2420,ছেড়াডা,O
,সিগারেট,B-OBJ
,পর্যন্ত,O
,খায়,O
,না,O
Sentence: 3056,আইন্নের,O
,লগে,O
,আসি,O
Sentence: 86,পিছনে,O
,এহনো,O
,অনেক,O
,মানুষ,O
,লাইনে,O
,খারায়া,O
,আসে,O
Sentence: 1589,হেয়,O
,মাঠে,B-LOC
,আয়,O
,নাই,O
Sentence: 1952,আমি,O
,আগেও,O
,কইসি,O
,তুমি,O
,ছাড়া,O
,এই,O
,দুনিয়াতে,B-LOC
,আমার,O
,আর,O
,কিসুই,O
,নাই,O
Sentence: 413,আপনার,O
,সাথে,O
,দেহা,O
,হয়া,O
,আসলেই,O
,খুব,O
,ভালা,O
,লাগলো,O
Sentence: 601,তোমরা,O
,কিতা,O
,গল্পের,B-OBJ
,বই,I-OBJ
,পড়তে,O
,পসন্দ,O
,কর,O
Sentence: 76,আফনের,O
,ছবিরতন,B-OBJ
,আফনে,O
,বাস্তবে,O
,বেশি,O
,সুন্দর,O
Sentence: 2565,কতা,O
,না,O
,কইয়া,O
,খাওনে,O
,মনযোগ,O
,দেও,O
Sentence: 130,তোমার,O
,কিতা,O
,মন,O
,খারাপ,O
Sentence: 3211,বল,B-OBJ
,দিয়া,O
,খেলতাসে,O
Sentence: 2054,আমি,O
,এইহানে,O
,প্রত্যেকদিন,O
,আই,O
Sentence: 2930,আমি,O
,হারবাম,O
,না,O
Sentence: 3259,করা,O
,যাইবো,O
Sentence: 1425,প্রতিবারই,O
,আশা,O
,করতাম,O
,যে,O
,ভালা,O
,হয়া,O
,গেসে,O
Sentence: 2589,তুমি,O
,ঘুমাও,O
,কেরে,O
Sentence: 1403,এটা,O
,জরুরি,O
,না,O
,বেগ,O
,সময়,O
,বেগ,O
,কিসু,O
,আরেকজন,O
,করব,O
Sentence: 359,একমাত্র,O
,মাইয়ারাই,O
,ফারে,O
,অবলা,O
,পোলাদের,O
,সহজ,O
,সরল,O
,মনটা,O
,রে,O
,ফুটবল,B-OBJ
,ভাইব্বা,O
,খেলা,O
,করতে,O
Sentence: 1792,একটা,O
,বিলাইয়ের,B-ANI
,বাচ্চা,I-ANI
,পালনের,O
,মেলা,O
,ইচ্ছা,O
,আমার,O
Sentence: 694,আইজকা,O
,তোমারে,O
,দেখতে,O
,আইব,O
Sentence: 1119,আমি,O
,চাইতাসি,O
,ট্রেনিং,O
,থাইক্কা,O
,ফিরাই,O
,তারে,O
,বিয়া,O
,করতে,O
Sentence: 2645,ছেরাডা,O
,সাদা,B-COL
,রঙ্গের,I-COL
,একটা,O
,শার্ট,B-OBJ
,পইড়া,O
,আইসিন,O
Sentence: 91,নিজের,O
,পছন্দের,O
,বিয়াতে,O
,বাপ,B-REL
,মা,B-REL
,রে,O
,রাজি,O
,করান,O
,হইল,O
Sentence: 274,দয়া,O
,কইরা,O
,নাম,O
,পরিচয়,O
,গোপন,O
,রাখবাইন,O
Sentence: 681,আমি,O
,তোমার,O
,হাসির,O
,প্রেমে,O
,পড়সি,O
Sentence: 1192,আমারে,O
,আল্লাহর,O
,কসম,O
,দিয়া,O
,কয়া,O
,দিল,O
,এসব,O
,হেয়,O
,পারব,O
,না,O
Sentence: 3331,তোমার,O
,পরিবারো,O
,কেডা,O
,কেডা,O
,আছে,O
Sentence: 2792,কি,O
,আনবাম,O
Sentence: 2129,তুমি,O
,কিতা,O
,আমারে,O
,এই,O
,কামডা,O
,কইরা,O
,দিতা,O
,ফারবা,O
Sentence: 494,আমার,O
,বড়,B-REL
,বইন,I-REL
,আমারে,O
,মেলা,O
,ভালবাসে,O
Sentence: 2542,আমি,O
,মেলা,O
,অসহাই,O
,বোধ,O
,করতাসি,O
Sentence: 3267,আমার,O
,পরিবারে,O
,আমি,O
,মা,B-REL
,বাবা,B-REL
Sentence: 2936,আমার,O
,হাতে,O
,বেদনা,O
Sentence: 1508,আইজ,O
,কোন,O
,খেলা,O
,হইতো,O
,না,O
Sentence: 2110,ওয়,O
,ঢাকা,B-LOC
,থাইক্কা,O
,গ্রামে,B-LOC
,গেসিল,O
Sentence: 765,ছেড়াডার,O
,রাগ,O
,মেলা,O
,বেশী,O
Sentence: 793,এই,O
,চৌদ্দ ,O
,টি,O
,বছরে,O
,আজও,O
,কোন,O
,কারনে,O
,হেয়,O
,আমারে,O
,তুই,O
,কয়া,O
,ডাহে,O
,নাই,O
Sentence: 1791,আমি,O
,একটা,O
,মুরগির,B-ANI
,বাচ্চা,I-ANI
,পালি,O
Sentence: 3351,মুরগীর,B-FOOD
,মাংস,I-FOOD
,বেশি,O
,পসন্দ,O
,করি,O
Sentence: 2853,আইজকা,O
,ইশকুলো,B-ORG
,গেসিলি,O
Sentence: 800,আমার,O
,দ্বিতীয়,O
,বিয়া,O
,নিয়া,O
,আমার,O
,নিজের,O
,কাক্কারা,B-REL
,মামারা,B-REL
,খোঁচা,O
,মাইরা,O
,কথা,O
,কয়,O
Sentence: 2611,তুমি,O
,কি,O
,বাইরোবা,O
Sentence: 1135,তারা,O
,আমারে,O
,পসন্দ,O
,করত,O
,চাইত,O
,আমাদের,O
,সম্পর্ক,O
,আবার,O
,জোড়া,O
,লাগুক,O
Sentence: 2650,হাসে,O
,না,O
Sentence: 3145,আমি,O
,কতা,O
,বুজি,O
,না,O
Sentence: 1115,আমার,O
,গার্লফ্রেন্ড,B-REL
,এর,O
,পরিবারের,O
,ডিফেন্স,O
,এর,O
,জব,O
,নাকি,O
,পসন্দ,O
,না,O
Sentence: 1078,প্রথম,O
,থাইক্কাই,O
,আমার,O
,শাশুড়ি,B-REL
,আমারে,O
,অনেক,O
,ভালবাসে,O
Sentence: 139,আর,O
,যদি,O
,ফিরা,O
,না,O
,আসে,O
,তবে,O
,সে,O
,কখনই,O
,তোমার,O
,ছিল,O
,না,O
Sentence: 739,এই,O
,দুনিয়াতে,B-LOC
,আমি,O
,বড্ড,O
,একলা,O
Sentence: 3013,হে,O
,বেদ্দপ,O
Sentence: 176,তুমি,O
,যদি,O
,চাও,O
,বৃষ্টি,O
,হইব,O
,আইজ,O
Sentence: 2265,মাইয়াডা,O
,একটা,O
,ভালা,O
,চাকরি,O
,করে,O
Sentence: 2972,আমি,O
,বিদেশ,O
,গেসিলাম,O
Sentence: 3463,বেহের,O
,বউ,B-REL
,সুন্দর,O
,আমার,O
,বউডা,B-REL
,কাইল্লা,O
Sentence: 854,এমন,O
,বেডারার,O
,লগে,O
,সংসার,O
,যায়,O
,না,O
Sentence: 3140,আমি,O
,ফুটবল,B-OBJ
,খেলসি,O
Sentence: 493,আমার,O
,ছোডো,B-REL
,ভাই,I-REL
,দুই,O
,মাস,O
,বাদে,O
,বিদেশে,B-LOC
,পড়ালেহা,O
,করতে,O
,যাইব,O
Sentence: 723,আমার,O
,মা,B-REL
,আমারে,O
,ভালবাসে,O
Sentence: 1759,আমার,O
,খিদা,O
,পাইসে,O
Sentence: 4,এই,O
,গরমডাত,O
,আমার,O
,কিছু,O
,ভালা,O
,লাগে,O
,না,O
Sentence: 1868,আবেগ,O
,প্রবন,O
,মানুষ,O
,মেলা,O
,বেক্কল,O
,হয়া,O
,থাকে,O
Sentence: 2280,আমার,O
,বড়,B-REL
,ভাই,I-REL
,সাত,O
,মাস,O
,প্রেম,O
,কইরা,O
,একজনরে,O
,বিয়া,O
,করসে,O
Sentence: 295,বউয়ের,B-REL
,ধারণা,O
,জামাই,B-REL
,পরকীয়ায়,O
,আসে,O
Sentence: 1472,কি,O
,হবে,O
,তার,O
,জন্য,O
,কাইন্দা,O
Sentence: 2666,সাদা,B-COL
,রঙ্গের,I-COL
,শার্ট,B-OBJ
Sentence: 2297,আমার,O
,গ্রামের,B-LOC
,মানুষরার,O
,মধ্যে,O
,কোন,O
,রকম,O
,ঝগড়া,O
,নাই,O
Sentence: 1056,আমি,O
,কিন্তু,O
,আত্মহত্যা,O
,করতে,O
,বাধ্য,O
,হয়াম,O
Sentence: 1295,মার,B-REL
,কাসে,O
,ছোটো,B-REL
,পোলাই,I-REL
,সব,O
Sentence: 2238,আমার,O
,বিয়া,O
,করনের,O
,লাইজ্ঞা,O
,আরেকটা,O
,দিন,O
,আগাইসে,O
Sentence: 1098,আমি,O
,এহন,O
,তর,O
,ভাইরে,B-ROLE
,বিয়া,O
,করতাম,O
,চাই,O
,না,O
Sentence: 2350,তোমার,O
,কিতা,O
,লোক,O
,দেহানো,O
,শেষ,O
Sentence: 3162,যাওন,O
,লাগবো,O
Sentence: 1524,তোমরা,O
,ভালা,O
,আস,O
,জাইন্না,O
,খুশি,O
,হইলাম,O
Sentence: 3210,একটা,O
,বল,B-OBJ
,দিয়া,O
,খেলতাসে,O
Sentence: 937,আমি,O
,সহালে,O
,নাস্তা,B-FOOD
,কইরা,O
,ইস্কুলে,B-ORG
,যাই,O
Sentence: 1276,হেরার,O
,মা,B-REL
,পোলার,B-REL
,সম্পর্ক,O
,খারাপ,O
,এর,O
,প্রভাব,O
,আমার,O
,উপর,O
,আয়,O
Sentence: 1309,তারে,O
,দেহার,O
,মত,O
,তেমন,O
,কেউ,O
,নাই,O
Sentence: 1958,আমি,O
,কিসু,O
,ভাবতে,O
,ফারিনা,O
,তোমারে,O
,ছাড়া,O
Sentence: 489,আমার,O
,গাড়ির,B-OBJ
,রঙ,B-COL
,হইলো,O
,লাল,B-COL
Sentence: 98,সারাজীবন,O
,তোমায়,O
,আমি,O
,ভালোবাইসা,O
,যামু,O
Sentence: 2865,কিসু,O
,খাইতে,O
,ভালা,O
,লাগে,O
Sentence: 617,আইজকে,O
,সারাদিন,O
,বৃষ্টি,O
,হইসে,O
Sentence: 1616,এত,O
,সুন্দর,O
,লাগে,O
,হের,O
Sentence: 2315,ছেড়াডা,O
,ছুটির,O
,দিনেও,O
,কলেজে,B-ORG
,যায়,O
Sentence: 1921,তোমারে,O
,আমার,O
,চিনতে,O
,হইবোনা,O
Sentence: 2032,আফনে,O
,কি,O
,একটা,O
,বাংলা,O
,নাটক,O
,দেখতে,O
,পারেন,O
Sentence: 3049,আমার,O
,বাসাত,O
,কাইলকা,O
,চুরি,O
,হইসে,O
Sentence: 3274,একসময়ে,O
,একলগে,O
,আসি,O
Sentence: 1821,সরিষার,B-FOOD
,তেল,I-FOOD
,রান্নার,O
,লাইজ্ঞা,O
,এবং,O
,গায়ে,O
,মালিশ,O
,করার,O
,কামে,O
,ব্যবহার,O
,হয়,O
Sentence: 2905,কেক,B-FOOD
,পসন্দ,O
,করি,O
Sentence: 2734,আমরা,O
,হাইরা,O
,গেসি,O
Sentence: 3132,শুক্কুরবার,O
,ওইনদা,O
,যাইতাম,O
,না,O
Sentence: 2810,তুমরার,O
,বাড়ি,O
,কই,O
Sentence: 1874,পুরো,O
,বর্ষা,O
,মৌসুমে,O
,হাতে,O
,গোনা,O
,কয়েকদিন,O
,মাত্র,O
,বৃষ্টি,O
,হওয়ার,O
,পর,O
,আর,O
,মেঘের,O
,দেখা,O
,নেই,O
Sentence: 3329,তোমার,O
,গলা,O
,মেলা,O
,ভালা,O
Sentence: 2544,অসহাই,O
,বোধ,O
,করতাসি,O
Sentence: 1261,প্রথমে,O
,আমার,O
,জামাইয়ের,B-REL
,কথায়,O
,আই,O
Sentence: 2707,তাত্তাড়ি,O
,উইঠ্যা,O
,যাও,O
Sentence: 1604,হেয়,O
,না,O
,বুইজ্ঝা,O
,অন্যদের,O
,দোষ,O
,দিতাসিল,O
Sentence: 1445,হেয়,O
,আমারে,O
,ঝগড়া,O
,হইলেই,O
,সব,O
,সময়,O
,অফমান,O
,করে,O
Sentence: 3293,বিসনাত,B-OBJ
,টিভি,B-OBJ
,দেখতাসিলাম,O
Sentence: 2637,আমি,O
,তুমারে,O
,ডাকবাম,O
Sentence: 2152,আফনে,O
,কি,O
,আমারে,O
,কোনদিনও,O
,ভালবাসবেন,O
,না,O
Sentence: 1764,আমার,O
,কাম,O
,আর,O
,ব্যস্ততা,O
,বাড়সে,O
Sentence: 79,আফনের,O
,লগে,O
,পরিচিত,O
,হয়া,O
,ভালা,O
,লাগলো,O
Sentence: 2459,আমার,O
,আম্মা,B-REL
,বৃষ্টি,O
,হইলেও,O
,বারান্দার,O
,গাছে,O
,পানি,B-FOOD
,দেয়,O
Sentence: 2512,আমি,O
,পারাম,O
Sentence: 687,আমার,O
,অনেক,O
,ভালা,O
,লাগে,O
Sentence: 2354,হেয়,O
,দুইবেলা,O
,ভাত,B-FOOD
,খাইতে,O
,পারে,O
,না,O
Sentence: 1464,বইনরে,B-REL
,বাসায়,O
,পাঠায়া,O
,দিসি,O
Sentence: 203,এই,O
,গানটা,O
,কতবার,O
,হুনছি,O
,আমি,O
,নিজেই,O
,জানি,O
,না,O
Sentence: 2967,আমার,O
,কমলা,B-COL
,রং,I-COL
,পসন্দ,O
Sentence: 2573,কওয়া,O
,হইসে,O
Sentence: 2430,আমার,O
,আব্বা,B-REL
,প্রত্যেকদিন,O
,নাইরকেল,B-FOOD
,পানি,I-FOOD
,খায়,O
Sentence: 768,তুমি,O
,কি,O
,চাও,O
,আমি,O
,চইল্লা,O
,যাই,O
Sentence: 3196,আমার,O
,বন্ধু,B-REL
,আমারে,O
,একটা,O
,লাল,B-COL
,গুলাপ,B-OBJ
,কিন্না,O
,দিসে,O
Sentence: 791,আমার,O
,বিলাইয়ের,B-ANI
,নাম,O
,মিনু,B-ANI
Sentence: 483,আকাশে,O
,মেঘের,O
,কারণে,O
,বৃষ্টি,O
,ফড়ে,O
Sentence: 766,আমি,O
,একজন,O
,খারাপ,O
,মানুষ,O
Sentence: 3024,মাইয়াডা,O
,দেহা,O
,করবার,O
,আইসিন,O
Sentence: 812,প্রথম,O
,প্রথম,O
,বউ,B-REL
,এর,O
,মেলা,O
,প্রশ্নের,O
,সঠিক,O
,উত্তর,O
,দিয়া,O
,বিপদে,O
,পড়তাম,O
Sentence: 110,আমার,O
,জীবনে,O
,কেউ,O
,নাই,O
,তুমি,O
,ছাড়া,O
Sentence: 850,আমি,O
,এইডা,O
,স্বাভাবিকভাবে,O
,নিসিলাম,O
Sentence: 55,আমি,O
,তোমার,O
,মনের,O
,কথা,O
,বুঝি,O
,না।,O
Sentence: 1823,কেরোসিন,O
,তেলের,O
,দিন,O
,দিন,O
,দাম,O
,বাড়তাসে,O
Sentence: 924,হেয়,O
,পরের,O
,মাসে,O
,বিদেশ,B-LOC
,চইল্লা,O
,যাইব,O
Sentence: 455,আমার,O
,পসন্দের,O
,ফুটবল,B-ROLE
,খেলোয়াড়,I-ROLE
,লিওনেল,B-PER
,মেসি,I-PER
Sentence: 1963,ভালবাসি,O
,তোমারে,O
,কওয়া,O
,বাকি,O
Sentence: 3462,ভালা,O
,কইরা,O
,কাম,O
,হইসে,O
Sentence: 2944,পাডাইসে,O
Sentence: 1052,আমি,O
,কার,O
,কাসে,O
,চায়াম,O
Sentence: 2378,তোমার,O
,ছোট,B-REL
,ভাই,I-REL
,আগে,O
,নেশায়,O
,আসক্ত,O
,আসিল,O
Sentence: 559,কিন্তু,O
,সৌন্দর্যই,O
,বেগকিনু,O
,না,O
Sentence: 3069,আইন্নের,O
,বড়,B-REL
,বইনের,I-REL
,কি,O
,বিয়া,O
,হইয়া,O
,গেসে,O
Sentence: 2806,খেলা,O
,করি,O
Sentence: 3134,তুমি,O
,আমারে,O
,চিনো,O
Sentence: 1613,এইডা,O
,আমরার,O
,বাড়ি,O
Sentence: 2770,এইনতে,O
,যাইবার,O
,কইসি,O
Sentence: 1057,এতে,O
,পুলিশের,B-ROLE
,উরের,O
,চাপ,O
,আইব,O
Sentence: 1457,আমি,O
,গনিতে,O
,অনার্স,O
,করতাসিলাম,O
Sentence: 1815,যেদিন,O
,বৃষ্টি,O
,হইসে,O
,হেইদিন,O
,বারান্দার,O
,গাছে,O
,পানি,B-FOOD
,দেওনের,O
,দরকার,O
,নাই,O
Sentence: 1753,ছেড়াডার,O
,নানার,B-REL
,বাড়ি,O
,বরিশালে,B-LOC
Sentence: 761,তুমি,O
,ভালা,O
,আসো,O
Sentence: 2603,আমার,O
,সহালে,O
,উঠ্ঠাই,O
,চা,B-FOOD
,ডা,O
,খাওনের,O
,অভ্যাস,O
Sentence: 1314,একটা,O
,মাইয়ার,O
,বিয়া,O
,যাওয়ার,O
,পর,O
,হের,O
,পরিবারের,O
,প্রতি,O
,হের,O
,কি,O
,কোন,O
,দায়িত্ব,O
,থাকতে,O
,পারে,O
,না,O
Sentence: 107,যখন,O
,তুমি,O
,আমারে,O
,দেইখখা,O
,না,O
,দেহার,O
,ভান,O
,করসো,O
,তহন,O
,আমার,O
,দারুন,O
,লাগসে,O
Sentence: 513,এহন,O
,তুমি,O
,গান,O
,গাইতে,O
,পারতা,O
,না,O
Sentence: 3257,আইন্নে,O
,আসুইন,O
Sentence: 2557,আইন্নে,O
,আমারে,O
,ছাইড়া,O
,চইল্লা,O
,যাইবাইন,O
Sentence: 2665,সাদা,B-COL
,রঙ্গের,I-COL
,শার্ট,B-OBJ
,পইড়া,O
,আইসিন,O
Sentence: 332,আপনার,O
,লেহা,O
,অসাধারণ,O
Sentence: 858,আম্মা,B-REL
,অনেক,O
,সহ্য,O
,কইরা,O
,এতো,O
,বছর,O
,সংসার,O
,কইরা,O
,গেসেন,O
Sentence: 1081,আমার,O
,জামাই,B-REL
,নিজ,O
,পসন্দে,O
,আমারে,O
,বিয়া,O
,করসে,O
Sentence: 2579,এইডা,O
,কইরো,O
,না,O
Sentence: 2609,রাইতের,O
,বেলা,O
,বাইরোবা,O
Sentence: 1594,বেহের,O
,ভাষা,O
,এক,O
,রহমের,O
,না,O
Sentence: 578,উত্তরাতে,B-LOC
,আমারার,O
,ভবনে,B-LOC
,কোনোমতেই,O
,পানি,O
,পাইতাসি,O
,না,O
,আমরা,O
Sentence: 2249,তোমারে,O
,অসম্ভব,O
,সুন্দরী,O
,লাগে,O
Sentence: 2927,আমি,O
,আসবাম,O
,না,O
Sentence: 3218,পসন্দের,O
,অনেক,O
,কয়ডা,O
,বই,B-OBJ
,কিনসি,O
Sentence: 3254,ছুটি,O
,কাটাইবাম,O
Sentence: 1701,চুল,O
,পাকে,O
,বয়সে,O
Sentence: 754,মানুুষ,O
,মেলা,O
,স্বার্থপর,O
,হয়,O
Sentence: 1825,এইহানে,O
,থুথু,O
,ফেলা,O
,নিষেধ,O
Sentence: 1973,বাস্তব,O
,কঠিন,O
,হইলেও,O
,মাইন্না,O
,নিয়া,O
,মানায়া,O
,চলতে,O
,হয়,O
Sentence: 2979,শিমুর,B-PER
,বেগুনী,B-COL
,রং,I-COL
,পসন্দ,O
Sentence: 2574,আইন্নের,O
,এইডা,O
,করুন,O
,লাগবো,O
Sentence: 2394,তুমি,O
,কিতা,O
,আমার,O
,লাইজ্ঞা,O
,অপেক্ষা,O
,করতে,O
,পারবা,O
Sentence: 480,আমাজন,B-LOC
,নদী,I-LOC
,দুনিয়ার,B-LOC
,সবচেয়ে,O
,বড়,O
,নদী,B-LOC
,হিসাবে,O
,পরিচিত,O
Sentence: 2390,তুমি,O
,ক্রিকেট,O
,খেলায়,O
,জিতলা,O
Sentence: 1606,বইনের,O
,বাসার,O
,কাসে,O
,রাস্তার,B-LOC
,পাশে,O
,একটা,O
,ফুলের,B-LOC
,দোহান,I-LOC
Sentence: 2323,তুমি,O
,কিতা,O
,তোমার,O
,ভুল,O
,বুঝতে,O
,পারসো,O
Sentence: 1541,আমরা,O
,এমনিতেই,O
,পরিচয়,O
,রাখতাম,O
,পারি,O
Sentence: 584,আমি,O
,শুক্কুরবার,O
,মেলা,O
,সহালে,O
,উঠি,O
Sentence: 2508,কিতা,O
,পাইসেন,O
Sentence: 910,তুমি,O
,ঘুম,O
,থাইক্কা,O
,উইঠঠা,O
,আমারে,O
,কল,O
,দিও,O
Sentence: 487,আমার,O
,লাল,B-COL
,রংগের,I-COL
,গাড়িডা,B-OBJ
,গতকালকে,O
,চুরি,O
,হয়া,O
,গেসে,O
Sentence: 1474,তুমি,O
,বেক্কলের,O
,মতো,O
,তারে,O
,নিয়া,O
,ভাইব্বা,O
,বয়া,O
,থাকব,O
,কেরে,O
Sentence: 1386,এক,O
,কথায়,O
,সোনার,O
,টুকরো,O
,জামাই,B-REL
,আমার,O
Sentence: 747,আমার,O
,মায়ের,B-REL
,রান্না,O
,মেলা,O
,মজার,O
Sentence: 2038,আমার,O
,বাংলা,O
,বুঝতে,O
,অসুবিধা,O
,হইতাসে,O
Sentence: 2241,আফনের,O
,লাইজ্ঞা,O
,মনে,O
,আমার,O
,অফুরন্ত,O
,ভালবাসা,O
Sentence: 2109,হেয়,O
,গ্রাম,B-LOC
,থাইক্কা,O
,ঢাকায়,B-LOC
,আইসিল,O
Sentence: 2326,আমার,O
,বন্ধুরা,B-REL
,সহাল,O
,বেলা,O
,ফুটবল,B-OBJ
,খেলত,O
,মাঠে,B-LOC
,যায়,O
Sentence: 340,আমি,O
,আফনের,O
,কামরে,O
,ভালবাসি,O
Sentence: 2036,আমি,O
,আফনের,O
,সাথে,O
,সময়,O
,কাটাইতাম,O
,চাই,O
Sentence: 1580,এত,O
,বড়ো,O
,হাসপাতাল,B-ORG
,আমি,O
,আগে,O
,দেহি,O
,নাই,O
Sentence: 1419,ঐ,O
,লোকের,O
,সামনে,O
,আমি,O
,খাড়াইতে,O
,পারতাম,O
,না,O
Sentence: 2295,হেরার,O
,পরিবারে,O
,কোন,O
,ঝগড়া,O
,হয়,O
,না,O
Sentence: 2627,তুমি,O
,দুরফে,O
,কি,O
,দা,O
,ভাত,B-FOOD
,খাইসো,O
Sentence: 316,বাংলাদেশে,B-LOC
,আমারে,O
,বেহেই,O
,আমার,O
,ডাক,O
,নামে,O
,চিনে,O
Sentence: 1676,বাজার,B-LOC
,থাইক্কা,O
,চাবি,B-ROLE
,বানানুর,I-ROLE
,লোক,I-ROLE
,আনাইলেন,O
Sentence: 3181,আব্বু,B-REL
,আমার,O
,লেইগা,O
,কালা,B-COL
,জামা,B-OBJ
,কিন্না,O
,আনসে,O
Sentence: 269,এহন,O
,আর,O
,মাইনষের,O
,মধ্যে,O
,মায়া,O
,বিষয়ডা,O
,খুব,O
,একটা,O
,নাই,O
Sentence: 1855,শিম,B-FOOD
,বেক,O
,ধরনের,O
,মাডিতেই,O
,চাষ,O
,করন,O
,যায়,O
Sentence: 1653,আমি,O
,সহালে,O
,দেড়ি,O
,কইরা,O
,ঘুম,O
,থাইক্কা,O
,উঠি,O
Sentence: 690,আমি,O
,মুরগির,B-FOOD
,মাংস,I-FOOD
,বেশি,O
,পসন্দ,O
,করি,O
Sentence: 1934,আমি,O
,নাচতাম,O
,পারি,O
Sentence: 1768,সুখী,O
,হইতে,O
,হইলে,O
,অপ্রয়োজনীয়,O
,অনেক,O
,কিসু,O
,ভুইল্লা,O
,যাইতে,O
,হয়,O
Sentence: 2159,আমার,O
,বন্ধু,B-REL
,যারে,O
,ভালবাসে,O
,হেয়,O
,রাজশাহী,B-LOC
,থাকে,O
Sentence: 2999,আমি,O
,সহালে,O
,নাস্তা,B-FOOD
,কইরা,O
,ইশকুলো,B-ORG
,যাই,O
,না,O
Sentence: 3375,চাকরি,O
,করতাসো,O
Sentence: 1579,রোগীরে,O
,হাসপাতালে,B-ORG
,ভর্তি,O
,হইতে,O
,হইব,O
Sentence: 1773,লক্ষ্য,O
,ঠিক,O
,কইরা,O
,আমরা,O
,জীবনে,O
,আগায়া,O
,যাইতাম,O
,পারি,O
Sentence: 3077,ভাইয়ের,B-REL
,নামডা,O
,কি,O
Sentence: 1615,প্রথমে,O
,বালিশের,B-OBJ
,তলাডা,O
,হাতড়াইসেন,O
Sentence: 606,শুক্র,O
,আর,O
,শনি,O
,সাপ্তাহিক,O
,ছুটির,O
,দিন,O
Sentence: 3199,একটা,O
,লাল,B-COL
,গুলাপ,B-OBJ
,কিন্না,O
,দিসিন,O
Sentence: 2791,কই,O
,যাইতাসো,O
Sentence: 2180,তোমার,O
,লগে,O
,অনেক,O
,দিন,O
,পর,O
,দেহা,O
Sentence: 2004,হেয়,O
,মেলা,O
,খারাপ,O
,আসিল,O
Sentence: 394,আমরা,O
,অইহানে,O
,অনেক,O
,মজা,O
,করবাম,O
Sentence: 3195,কিন্না,O
,দিসে,O
Sentence: 1570,খাওয়ন,O
,শেষ,O
,কইরাই,O
,টেলিভিশনের,B-OBJ
,সামনে,O
,গিয়া,O
,বইল,O
Sentence: 700,চা,B-FOOD
,অথবা,O
,কফি,B-FOOD
,কোনডা,O
,বেশি,O
,পসন্দ,O
Sentence: 3039,আমরা,O
,গেসিলাম,O
Sentence: 1983,তাদের,O
,একটা,O
,বাচ্চা,O
,আসে,O
,পাঁচ,O
,বছরের,O
Sentence: 1979,আমার,O
,স্বামী,B-REL
,দুই,O
,বছর,O
,আগে,O
,আমাগোরে,O
,রাইক্ষা,O
,আইসা,O
,আলাদা,O
,হয়া,O
,যায়,O
Sentence: 743,আমি,O
,আইজকে,O
,ঢাকায়,B-LOC
,যায়াম,O
Sentence: 38,তুমি,O
,কি,O
,এহন,O
,খাইতে,O
,বইবা,O
Sentence: 1851,পেয়ারা,B-FOOD
,একটা,O
,মিষ্টি,O
,ফল,B-FOOD
Sentence: 1042,আমার,O
,আব্বা,B-REL
,আম্মাও,B-REL
,এডা,O
,নিয়া,O
,মেলা,O
,কষ্ট,O
,পাইতাসে,O
Sentence: 3243,বেহের,O
,একটা,O
,রঙিন,B-COL
,ছবি,O
,তুলুন,O
,লাগবো,O
Sentence: 1374,আগে,O
,পরের,O
,হিসাব,O
,বাদ,O
,আজকে,O
,ঝগড়ার,O
,বিষয়,O
,আব্বা,B-REL
,বিদেশে,B-LOC
,থাকে,O
Sentence: 1848,সকালে,O
,ঘুম,O
,থাইক্কা,O
,উঠনের,O
,পর,O
,আমি,O
,ভালা,O
,কামে,O
,পর্যাপ্ত,O
,সময়,O
,ব্যয়,O
,করতাম,O
,চাই,O
Sentence: 192,চোখ,O
,মেললেই,O
,দেহি,O
,তোমারে,O
,চোখ,O
,বুজলেই,O
,ফাই,O
,আরো,O
,কাছে,O
Sentence: 3292,শুইয়া,O
,টিভি,B-OBJ
,দেখতাসিলাম,O
Sentence: 1404,আফনে,O
,নিজে,O
,কিসু,O
,একটা,O
,করেন,O
Sentence: 1751,তুমি,O
,কি,O
,রাইতে,O
,খাইসো,O
Sentence: 2640,তুমার,O
,এত্তো,O
,ঘুম,O
,আয়,O
,কেরে,O
Sentence: 2040,আমি,O
,বুঝতে,O
,পারতাসি,O
,না,O
Sentence: 262,তোমারে,O
,যেদিন,O
,কইসিলাম,O
,বিয়াডা,O
,কইরা,O
,ফালাও,O
Sentence: 1666,আরেকটু,O
,বড়,O
,হইলে,O
,কী,O
,করব,O
,হেইডাই,O
,দেহার,O
,বিষয়,O
Sentence: 673,চলো,O
,ঘুডডি,B-OBJ
,উরাই,O
Sentence: 3388,কমডা,O
,কি,O
,আসিন,O
Sentence: 1318,আমি,O
,আমার,O
,আব্বার,O
,বাসায়,O
,যাওনের,O
,অনুমতি,O
,পাইতাসি,O
,না,O
Sentence: 772,আমি,O
,রাজি,O
,না,O
Sentence: 1885,আমি,O
,জানি,O
,তুমি,O
,চিঠিডা,B-OBJ
,এহনি,O
,পড়তে,O
,শুরু,O
,করবা,O
Sentence: 3129,তুমি,O
,কি,O
,আমারে,O
,চিনো,O
Sentence: 1946,আমার,O
,বিদেশে,B-LOC
,যায়া,O
,পড়ালেহা,O
,করার,O
,স্বপ্ন,O
Sentence: 3187,আব্বা,B-REL
,আমার,O
,লেইগা,O
,মেরুন,B-COL
,জামা,B-OBJ
,কিন্না,O
,আনসে,O
Sentence: 1219,এহন,O
,আমরা,O
,কিতা,O
,করবাম,O
Sentence: 2874,তারে,O
,দেখতে,O
,পাইলাম,O
Sentence: 803,আমার,O
,আপন,O
,লোক,O
,গুলাই,O
,এমন,O
Sentence: 3032,আমি,O
,ওইনে,O
,যাইবাম,O
Sentence: 1431,ধিরে,O
,ধিরে,O
,দুর্বল,O
,হয়া,O
,পড়লাম,O
,হের,O
,প্রতি,O
Sentence: 3233,আমারে,O
,সাহায্য,O
,করবাইন,O
Sentence: 1771,আইজ,O
,ছুটির,O
,দিন,O
Sentence: 717,তুমি,O
,আমার,O
,প্রথম,O
,বন্ধু,B-REL
Sentence: 290,পাশ,O
,করা,O
,ডাক্তাররা,B-ROLE
,এহন,O
,ভালো,O
,অবস্থায়,O
,নাই,O
Sentence: 2322,আফনে,O
,কিতা,O
,আমারে,O
,একটা,O
,গান,O
,গায়া,O
,হুনাইতে,O
,ফারবেন,O
Sentence: 1194,আমার,O
,পরিবারের,O
,অর্থনৈতিক,O
,অবস্থা,O
,বর্তমানে,O
,মেলা,O
,খারাপ,O
Sentence: 167,প্রতিদিন,O
,ঘুমায়া,O
,পড়ার,O
,আগে,O
,ভাবি,O
,যাই,O
,হোক,O
,বিয়া,O
,করার,O
,আরেকটা,O
,দিন,O
,আগাইয়া,O
,গেসে,O
Sentence: 1834,অনেকেই,O
,শখের,O
,বশে,O
,কবুতর,B-ANI
,পালে,O
Sentence: 3282,আইন্নেরা,O
,যারা,O
,আমারে,O
,এহনো,O
,চিনুইন,O
,না,O
Sentence: 1235,মাইয়ার,B-REL
,মা,B-REL
,আমার,O
,আম্মারে,B-REL
,কইসিল,O
,যে,O
,আফনেরার,O
,টিনের,B-OBJ
,ঘড়,I-OBJ
,দেইক্ষা,O
,বিয়া,O
,দিসি,O
Sentence: 2017,আফনে,O
,কি,O
,এইহানে,O
,রাস্তা,B-LOC
,দেখতে,O
,পাইতাসেন,O
Sentence: 2104,ছেড়িডা,O
,ছেড়াডারে,O
,ভালবাসতো,O
Sentence: 2360,আফনে,O
,একটু,O
,কম,O
,চাপাবাজি,O
,করেন,O
Sentence: 582,বিদ্যুৎ,O
,ছাড়া,O
,না,O
,হয়,O
,থাকন,O
,যায়,O
,কিন্তু,O
,পানি,B-FOOD
,ছাড়া,O
,কেমনে,O
,থাকে,O
,মানুষ,O
Sentence: 2952,কুনো,O
,একটা,O
,বেডার,O
,দুইডা,O
,পুত,B-REL
,আসিন,O
Sentence: 3315,আম,B-FOOD
,খাইবাম,O
Sentence: 2632,মেলা,O
,ভালা,O
,লাগে,O
Sentence: 194,এই,O
,গান,O
,আমার,O
,এত,O
,প্রিয়,O
,এহনো,O
,হুনি,O
,অনেক,O
,সুন্দর,O
,একটা,O
,অনুভুতী,O
,কাম,O
,করে,O
Sentence: 2041,আমার,O
,বাচ্চা,B-REL
,একটা,O
,মাইয়া,B-REL
,আসে,O
Sentence: 2157,আমার,O
,ছোট,B-REL
,বইন,I-REL
,নাচতে,O
,পারে,O
Sentence: 686,আমার,O
,একদমই,O
,ভালা,O
,লাগে,O
,না,O
Sentence: 1326,আমার,O
,জামাই,B-REL
,আমার,O
,লগে,O
,আয়নাই,O
Sentence: 3414,হে,O
,আমারে,O
,একটা,O
,উপহার,B-OBJ
,দিসে,O
Sentence: 2196,আবেগের,O
,ভালোবাসা,O
,কাউরে,O
,দেওয়ন,O
,উচিত,O
,না,O
Sentence: 1944,আফনের,O
,কি,O
,আমার,O
,কথা,O
,মনে,O
,আসে,O
,এহনও,O
Sentence: 1225,আমার,O
,ভাইয়ের,B-REL
,অবস্থা,O
,ওতো,O
,ভালা,O
,না,O
Sentence: 1391,আমি,O
,পাশে,O
,বহায়া,O
,কইসি,O
,যে,O
,এই,O
,কামের,O
,লাইজ্ঞা,O
,আমার,O
,খারাপ,O
,লাগসে,O
Sentence: 693,আমি,O
,তোমার,O
,লগে,O
,রাইতে,O
,সাগর,B-LOC
,পাড়ে,B-LOC
,দাঁড়ায়,O
,থাকতাম,O
,চাই,O
Sentence: 1587,আমরার,O
,যাওনের,O
,কথা,O
,হুইন্না,O
,হেও,O
,যাইতে,O
,চাইল,O
Sentence: 838,না,O
,বুইজ্ঝা,O
,বেশী,O
,কথা,O
,কও,O
,কিল্লেগা,O
Sentence: 794,কহনো,O
,গায়ে,O
,হাত,O
,তুলে,O
,নাই,O
Sentence: 580,কোনমতেই,O
,ওয়াসা,B-ORG
,পানি,O
,দিতাসে,O
,না,O
Sentence: 764,বিপদ,O
,বইল্লা,O
,কয়া,O
,আয়,O
,না,O
Sentence: 746,মা,B-REL
,আমার,O
,মেলা,O
,যত্ন,O
,নেয়,O
Sentence: 326,আমাদের,O
,বেহেই,O
,একসময়ে,O
,একসাথে,O
,আসি,O
Sentence: 1249,দয়া,O
,কইরা,O
,পরিচয়,O
,গোপন,O
,রাখবাইন,O
Sentence: 1071,আপনার,O
,লাইজ্ঞা,O
,শুভকামনা,O
,রইল,O
Sentence: 1842,বাংলাদেশের,B-LOC
,শীতকালডা,O
,লাউ,B-FOOD
,চাষের,O
,লাইজ্ঞা,O
,বেশি,O
,উপযোগী,O
Sentence: 3371,অন্যান্য,O
,বইডিও,B-OBJ
,পড়তাসুইন,O
Sentence: 3239,তুমি,O
,আর,O
,কতা,O
,কইবা,O
,না,O
Sentence: 1450,তার,O
,কি,O
,একটুও,O
,মনে,O
,পড়ে,O
,না,O
,আগের,O
,দিনের,O
,কথা,O
Sentence: 508,হেয়,O
,একদিন,O
,পাশের,O
,গেরামে,B-LOC
,গিয়া,O
,টুপি,B-OBJ
,বিক্রি,O
,করতাসিল,O
Sentence: 2765,আইন্নেরার,O
,বাড়ি,O
,কই,O
Sentence: 354,মাইয়ারা,O
,যে,O
,হারে,O
,ভদ্র,O
,পোলা,O
,খুঁজতাসে,O
,ভয়,O
,লাগতাসে,O
,কোনো,O
,দিন,O
,আমি,O
,কিডন্যাপ,O
,হয়া,O
,না,O
,যাই,O
Sentence: 1324,রাইতের,O
,বেলায়,O
,হাসপাতালে,B-ORG
,আইতে,O
,চাইলাম,O
,ওইহানেও,O
,বাধা,O
Sentence: 2809,কি,O
,খবর,O
Sentence: 173,চলো,O
,দুইজনে,O
,মিল্লা,O
,সুখের,O
,দুনিয়া,B-LOC
,সাজাই,O
Sentence: 1463,এইসব,O
,নিয়া,O
,আমি,O
,সমস্যা,O
,করি,O
,নাই,O
Sentence: 704,বৃষ্টির,O
,দিনে,O
,গরম,O
,গরম,O
,খিচুড়ি,B-FOOD
,আর,O
,গরু,B-FOOD
,মাংস,I-FOOD
,খাইতে,O
,ভালা,O
,লাগে,O
Sentence: 1715,হেয়,O
,আমার,O
,কথার,O
,জবাবে,O
,কিসু,O
,কইলেন,O
,না,O
Sentence: 1661,ছেড়াডার,O
,বেগ,O
,কাম,O
,এমন,O
,এলোমেলো,O
,হইতাসে,O
,কেন,O
Sentence: 2396,আমি,O
,বিহালে,O
,একটু,O
,ঘুমায়া,O
,নিলাম,O
Sentence: 923,আমার,O
,ছোটো,B-ROLE
,বোন,I-ROLE
,নানার,B-REL
,বাড়ীত,O
,ঘুরতে,O
,গেসে,O
Sentence: 127,আমার,O
,মেলা,O
,ঠাণ্ডা,O
,লাগতাসে,O
Sentence: 2202,তোমারে,O
,কেমনে,O
,বুঝায়াম,O
,তোমারে,O
,কতটা,O
,ভালবাসি,O
Sentence: 2123,তুই,O
,যা,O
,এইহান,O
,থাইক্কা,O
Sentence: 2116,আমারে,O
,বইডা,B-OBJ
,দেহান,O
Sentence: 3344,আব্বা,B-REL
,কিতা,O
,করেন,O
Sentence: 2422,ছেড়াডা,O
,সপ্তাহখানেক,O
,আগে,O
,আমরার,O
,লগে,O
,দেহা,O
,করসে,O
Sentence: 386,হঠাৎ,O
,শীত,O
,কইরা,O
,উঠল,O
,আমার,O
Sentence: 1335,আমার,O
,সিদ্ধান্ত,O
,ভুল,O
,না,O
,সঠিক,O
,তা,O
,জানিনা,O
Sentence: 2790,তুমি,O
,কই,O
,যাইতাসো,O
Sentence: 1659,বেগকিসুতেই,O
,হের,O
,এলোমেলো,O
,আচরণ,O
Sentence: 922,আমার,O
,মনে,O
,হয়,O
,যে,O
,আমি,O
,কিসুই,O
,মনে,O
,রাখতে,O
,পারতাসি,O
,না,O
Sentence: 2517,আইন্নেরে,O
,পাডাইসে,O
Sentence: 3058,আমার,O
,আব্বা,O
,বিদেশ,B-LOC
,থাহে,O
Sentence: 2240,আকাশের,O
,নীলে,O
,হারায়া,O
,যাইতাম,O
,চাই,O
,তোমারে,O
,নিয়া,O
Sentence: 3097,দাড়াই,O
,আসিলাম,O
Sentence: 1189,আমি,O
,নাকিতা,O
,বেইমান,O
Sentence: 2781,আমি,O
,ভাত,B-FOOD
,খাইবাম,O
Sentence: 3410,কয়ডা,O
,বাজে,O
Sentence: 1039,এদিকে,O
,আমার,O
,পরিবারের,O
,সাথে,O
,সম্পর্ক,O
,রাখব,O
,না,O
Sentence: 1217,আমরা,O
,তারে,O
,কইসি,O
,একলগে,O
,কথা,O
,ক,O
,কি,O
,সমস্যা,O
Sentence: 2467,আমার,O
,সইরষার,B-FOOD
,তেল,I-FOOD
,দিয়া,O
,মাছ,B-FOOD
,ভাজা,I-FOOD
,খাইতে,O
,খুব,O
,ভালা,O
,লাগে,O
Sentence: 185,মনে,O
,পইড়া,O
,যায়,O
,আমার,O
,ভালোবাসার,O
,মানুষটার,O
,কথা,O
Sentence: 3008,চইলা,O
,যাইবো,O
Sentence: 2449,আমার,O
,শীতের,O
,দিনে,O
,গোসল,O
,করতে,O
,ভালা,O
,লাগে,O
,না,O
Sentence: 158,সব,O
,কথা,O
,মুহে,O
,কয়া,O
,দেওয়া,O
,যায়না,O
Sentence: 588,আমার,O
,বয়স,O
,বেশি,O
,না,O
Sentence: 1853,পাকঘরে,O
,আমি,O
,রান্না,O
,করি,O
Sentence: 2538,আমি,O
,জানি,O
,তুমি,O
,আইসো,O
Sentence: 117,কত্ত,O
,সুন্দর,O
,তুমি,O
,প্রেমে,O
,পড়সি,O
,আমি,O
Sentence: 78,আফনের,O
,চোখ,O
,মেলা,O
,সুন্দর,O
Sentence: 926,মাইয়াডা,O
,সারাক্ষন,O
,মিথ্যা,O
,কথা,O
,কয়,O
Sentence: 946,আমি,O
,তারে,O
,দখতে,O
,পাইলাম,O
Sentence: 3168,তুমারে,O
,দেইখ্যা,O
,থইমকা,O
,দাড়াই,O
,আসিলাম,O
Sentence: 2325,আমার,O
,প্রতিদিন,O
,খেলাধুলা,O
,করতে,O
,ভালা,O
,লাগে,O
Sentence: 2020,আমি,O
,আফনের,O
,লাইজ্ঞা,O
,অপেক্ষা,O
,করতাম,O
,ফারি,O
Sentence: 2455,ছোট,O
,বাচ্চাডা,O
,অনেক,O
,অসুস্থ,O
Sentence: 116,তাইতো,O
,আমি,O
,বন্ধু,B-REL
,তোমারে,O
,এত,O
,ভালবাসি,O
Sentence: 2243,আমি,O
,এবং,O
,আমার,O
,ছোট,B-REL
,বইন,I-REL
,একসাথে,O
,হাতুর,O
,কাটি,O
Sentence: 563,একটা,O
,কালা,B-COL
,কুত্তা,B-ANI
,ঘাসের,O
,মধ্যে,O
,দৌড়াইতাসে,O
Sentence: 2146,হেয়,O
,আমারে,O
,মেলা,O
,অপমান,O
,করসে,O
Sentence: 621,আমি,O
,চা,B-FOOD
,খাইতে,O
,পসন্দ,O
,করি,O
Sentence: 1294,হেয়,O
,চাকরি,O
,করে,O
,বিয়া,O
,বিয়া,O
,করে,O
,নাই,O
Sentence: 1930,আমার,O
,ইস্কুলে,B-ORG
,যাইতে,O
,ভালা,O
,লাগেনা,O
Sentence: 2789,তুমারে,O
,ভালোবাসি,O
Sentence: 140,যখন,O
,কোন,O
,বেডা,O
,কোন,O
,বেডিরে,O
,ভালবাসে,O
,তহন,O
,হেয়,O
,তার,O
,জন্য,O
,সব,O
,কিসুই,O
,করতে,O
,পারে,O
Sentence: 901,দিন,O
,দিন,O
,হতাশার,O
,মধ্যে,O
,ডুইববা,O
,যাইতাসি,O
,এর,O
,মুক্তি,O
,পায়াম,O
,কেমনে,O
Sentence: 310,আর,O
,কত,O
,ছুটি,O
,কাটায়াম,O
Sentence: 2259,তুমি,O
,হাচাই,O
,মেলা,O
,কঠিন,O
,সময়,O
,পার,O
,করছ,O
Sentence: 2928,আইতাম,O
,না,O
Sentence: 2452,আমার,O
,আব্বা,B-REL
,বাজারতে,O
,আমরার,O
,লাইজ্ঞা,O
,তেঁতুল,B-FOOD
,কিন্না,O
,আনসে,O
Sentence: 3012,হে,O
,খুবই,O
,বেদ্দপ,O
Sentence: 1280,হের,O
,আমলের,O
,উদাহরণ,O
,দেন,O
,হেয়,O
,কিতা,O
,করসেন,O
Sentence: 1302,আমি,O
,এহন,O
,এইগুলা,O
,মাইন্না,O
,নিতাম,O
,পারতাসি,O
,না,O
Sentence: 1993,তারার,O
,সাথে,O
,আমি,O
,বেগ,O
,সময়,O
,আনন্দে,O
,ভইরা,O
,থাকি,O
Sentence: 1157,ওই,O
,ছেড়ারে,O
,খুঁইজ্জা,O
,বাইর,O
,করনের,O
,ব্যাপারে,O
,আমরার,O
,সাহায্য,O
,চায়,O
Sentence: 2616,রং,B-COL
,করতারবি,O
,নি,O
,রে,O
Sentence: 920,আফনের,O
,লগে,O
,কথা,O
,কইতে,O
,মেলা,O
,ভালা,O
,লাগে,O
,আমার,O
Sentence: 1187,আমি,O
,২০১৬,O
,থেকে,O
,তাহুরা,B-PER
,রে,O
,ভালবাসি,O
Sentence: 1808,ছোট,O
,বাচ্চারা,O
,গ্রামের,B-LOC
,বাড়ীর,I-LOC
,উঠানে,O
,খেলতাসে,O
Sentence: 3035,আমরা,O
,হাইরা,O
,গেসি,O
Sentence: 1941,আমার,O
,জামাইরে,B-REL
,আমি,O
,মেলা,O
,ভালবাসি,O
Sentence: 951,আমি,O
,ওরারে,O
,দেখতে,O
,পাইলাম,O
Sentence: 1012,আমারার,O
,মধ্যবিত্ত,O
,পরিবার,O
Sentence: 3083,তুমারে,O
,ভুলতাম,O
,না,O
Sentence: 1583,হেয়,O
,বিদেশ,B-LOC
,থাইক্কা,O
,আইসেন,O
Sentence: 363,স্বপ্ন,O
,দেখলাম,O
,ক্রাশের,O
,সাথে,O
,ঘুরতে,O
,গেসি,O
,তার,O
,পর,O
,যা,O
,হইলো,O
,বেগ,O
,ইতিহাস,O
Sentence: 155,এই,O
,মন,O
,আইজ,O
,তোমারে,O
,দিলাম,O
Sentence: 1343,হেয়,O
,শুধুমাত্র,O
,আমার,O
,লগে,O
,দেহা,O
,করার,O
,লাইজ্ঞা,O
,দেশে,B-LOC
,আইসে,O
Sentence: 3376,তুমি,O
,সরকারি,B-ROLE
,চাকরি,I-ROLE
,করতাসো,O
Sentence: 2304,বাস্তব,O
,জীবনে,O
,বিয়ার,O
,পরই,O
,ঝগড়া,O
,শুরু,O
,হয়,O
Sentence: 314,দেহা,O
,করা,O
,যাইব,O
Sentence: 1234,আম্মা,B-REL
,কেন,O
,আমি,O
,এই,O
,জাগায়,O
,গেলাম,O
Sentence: 356,আজ,O
,সিঙ্গেল,O
,বইল্লা,O
,কারো,O
,লাইজ্ঞা,O
,হাত,O
,কাটতে,O
,ফারি,O
,না,O
Sentence: 405,জীবন,O
,থাইক্কা,O
,কি,O
,কইরা,O
,এত,O
,তাড়াতাড়ি,O
,দিনগুলা,O
,কাইটা,O
,গেল,O
,হিসাব,O
,মিলাইতে,O
,ফারিনা,O
Sentence: 525,আফনে,O
,কিতা,O
,অন্যান্য,O
,বই,B-OBJ
,পড়তাসেন,O
Sentence: 300,যারা,O
,ভাবসিলেন,O
,বড়,O
,হয়া,O
,গরীবরার,O
,সেবা,O
,করবেন,O
,কিন্তু,O
,বড়,O
,হয়া,O
,দেহেন,O
,নিজেই,O
,গরীব,O
Sentence: 2894,লম্বা,O
,না,O
Sentence: 484,মাছগুলা,B-ANI
,ফানির,O
,মধ্যে,O
,সুন্দর,O
Sentence: 2529,আমার,O
,পিছন,O
,দিয়া,O
,কিতা,O
Sentence: 3409,ঘড়িডাত,B-OBJ
,কয়ডা,O
,বাজে,O
Sentence: 1322,আব্বা,B-REL
,খুব,O
,কইরা,O
,চাইতাসিল,O
,যেন,O
,আমি,O
,বাসাত,O
,যাই,O
Sentence: 1678,পলাশের,B-PER
,নানা,B-REL
,আর,O
,নানি,B-REL
,একইদিনে,O
,মইরা,O
,যান,O
Sentence: 1490,আমি,O
,আগে,O
,দেহি,O
,নাই,O
Sentence: 2301,মাইয়ারা,O
,বিয়া,O
,করার,O
,লাইজ্ঞা,O
,ভদ্র,O
,পোলা,O
,খুঁজে,O
Sentence: 716,আমি,O
,তোমারে,O
,চিনি,O
,না,O
Sentence: 1590,জরুরি,O
,সভা,O
,হইব,O
Sentence: 2228,আমার,O
,এই,O
,মন,O
,তোমারে,O
,দিলাম,O
Sentence: 2059,আমারে,O
,নিয়া,O
,বিদেশে,B-LOC
,ঘুরতে,O
,যাইবা,O
Sentence: 2541,আমি,O
,হাসাই,O
,মেলা,O
,অসহাই,O
,বোধ,O
,করতাসি,O
Sentence: 2692,এই,O
,কলমডা,B-OBJ
,নেন,O
Sentence: 1965,তোমার,O
,কিতা,O
,গরম,O
,লাগতাসে,O
Sentence: 2997,আমার,O
,মেরুন,B-COL
,রং,I-COL
,পসন্দ,O
Sentence: 3455,ইনি,O
,কেডা,O
Sentence: 345,একদিন,O
,সুন্দর,O
,একটা,O
,বাগানে,B-LOC
,একটা,O
,মাইয়া,O
,হাঁটতাসিল,O
Sentence: 2767,আমি,O
,যাইবাম,O
,না,O
Sentence: 683,আমি,O
,তোমার,O
,বাদামী,B-COL
,চোখ,O
,জোড়া,O
,ভালবাসি,O
Sentence: 454,আমি,O
,ফুটবল,B-OBJ
,খেলতাম,O
,আমার,O
,বন্ধুরার,B-ROLE
,সাথে,O
,যাইতাসি,O
Sentence: 2368,আফনেরে,O
,কিসু,O
,কওন,O
,লাগে,O
,না,O
,আফনে,O
,এমনিতেই,O
,আমার,O
,মনের,O
,কথা,O
,বুইজ্ঝা,O
,যান,O
Sentence: 1528,রেডিওতে,B-OBJ
,কেবল,O
,কথা,O
,হুনা,O
,যায়,O
Sentence: 636,বিদ্যুৎবিহীন,O
,ঘরে,O
,মােমবাত্তি,O
,জ্বেলে,O
,বইসা,O
,আসি,O
Sentence: 1783,মুরগের,B-FOOD
,মাংস,I-FOOD
,দিয়া,O
,ভাত,B-FOOD
,খাইতে,O
,আমার,O
,মেলা,O
,ভালা,O
,লাগে,O
Sentence: 3470,আমি,O
,আব্বারে,O
,চিনি,O
Sentence: 2227,তোমারে,O
,একটা,O
,গোলাপ,B-OBJ
,ফুল,I-OBJ
,কিন্না,O
,দিইয়াম,O
Sentence: 2190,একজন,O
,মহিলা,O
,মারা,O
,গেসেন,O
Sentence: 1969,সারা,O
,জীবন,O
,পাইতে,O
,চাই,O
,তোমার,O
,ভালবাসা,O
Sentence: 1207,আজকে,O
,রাতে,O
,গায়ে,O
,হাত,O
,তুলসে,O
Sentence: 2691,আইন্নে,O
,এই,O
,কলমডা,B-OBJ
,নেন,O
Sentence: 499,বিদেশে,B-LOC
,ঘুরতে,O
,যাওয়ন,O
,আমার,O
,স্বপ্ন,O
Sentence: 217,মুক্তিযুদ্ধা,B-ROLE
,ভাইয়েরা,I-ROLE
,আমারার,O
,লাইজ্ঞা,O
,কত,O
,কষ্ট,O
,করছে,O
Sentence: 3321,আইজকা,O
,তোমার,O
,ভাইরে,B-REL
,দেখলাম,O
Sentence: 895,হেয়,O
,এতো,O
,সকালে,O
,নাকি,O
,উঠতে,O
,পারে,O
,না,O
Sentence: 3018,ছেড়াডা,O
,রাস্তা,B-LOC
,দিয়া,O
,যাইতাসে,O
Sentence: 742,আমি,O
,গল্পের,B-OBJ
,বই,I-OBJ
,কিনবাম,O
Sentence: 1413,আমার,O
,মা,B-REL
,ভাই,B-REL
,বইন,B-REL
,বরিশালে,B-LOC
,থাহে,O
Sentence: 2100,তুমি,O
,চাইলে,O
,আমি,O
,চাঁদ,O
,আইন্না,O
,দিয়াম,O
Sentence: 3469,গরু,B-ANI
,বান্ধুনের,O
,দরকার,O
,নাই,O
Sentence: 2694,আইন্নে,O
,কলমডা,B-OBJ
,নেন,O
Sentence: 2532,প্রাণডা,O
,ঘরো,O
,রাইখ্যা,O
Sentence: 352,তোমার,O
,বন্ধুরার,B-REL
,কাসে,O
,থাকতে,O
,খুব,O
,ভালা,O
,লাগে,O
Sentence: 2977,শিমুর,B-PER
,সাদা,B-COL
,রং,I-COL
,পসন্দ,O
Sentence: 43,হেয়,O
,তার,O
,গেরামের,B-LOC
,একটা,O
,ইস্কুলে,B-ORG
,পড়ালেহা,O
,করে,O
Sentence: 830,আরেক,O
,টু,O
,খাও,O
,এক,O
,চামুচ,B-OBJ
,দেই,O
Sentence: 2657,আইন্নের,O
,কাসের,O
,মামুষডা,O
,কেডা,O
Sentence: 1899,আমি,O
,চইল্লা,O
,যাইতাসি,O
,তোমারে,O
,আর,O
,কোন,O
,দিন,O
,ফোন,B-OBJ
,দিয়া,O
,কইতাম,O
,না,O
,একটু,O
,সময়,O
,দাও,O
Sentence: 856,আর,O
,সহ্য,O
,না,O
,করতে,O
,পাইরা,O
,আফনেরার,O
,কাসে,O
,সঠিক,O
,পরার্মশ,O
,চাইতাসি,O
Sentence: 1312,আব্বার,B-REL
,খোঁজখবর,O
,রাখার,O
,চেষ্টা,O
,করি,O
,বেগ,O
,সময়,O
Sentence: 3284,আমারে,O
,এহনো,O
,চিনুইন,O
,না,O
Sentence: 829,তোমার,O
,রান্না,O
,তো,O
,পুরা,O
,আম্মার,B-REL
,মতো,O
Sentence: 1175,আমার,O
,বউ,B-REL
,দেখতেও,O
,সুন্দরী,O
Sentence: 880,আমি,O
,তহন,O
,মেলা,O
,ছোট,O
,আসিলাম,O
Sentence: 3091,এক,O
,গ্রামে,O
,এক,O
,টুপি,B-ROLE
,বিক্রেতা,I-ROLE
,আসিন,O
Sentence: 2494,বিশ্বকাপ,B-ORG
,ক্রিকেট,O
,খেলা,O
,আইজকে,O
,থাইক্কা,O
,শুরু,O
Sentence: 3188,আব্বু,B-REL
,আমার,O
,লেইগা,O
,কমলা,B-COL
,জামা,B-OBJ
,কিন্না,O
,আনসে,O
Sentence: 160,যতদিন,O
,বাইচ্চা,O
,থাকি,O
,তোমারে,O
,মনে,O
,রাখবাম,O
Sentence: 942,আমি,O
,হারায়া,O
,গেসি,O
Sentence: 2381,আমার,O
,আম্মা,B-REL
,আগের,O
,তুলনায়,O
,এহন,O
,অনেক,O
,ভালা,O
,আসে,O
Sentence: 894,আমার,O
,বউ,B-REL
,একদিনও,O
,সময়মতো,O
,টেবিলে,B-OBJ
,খাওন,O
,দিতে,O
,পারে,O
,না,O
,অনেক,O
,সময়,O
,বাইরে,O
,গিয়া,O
,নাস্তা,B-FOOD
,করি,O
Sentence: 3223,তুমার,O
,পসন্দের,O
,বই,B-OBJ
,কিনসি,O
Sentence: 2165,ছেড়াডা,O
,আমারে,O
,চিনতে,O
,পারল,O
,না,O
Sentence: 2281,আমি,O
,ক্লাসের,O
,বেগ,O
,ছেড়ারার,O
,সাথেই,O
,মিশতাম,O
Sentence: 814,এরপর,O
,ঠিক,O
,করলাম,O
,তেল,O
,মারা,O
,উত্তর,O
,দিয়াম,O
Sentence: 3343,তোমার,O
,আব্বা,B-REL
,কিতা,O
,করে,O
Sentence: 2976,লইয়া,O
,চলুইন,O
Sentence: 1652,বেহেই,O
,যহন,O
,পড়তে,O
,বয়,O
,আমি,O
,তহন,O
,ঘুমাই,O
Sentence: 1369,ঐ,O
,লোক,O
,যদি,O
,আমার,O
,বইনের,B-REL
,কোন,O
,ক্ষতি,O
,করে,O
Sentence: 1707,বাসে,B-OBJ
,কইরাই,O
,হের,O
,রওনা,O
,দিতে,O
,হইলো,O
Sentence: 1145,এহন,O
,হেয়,O
,আমারে,O
,কয়,O
,তার,O
,লাইফ,O
,থাইক্কা,O
,চইল্লা,O
,যাইত,O
Sentence: 2253,তুমি,O
,এক,O
,সন্ধ্যায়,O
,অফিস,B-ORG
,থাইক্কা,O
,বাসায়,B-LOC
,ফিরা,O
,দেখবা,O
,আমি,O
,আর,O
,নাই,O
Sentence: 2204,আফনে,O
,মেলা,O
,কষ্টে,O
,নিজেরে,O
,সামলায়া,O
,নিসেন,O
Sentence: 2583,এরুম,O
,করতাসে,O
,কেরে,O
,বইয়া,O
,বইয়া,O
Sentence: 1091,আমরার,O
,তিন,O
,বছরের,O
,প্রেম,O
Sentence: 2475,আমার,O
,ছোট,B-REL
,ভাইয়ের,I-REL
,প্রিয়,O
,ফল,B-FOOD
,হইলো,O
,জামরুল,B-FOOD
Sentence: 265,তুমি,O
,আর,O
,আমার,O
,নাই,O
,আমি,O
,এইডা,O
,মানতে,O
,পারতাসি,O
,না,O
Sentence: 360,মাঝে,O
,মাঝে,O
,মনডা,O
,চায়,O
,থাইম্মা,O
,থাকা,O
,গাড়ির,B-OBJ
,নিচে,O
,পইরা,O
,মইরা,O
,যাই,O
Sentence: 3436,হের,O
,চোখ্খের,O
,মায়াত,O
,পরসি,O
Sentence: 3232,সাহাহ্য,O
,করবাইন,O
Sentence: 3172,আব্বু,B-REL
,আমার,O
,লেইগা,O
,লাল,B-COL
,জামা,B-OBJ
,কিন্না,O
,আনসে,O
Sentence: 1907,ছেড়িটা,O
,ছেড়াটার,O
,অপেক্ষায়,O
,থাকে,O
Sentence: 246,কিন্তু,O
,ছেড়া,O
,হঠাৎ,O
,কইরা,O
,ছেড়িরে,O
,না,O
,জানায়া,O
,দেশের,B-LOC
,বাইরে,I-LOC
,চইলা,O
,যায়,O
Sentence: 672,তুমি,O
,কি,O
,আমারে,O
,ভালবাস,O
Sentence: 2125,উনি,O
,চেষ্টা,O
,করেন,O
Sentence: 524,আমি,O
,একটা,O
,বই,B-OBJ
,পড়তাসি,O
Sentence: 1566,বেহের,O
,লগে,O
,কুশল,O
,বিনিময়,O
,হইল,O
Sentence: 2133,বিয়ার,O
,লাইজ্ঞা,O
,আম্মা,B-REL
,আমার,O
,লাইজ্ঞা,O
,ছেড়া,O
,খুজতাসে,O
Sentence: 3481,যাইবাম,O
,না,O
Sentence: 2652,হে,O
,রাজশাহী,B-LOC
,গেসে,O
,গা,O
Sentence: 2782,ভাত,B-FOOD
,খাইবাম,O
Sentence: 3433,মিরপুরে,B-LOC
,থাহি,O
Sentence: 16,আমার,O
,ঘরের,O
,কামের,B-ROLE
,ছেড়িটা,I-ROLE
,দুইদিন,O
,ধইরা,O
,পালাইছে,O
Sentence: 113,যখন,O
,ছেড়ি,O
,বুঝে,O
,তখন,O
,ছেড়াবুঝেনা,O
Sentence: 1228,আমার,O
,মা,B-REL
,বেগ,O
,কাম,O
,একলা,O
,করসে,O
Sentence: 810,আমার,O
,সুখ,O
,দেইক্ষা,O
,আবার,O
,তারার,O
,সহ্য,O
,হয়না,O
Sentence: 452,আমি,O
,ফুটবল,B-OBJ
,খেলতাম,O
,ভালবাসি,O
Sentence: 94,আমারে,O
,বেকগের,O
,সামনে,O
,মারতে,O
,মারতে,O
,বাসায়,O
,নিয়া,O
,আইসে,O
Sentence: 632,ছোটোবেলা,O
,থাইক্কাই,O
,আমার,O
,সাইকেল,B-OBJ
,চালানুর,O
,অভ্যাস,O
Sentence: 2137,আমার,O
,দুইদিন,O
,বাদে,O
,বিয়া,O
,হইব,O
Sentence: 1080,তারার,O
,ঘরের,O
,কামের,B-ROLE
,মানুষ,I-ROLE
,হিসাবে,O
,রাখতে,O
,চাইসিল,O
Sentence: 2594,কতা,O
,ঠিক,O
,আসে,O
Sentence: 1215,আমার,O
,পরিবারের,O
,বেহেইরে,O
,নিয়া,O
,আজেবাজে,O
,কথা,O
,কয়,O
Sentence: 3174,লাল,B-COL
,জামা,B-OBJ
,কিন্না,O
,আনসে,O
Sentence: 2067,আমি,O
,সকালে,O
,পড়াশুনা,O
,কইরা,O
,মন,O
,সচেতন,O
,রাহি,O
Sentence: 581,কিতা,O
,করতাম,O
,পারি,O
,কন,O
,এহন,O
Sentence: 228,আজ,O
,তোমার,O
,মাইয়ারে,B-REL
,নিয়া,O
,সারা,O
,বই,B-LOC
,মেলা,I-LOC
,ঘুরসি,O
,কিন্তু,O
,কোনো,O
,আনন্দ,O
,পায়নাই,O
Sentence: 2072,চলো,O
,সবাই,O
,মিল্লা,O
,ঘুরতাম,O
,যাই,O
Sentence: 707,আমারে,O
,একটা,O
,বই,B-OBJ
,উপহার,O
,দিও,O
Sentence: 234,আমি,O
,এক,O
,সন্ধ্যায়,O
,অফিস,B-ORG
,থাইক্কা,O
,বাসায়,O
,ফিরা,O
,দেখবাম,O
,তুমি,O
,আসো,O
,সত্যিই,O
,তুমি,O
,আসো,O
Sentence: 2689,কামো,O
,যাইতাম,O
,চাই,O
Sentence: 1547,কেডা,O
,নিসে,O
Sentence: 442,তুইন,O
,কিতা,O
,কহনো,O
,কবিতা,O
,লিখতে,O
,পারিস,O
Sentence: 1982,পরে,O
,আফনের,O
,অনেক,O
,আফসোস,O
,হইব,O
Sentence: 2132,তোমার,O
,মত,O
,খারাপ,O
,ছেড়া,O
,আমি,O
,আর,O
,একটাও,O
,দেখসিনা,O
Sentence: 906,আমার,O
,তো,O
,মনে,O
,হয়,O
,মাইয়ারার,O
,একাধিক,O
,ডেট,O
,করন,O
,উচিত,O
Sentence: 1244,আমার,O
,বাপের,B-REL
,প্রতি,O
,আমার,O
,কিসু,O
,দায়িত্ববোধ,O
,আসে,O
Sentence: 3309,আমার,O
,মেলা,O
,ভালা,O
,লাগে,O
Sentence: 2140,আমার,O
,চাচা,B-REL
,বিদেশ,B-LOC
,থাইক্কা,O
,কালকে,O
,বাংলাদেশে,B-LOC
,আইসে,O
Sentence: 2774,রাও,O
,কম,O
,করো,O
Sentence: 2099,ভুল,O
,কইরা,O
,ফালাইসি,O
Sentence: 558,হেয়,O
,দেখতে,O
,মেলা,O
,সুন্দর,O
Sentence: 168,বিয়াতে,O
,ছেড়া,B-REL
,পক্ষ,I-REL
,দাবি,O
,করছিল,O
,দুইটা,O
,সোনার,B-OBJ
,জিনিস,I-OBJ
,চাই,O
,ছেড়ি,B-REL
,পক্ষ,I-REL
,তাতেই,O
,রাজি,O
,হইয়া,O
,গেল,O
Sentence: 1381,আমিও,O
,বুঝি,O
,তুমি,O
,মেলা,O
,কষ্ট,O
,করো,O
Sentence: 2974,আমারে,O
,ওইনে,O
,লইয়া,O
,চলুইন,O
Sentence: 2341,আমার,O
,আব্বার,B-REL
,মাথা,O
,গরম,O
,থাহে,O
Sentence: 2340,আফনে,O
,কিতা,O
,এই,O
,বিয়াতে,O
,রাজি,O
,হইসেন,O
Sentence: 1955,জীবন,O
,হইলো,O
,বাঁচার,O
,লাইজ্ঞা,O
Sentence: 319,হেইবার,O
,আমি,O
,প্রায়,O
,চার,O
,মাস,O
,ফরে,O
,বাসায়,O
,গেসি,O
Sentence: 108,তোমারে,O
,আমি,O
,সেই,O
,অনুভুতির,O
,কথা,O
,কিয়া,O
,বুঝাইতে,O
,পারতাম,O
,না,O
Sentence: 2592,তুমি,O
,ঘুমাও,O
Sentence: 174,তোমারে,O
,নিয়া,O
,আমার,O
,সব,O
,কল্পনা,O
Sentence: 1222,আমার,O
,আব্বা,B-REL
,রাজি,O
,আসিল,O
,না,O
,তবুও,O
,আমি,O
,আর,O
,আম্মা,B-REL
,জোর,O
,বিয়ে,O
,করায়,O
Sentence: 3441,হের,O
,হাসিডা,O
,মেলা,O
,সুন্দর,O
Sentence: 1929,আমার,O
,ছোট,B-REL
,ভাই,I-REL
,একটা,O
,ইস্কুলে,B-ORG
,পড়ালেহা,O
,করে,O
Sentence: 1591,হাসপাতালে,B-ORG
,আমি,O
,আগে,O
,যাই,O
,নাই,O
Sentence: 665,চলো,O
,একসাথে,O
,মাছ,B-FOOD
,ধরি,O
Sentence: 1478,তুমি,O
,মেলা,O
,চালাক,O
Sentence: 639,আধুনিক,O
,সভ্যতাকে,O
,বিজ্ঞান,O
,উপহার,O
,দিসে,O
,অনেক,O
,কিসু,O
Sentence: 758,তুমি,O
,মেলা,O
,যত্নশীল,O
Sentence: 3261,আমি,O
,আমার,O
,পরিবারের,O
,কতা,O
,কইতে,O
,চাই,O
Sentence: 699,তুমি,O
,কিতা,O
,গল্প,O
,লেহো,O
Sentence: 930,একটা,O
,সাদা,B-COL
,রংগের,I-COL
,পাখি,B-ANI
,আকাশে,O
,উড়তাসে,O
Sentence: 860,শেষ,O
,বয়সে,O
,আইসা,O
,হেয়,O
,এহন,O
,এমন,O
,একটা,O
,জঘন্য,O
,কাম,O
,করল,O
Sentence: 771,তুমি,O
,কি,O
,বিয়াতে,O
,রাজি,O
Sentence: 441,তুইন,O
,কিতা,O
,এই,O
,গানডা,O
,হুনতে,O
,ভালবাসবি,O
Sentence: 2859,ভালা,O
,লাগে,O
,না,O
Sentence: 1529,হাজার,O
,বছর,O
,আগে,O
,বেগ,O
,পুরুষই,O
,পরত,O
,ধুতি,B-OBJ
,পরত,O
Sentence: 3407,আমরার,O
,দাওয়াত,O
,আসিন,O
Sentence: 3090,মেলা,O
,দিন,O
,আগে,O
,এক,O
,গ্রামে,O
,এক,O
,টুপি,B-ROLE
,বিক্রেতা,I-ROLE
,আসিন,O
Sentence: 1297,আমি,O
,নিজে,O
,দেখসি,O
,হেয়,O
,কেমন,O
,বাজে,O
,ব্যবহার,O
,করে,O
,মায়ের,B-REL
,লগে,O
Sentence: 2156,আমার,O
,বন্ধু,B-REL
,এহন,O
,ঘুমাইতে,O
,যাইব,O
Sentence: 3208,ছুডো,O
,ছেরাডা,O
,একটা,O
,বল,B-OBJ
,দিয়া,O
,খেলতাসে,O
Sentence: 143,আমি,O
,যেই,O
,মানুষটারে,O
,ভালোবাসমু,O
,তারে,O
,যদি,O
,না,O
,বুঝতে,O
,পারি,O
,তাইলে,O
,এই,O
,প্রেমের,O
,কোনো,O
,অর্থ,O
,আছে,O
,বইলা,O
,মনে,O
,হয়,O
,না,O
Sentence: 821,তোমার,O
,খাওয়ন,O
,লাগব,O
,না,O
Sentence: 1347,ডিসেম্বর,O
,মাসে,O
,হেয়,O
,হের,O
,পরিবাররে,O
,জানায়,O
,আমার,O
,কথা,O
Sentence: 2564,খাওন,O
,খাইবার,O
,গেলো,O
Sentence: 294,দুইজনেই,O
,দুইজনরে,O
,সন্দেহ,O
,করে,O
Sentence: 1782,মাডির,O
,পাতিল,B-OBJ
,গুলা,O
,মেলা,O
,সুন্দর,O
Sentence: 372,আজ,O
,আমি,O
,রোগা,O
,তাই,O
,জন্য,O
,মানুষ,O
,আমারে,O
,নিয়া,O
,উল্টোপাল্টা,O
,সন্দেহ,O
,করে,O
Sentence: 13,আম্মা,B-REL
,অইদিন,O
,ঠিক,O
,কথাই,O
,কইসিল,O
Sentence: 719,উনি,O
,ভালা,O
,মনের,O
,মানুষ,O
Sentence: 2863,আমার,O
,সহালে,O
,কিসু,O
,খাইতে,O
,ভালা,O
,লাগে,O
Sentence: 1888,আমার,O
,আগের,O
,কোন,O
,কথা,O
,কিনুতাই,O
,মনে,O
,নাই,O
Sentence: 2163,আফনে,O
,কি,O
,আমারে,O
,আগে,O
,কোনদিন,O
,দেখসেন,O
Sentence: 2007,খাওনের,O
,সময়,O
,খুব,O
,বেশি,O
,ব্যথা,O
,করতাসে,O
,দাঁতে,O
Sentence: 1440,মাঝে,O
,মাঝে,O
,ঝগড়া,O
,হইতো,O
,কিন্তু,O
,হেইদিনই,O
,সব,O
,ঠিক,O
,হয়া,O
,যাইতো,O
Sentence: 3180,আব্বু,B-REL
,আমার,O
,লেইগা,O
,সবুজ,B-COL
,জামা,B-OBJ
,কিন্না,O
,আনসে,O
Sentence: 3356,তুমি,O
,কিতা,O
,খাইবার,O
,পসন্দ,O
,করো,O
Sentence: 60,একটা,O
,ছেড়া,O
,বিছানাত,B-OBJ
,লাফাইতাসে,O
Sentence: 548,হেয়,O
,গান,O
,গাইতে,O
,পসন্দ,O
,করে,O
Sentence: 1421,আমি,O
,তো,O
,সত্যি,O
,ভাইব্বাই,O
,ভুলে,O
,জড়ায়া,O
,পরতাম,O
Sentence: 1699,রোদে,O
,জলে,O
,টিকে,O
,রং,B-COL
,পাকনা,O
,কই,O
,তারে,O
Sentence: 1348,হের,O
,পরিবার,O
,কোনোমতেই,O
,এই,O
,বিয়াতে,O
,রাজি,O
,না,O
Sentence: 2823,এই,O
,বাড়িডা,O
,আমরার,O
Sentence: 1248,আমার,O
,একটুও,O
,কষ্ট,O
,হইতাসে,O
,না,O
Sentence: 54,আমি,O
,আজকে,O
,সকালে,O
,ফুটবল,B-OBJ
,খেলছি,O
Sentence: 3164,প্রথমে,O
,দুহানো,O
,যাওন,O
,লাগবো,O
Sentence: 1317,ঈদ,O
,গেসে,O
,দুইদিন,O
,পার,O
,হয়া,O
,গেল,O
Sentence: 2903,আমি,O
,আইলাম,O
Sentence: 1257,কয়া,O
,রাহা,O
,ভালা,O
,এইডা,O
,আমার,O
,আর,O
,আমার,O
,জামাইয়ের,B-REL
,দুই,O
,জনেরই,O
,দ্বিতীয়,O
,সংসার,O
Sentence: 1274,সবাইরে,O
,কয়,O
,ইদানীং,O
,আমার,O
,পোলা,B-REL
,বদলায়া,O
,গেসে,O
Sentence: 1677,তিশার,B-PER
,লাইজ্ঞা,O
,সিন্দুক,B-OBJ
,খোলা,O
,হইলো,O
Sentence: 2922,হাতটা,O
,ধরুইন,O
Sentence: 1996,আমরার,O
,মধ্যে,O
,কোন,O
,রহম,O
,ঝগড়া,O
,নাই,O
Sentence: 1149,বাংলাদেশী,B-ROLE
,মাইয়াডা,I-ROLE
,পরিবার,O
,সহ,O
,নিউজিল্যান্ড,B-LOC
,থাকে,O
Sentence: 1731,কয়েকজন,O
,লোক,O
,ফিতা,B-OBJ
,নিয়া,O
,মাপজোখ,O
,করসে,O
Sentence: 879,আব্বা,B-REL
,সারাদিন,O
,বাইরে,O
,বাইরে,O
,থাকত,O
Sentence: 3102,কিন্না,O
,আনসে,O
Sentence: 464,আমি,O
,ফুটবল,B-OBJ
,ম্যাচ,O
,দেখতাম,O
,মেলা,O
,ভালবাসি,O
Sentence: 2877,অপেক্ষা,O
,করুইন,O
Sentence: 571,বেগসময়,O
,ভয়ে,O
,ভয়ে,O
,থাকতাম,O
,গলা,O
,দিয়া,O
,খাওন,O
,নামতো,O
,না,O
Sentence: 2329,চাঁন্দের,O
,আলো,O
,দেখতে,O
,আমার,O
,খুব,O
,ভালা,O
,লাগে,O
Sentence: 236,আমি,O
,কোনদিন,O
,চিন্তাও,O
,করি,O
,নাই,O
,আমার,B-REL
,মাইয়া,O
,তার,B-REL
,মায়ের,O
,আদর,O
,ভালোবাসা,O
,ছাড়া,O
,বড়,O
,হইব,O
,বাসার,B-ROLE
,কামের,I-ROLE
,মানুষের,O
,কাছে,O
Sentence: 753,আমার,O
,ঘড়ীটা,B-OBJ
,খুইজ্জা,O
,পাইতাসি,O
,না,O
Sentence: 2047,তুমি,O
,কিতা,O
,আমার,O
,সাথে,O
,যাইবা,O
Sentence: 3440,আমি,O
,মায়াত,O
,পরসি,O
Sentence: 2274,আমার,O
,ভাই,B-REL
,মাইয়াডার,O
,লগে,O
,গতকাল,O
,যোগাযোগ,O
,করে,O
Sentence: 3182,আব্বু,B-REL
,আমার,O
,লেইগা,O
,সাদা,B-COL
,জামা,B-OBJ
,কিন্না,O
,আনসে,O
Sentence: 1736,বদলায়া,O
,যাইতাসে,O
,আমরার,O
,খেলার,B-LOC
,মাঠটা,I-LOC
,তাই,O
,না,O
Sentence: 460,আমি,O
,ফুটবলে,B-OBJ
,একটা,O
,গোল,O
,করসি,O
Sentence: 988,যহন,O
,বাড়ীত,O
,জানাই,O
,তহন,O
,নানা,O
,রহম,O
,কথা,O
,হয়,O
Sentence: 2950,তুই,O
,কসাই,B-ROLE
Sentence: 317,দুই,O
,ঘন্টা,O
,ধইর,O
,বিদ্যুৎ,O
,যায়নাই,O
Sentence: 3287,আইন্নেরা,O
,আমারে,O
,এহনো,O
,চিনুইন,O
,না,O
Sentence: 1040,আমারে,O
,অনেক,O
,মারত,O
Sentence: 1184,আফনেরাও,O
,আফনেরার,O
,জীবনসঙ্গীরে,B-REL
,ভালবাসেন,O
Sentence: 213,এই,O
,গানটা,O
,হুইন্না,O
,মনে,O
,হইল,O
,আমি,O
,বাংলাদেশ,B-LOC
,থাইক্কা,O
,ঘুইরা,O
,আইলাম,O
Sentence: 2825,আমরার,O
,বাইত,O
,কেউ,O
,আয়,O
,নাই,O
Sentence: 640,কম্পিউটার,B-OBJ
,আধুনিক,O
,বিজ্ঞান,O
,জগৎরে,O
,বিশেষভাবে,O
,সহজ,O
,করসে,O
Sentence: 1230,আমার,O
,আম্মার,B-REL
,লগে,O
,ঝগড়া,O
,কইরা,O
,আমার,O
,ভাইয়ের,B-REL
,বউ,I-REL
Sentence: 590,এইবার,O
,কুরবানিতে,O
,লাল,B-COL
,গরু,B-ANI
,কিনবাম,O
Sentence: 2345,আফনে,O
,আইজ,O
,সহালে,O
,চা,B-FOOD
,খান,O
,নাই,O
Sentence: 3230,আমারে,O
,এট্টু,O
,সাহাহ্য,O
,করবাইন,O
Sentence: 1477,আমি,O
,কিতা,O
,বেক্কল,O
Sentence: 1876,বাংলাদেশে,B-LOC
,চৌষট্টি,O
,টা,O
,জেলা,B-LOC
Sentence: 2982,আমি,O
,আপেল,B-FOOD
,পসন্দ,O
,করি,O
,না,O
Sentence: 2907,আমি,O
,কেক,B-FOOD
,পসন্দ,O
,করি,O
,না,O
Sentence: 1537,তার,O
,কাসে,O
,বেগ,O
,দেশের,B-LOC
,টেহা,B-OBJ
,আসে,O
Sentence: 2437,আমার,O
,আম্মা,B-REL
,জামরুল,B-FOOD
,খাইতাসে,O
Sentence: 1363,আমার,O
,বইন,B-REL
,কেন,O
,এই,O
,পথে,O
,পা,O
,বাড়াইলো,O
,জানাজানি,O
,হইলে,O
,কেমনে,O
,মুখ,O
,দেহায়াম,O
,হেই,O
,চিন্তায়,O
,ঘুমাইতে,O
,পারতাসি,O
,না,O
Sentence: 1790,আমরার,O
,খামারে,B-ORG
,৫০০০টার,O
,বেশি,O
,মুরগি,B-ANI
,আসে,O
Sentence: 725,অল্প,O
,সময়,O
,আসিল,O
,হেয়,O
,তাতেই,O
,মায়ায়,O
,পইরা,O
,আসি,O
Sentence: 842,শাড়িডা,B-OBJ
,আমারে,O
,কেমন,O
,মানাইসে,O
Sentence: 251,ছেড়ি,O
,মামলা,O
,চায়,O
,না,O
,কারণ,O
,হেয়,O
,বিবাহিত,O
,মামলার,O
,বিষয়ডা,O
,জানাজানি,O
,হলে,O
,সংসার,O
,টিকব,O
,না,O
Sentence: 2855,আমার,O
,সহালে,O
,কিসু,O
,খাইতে,O
,ভালা,O
,লাগে,O
,না,O
Sentence: 676,জেলেরা,B-ROLE
,মাছ,B-FOOD
,ধরতাসে,O
Sentence: 2043,আমি,O
,এইহানে,O
,থাকবাম,O
Sentence: 1151,বিয়াডা,O
,ওই,O
,দেশে,B-LOC
,করতে,O
,চাইসিল,O
,মাইয়া,O
,কিন্তু,O
,পোলার,O
,ইচ্ছা,O
,বাংলাদেশে,B-LOC
,আইসা,O
,দুইজন,O
,বিয়া,O
,করব,O
Sentence: 1960,আমি,O
,কিসু,O
,বুঝতাম,O
,চাই,O
,না,O
,তোমারে,O
,ছাড়া,O
Sentence: 2821,আমি,O
,ঘুসা,O
,করসি,O
Sentence: 3464,সামসু,B-PER
,মিয়া,I-PER
,আমার,O
,থাইক্কা,O
,ছুডু,O
Sentence: 2434,আমার,O
,ছোট,B-REL
,ভাই,I-REL
,উশশির,B-FOOD
,সালুন,I-FOOD
,দিয়া,O
,ভাত,B-FOOD
,খাইতে,O
,মেলা,O
,ভালবাসে,O
Sentence: 2400,আমার,O
,হাত,O
,খরচের,O
,টাকা,B-OBJ
,আমার,O
,আব্বা,B-REL
,দেয়,O
Sentence: 1527,টেলিভিশনে,B-OBJ
,কথা,O
,হুনা,O
,যায়,O
,ছবিও,O
,দেহা,O
,যায়,O
Sentence: 396,পুকুরে,B-LOC
,খুবই,O
,সুন্দর,O
,একটি,O
,পাখি,B-ANI
,দেখতে,O
,পেল,O
Sentence: 1769,বেহেই,O
,ভালোবাসা,O
,পাইতে,O
,চায়,O
Sentence: 2935,বেদবা,O
,করতাসে,O
Sentence: 350,তোমার,O
,বন্ধুরা,B-REL
,আসলেই,O
,ভালো,O
,মনের,O
,মানুষ,O
Sentence: 2429,পেয়ারা,B-FOOD
,আমার,O
,প্রিয়,O
,ফল,B-FOOD
Sentence: 275,আমি,O
,একটা,O
,কঠিন,O
,সমস্যা,O
,নিয়া,O
,হাজির,O
,হইসি,O
Sentence: 1943,আফনে,O
,কেমন,O
,আসেন,O
Sentence: 2779,এক,O
,গালে,O
,ওক্কোরে,O
,একটা,O
,থাপরা,O
,লাগাই,O
,দেম,O
Sentence: 1534,ধনী,O
,লোকেরা,O
,ঘোড়া,B-ANI
,আর,O
,হাতির,B-ANI
,খেলা,O
,দেখত,O
Sentence: 1045,দিন,O
,দিন,O
,মানসিক,O
,ভাবে,O
,অসুস্থ,O
,হয়া,O
,যাইতাসি,O
Sentence: 2062,হেয়,O
,বিদেশে,B-LOC
,যাইতে,O
,চায়,O
,না,O
Sentence: 1749,তুমি,O
,কি,O
,আমারে,O
,ঘুরতে,O
,নিয়া,O
,যাইবা,O
Sentence: 1281,আমরার,O
,আর,O
,হেরার,O
,সময়,O
,তো,O
,এক,O
,না,O
Sentence: 390,হেইরম,O
,বাজে,O
,ছেড়ার,O
,পাল্লায়,O
,পড়লে,O
,সর্বনাশ,O
,হয়া,O
,যাইত,O
Sentence: 2771,তুমি,O
,কিতা,O
,কাম,O
,করো,O
Sentence: 1634,ধানখেত,B-LOC
,পার,O
,হইতেই,O
,একটা,O
,বড়,O
,পুকুর,B-LOC
Sentence: 3397,আমার,O
,লগে,O
,এরুমবায়,O
,কতা,O
,কইবার,O
,পারুইন,O
,না,O
Sentence: 1389,আমি,O
,তারে,O
,এইগুলা,O
,শিখাইসি,O
Sentence: 1695,বাপরে,O
,বাপ,O
,কত,O
,বড়,O
,মিসিল,O
Sentence: 936,আফনে,O
,ঘুম,O
,থাইক্কা,O
,উঠতে,O
,চান,O
,না,O
Sentence: 3229,আইন্নে,O
,নিয়া,O
,বইন,O
Sentence: 1762,রাইজ্ঞা,O
,গেলেন,O
,তো,O
,হাইরা,O
,গেলেন,O
Sentence: 881,আমার,O
,ফুফু,B-REL
,চাচারাও,B-REL
,আমরারে,O
,দেখতে,O
,পারত,O
,না,O
Sentence: 3092,এক,O
,টুপি,B-ROLE
,বিক্রেতা,I-ROLE
,আসিন,O
Sentence: 2150,আমার,O
,ছোট,B-REL
,ভাইয়ের,I-REL
,বিদ্যালয়ে,B-ORG
,গিয়ে,O
,পড়ালেখা,O
,করতে,O
,ভাল,O
,লাগে,O
,না,O
Sentence: 1763,সুস্থ,O
,দেহ,O
,ও,O
,প্রশান্ত,O
,মন,O
,একজন,O
,মানুষের,O
,বেগ,O
,থাইক্কা,O
,বড়,O
,সম্পদ,O
Sentence: 3026,শাড়ি,B-OBJ
,পইড়া,O
,আমার,O
,লগে,O
,দেহা,O
,করবার,O
,আইসিন,O
Sentence: 2166,মাইয়াডা,O
,তোমারে,O
,চিনতে,O
,পারল,O
,না,O
Sentence: 1208,আমার,O
,বড়,B-REL
,বইনের,I-REL
,বিয়া,O
,হইসে,O
,তেরো,O
,বছর,O
Sentence: 2189,অনেক,O
,মানুষ,O
,এহনো,O
,পিসনে,O
,লাইনে,O
,দাঁড়ায়া,O
,আসে,O
Sentence: 3374,সরকারি,B-ROLE
,চাকরি,I-ROLE
,করতাসো,O
Sentence: 3477,তুই,O
,রং,B-ROLE
,মিস্তিরি,I-ROLE
Sentence: 517,আমার,O
,নীল,B-COL
,আকাশ,O
,দেখতে,O
,অনেক,O
,ভালা,O
,লাগে,O
Sentence: 270,আমি,O
,আমার,O
,ছোডো,B-REL
,বাচ্চারে,I-REL
,লইয়া,O
,বাপের,B-REL
,বাড়িত,I-LOC
,যাই,O
Sentence: 608,তুমি,O
,ঢাকার,B-LOC
,কুনহানে,O
,থাহো,O
Sentence: 2871,আমি,O
,অসুস্থ,O
,হইয়া,O
,পড়সিলাম,O
Sentence: 2942,আইন্নেরে,O
,কেডা,O
,পাডাইসে,O
Sentence: 302,একটাই,O
,পৃথিবী,B-LOC
,কিন্তু,O
,একেক,O
,এলাকার,B-LOC
,মানুষের,O
,চিন্তা,O
,একেক,O
,রকম,O
Sentence: 2154,তুমি,O
,আমার,O
,মনের,O
,কথা,O
,এক্কেরেই,O
,বুঝো,O
,না,O
Sentence: 2009,তুমি,O
,থাক,O
,কুথায়,O
Sentence: 2681,পড়াশুনা,O
,এক্কেরেই,O
,ভালা,O
,লাগে,O
,না,O
Sentence: 1747,তোমার,O
,সৌন্দর্যে,O
,আমি,O
,মুগ্ধ,O
Sentence: 1646,সাদা,B-COL
,মুকুলে,B-OBJ
,আমগাছের,O
,সবুজ,B-COL
,পাতা,B-OBJ
,ঢাকা,O
,পড়সে,O
Sentence: 1962,যখন,O
,ছেড়া,O
,বুঝে,O
,তখন,O
,ছেড়ি,O
,বুঝেনা,O
Sentence: 3290,বিসনাত,B-OBJ
,শুইয়া,O
,টিভি,B-OBJ
,দেখতাসিলাম,O
Sentence: 2702,হাসা,O
,কইন,O
Sentence: 1877,আমরা,O
,বেহেই,O
,কালকে,O
,বাইরে,O
,গেসিলাম,O
Sentence: 2668,পইড়া,O
,আইসিন,O
Sentence: 3424,গাইবার,O
,পারতা,O
,না,O
Sentence: 2596,আমি,O
,কষ্টে,O
,আসি,O
Sentence: 2064,তারা,O
,তিন,O
,ভাই,B-REL
,আসিন,O
,কিন্তু,O
,তারার,O
,মা,B-REL
,আসিননা,O
Sentence: 1852,নারিকেল,B-FOOD
,থাইক্কা,O
,নাইরকেল,B-FOOD
,পানি,I-FOOD
,পাওয়ন,O
,যায়,O
Sentence: 447,তুইন,O
,কিতা,O
,এই,O
,ইস্কুলে,B-ORG
,ফড়তে,O
,আইতে,O
,চাস,O
Sentence: 2103,ছেড়াডা,O
,মেলা,O
,মেধাবী,O
Sentence: 3335,ক্রিকেট,O
,খেলা,O
,তোমার,O
,কিরুম,O
,লাগে,O
Sentence: 1837,মানুষ,O
,দিনের,O
,বেলা,O
,যতোটা,O
,পরিষ্কার,O
,দেহে,O
,বিড়ালেরা,B-ANI
,রাইতে,O
,তার,O
,চেয়েও,O
,ভালা,O
,দেখতে,O
,পায়,O
Sentence: 2602,কতা,O
,আসে,O
Sentence: 3319,প্রিয়,O
,ফল,B-FOOD
Sentence: 466,ফুটবল,B-OBJ
,খেলার,O
,সময়,O
,আমি,O
,আনন্দ,O
,পাই,O
Sentence: 1725,আর,O
,বেগ,O
,ছেড়া,O
,ছেড়ি,O
,লাইন,O
,বাইন্ধা,O
,খারায়া,O
,গেল,O
Sentence: 520,আফনের,O
,কি,O
,পরীক্ষা,O
,দিতে,O
,ভালা,O
,লাগে,O
Sentence: 215,আমরা,O
,জীবনে,O
,ভুলতে,O
,পারতাম,O
,না,O
Sentence: 3063,বইন,B-REL
,আমারে,O
,অনেক,O
,ভালোবাসে,O
Sentence: 714,আমারেতো,O
,আর,O
,ভালা,O
,লাগবে,O
,না,O
Sentence: 65,আমার,O
,জামাই,B-REL
,আমারে,O
,মেলা,O
,ভালবাসে,O
Sentence: 1327,হেরার,O
,কথাবার্তা,O
,হুইন্না,O
,মনে,O
,হইসিল,O
,আমারে,O
,বিয়া,O
,করসে,O
,মানে,O
,আমারে,O
,কিন্না,O
,নিসে,O
Sentence: 3206,আমরা,O
,জীবনেও,O
,পারতাম,O
,না,O
Sentence: 1468,আমি,O
,একজন,O
,মাইয়া,O
,বয়স,O
,তেইশ,O
,বছর,O
Sentence: 3154,ভালা,O
,লাগলো,O
Sentence: 540,হের,O
,হাসি,O
,মেলা,O
,সুন্দর,O
Sentence: 2447,আমার,O
,বড়,B-ROLE
,ভাই,I-ROLE
,বেগুন,B-FOOD
,তরকারির,I-FOOD
,ঝোল,I-FOOD
,দিয়া,O
,দুপুরে,O
,ভাত,B-FOOD
,খাইসে,O
Sentence: 451,ফুটবল,B-OBJ
,আমার,O
,প্রিয়,O
,খেলা,O
Sentence: 715,আমার,O
,লগে,O
,তোমার,O
,কোন,O
,সম্পর্ক,O
,নাই,O
Sentence: 2230,একটা,O
,মানুষের,O
,বেগ,O
,কথা,O
,একদিনে,O
,মুহে,O
,কয়া,O
,দেওয়ন,O
,যায়না,O
Sentence: 533,আমার,O
,ভালোবাসায়,O
,কম,O
,কিতা,O
,আসিন,O
Sentence: 2363,খাবারে,B-FOOD
,লবণ,B-FOOD
,কম,O
,হইলে,O
,আরো,O
,ভালা,O
,লাগতো,O
Sentence: 2798,আমি,O
,পড়বাম,O
Sentence: 12,আমার,O
,মা,B-REL
,আমারে,O
,কইসিল,O
,বিয়া,O
,হইলে,O
,জীবন,O
,বদলায়া,O
,যায়,O
Sentence: 2832,আমি,O
,কিতা,O
,করলাম,O
Sentence: 2525,আইন্নে,O
,কইত্তে,O
,আইসুইন,O
Sentence: 955,আমি,O
,বেশি,O
,লম্বা,O
Sentence: 885,আগের,O
,তুলনায়,O
,আব্বা,B-REL
,অনেক,O
,ভালা,O
,হইসেন,O
Sentence: 849,আমার,O
,জামাই,B-REL
,মদ,B-FOOD
,খায়,O
,রাতের,O
,পর,O
,রাত,O
,বন্ধুরার,B-REL
,সাথে,O
,আড্ডা,O
,দেয়,O
Sentence: 2705,তুমি,O
,ঘুমেরতে,O
,তাত্তাড়ি,O
,উইঠ্যা,O
,যাও,O
Sentence: 841,তুমি,O
,এতো,O
,কিসু,O
,বুঝো,O
,কেমনে,O
Sentence: 3253,কতো,O
,ছুটি,O
,কাটাইবাম,O
Sentence: 998,হেয়,O
,খালি,O
,আমারে,O
,খাওন,B-FOOD
,টুকু,O
,ঠিক,O
,মত,O
,দেয়,O
,যেন,O
,কাউরে,O
,বলতে,O
,না,O
,পারি,O
Sentence: 3016,হাইট্টা,O
,যাইতাসে,O
Sentence: 3157,আফনেরে,O
,দেখসি,O
Sentence: 88,খুব,O
,বেশি,O
,কিসু,O
,কইতাম,O
,না,O
,কারন,O
,আবেগে,O
,চোখে,O
,পানি,O
,চইলা,O
,আইসে,O
Sentence: 2619,কতা,O
,কইতে,O
,ভালা,O
,লাগে,O
Sentence: 376,আফনেরার,O
,কি,O
,শুক্রবার,O
,সকালে,O
,সময়,O
,হইব,O
Sentence: 2192,তুমি,O
,ছাড়া,O
,এই,O
,পৃথিবীতে,B-LOC
,আমার,O
,আর,O
,কেউ,O
,নাই,O
Sentence: 501,তুমি,O
,আমার,O
,জীবনের,O
,আলো,O
Sentence: 3435,আমি,O
,তার,O
,চোহের,O
,মায়ায়,O
,পড়ছি,O
Sentence: 1131,প্রথমদিকে,O
,অত,O
,ভালবাসতাম,O
,না,O
Sentence: 1631,যে,O
,অত্যাচার,O
,করে,O
Sentence: 3177,আব্বু,B-REL
,লাল,B-COL
,জামা,B-OBJ
,কিন্না,O
,আনসে,O
Sentence: 1470,আমার,O
,জামাই,B-REL
,ভালা,O
,মেলা,O
Sentence: 1505,মেলা,O
,শব্দের,O
,উচ্চারণ,O
,আলাদা,O
,হয়,O
Sentence: 2843,উইঠ্যা,O
,যাও,O
Sentence: 1486,আমার,O
,নানা,B-REL
,অসুস্থ,O
Sentence: 968,আমার,O
,পা,O
,ব্যাথা,O
,করতাসে,O
Sentence: 1822,সরিষার,O
,তেল,O
,অকালে,O
,চুল,O
,সাদা,B-COL
,হওয়ন,O
,রোধ,O
,করে,O
,আর,O
,চুল,O
,পড়ন,O
,কমায়,O
Sentence: 1817,গরমের,O
,সময়,O
,শশা,B-FOOD
,বেশি,O
,পাওয়ন,O
,যায়,O
Sentence: 890,আমার,O
,আব্বা,B-REL
,যে,O
,এত,O
,খারাপ,O
,কহনো,O
,ফুলের,O
,টোকাও,O
,দেয়,O
,নাই,O
Sentence: 2660,ঢাকাত,B-LOC
,আইসে,O
Sentence: 135,যে,O
,ভালবাসা,O
,যত,O
,গোপন,O
,হেই,O
,ভালবাসা,O
,তত,O
,গভীর,O
Sentence: 2615,মেলা,O
,ভালা,O
,লাগে,O
Sentence: 2380,আমার,O
,ফুফু,B-REL
,চাচারাও,B-REL
,আমারে,O
,মেলা,O
,ভালবাসে,O
Sentence: 2005,গ্রামের,B-LOC
,মানুষরা,O
,ছেড়াটার,O
,থাইকা,O
,দূরে,O
,থাকনের,O
,চেষ্টা,O
,করত,O
Sentence: 406,ভালোবাসা,O
,মানে,O
,তো,O
,মানুষের,O
,জীবন,O
Sentence: 2356,আম্মা,B-REL
,আইজ,O
,খাওনে,B-FOOD
,লবণ,B-FOOD
,কম,O
,দিসে,O
Sentence: 2313,ভালা,O
,মানুষ,O
,এই,O
,দুনিয়াতে,B-LOC
,বেশি,O
,দিন,O
,বাঁচে,O
,না,O
Sentence: 2757,কই,O
,যাও,O
Sentence: 1520,তুমি,O
,ভালা,O
,আস,O
,জাইন্না,O
,খুশি,O
,হইলাম,O
Sentence: 2582,বানানির,O
,কি,O
,দরকার,O
Sentence: 1592,আমি,O
,অন্যের,O
,সাথে,O
,কথা,O
,কই,O
,না,O
Sentence: 2728,খাইতে,O
,ভালা,O
,লাগে,O
Sentence: 3007,বিদেশ,B-LOC
,চইলা,O
,যাইবো,O
Sentence: 399,আমার,O
,মাথা,O
,মেলা,O
,ব্যথা,O
,করতাসে,O
Sentence: 476,মেঘনা,B-LOC
,নদী,I-LOC
,বাংলাদেশের,B-LOC
,একটা,O
,প্রধান,O
,নদী,B-LOC
Sentence: 2018,আমি,O
,আফনের,O
,কাসে,O
,আসতাম,O
,চাই,O
Sentence: 1247,আমার,O
,জামাই,B-REL
,আমার,O
,কথা,O
,হুইন্না,O
,রাগে,O
,হাসপাতাল,B-ORG
,থাইক্কা,O
,বাইর,O
,হয়া,O
,গেসে,O
Sentence: 153,আমার,O
,হাতটা,O
,ধরে,O
,সামনের,O
,পথে,O
,এগিয়ে,O
,চলো,O
,পেছন,O
,ফিরে,O
,আর,O
,আমরা,O
,দেখবো,O
,না,O
Sentence: 186,গানডা,O
,হুনলেই,O
,পুরান,O
,ইতিহাস,O
,মনে,O
,ফড়ে,O
Sentence: 573,যদিও,O
,মাফের,O
,যোগ্য,O
,না,O
,আমি,O
,পারলে,O
,মাফ,O
,কইরা,O
,দিয়েন,O
Sentence: 478,নীল,B-COL
,আকাশের,O
,নিচে,O
,তোমার,O
,হাত,O
,ধরে,O
,হাইটটা,O
,যাইতাম,O
,চাই,O
Sentence: 3156,মেলা,O
,সময়,O
,পর,O
Sentence: 2251,তোমার,O
,লগে,O
,দেহা,O
,হইলেই,O
,পুরান,O
,ইতিহাস,O
,মনে,O
,পইড়া,O
,যায়,O
Sentence: 1902,আমি,O
,ভালা,O
,ছেলে,O
Sentence: 259,আমি,O
,ধইরা,O
,নিলাম,O
,আমার,O
,মেলা,O
,দোষ,O
,মেলা,O
,ভুল,O
Sentence: 907,এমন,O
,করতাসে,O
,কেরে,O
,বয়া,O
,বয়া,O
Sentence: 1344,হে,O
,হের,O
,বাসায়ও,O
,যায়নাই,O
Sentence: 3479,করতাম,O
,না,O
Sentence: 1932,আহার,O
,তুমার,O
,মনে,O
,কত,O
,দুঃখ,O
Sentence: 958,আমি,O
,কেক,B-FOOD
,পসন্দ,O
,করি,O
Sentence: 444,তুইন,O
,আমার,O
,কাসে,O
,এইতা,O
,কিসু,O
,শিখতে,O
,চাস,O
Sentence: 1522,খাওয়া,O
,দাওয়ার,O
,কথা,O
,কয়া,O
,লাভ,O
,নাই,O
,দুঃখ,O
,পাইবা,O
Sentence: 1561,এইটারে,O
,হের,O
,মনে,O
,হইলো,O
,দুইতালা,B-LOC
,রাস্তা,I-LOC
Sentence: 1074,ওরা,O
,আফনেরে,O
,কেমনে,O
,চায়,O
,ওরার,O
,মতো,O
,হওনের,O
,চেষ্টা,O
,করেন,O
Sentence: 1510,এইহানে,O
,কী,O
,করতাসো,O
,তোমরা,O
Sentence: 3448,আমি,O
,বেকই,O
,করতারি,O
Sentence: 507,মেলাদিন,O
,আগে,O
,এক,O
,গেরামে,B-LOC
,এক,O
,টুপি,B-ROLE
,বিক্রেতা,I-ROLE
,আসিন,O
Sentence: 2480,মা,B-REL
,আমার,O
,লাইজ্ঞা,O
,উশশি,B-FOOD
,ভাজি,I-FOOD
,রান্না,O
,করসে,O
Sentence: 2556,আমি,O
,ভাত,B-FOOD
,খাইতাম,O
,না,O
,গোশা,O
,করসি,O
Sentence: 1617,খালি,O
,তাকায়া,O
,থাকতে,O
,ইচ্ছা,O
,করে,O
Sentence: 3122,কাইলকা,O
,চুরি,O
,হইয়া,O
,গেসে,O
Sentence: 2785,আমরা,O
,যায়াম,O
Sentence: 1628,এইহানে,O
,নাকি,O
,একটা,O
,শিশুপার্ক,B-LOC
,হইব,O
Sentence: 2516,কাসে,O
,আও,O
Sentence: 577,পানির,B-FOOD
,লাইজ্ঞা,O
,হাহাকার,O
,আর,O
,ভালা,O
,লাগতাসে,O
,না,O
Sentence: 3004,হে,O
,পরের,O
,মাসে,O
,বিদেশ,B-LOC
,যাইবো,O
,গা,O
Sentence: 1919,আফনে,O
,এই,O
,বইডা,B-OBJ
,পড়তে,O
,চান,O
Sentence: 472,ব্রাজিল,B-ORG
,ফুটবল,I-ORG
,দল,I-ORG
,বিশ্বকাপ,B-ORG
,চ্যাম্পিয়ন,O
Sentence: 1388,আমার,O
,হয়া,O
,প্রতিবাদ,O
,করে,O
,আরো,O
,কত,O
,গুন,O
Sentence: 2220,তুমি,O
,কারো,O
,জীবনে,O
,সুখ,O
,আইন্না,O
,দিবা,O
,এই,O
,ভাইব্বা,O
,তোমার,O
,প্রেম,O
,করন,O
,উচিত,O
Sentence: 1974,ফেসবুকে,B-ORG
,তার,O
,একজনের,O
,সাথে,O
,সম্পর্ক,O
,হয়,O
Sentence: 1053,আফনে,O
,থানায়,B-LOC
,গিয়া,O
,একটা,O
,মামলা,O
,করেন,O
Sentence: 674,আমি,O
,ছোটবেলায়,O
,অনেক,O
,মেধাবী,O
,আসিলাম,O
Sentence: 1117,তাই,O
,আমি,O
,তারে,O
,লুকায়া,O
,বিয়া,O
,করতাম,O
,চাই,O
Sentence: 2056,তোমার,O
,কিতা,O
,খাওনের,O
,লাইজ্ঞা,O
,সময়,O
,আসে,O
Sentence: 2588,তুমি,O
,এতো,O
,ঘুমাও,O
,কেরে,O
Sentence: 1499,ইচ্ছা,O
,আসিল,O
,কোনো,O
,জায়গায়,O
,ঘুরতাম,O
,যায়াম,O
Sentence: 2710,আমি,O
,সহালের,O
,নাস্তাডা,O
,কইরা,O
,ইশকুলো,O
,যাই,O
Sentence: 3200,লাল,B-COL
,গুলাপ,B-OBJ
,কিন্না,O
,দিসিন,O
Sentence: 823,বউ,B-REL
,এর,O
,চোখ,O
,ছলছল,O
Sentence: 720,আমরা,O
,এতটাও,O
,ভালা,O
,না,O
Sentence: 2369,তোমার,O
,চোখ,O
,থাহে,O
,অন্য,O
,মাইয়ারার,O
,দিকে,O
Sentence: 2719,ভালো,O
,লাগে,O
,না,O
Sentence: 1209,বিয়ার,O
,এক,O
,বছরের,O
,পরপরই,O
,ওরার,O
,মাইয়া,B-REL
,হয়,O
Sentence: 370,বাবু,O
,খাইছো,O
,বলার,O
,মানুষটা,O
,নাই,O
,বইল্লা,O
,আইজ,O
,আমি,O
,এতো,O
,রোগা,O
Sentence: 539,আমি,O
,হের,O
,চোক্ষের,O
,মায়ায়,O
,পড়সি,O
Sentence: 3395,হেরা,O
,তিনডা,O
,ভাই,O
,আসিন,O
,কিন্তু,O
,হেরার,O
,মধ্যে,O
,মিলডাও,O
,আসিন,O
Sentence: 137,তুমি,O
,যদি,O
,কাউরে,O
,ভালোবাসো,O
,তবে,O
,তাকে,O
,ছাইড়া,O
,দেও,O
Sentence: 1806,তেতুল,B-FOOD
,নিয়া,O
,শুধুমাত্র,O
,আমরার,O
,দেশে,B-LOC
,না,O
,সারা,O
,উপমহাদেশেই,B-LOC
,প্রচুর,O
,ভুল,O
,ধারনা,O
,আসে,O
Sentence: 1266,আমি,O
,খেয়াল,O
,করসি,O
,হেয়,O
,আর,O
,হের,O
,পোলার,B-REL
,সম্পর্ক,O
,খুব,O
,খারাপ,O
Sentence: 162,দেহো,O
,কত্ত,O
,সুন্দর,O
,মিষ্টি,O
,চাঁন্দের,O
,মিষ্টি,O
,আলো,O
Sentence: 3275,একলগে,O
,আসি,O
Sentence: 561,একটা,O
,ছেড়ি,O
,আর,O
,একটা,O
,ছেড়া,O
,একসাথে,O
,খেলতাসে,O
Sentence: 1027,খালি,O
,পোলার,B-REL
,মুহের,O
,দিকে,O
,তাকায়া,O
,চুপ,O
,কইরা,O
,আসি,O
Sentence: 3237,কতা,O
,কইবা,O
,না,O
Sentence: 898,সারাদিন,O
,বাসায়,O
,বয়া,O
,ফেইসবুক,B-ORG
,টিকটকে,B-ORG
,সময়,O
,কাটে,O
,হের,O
Sentence: 1444,ততোদিনে,O
,আমি,O
,হের,O
,প্রতি,O
,অনেকটাই,O
,দুর্বল,O
,হয়া,O
,গেসি,O
Sentence: 3220,কয়ডা,O
,বই,B-OBJ
,কিনসি,O
Sentence: 1173,দুই,O
,বছর,O
,আগে,O
,নিজের,O
,পসন্দেই,O
,বিয়া,O
,করসিলাম,O
Sentence: 2035,আফনে,O
,কি,O
,কোনো,O
,ভুল,O
,বুঝতে,O
,পারেন,O
Sentence: 201,মাত্র,O
,এক,O
,বছর,O
,পর,O
,গানটার,O
,বয়স,O
,এক,O
,যুগ,O
,হয়ে,O
,যাবে,O
Sentence: 34,তর,O
,পড়ালেহা,O
,করতে,O
,হইব,O
Sentence: 3307,ভালা,O
,লাগে,O
Sentence: 3080,আমার,O
,স্বপ্ন,O
Sentence: 90,প্রথমে,O
,আফনারে,O
,একটা,O
,দোকানে,O
,যাইতে,O
,হইব,O
Sentence: 1210,কিন্তু,O
,কিসুদিন,O
,পরেই,O
,তারার,O
,মধ্যে,O
,ঝামেলা,O
,শুরু,O
,হয়,O
Sentence: 2893,বেশি,O
,লম্বা,O
,না,O
Sentence: 3429,আমরা,O
,ঢাহাত,B-LOC
,থাহি,O
Sentence: 1563,নানা,O
,রকম,O
,ফুল,B-OBJ
,থরে,O
,থরে,O
,সাজানো,O
,আসে,O
Sentence: 972,আমারে,O
,ডাকবেন,O
,না,O
Sentence: 2828,করবার,O
,পাইতাসি,O
,না,O
,মেলা,O
,জর,O
Sentence: 1980,আমার,O
,পসন্দ,O
,হয়,O
,এমন,O
,মাইয়া,O
,তারার,O
,পসন্দ,O
,হয়,O
,না,O
Sentence: 1576,আমার,O
,যে,O
,ব্যথা,O
,লাগল,O
,হেইটা,O
,বুঝি,O
,কিসু,O
,না,O
Sentence: 2849,আমরার,O
,কাম,O
,আসে,O
Sentence: 1238,হাসপাতালে,B-ORG
,আয়াই,O
,আমারে,O
,কয়,O
,চল,O
,বাসায়,O
,যাই,O
Sentence: 2317,তোমারে,O
,আমি,O
,ধন্যবাদ,O
,জানাইতাম,O
,চাই,O
Sentence: 1025,যে,O
,কেউ,O
,আমারে,O
,এক,O
,দেহা,O
,তে,O
,পসন্দ,O
,করব,O
Sentence: 1738,নিজেরে,O
,হেয়,O
,দূর্বল,O
,ভাইব্বা,O
,এমন,O
,করে,O
Sentence: 1226,মাইয়ার,B-REL
,মা,B-REL
,এগুলা,O
,দেইক্ষাই,O
,বিয়া,O
,দিসে,O
Sentence: 2929,আমি,O
,আইবাম,O
Sentence: 2869,প্রশ্নের,O
,জবাব,O
,দেইন,O
Sentence: 303,নতুনরা,O
,অনেক,O
,কিছু,O
,শিখতে,O
,ফারব,O
,আশা,O
,করি,O
Sentence: 3297,আমি,O
,ছুট্টু,O
,বেলাত,O
,মেলা,O
,মেধাবি,O
,আসিলাম,O
Sentence: 2239,দুইজনে,O
,মিল্লা,O
,দুরে,O
,কোনোখানে,O
,ঘুইরা,O
,আইতাম,O
,পারি,O
Sentence: 1179,হেয়,O
,কহনো,O
,আমার,O
,কাসে,O
,আমার,O
,সামর্থ্যের,O
,বাইরে,O
,কিসুই,O
,চায়,O
,নাই,O
Sentence: 1906,ছেড়াটা,O
,হয়তো,O
,অন্য,O
,কোনও,O
,ছেড়িরে,O
,ভালবাসে,O
Sentence: 3072,কি,O
,বিয়া,O
,হইয়া,O
,গেসে,O
Sentence: 1046,কোন,O
,কথা,O
,খারাপ,O
,লাগলে,O
,দয়া,O
,কইরা,O
,মাফ,O
,করবেন,O
Sentence: 1883,এতো,O
,ভাবনের,O
,সময়,O
,কই,O
Sentence: 1041,ছেড়াটার,B-REL
,ভবিষ্যতের,O
,কথা,O
,ভাইব্বা,O
,চুপ,O
,কইরা,O
,আসি,O
Sentence: 1889,তুমি,O
,এত,O
,অমনোযোগী,O
,হইলে,O
,পরিক্ষায়,O
,ভাল,O
,ফলাফল,O
,করতা,O
,না,O
Sentence: 952,সময়,O
,শেষ,O
,হয়া,O
,গেসে,O
Sentence: 587,আইজকা,O
,আমার,O
,জন্মদিন,O
Sentence: 2039,আমি,O
,বাংলা,O
,কথা,O
,কইতে,O
,ফারি,O
Sentence: 3263,পরিবারের,O
,কতা,O
,কইতে,O
,চাই,O
Sentence: 2964,পসন্দ,O
,করি,O
,না,O
Sentence: 324,আমি,O
,আমার,O
,পরিবারের,O
,কথা,O
,কইতাম,O
,চাই,O
Sentence: 3459,তুমি,O
,কই,O
Sentence: 697,তোমার,O
,মনে,O
,চাইলে,O
,গিয়া,O
,না,O
,কর,O
Sentence: 738,আমার,O
,কোন,O
,বন্ধু,B-REL
,নাই,O
Sentence: 1688,শেষ,O
,বলে,O
,ছয়,O
,মাইরা,O
,বাংলাদেশ,B-ORG
,জিত্তা,O
,গেল,O
Sentence: 2913,আমি,O
,একলা,O
,আসিলাম,O
Sentence: 3059,আব্বা,O
,বিদেশ,B-LOC
,থাহে,O
Sentence: 597,আইজকে,O
,কয়,O
,তারিখ,O
Sentence: 1765,অন্যের,O
,দোষ,O
,সহজেই,O
,খুঁইজ্জা,O
,পাওয়ন,O
,যায়,O
Sentence: 1536,বড়,B-REL
,বইনের,I-REL
,ঘরে,O
,হের,O
,লাইজ্ঞা,O
,ছোটো,B-OBJ
,খাট,I-OBJ
,দেওয়া,O
,হইলো,O
Sentence: 1469,আমার,O
,বিয়া,O
,হইসে,O
,এক,O
,মাস,O
Sentence: 1202,হের,O
,লাইজ্ঞা,O
,পরিবার,O
,মানলে,O
,বিয়া,O
,হইব,O
,না,O
,হইলে,O
,হেয়,O
,পারব,O
,না,O
Sentence: 3366,আমি,O
,একটা,O
,বই,B-OBJ
,পড়তাসি,O
Sentence: 3369,আমি,O
,বই,B-OBJ
,পড়তাসি,O
Sentence: 189,মৌসুমি,B-PER
,আপুরে,O
,কইসি,O
,এরকম,O
,একটা,O
,ছবি,O
,আমরারে,O
,আবার,O
,উপহার,O
,দেন।,O
Sentence: 2387,তুমি,O
,কিতা,O
,আমডা,B-FOOD
,খাইসলা,O
Sentence: 3045,বিশ্বাস,O
,কইরো,O
Sentence: 3150,আমি,O
,একজন,O
,ছেরা,O
Sentence: 1818,টমেটোর,B-LOC
,বাজারে,I-LOC
,যে,O
,আগুন,O
,সাধারণ,O
,মাইনষের,O
,কাসে,O
,তা,O
,এহন,O
,আর,O
,নতুন,O
,কোন,O
,খবর,O
,না,O
Sentence: 2321,তোমার,O
,কাসে,O
,আমি,O
,একটা,O
,পরামর্শ,O
,চাই,O
Sentence: 3178,আব্বু,B-REL
,জামা,B-OBJ
,কিন্না,O
,আনসে,O
Sentence: 1778,ওজন,O
,কমানের,O
,লাইজ্ঞা,O
,পেয়ারা,B-FOOD
,মেলা,O
,উপকারী,O
Sentence: 371,পাশের,O
,বাড়ির,O
,ছেড়িটারে,O
,ভালা,O
,লাগছিল,O
,পরে,O
,জানতে,O
,পারলাম,O
,ছেড়িডা,O
,ছুটির,O
,দিনেও,O
,কলেজে,B-ORG
,যায়,O
Sentence: 2560,চিন্তা,O
,করতাসি,O
,কিসু,O
,একটা,O
,করবাম,O
Sentence: 1178,হের,O
,যাবতীয়,O
,খরচ,O
,হের,O
,বাপ,B-REL
,মা,B-REL
,ই,O
,বহন,O
,করেন,O
Sentence: 962,তিনি,O
,রাইজ্ঞা,O
,গেসিলেন,O
Sentence: 3107,আব্বু,B-REL
,আমার,O
,লেইগা,O
,কালা,B-COL
,জামা,B-OBJ
,কিন্না,O
,আনসে,O
Sentence: 3000,সহালে,O
,নাস্তা,B-FOOD
,কইরা,O
,ইশকুলো,B-ORG
,যাই,O
,না,O
Sentence: 2217,হেয়,O
,তোমার,O
,লাইজ্ঞা,O
,বেগ,O
,কিসু,O
,করতে,O
,পারে,O
Sentence: 1999,আমি,O
,আমার,O
,বইনরে,B-REL
,মেলা,O
,ভালবাসি,O
Sentence: 1298,সংসার,O
,এর,O
,বেগ,O
,খরচ,O
,আমার,O
,জামাই,B-REL
,দেয়,O
Sentence: 3399,কতা,O
,কইবার,O
,পারুইন,O
,না,O
Sentence: 2186,প্রথমে,O
,তোমারে,O
,একটা,O
,বইয়ের,O
,দোকানে,O
,যাইতে,O
,হইব,O
Sentence: 1346,আমি,O
,হের,O
,লগে,O
,সারারাইত,O
,জাইজ্ঞা,O
,ফোনে,B-OBJ
,কথা,O
,কইতাম,O
Sentence: 3444,হের,O
,পরিবাররে,O
,ভালাইবাসে,O
Sentence: 1629,তোমাদের,O
,কথা,O
,হুইন্না,O
,হাসছি,O
Sentence: 1387,আমারে,O
,বুঝে,O
,আমার,O
,সব,O
,কথা,O
,হুনে,O
Sentence: 3247,তুলুন,O
,লাগবো,O
Sentence: 1924,তোমার,O
,পড়ালেহা,O
,করতে,O
,ভালালাগেনা,O
Sentence: 307,রাজকুমারির,B-ROLE
,মায়া,O
,দুনিয়া,B-LOC
,যায়নাই,O
,আইজও,O
,ভুইল্লা,O
Sentence: 633,স্কুলেও,B-ORG
,সাইকেল,B-OBJ
,চালায়া,O
,যাইতাম,O
,মাঝে,O
,মাঝে,O
Sentence: 1680,অসুখে,O
,হেয়,O
,কয়েক,O
,বছর,O
,ভুগসিলেন,O
Sentence: 591,বেগকিসু,O
,একসাথে,O
,করন,O
,সম্ভব,O
,না,O
Sentence: 63,আমি,O
,একটা,O
,ছেড়া,O
Sentence: 1872,একে,O
,অপরের,O
,প্রতি,O
,যত,O
,বেশী,O
,বিশ্বাস,O
,থাকব,O
,তাদের,O
,ভালোবাসার,O
,পাল্লা,O
,ততো,O
,ভারী,O
,হইব,O
Sentence: 2155,আমার,O
,আম্মু,B-REL
,অনেক,O
,ভালা,O
,রান্না,O
,করে,O
Sentence: 409,গল্পের,O
,কথা,O
,যহনই,O
,আসে,O
,তহনই,O
,আমরার,O
,শিশুরার,O
,কথা,O
,মনে,O
,ফড়ে,O
Sentence: 1804,ছোটবেলায়,O
,আব্বা,B-REL
,আম্মা,B-REL
,তেতুল,B-FOOD
,খাইতে,O
,মানা,O
,করে,O
,নাই,O
,এমন,O
,কাওকে,O
,মনে,O
,হয়,O
,না,O
,খুঁইজ্জা,O
,পাওয়ন,O
,যাইব,O
Sentence: 2563,হে,O
,খাওন,O
,থাইম্মা,O
,কইলো,O
Sentence: 1360,বাসায়,O
,আমি,O
,ছাড়া,O
,কেও,O
,কিসু,O
,জানে,O
,না,O
Sentence: 2058,আমার,O
,প্রিয়,O
,ফল,B-FOOD
,আম,B-FOOD
Sentence: 2548,আমারে,O
,ডাক,O
,মার,O
Sentence: 152,তোমার,O
,মনের,O
,কথা,O
,আইজ,O
,আমারে,O
,খুইল্লা,O
,কও,O
Sentence: 2029,আফনেকি,O
,এই,O
,জায়গায়,O
,ঘুরতে,O
,ফারেন,O
Sentence: 624,অসাধারণ,O
,একটা,O
,বই,B-OBJ
,পড়সি,O
Sentence: 1582,আমি,O
,অন্যের,O
,লগে,O
,কথা,O
,কই,O
Sentence: 1562,রাস্তার,B-LOC
,পাশে,O
,একটা,O
,ফুলের,B-OBJ
,দোকান,O
Sentence: 3194,শাড়ি,B-OBJ
,কিন্না,O
,দিসে,O
Sentence: 1304,এইডা,O
,কি,O
,ঠিক,O
,সিদ্ধান্ত,O
,হইব,O
,আমরার,O
,লাইজ্ঞা,O
Sentence: 179,এই,O
,ছবির,O
,প্রত্যেকটা,O
,গান,O
,অনেক,O
,অনেক,O
,প্রিয়,O
,আসিল,O
,আর,O
,এহনো,O
,আছে,O
Sentence: 1683,বেশ,O
,কয়েকদিন,O
,পলাশের,B-PER
,মন,O
,মেলা,O
,খারাপ,O
,আসিল,O
Sentence: 2481,আম্মা,B-REL
,পাকঘরে,O
,বয়া,O
,মাডির,B-OBJ
,পাতিলে,I-OBJ
,মুরগির,B-FOOD
,মাংস,I-FOOD
,রানতাসে,O
Sentence: 2780,এক্টা,O
,থাপরা,O
,লাগাই,O
,দেম,O
Sentence: 979,হেয়,O
,চেইত্তা,O
,গেসিলো,O
Sentence: 773,পাখিডা,B-ANI
,দেখতে,O
,সুন্দর,O
Sentence: 1319,তারার,O
,অনুমতির,O
,অপেক্ষা,O
,করতে,O
,হইতাসে,O
Sentence: 2841,ঘুমতে,O
,তাত্তাড়ি,O
,উইঠ্যা,O
,যাও,O
Sentence: 1546,হের,O
,প্রিয়,O
,একটা,O
,বই,B-OBJ
,হারায়া,O
,গেসে,O
Sentence: 3054,সহজ,O
,ভাষায়,O
,কতা,O
,কওন,O
,উচিত,O
Sentence: 3384,বেকতা,O
,সময়,O
,কষ্ট,O
,পাই,O
Sentence: 1362,সমাজে,O
,বেহেই,O
,আমরার,O
,অনেক,O
,সম্মান,O
,দিয়া,O
,চলে,O
Sentence: 1414,আমি,O
,সিলেট,B-LOC
,থাহি,O
Sentence: 2569,বিয়া,O
,কইরালাইসে,O
,আমার,O
,ছুডু,B-REL
,ভাই,I-REL
Sentence: 2207,আফনেরে,O
,ভালবাসি,O
,এই,O
,কথাডা,O
,কওন,O
,বাকি,O
Sentence: 1830,আমার,O
,ছোট,B-REL
,ভাইডা,I-REL
,মুরগির,B-FOOD
,মাংস,I-FOOD
,খাইতে,O
,খুব,O
,ভালবাসে,O
Sentence: 609,তোমরার,O
,গ্রামের,B-LOC
,বাড়ি,I-LOC
,কুনহানে,O
Sentence: 2006,আফনে,O
,এতো,O
,খারাপ,O
,হয়া,O
,কেন,O
,আসেন,O
Sentence: 3285,এহনো,O
,চিনুইন,O
,না,O
Sentence: 2518,শিমুর,B-PER
,গুলাপি,B-COL
,রং,I-COL
,পসন্দ,O
Sentence: 2493,আমরা,O
,বেহেই,O
,একসাথে,O
,খেলা,O
,দেখতাসিলাম,O
Sentence: 1095,তহনকার,O
,সময়,O
,মাইয়ারার,O
,লাইজ্ঞা,O
,এইডা,O
,অনেক,O
,বয়স,O
Sentence: 3283,যারা,O
,আমারে,O
,এহনো,O
,চিনুইন,O
,না,O
Sentence: 1393,আমি,O
,হেরে,O
,কহনো,O
,হের,O
,কোনো,O
,কাম,O
,নিয়া,O
,খোটা,O
,দেই,O
,নাই,O
Sentence: 2776,কামডা,O
,করো,O
Sentence: 2613,আইন্নের,O
,লগে,O
,কতা,O
,কইতে,O
,আমার,O
,মেলা,O
,ভালা,O
,লাগে,O
Sentence: 286,আজকে,O
,প্রায়,O
,আঁট,O
,দিন,O
,পানি,B-FOOD
,নাই,O
Sentence: 560,হের,O
,চোখ,O
,হরিণের,O
,লাহান,O
Sentence: 2082,বিয়ার,O
,তারিখ,O
,কহন,O
,ঠিক,O
,করন,O
,হইসে,O
Sentence: 781,বেশী,O
,কথা,O
,আমার,O
,পসন্দ,O
,না,O
Sentence: 1572,মাইয়া,O
,কী,O
,কাণ্ড,O
,করসে,O
,জানো,O
Sentence: 593,ভালা,O
,মাইয়া,O
,পাইতাসি,O
,না,O
Sentence: 2258,বাবা,B-REL
,মার,B-REL
,আদর,O
,ভালবাসা,O
,ছাড়া,O
,আমি,O
,বড়,O
,হইসি,O
Sentence: 1871,কাউরে,O
,মিথ্যা,O
,কয়া,O
,খুশী,O
,কইরবার,O
,চেয়ে,O
,সত্যি,O
,কয়া,O
,কাঁনদানো,O
,ভালা,O
Sentence: 2630,কি,O
,দা,O
,ভাত,B-FOOD
,খাইসো,O
Sentence: 1935,আমি,O
,হাতার,O
,কাটতাম,O
,পছন্দ,O
,করি,O
Sentence: 1977,ছেড়ি,O
,কয়,O
,প্রয়োজন,O
,পড়লে,O
,আমার,O
,পরিবার,O
,তোমার,O
,পরিবারের,O
,সাথে,O
,কথা,O
,কইব,O
Sentence: 1702,পাকনা,O
,ছেড়া,O
,বেশি,O
,কথা,O
,কয়,O
,হেয়,O
Sentence: 1120,যদি,O
,লুকায়া,O
,বিয়া,O
,করি,O
,পরে,O
,কি,O
,হের,O
,ফ্যামিলি,O
,কোন,O
,সমস্যা,O
,করতে,O
,পারব,O
Sentence: 2085,আমি,O
,সাগর,B-LOC
,মেলা,O
,পসন্দ,O
,করি,O
Sentence: 1196,আমি,O
,অনেক,O
,বার,O
,হের,O
,কাসে,O
,ক্ষমা,O
,চাইসি,O
Sentence: 2432,আম্মা,B-REL
,পাকঘরে,O
,বয়া,O
,মুরগের,B-FOOD
,মাংস,I-FOOD
,রান্না,O
,করসে,O
Sentence: 631,সময়,O
,যেন,O
,আইজ,O
,আর,O
,কাটতাসেই,O
,না,O
Sentence: 482,আকাশে,O
,তারাগুলা,O
,আমারারে,O
,আশা,O
,দেয়,O
Sentence: 1891,হায়রে,O
,মানুষ,O
,একজন,O
,আরেকজনের,O
,প্রতি,O
,হিংসা,O
,করে,O
Sentence: 465,বাংলাদেশের,B-LOC
,জনপ্রিয়,O
,ফুটবলারগুলা,B-ROLE
,মেলা,O
,উচা,O
,মানের,O
,খেলোয়াড়,B-ROLE
Sentence: 2474,আমার,O
,আম্মা,B-REL
,কইসে,O
,প্রত্যেকদিন,O
,তেতুল,B-FOOD
,খাইলে,O
,আমার,O
,শরীরের,O
,রক্ত,O
,পানি,O
,হয়া,O
,যাইব,O
Sentence: 3028,লাল,B-COL
,রঙের,I-COL
,শাড়ি,B-OBJ
,পইড়া,O
,আমার,O
,লগে,O
,দেহা,O
Sentence: 1672,এই,O
,সিন্দুকের,B-OBJ
,ভিতরে,O
,কী,O
,আসে,O
Sentence: 2263,আমি,O
,যে,O
,মা,B-REL
,তাই,O
,আমি,O
,আমার,O
,বাচ্চার,B-REL
,মুহের,O
,দিকে,O
,তাকায়া,O
,অনেক,O
,কিসু,O
,বুঝতাম,O
,পারি,O
Sentence: 57,আমরার,O
,স্বপ্ন,O
,মেলা,O
,বড়,O
Sentence: 2257,আমার,O
,ছোট,B-REL
,বইন,I-REL
,কেমন,O
,যেন,O
,শান্ত,O
,হয়া,O
,গেসে,O
Sentence: 1273,আমার,O
,জামাইয়ের,B-REL
,বেগকিসুতে,O
,হেয়,O
,দোষ,O
,দেহে,O
Sentence: 649,ব্যস্ত,O
,একটা,O
,দিন,O
,কাটাইলাম,O
Sentence: 3265,আমি,O
,পরিবারের,O
,কতা,O
,কইতে,O
,চাই,O
Sentence: 2912,ঘুমায়া,O
,নেও,O
Sentence: 3373,তুমি,O
,কি,O
,সরকারি,B-ROLE
,চাকরি,I-ROLE
,করতাসো,O
Sentence: 1986,বউয়ের,B-REL
,অভিযোগ,O
,জামাই,B-REL
,তার,O
,দায়িত্ব,O
,ঠিকমতো,O
,পালন,O
,করতাসে,O
,না,O
Sentence: 3055,আমি,O
,আইন্নের,O
,লগে,O
,আসি,O
Sentence: 1180,আমরার,O
,মধ্যে,O
,ভালোবাসার,O
,কোন,O
,কমতি,O
,নাই,O
Sentence: 3079,ঘুরতাম,O
,যাইতাম,O
,আমার,O
,স্বপ্ন,O
Sentence: 2250,আফনের,O
,কি,O
,এহনও,O
,আফনের,O
,ভালবাসার,O
,মানুষটার,O
,কথা,O
,মনে,O
,পড়ে,O
Sentence: 3389,হেরা,O
,তিনডা,O
,ভাই,O
,আসিন,O
,কিন্তু,O
,হেরার,O
,মধ্যে,O
,কোনো,O
,মিলডা,O
,আসিন,O
,না,O
Sentence: 3030,মা,B-REL
,ঠিকি,O
,কইসিন,O
Sentence: 212,এইতা,O
,গান,O
,ছোটবেলা,O
,থাইক্কা,O
,হুইন্না,O
,বড়,O
,হইছি,O
Sentence: 1811,হাসপাতালে,B-ORG
,কাঁনতাসে,O
,আহত,O
,আবুডা,O
Sentence: 2042,আপনি,O
,কি,O
,একটা,O
,শহরে,B-LOC
,যাইবাইন,O
Sentence: 3412,আমার,O
,জন্মদিন,O
Sentence: 2124,আফনেরা,O
,পার্কে,B-LOC
,ঘুইরা,O
,বেড়ান,O
Sentence: 769,আমি,O
,চাই,O
,তুমি,O
,বেগসময়,O
,আমার,O
,লগে,O
,থাকো,O
Sentence: 223,এই,O
,ছোড,O
,ছেড়াডা,O
,একটা,O
,বল,B-OBJ
,দিয়া,O
,খেলতাসে,O
Sentence: 1693,খেলায়,O
,হারজিত,O
,থাকতেই,O
,পারে,O
Sentence: 1893,আম,B-FOOD
,দিয়া,O
,শরবত,B-FOOD
,বানায়া,O
,খাও,O
Sentence: 2773,কাম,O
,করো,O
Sentence: 5,ছেড়াটা,O
,সাদা,B-COL
,রংগের,I-COL
,একটা,O
,শার্ট,B-OBJ
,পইড়া,O
,আইছিল,O
Sentence: 2108,হেয়,O
,আমার,O
,গ্রামের,B-LOC
,বাড়ীত,I-LOC
,আইসিল,O
Sentence: 1656,আমি,O
,সহালে,O
,পড়তে,O
,বই,O
Sentence: 475,বাংলাদেশ,B-ORG
,ক্রিকেট,I-ORG
,দল,I-ORG
,শক্তিশালী,O
,দলের,B-ORG
,মধ্যে,O
,একটা,O
Sentence: 1325,বেগ,O
,বাধারে,O
,পিসনে,O
,ফালায়া,O
,আমি,O
,একলাই,O
,হাসপাতালে,B-ORG
,আইসি,O
Sentence: 2714,আমি,O
,নাস্তাডা,B-FOOD
,কইরা,O
,ইশকুলো,B-ORG
,যাই,O
Sentence: 3355,আমি,O
,মাংস,B-FOOD
,বেশি,O
,পসন্দ,O
,করি,O
Sentence: 361,বউরে,B-REL
,ভালোবাসতে,O
,শিখেন,O
,কিন্তু,O
,কার,O
,বউ,B-REL
,হেইডা,O
,দেহার,O
,বিষয়,O
,না,O
Sentence: 2858,খাইতে,O
,ভালা,O
,লাগে,O
,না,O
Sentence: 151,ভালা,O
,লাগে,O
,তোমার,O
,ওই,O
,কাজল,B-OBJ
,কালা,B-COL
,চোখ,O
Sentence: 2254,তোমার,O
,মাইয়া,B-REL
,তোমারে,O
,মেলা,O
,ভালবাসে,O
Sentence: 1641,হেই,O
,আমগাছের,O
,দিকে,O
,তাকায়া,O
,আসিলাম,O
Sentence: 2966,তুই,O
,ডাক্তার,B-ROLE
Sentence: 2030,আফনে,O
,কি,O
,গান,O
,লিখতে,O
,ফারেন,O
Sentence: 2971,ঠান্ডা,O
,লাগসে,O
Sentence: 1351,আমারে,O
,ব্লক,O
,কইরা,O
,দেয়,O
,সবখান,O
,থাইক্কাই,O
Sentence: 659,আমি,O
,পড়াশুনায়,O
,কাঁচা,O
Sentence: 429,আমি,O
,আফনের,O
,লাইজ্ঞা,O
,অপেক্ষা,O
,করতাসি,O
Sentence: 1316,একটা,O
,মাইয়াও,B-REL
,যদি,O
,হের,O
,বাপের,B-REL
,দায়িত্ব,O
,পালন,O
,করে,O
,সেই,O
,ক্ষেত্রে,O
,সমস্যাটা,O
,কোনখানে,O
,আমি,O
,জানিনা,O
Sentence: 1366,আমার,O
,বইনরে,B-REL
,কেমনে,O
,এই,O
,পথ,O
,থাইক্কা,O
,সরায়া,O
,আনবাম,O
,কিসুই,O
,বুঝতে,O
,পারতাসি,O
,না,O
Sentence: 2897,আমি,O
,হারায়া,O
,গেসি,O
Sentence: 1426,শেষ,O
,বার,O
,যে,O
,মাইয়ার,O
,লাইজ্ঞা,O
,আমারে,O
,ছাইড়া,O
,গেসিলো,O
,হুনসি,O
,হেয়,O
,নাকি,O
,মেলা,O
,সুন্দর,O
Sentence: 1926,হেয়,O
,অনেক,O
,ভালা,O
,রানদে,O
Sentence: 374,হাসতে,O
,হাসতে,O
,সিগারেট,B-OBJ
,খাওয়া,O
,ছেড়াডা,O
,একদিন,O
,কাশতে,O
,কাশতে,O
,মইরা,O
,যাইব,O
Sentence: 2531,যাওনের,O
,সময়,O
,কই,O
,গেলি,O
Sentence: 2749,আমি,O
,কামো,O
,যাইতাম,O
,চাই,O
,না,O
Sentence: 2398,তোমার,O
,কথা,O
,হুইন্না,O
,আমি,O
,মেলা,O
,অবাক,O
,হয়া,O
,গেসিলাম,O
Sentence: 744,ঢাকায়,B-LOC
,আমার,O
,চাকরি,O
,হইসে,O
Sentence: 2733,আমার,O
,ভালা,O
,লাগে,O
Sentence: 2868,আমার,O
,প্রশ্নের,O
,উত্তর,O
,দেইন,O
Sentence: 2126,উনি,O
,চেষ্টা,O
,করেন,O
,না,O
Sentence: 2962,আমি,O
,আপেল,B-FOOD
,পসন্দ,O
,করি,O
,না,O
Sentence: 718,আজকের,O
,আবহাওয়টা,O
,মেলা,O
,সুন্দর,O
Sentence: 3251,আমরার,O
,তুলুন,O
,লাগবো,O
Sentence: 3197,বন্ধু,B-REL
,আমারে,O
,একটা,O
,লাল,B-COL
,গুলাপ,B-OBJ
,কিন্না,O
,দিসে,O
Sentence: 1104,আমার,O
,সব,O
,শেষ,O
,হয়া,O
,যাইব,O
Sentence: 85,যারার,O
,গালি,O
,দেওয়ন,O
,হয়া,O
,গেসে,O
,তারা,O
,দয়া,O
,কইরা,O
,লাইনেরতন,O
,সইরা,O
,যান,O
Sentence: 2405,আমার,O
,বিয়ে,O
,তোমার,O
,ছোট,B-REL
,বইনের,I-REL
,লগে,O
,ঠিক,O
,হইসে,O
Sentence: 2357,আমার,O
,আম্মা,B-REL
,বেগ,O
,সময়,O
,বেশ,O
,হাসি,O
,খুশি,O
,থাহে,O
Sentence: 3212,ছুডো,O
,ছেরাডা,O
,বল,B-OBJ
,দিয়া,O
,খেলতাসে,O
Sentence: 375,কোন,O
,এক,O
,রাইতে,O
,তুমি,O
,আর,O
,আমি,O
,পাশাপাশি,O
,বয়া,O
,চাঁদ,O
,দেখবাম,O
Sentence: 3050,বাসাত,O
,কাইলকা,O
,চুরি,O
,হইসিন,O
Sentence: 1026,কোন,O
,উপায়,O
,পাইনা,O
,কি,O
,করবাম,O
Sentence: 2635,আমি,O
,তুমারে,O
,ডাকতাম,O
,না,O
Sentence: 1770,দৃষ্টিভঙ্গি,O
,বদলাইলে,O
,জীবন,O
,বদলায়া,O
,যাইব,O
Sentence: 3240,তুমি,O
,কতা,O
,বলবা,O
,না,O
Sentence: 2450,আমার,O
,বইন,B-REL
,গ্রামের,B-LOC
,বাড়ীত,I-LOC
,গিয়া,O
,পুস্কুনিতে,B-LOC
,গোসল,O
,করে,O
Sentence: 330,আমি,O
,বেগসময়,O
,আমার,O
,গ্রামের,B-LOC
,মানুষরার,O
,পাশে,O
,থাকতে,O
,চাই,O
Sentence: 1794,তুমি,O
,একটা,O
,বেক্কল,O
,মাইয়া,O
Sentence: 2023,আফনে,O
,কি,O
,আমারে,O
,একটা,O
,ছবি,O
,তুলতে,O
,ফারেন,O
Sentence: 2212,আম্মা,B-REL
,আমার,O
,লাইজ্ঞা,O
,নীল,B-COL
,শাড়ি,B-OBJ
,কিন্না,O
,আনসে,O
Sentence: 2050,আমার,O
,বইডা,B-OBJ
,কই,O
Sentence: 3036,হাইরা,O
,গেসি,O
Sentence: 2895,আমি,O
,লম্বা,O
,না,O
Sentence: 1246,এহন,O
,আমি,O
,আমার,O
,বাপের,B-REL
,দায়িত্ব,O
,পালন,O
,করবাম,O
Sentence: 1920,আমার,O
,বই,B-OBJ
,পড়তে,O
,মেলা,O
,ভালালাগে,O
Sentence: 510,হেই,O
,সময়,O
,পাশ,O
,দিয়া,O
,একটা,O
,শিয়াল,B-ANI
,যাইতাসিল,O
Sentence: 1799,আমি,O
,দুপুরে,O
,খালি,O
,বেগুন,B-FOOD
,তরকারির,I-FOOD
,ঝোল,I-FOOD
,দিয়া,O
,ভাত,B-FOOD
,খাইসি,O
Sentence: 1183,যেকোনো,O
,পরিস্থিতি,O
,মোকাবেলা,O
,করন,O
,সম্ভব,O
Sentence: 2883,আমি,O
,মাফ,O
,চাইসি,O
Sentence: 3106,আব্বু,B-REL
,আমার,O
,লেইগা,O
,সবুজ,B-COL
,জামা,B-OBJ
,কিন্না,O
,আনসে,O
Sentence: 3266,আমার,O
,পরিবারে,O
,আমি,O
,মা,B-REL
,বাবা,B-REL
,আর,O
,একটা,O
,ছুডো,B-REL
,বইন,I-REL
Sentence: 680,তোমার,O
,গানের,O
,গলা,O
,মেলা,O
,ভালা,O
Sentence: 245,তাদের,O
,দুইজনের,O
,বিয়া,O
,হওয়ার,O
,কথা,O
,আসিল,O
Sentence: 3385,কষ্ট,O
,পাই,O
Sentence: 583,আইজকে,O
,জুম্মার,O
,দিন,O
Sentence: 1089,আমার,O
,জামাই,B-REL
,সবাইরে,O
,বুঝায়া,O
,বঝায়া,O
,ক্লান্ত,O
,যে,O
,আমি,O
,এরকম,O
,কিসু,O
,করতাসি,O
,না,O
Sentence: 3002,ইশকুলো,B-ORG
,যা,O
,না,O
Sentence: 2850,তুমার,O
,কাম,O
,আসে,O
Sentence: 2231,আমার,O
,হাজার,O
,কথার,O
,মাঝে,O
,ওই,O
,একটা,O
,কথা,O
,তোমারে,O
,বুইজ্ঝা,O
,নিতে,O
,হইব,O
Sentence: 471,ব্রাজিল,B-ORG
,ফুটবল,I-ORG
,দল,I-ORG
,একটা,O
,শক্তিশালী,O
,দল,O
Sentence: 2827,ভাই,B-REL
,কিতা,O
,করুইন,O
Sentence: 811,বিয়া,O
,করনের,O
,পাঁচ,O
,বছর,O
,পর,O
,এহন,O
,আমি,O
,স্মার্ট,O
,হইসি,O
Sentence: 2416,গ্রামের,B-LOC
,থাইক্কা,O
,আসা,O
,ছেড়াডা,O
,এহন,O
,ঢাকায়,B-LOC
,পড়াশুনা,O
,করতাসে,O
Sentence: 2501,সামনের,O
,দিকে,O
,যায়া,O
,মাইয়াডা,O
,মেলা,O
,হাসব,O
Sentence: 957,আমি,O
,ফিরা,O
,আইলাম,O
Sentence: 292,যেহেতু,O
,ভর্তি,O
,হইয়া,O
,গেসেন,O
,পড়াশোনা,O
,চালায়া,O
,যান,O
Sentence: 1860,তেতুল,B-FOOD
,এর,I-FOOD
,টক,I-FOOD
,দিয়া,O
,ফুসকা,B-FOOD
,খায়াম,O
Sentence: 1159,হেয়,O
,হের,O
,পরিবার,O
,ছাড়া,O
,ঈদের,O
,আগের,O
,দিন,O
,বাংলাদেশে,B-LOC
,আইসে,O
Sentence: 1181,আমারে,O
,বেগসময়,O
,আগায়া,O
,চলার,O
,অনুপ্রেরণা,O
,যোগায়,O
Sentence: 949,এইহানে,O
,অপেক্ষা,O
,করেন,O
Sentence: 134,আমার,O
,আম্মা,B-REL
,আমারে,O
,নিয়া,O
,পার্কে,B-LOC
,ঘুরতে,O
,যাইব,O
Sentence: 1193,আমার,O
,ফোন,O
,নম্বর,O
,ব্লক,O
,কইরা,O
,দেয়,O
Sentence: 1925,আমার,O
,পড়ালেহা,O
,করতে,O
,হইব,O
Sentence: 2433,গ্রামের,B-LOC
,মানুষরা,O
,মাডির,B-OBJ
,পাতিলে,I-OBJ
,রান্দে,O
Sentence: 2513,হে,O
,পলাইসে,O
Sentence: 1674,চাবি,B-OBJ
,দিয়া,O
,তালা,B-OBJ
,খোলার,O
,পর,O
,বেগ,O
,দেখতে,O
,পাইব,O
Sentence: 11,আমার,O
,অনেকদিন,O
,আগে,O
,একবার,O
,বিয়া,O
,হইছিল,O
Sentence: 642,আমরার,O
,গ্রামের,B-LOC
,জনসংখ্যা,O
,প্রায়,O
,চাইর,O
,হাজার,O
Sentence: 308,জীবন,O
,থাইক্কাও,O
,রঙ,O
,হারায়া,O
,গেসে,O
Sentence: 2261,একটা,O
,আবুরে,B-REL
,একমাত্র,O
,হের,O
,মায়ের,B-REL
,কোলেই,O
,মানায়,O
Sentence: 712,আমার,O
,কালা,B-COL
,জামা,B-OBJ
,আসে,O
Sentence: 983,আমরার,O
,বিয়ার,O
,পর,O
,থাইক্কাই,O
,নানা,O
,ছোটখাটো,O
,কারনে,O
,ঝগড়া,O
,লাইজ্ঞা,O
,থাকত,O
Sentence: 644,বিলাই,B-ANI
,খুব,O
,আরামপ্রিয়,O
,প্রাণী,O
Sentence: 333,আফনের,O
,ছবি,B-OBJ
,দেইক্ষা,O
,খুব,O
,ভালা,O
,লাগসে,O
Sentence: 3041,কেডা,O
,খাইসিন,O
Sentence: 3358,খাইবার,O
,পসন্দ,O
,করো,O
Sentence: 852,এখন,O
,তারে,O
,আর,O
,ছাড়,O
,দেওয়ন,O
,যাইব,O
,না,O
Sentence: 407,এই,O
,ভালবাসা,O
,না,O
,থাকলে,O
,মানুষের,O
,জীবনের,O
,সুখের,O
,আশা,O
,করনডাই,O
,ভুল,O
Sentence: 2498,আমি,O
,ফারতাম,O
,না,O
,পানি,B-FOOD
,দিতে,O
Sentence: 247,এর,O
,মধ্যে,O
,ছেড়িডা,O
,তার,O
,পরিবারের,O
,পসন্দে,O
,বিয়া,O
,করে,O
Sentence: 2330,তুমি,O
,কিতা,O
,সহালে,O
,উইত্থা,O
,চা,B-FOOD
,খাইবা,O
Sentence: 2957,আমার,O
,লাল,B-COL
,রং,I-COL
,পসন্দ,O
Sentence: 1757,বিদ্যুৎ,O
,সমস্যার,O
,কি,O
,সমাধান,O
,হয়া,O
,গেসে,O
Sentence: 3219,অনেক,O
,কয়ডা,O
,বই,B-OBJ
,কিনসি,O
Sentence: 1218,কিন্তু,O
,হেয়,O
,কইসে,O
,যা,O
,কওনের,O
,ডিভোর্স,B-OBJ
,লেটারে,I-OBJ
,কইব,O
Sentence: 1814,অতিরিক্ত,O
,পানি,B-FOOD
,পায়া,O
,গাছগুলা,O
,মইরা,O
,যাইত,O
,না,O
,তো,O
Sentence: 1846,তেতুলের,B-OBJ
,কচি,I-OBJ
,পাতা,I-OBJ
,সিদ্ধ,O
,কইরা,O
,পানি,B-FOOD
,সেবন,O
,করলে,O
,সর্দি,O
,কাশি,O
,ভালা,O
,হয়,O
Sentence: 2763,আমার,O
,মনডা,O
,ভালা,O
,নাই,O
Sentence: 2141,আমার,O
,বাসার,B-ROLE
,দারওয়ান,I-ROLE
,অনেক,O
,ভালা,O
,মানুষ,O
Sentence: 925,মাইয়াডা,O
,খুবই,O
,বেয়াদ্দব,O
Sentence: 2614,কতা,O
,কইতে,O
,আমার,O
,মেলা,O
,ভালা,O
,লাগে,O
Sentence: 2926,আমি,O
,অবাক,O
Sentence: 1705,কথা,O
,যার,O
,পাকনা,O
,না,O
,কামে,O
,হের,O
,ঠনঠন,O
Sentence: 2286,তোমার,O
,ভালোর,O
,লাইজ্ঞাই,O
,আমি,O
,তোমারে,O
,ছাইড়া,O
,দূরে,O
,চইল্লা,O
,আইসি,O
Sentence: 486,আমি,O
,সকালে,O
,ঘুমায়া,O
,উঠি,O
Sentence: 2969,আপেল,B-FOOD
,পসন্দ,O
,না,O
Sentence: 349,হেয়,O
,আরও,O
,একটা,O
,বন্ধু,B-ROLE
,বানাইতে,O
,চায়,O
,যার,O
,নাম,O
,আসিন,O
,রাহাত,B-PER
Sentence: 2878,সময়,O
,শেষ,O
,হইয়া,O
,গেসে,O
Sentence: 2306,যতদিন,O
,এই,O
,দুনিয়াতে,B-LOC
,থাকবাম,O
,তোমারে,O
,মনে,O
,রাখবাম,O
Sentence: 612,বাংলাদেশের,B-LOC
,প্রধানমন্ত্রীর,B-ROLE
,নাম,O
,কিতা,O
Sentence: 622,তার,O
,বইডা,B-OBJ
,কি,O
,আমারে,O
,দিতে,O
,পারস,O
Sentence: 220,ভারতীয়,B-ROLE
,হইয়াও,O
,যেন,O
,কোনোখানে,O
,আমি,O
,বাংলাদেশি,B-ROLE
,অনুভব,O
,করতাসি,O
Sentence: 2364,আইজকে,O
,আমি,O
,বাইরে,O
,যায়ামই,O
Sentence: 304,হোকনা,O
,ভাল,O
,কিসুর,O
,শুরুডা,O
,এম্নেই,O
Sentence: 2015,আফনে,O
,কি,O
,একটা,O
,বাংলা,O
,গান,O
,গাইতে,O
,পারেন,O
Sentence: 1642,আমগাছের,O
,দিকে,O
,তাকায়া,O
,একটা,O
,মেয়ে,O
,কইল,O
Sentence: 268,তারে,O
,ছাড়া,O
,আমি,O
,হয়তো,O
,বাচঁতে,O
,পারতাম,O
,না,O
Sentence: 468,আমি,O
,ফুটবল,B-OBJ
,ম্যাচে,O
,উপস্থিত,O
,হইতাম,O
,চাই,O
Sentence: 1957,ভালবাসা,O
,হইলো,O
,সারাজীবন,O
,পাশে,O
,থাকার,O
,লাইজ্ঞা,O
Sentence: 1035,আমার,O
,আব্বা,B-REL
,অসুস্থ,O
,হয়া,O
,যাইব,O
Sentence: 211,এ,O
,গানডা,O
,হুইন্না,O
,চোহে,O
,পানি,O
,চইল্লা,O
,আইলো,O
Sentence: 756,আমি,O
,তারারই,O
,একজন,O
,হইতাম,O
,চাই,O
Sentence: 1396,হেয়,O
,যেমনে,O
,আমারে,O
,আশা,O
,করসে,O
,আমি,O
,নিজেরে,O
,ওমনে,O
,উপস্থাপন,O
,করসি,O
Sentence: 1805,তেতুল,B-FOOD
,খাইলে,O
,বুদ্ধি,O
,কইম্মা,O
,যায়,O
Sentence: 1961,ভালবাসায়,O
,এমন,O
,কেরে,O
,হয়,O
Sentence: 1923,তোমার,O
,পড়ালেহা,O
,করতে,O
,হইব,O
Sentence: 1165,এই,O
,শুক্রবারে,O
,হের,O
,বিয়া,O
,হের,O
,পরিবারের,O
,পসন্দ,O
,কইরা,O
,রাখসে,O
,মাইয়া,O
Sentence: 2352,তুমি,O
,একজন,O
,ভালা,O
,মাইয়া,O
,মানুষ,O
Sentence: 51,তোমরার,O
,বাসা,O
,কই,O
Sentence: 421,আমরা,O
,এইহানে,O
,আসি,O
,আলোচনা,O
,করার,O
,লাইজ্ঞা,O
Sentence: 3383,কেন,O
,বেকতা,O
,সময়,O
,কষ্ট,O
,পাই,O
Sentence: 2695,তুমি,O
,যাইবা,O
Sentence: 1197,অনেক,O
,কইসি,O
,যে,O
,এরকম,O
,আর,O
,ভুলেও,O
,হইবনা,O
,কহনো,O
Sentence: 3478,পারতাম,O
,না,O
Sentence: 224,বেডাডা,O
,ফোনে,B-OBJ
,কথা,O
,কইতাসে,O
Sentence: 187,এই,O
,ছবির,O
,বেগ,O
,গানগুলাই,O
,মেলা,O
,সুন্দর,O
Sentence: 1124,দয়া,O
,কইরা,O
,পরামর্শ,O
,দেন,O
,বিয়ার,O
,পরে,O
,কি,O
,তার,O
,পরিবার,O
,কোনো,O
,সমস্যা,O
,করতে,O
,পারব,O
Sentence: 519,আমার,O
,পরীক্ষা,O
,দিতে,O
,একদমই,O
,ভালা,O
,লাগে,O
,না,O
Sentence: 2738,তুমি,O
,কিরুম,O
,আসো,O
Sentence: 58,কম,O
,বয়স্ক,O
,একটা,O
,ছেড়া,O
,বাইরে,O
,ফুটপাতে,B-LOC
,দৌড়াইতাসে,O
Sentence: 1239,কালকে,O
,আমরার,O
,বাসায়,O
,মেমান,O
,আইব,O
Sentence: 2973,বিদেশ,O
,গেসিলাম,O
Sentence: 1479,আমি,O
,বার,O
,বার,O
,ভালোবাইসসা,O
,ঠইক্কা,O
,গেসি,O
Sentence: 932,আমি,O
,কামে,O
,যাইতাম,O
,চাই,O
,না,O
Sentence: 1214,মাইয়ার,B-REL
,পড়ার,O
,খরচ,O
,দেয়না,O
,ঠিকমত,O
Sentence: 796,এত,O
,তাড়াতাড়ি,O
,শেষ,O
Sentence: 412,যদি,O
,সময়,O
,পাওয়ন,O
,যায়,O
,আমরা,O
,আরো,O
,দেখবাম,O
Sentence: 1160,পোলারে,O
,খুঁইজ্জা,O
,পাওনের,O
,মতো,O
,খালি,O
,হের,O
,কাসে,O
,পোলার,O
,পাসপোর্ট,B-OBJ
,কপি,I-OBJ
,ছিল,O
,একটা,O
Sentence: 2445,আবুডা,O
,একটা,O
,বিলাইয়ের,B-ANI
,বাচ্চারে,I-ANI
,আদর,O
,করতাসে,O
Sentence: 2149,আমার,O
,ছোট,B-REL
,ভাই,I-REL
,ইস্কুলে,B-ORG
,যাইতে,O
,চায়,O
,না,O
Sentence: 2415,আমি,O
,তহন,O
,মেলা,O
,ছোট,O
,যহন,O
,আমার,O
,মা,B-REL
,মারা,O
,গেসিল,O
Sentence: 1133,ততদিনে,O
,আমি,O
,অনেক,O
,ভালোবাইসা,O
,ফালাইসি,O
,ওরে,O
Sentence: 1984,দুইজনেই,O
,তারার,O
,চাকরি,O
,নিয়া,O
,ব্যস্ত,O
Sentence: 887,আমার,O
,খালামুনির,B-REL
,দুইটা,O
,ছেড়া,B-REL
,আসে,O
Sentence: 3171,দাড়াই,O
,আসিলাম,O
Sentence: 759,তোমরার,O
,পরীক্ষা,O
,কবে,O
Sentence: 2195,আফনে,O
,কি,O
,জানেন,O
,এইহানে,O
,মেলা,O
,ছেড়া,O
,কমেন্ট,O
,পড়তে,O
,আইব,O
Sentence: 490,সহজ,O
,ভাষায়,O
,কথা,O
,কওন,O
,উচিত,O
Sentence: 3362,খাইবার,O
,পসন্দ,O
,করি,O
Sentence: 789,আমার,O
,বন্ধু,B-REL
,হয়ত,O
,আমারে,O
,মেলা,O
,ভালবাসে,O
Sentence: 495,আমার,O
,বড়,B-REL
,বোইনরে,I-REL
,আমি,O
,অনেক,O
,ভালবাসি,O
Sentence: 945,আমার,O
,প্রশ্নের,O
,জবাব,O
,দেন,O
Sentence: 3313,জেলেরা,B-ROLE
,ধরতাছে,O
Sentence: 1256,আমার,O
,বিয়া,O
,হইসে,O
,দেড়,O
,বছর,O
Sentence: 1110,বাড়ীত,O
,কইলাম,O
,আমি,O
,এই,O
,বিয়াতে,O
,রাজি,O
Sentence: 3296,লও,O
,উড়াই,O
Sentence: 1442,দ্বিতীয়,O
,জনরে,O
,পায়া,O
,নিজেরে,O
,খুব,O
,ভাগ্যবতী,O
,মনে,O
,হইতো,O
Sentence: 1355,হের,O
,অফিসের,B-ORG
,বিবাহিত,O
,এক,O
,বেডার,O
,সাথে,O
Sentence: 3159,আইন্নেরে,O
,একটা,O
,দুহানো,O
,যাওন,O
,লাগবো,O
Sentence: 1743,চল,O
,একদিন,O
,দেহা,O
,করি,O
,পুরা,O
,শহর,B-LOC
,রিক্সায়,B-OBJ
,ঘুরবাম,O
Sentence: 3428,আইন্নে,O
,ভালা,O
,মানুষ,O
Sentence: 2175,ইস্কুল,B-ORG
,জীবন,O
,থাইক্কা,O
,আমার,O
,ভাইয়ের,B-REL
,লগে,O
,তোমার,O
,বইনের,B-REL
,প্রেম,O
,আসিল,O
Sentence: 2268,আমরার,O
,দুইজনের,O
,বিয়া,O
,হওনের,O
,কথা,O
,চলতাসে,O
Sentence: 2864,সহালে,O
,কিসু,O
,খাইতে,O
,ভালা,O
,লাগে,O
Sentence: 1512,দিনের,O
,বেলাতেও,O
,বাড়ির,O
,ভিতরডা,O
,অন্ধকার,O
,হয়া,O
,থাকে,O
Sentence: 2383,আমার,O
,বড়,B-REL
,বইন,I-REL
,এতো,O
,সহালে,O
,ঘুম,O
,থাইক্কা,O
,উঠতে,O
,ফারে,O
,না,O
Sentence: 1255,যাইহোক,O
,আসল,O
,কথায়,O
,আই,O
Sentence: 997,হেয়,O
,যার,O
,লগে,O
,সম্পর্কে,O
,জড়ায়,O
,তারে,O
,বিয়া,O
,করব,O
,না,O
,বইল্লা,O
,কিন্তু,O
,সম্পর্ক,O
,রাখব,O
Sentence: 2743,তুমি,O
,কই,O
Sentence: 908,তিনি,O
,হিসাব,O
,মিলাইতে,O
,পারতাসেন,O
,না,O
Sentence: 1206,বাপের,B-REL
,টেহার,B-OBJ
,উপরে,O
,বয়া,O
,খায়,O
,নেশা,O
,করে,O
,প্রতিদিন,O
,ঝগড়া,O
,হের,O
,নিয়মিত,O
,কাজ,O
Sentence: 382,উনি,O
,আমার,O
,লগে,O
,দেখা,O
,করলেন,O
Sentence: 71,মেলাদিন,O
,বাদে,O
,একটা,O
,ভালা,O
,লেহা,O
,পড়লাম,O
Sentence: 1836,দেশী,O
,মুরগী,B-ANI
,বসরে,O
,পঞ্চাশ,O
,ষাটটা,O
,ডিম,B-FOOD
,দেয়,O
Sentence: 2011,কাজে,O
,ফাঁকি,O
,দিও,O
,না,O
Sentence: 1951,তুমি,O
,এত,O
,গরিব,O
,আগে,O
,কেন,O
,কও,O
,নাই,O
Sentence: 985,হেয়,O
,কোন,O
,দিন,O
,স্বীকার,O
,করে,O
,না,O
Sentence: 2275,ছেড়া,O
,কোন,O
,ধরনের,O
,মামলা,O
,চায়,O
,না,O
Sentence: 3025,মাইয়াডা,O
,আমার,O
,লগে,O
,দেহা,O
,করবার,O
,আইসিন,O
Sentence: 2981,আমারে,O
,ডাকবাইন,O
Sentence: 989,বেশ,O
,কয়েক,O
,বার,O
,তারে,O
,সু্যোগ,O
,দেয়া,O
,হয়,O
Sentence: 3260,দেহা,O
,যাইবো,O
Sentence: 783,তুমি,O
,বেশী,O
,কথা,O
,কও,O
Sentence: 2117,একদম,O
,ঠিক,O
,কথা,O
,কইস,O
Sentence: 42,আমার,O
,ইস্কুলে,B-ORG
,যাইতে,O
,অনেক,O
,ভালা,O
,লাগে,O
Sentence: 3133,শুক্কুরবার,O
,ওইনদা,O
,যাইয়াম,O
Sentence: 1132,আমরার,O
,ম্যাক্সিমাম,O
,কথা,O
,হইসে,O
,অনলাইনে,O
Sentence: 2442,গ্রামের,B-LOC
,বারি,I-LOC
,গিয়া,O
,আমি,O
,একলা,O
,একলা,O
,সাঁতার,O
,কাটসি,O
Sentence: 1146,আমি,O
,মেলা,O
,চিন্তার,O
,মধ্যে,O
,পইড়া,O
,গেসি,O
,আমি,O
,কিতা,O
,করবাম,O
Sentence: 1395,আমি,O
,আমার,O
,বিষয়,O
,সাইডে,O
,রাইক্ষা,O
,হেরে,O
,সান্ত্বনা,O
,দিসি,O
Sentence: 1059,আফনে,O
,যদি,O
,পুলিশরে,B-ROLE
,বেগটা,O
,খুইল্লা,O
,কন,O
,তাইলেই,O
,দেখবেন,O
,সমস্যার,O
,সমাধান,O
,হয়া,O
,গেসে,O
Sentence: 1454,আমার,O
,বিয়ার,O
,বয়স,O
,বাইশ,O
,মাস,O
Sentence: 869,আমি,O
,কিতা,O
,করতাম,O
,পারি,O
Sentence: 1998,আমি,O
,আমার,O
,ভাইরে,B-REL
,মেলা,O
,ভালবাসি,O
Sentence: 2726,সহালে,O
,কিসু,O
,খাইতে,O
,ভালা,O
,লাগে,O
Sentence: 1332,যতদিন,O
,ইচ্ছা,O
,আব্বার,O
,বাসায়,O
,থাকবাম,O
,আব্বার,B-REL
,সেবা,O
,যত্ন,O
,করবাম,O
Sentence: 2835,আমারে,O
,হাসা,O
,কতা,O
,কইন,O
Sentence: 118,ছেড়ারা,O
,ভালোবাসার,O
,অভিনয়,O
,করতে,O
,করতে,O
,যে,O
,কহন,O
,সত্যি,O
,সত্যি,O
,ভালোবাইসা,O
,ফালায়,O
,তারা,O
,তা,O
,নিজেও,O
,কইতে,O
,ফারেনা,O
Sentence: 1378,গত,O
,কাল,O
,না,O
,খায়া,O
,রোজা,O
,আসিলাম,O
Sentence: 2717,কিসু,O
,খাইতে,O
,ভালা,O
,লাগে,O
,না,O
Sentence: 2500,আচ্ছা,O
,কও,O
,দেহি,O
,বাংলাদেশে,B-LOC
,কয়ডা,O
,জেলা,B-LOC
Sentence: 2335,আমি,O
,একজন,O
,ভালা,O
,মানুষ,O
,হইতাম,O
,চাই,O
Sentence: 3029,মা,O
,হেইদিন,O
,ঠিকি,O
,কইসিন,O
Sentence: 999,আমার,O
,তো,O
,একটা,O
,হাত,O
,খরচ,O
,লাগে,O
,তাও,O
,হেয়,O
,দেয়না,O
Sentence: 1847,আমি,O
,খাওনে,B-FOOD
,টক,O
,খুব,O
,ভালবাসি,O
Sentence: 1143,তারেই,O
,ভালোবাসি,O
,আমি,O
,তারে,O
,ছাড়তে,O
,চাই,O
,না,O
Sentence: 355,খন,O
,তোমার,O
,একা,O
,লাগব,O
,তুমি,O
,চারদিকে,O
,কিছুই,O
,দেখতে,O
,পাইবা,O
,না,O
Sentence: 1006,এমন,O
,কি,O
,আমার,O
,আব্বা,B-REL
,আম্মা,B-REL
,সামনে,O
,আইলে,O
,সালাম,O
,পর্যন্ত,O
,দেয়না,O
Sentence: 1321,আমরার,O
,পুরা,O
,বাড়ি,O
,জুইড়া,O
,আব্বা,B-REL
,একলা,O
,দুই,O
,তিনজন,O
,কাজের,B-ROLE
,লোক,I-ROLE
,আছে,O
,সাথে,O
Sentence: 1100,ছেড়াডা,O
,আমার,O
,আব্বার,B-REL
,লগে,O
,কথা,O
,কয়া,O
,আমরার,O
,বিয়া,O
,ঠিক,O
,করসে,O
Sentence: 2427,আমরার,O
,এলাকায়,O
,কেরোসিন,O
,তেলের,O
,দাম,O
,বাইড়া,O
,গেসে,O
Sentence: 1785,পেঁপে,B-FOOD
,খাইতে,O
,মেলা,O
,সুস্বাদু,O
Sentence: 2690,যাইতাম,O
,চাই,O
Sentence: 1981,আফনের,O
,বাপ,B-REL
,মার,B-REL
,যেহেতু,O
,স্বপ্ন,O
Sentence: 2852,তুই,O
,আইজকা,O
,ইশকুলো,B-ORG
,গেসিলি,O
Sentence: 2523,শিমুর,B-PER
,খয়ারি,B-COL
,রং,I-COL
,পসন্দ,O
Sentence: 1107,আমারে,O
,ভালবাসলে,O
,এইটুকু,O
,উপকার,O
,কর,O
,পায়ে,O
,পড়ি,O
,তোমার,O
Sentence: 2138,ছেড়াডার,O
,এহন,O
,আর,O
,বিকালে,O
,খেলত,O
,বাইর,O
,হয়,O
,না,O
Sentence: 722,শীতের,O
,সহাল,O
,মেলা,O
,সুন্দর,O
Sentence: 1784,শিমের,B-FOOD
,তরকারী,I-FOOD
,দিয়া,O
,ভাত,B-FOOD
,খাইতে,O
,আমার,O
,ভালা,O
,লাগে,O
,না,O
Sentence: 3280,কইতাম,O
,না,O
Sentence: 1884,দুপুরের,O
,রোইদে,O
,আমি,O
,কালা,O
,হয়া,O
,গেসি,O
Sentence: 3396,আইন্নে,O
,আমার,O
,লগে,O
,এরুমবায়,O
,কতা,O
,কইবার,O
,পারুইন,O
,না,O
Sentence: 1484,শিক্ষার্থী,B-ROLE
,নতুন,O
,ভর্তি,O
,হইসে,O
Sentence: 1776,প্রতিদিন,O
,অন্তত,O
,একটা,O
,পেয়ারা,B-FOOD
,কইরা,O
,খাইলে,O
,পাইতে,O
,ফারেন,O
,মেলা,O
,উপকার,O
Sentence: 433,আফনে,O
,কি,O
,কুনো,O
,গানে,O
,নাচতে,O
,পারেন,O
Sentence: 2008,এটা,O
,কুন,O
,ধরনের,O
,প্রশ্ন,O
Sentence: 2867,ভালা,O
,লাগে,O
Sentence: 52,ঢাকা,B-LOC
,বাংলাদেশের,B-LOC
,রাজধানী,O
Sentence: 1398,ও,O
,আমার,O
,লগে,O
,এইডা,O
,করসে,O
,আমিও,O
,ওর,O
,লগে,O
,এইডা,O
,করবাম,O
Sentence: 2653,রাজশাহী,B-LOC
,গেসে,O
,গা,O
Sentence: 3120,লাল,B-COL
,রং,I-COL
,এর,O
,গাড়িডা,B-OBJ
,কাইলকা,O
,চুরি,O
,হইয়া,O
,গেসে,O
Sentence: 283,মাইয়ারে,O
,অন্য,O
,ছেড়ার,O
,লগে,O
,বিয়া,O
,দেওনের,O
,আয়োজন,O
,করে,O
Sentence: 1518,এক,O
,চানাচুরওয়ালারে,B-ROLE
,দেহন,O
,যায়,O
Sentence: 3338,কিরুম,O
,লাগে,O
Sentence: 2183,তোমার,O
,বন্ধুর,B-REL
,লগে,O
,পরিচিত,O
,হয়া,O
,ভালা,O
,লাগলো,O
Sentence: 1423,আমার,O
,প্রথম,O
,ভালোবাসার,O
,মানুষটা,O
,আসিল,O
,ভুল,O
Sentence: 169,বর্তমানে,O
,প্রেম,O
,হীন,O
,মানুষ,O
,খুঁইজ্জা,O
,পাওয়াডা,O
,কষ্টকর,O
Sentence: 2319,তুমি,O
,কিতা,O
,আমারে,O
,একটা,O
,ছবি,O
,তুইল্লা,O
,দিতা,O
,পারবা,O
Sentence: 3228,আইন্নে,O
,পরিবার,O
,লইয়া,O
,বইন,O
Sentence: 2460,আব্বা,B-REL
,কইসে,O
,গাছে,O
,অতিরিক্ত,O
,পানি,B-FOOD
,দিলে,O
,গাছ,O
,মইরা,O
,যায়,O
Sentence: 1236,এহন,O
,এইডার,O
,সমাধান,O
,কোনখানে,O
,পায়াম,O
Sentence: 418,চল,O
,বিশ্রাম,O
,নেওয়ন,O
,যাক,O
Sentence: 995,কিসু,O
,দিন,O
,হেয়,O
,ভালা,O
,থাহে,O
Sentence: 2570,মাতাত,O
,বুদ্ধি,O
,ওয়,O
,না,O
Sentence: 2426,মাইয়াডা,O
,বাংলাদেশে,B-LOC
,আয়,O
,তার,O
,পসন্দের,O
,ছেড়ার,O
,সাথে,O
,বিয়া,O
,ঠিক,O
,করসে,O
Sentence: 312,আফনে,O
,বাইচ্চা,O
,আসেন,O
Sentence: 813,বিশাল,O
,ক্যাচাল,O
,লাইজ্ঞা,O
,যাইত,O
Sentence: 1625,আমারার,O
,চলতেই,O
,পারে,O
,না,O
Sentence: 1538,হেয়,O
,তরে,O
,কিসু,O
,উপহার,O
,দিল,O
,না,O
Sentence: 2764,মনডা,O
,ভালা,O
,নাই,O
Sentence: 1278,ও,O
,আমারে,O
,কোন,O
,কামে,O
,সাহায্য,O
,করে,O
Sentence: 106,আমি,O
,মেলা,O
,কষ্টে,O
,নিজেরে,O
,সামলায়া,O
,নিলাম,O
Sentence: 2371,আমরার,O
,বাসার,O
,দারওয়ান,B-ROLE
,রাইতে,O
,মদ,B-FOOD
,খায়,O
Sentence: 2965,আমারে,O
,লইয়া,O
,চলুইন,O
Sentence: 1275,গতকাল,O
,একটা,O
,ছোট,O
,বিষয়,O
,নিয়া,O
,কইলেন,O
,বিয়ার,O
,পরে,O
,পোলারা,O
,কেমন,O
,বদলায়া,O
,যায়,O
Sentence: 671,কালকে,O
,ঘুডডি,B-OBJ
,উরায়াম,O
Sentence: 3308,আমার,O
,ঘুরতে,O
,মেলা,O
,ভালা,O
,লাগে,O
Sentence: 2488,আম্মা,B-REL
,লাকড়ির,B-OBJ
,চুলায়,I-OBJ
,রান্তাসে,O
Sentence: 2482,মেলা,O
,মানুষই,O
,শখের,O
,বশে,O
,ছাদের,O
,উপরে,O
,কবুতর,B-ANI
,পালে,O
Sentence: 688,তোমার,O
,আব্বা,B-REL
,কিতা,O
,করেন,O
Sentence: 1511,চাইরপাশে,O
,কত,O
,বড়,O
,বড়,O
,গাছ,O
Sentence: 1050,একজন,O
,মানুষ,O
,কি,O
,এমনি,O
,এমনি,O
,খারাপ,O
,হয়,O
,কন,O
Sentence: 2870,জবাব,O
,দেইন,O
Sentence: 893,আমি,O
,সকাল,O
,আট,O
,টাই,O
,ডিউটিতে,O
,চইল্লা,O
,যাই,O
Sentence: 2311,তুমি,O
,ছাড়া,O
,আমার,O
,জীবনডা,O
,অন্ধকার,O
Sentence: 469,ব্রাজিল,B-ORG
,ফুটবল,I-ORG
,দল,I-ORG
,বিশ্বসেরা,O
Sentence: 1940,আমার,O
,দুইটা,O
,আবু,O
,আসে,O
Sentence: 518,তোমার,O
,কিতা,O
,নীল,B-COL
,আকাশ,O
,দেখতে,O
,ভালা,O
,লাগে,O
Sentence: 3082,কহনো,O
,তুমারে,O
,ভুলতাম,O
,না,O
Sentence: 625,এবারের,O
,ছুডিতে,O
,কক্সবাজার,B-LOC
,যায়াম,O
Sentence: 3070,বড়,B-REL
,বইনের,I-REL
,কি,O
,বিয়া,O
,হইয়া,O
,গেসে,O
Sentence: 84,মুবাইল,B-OBJ
,ছাড়া,O
,লেট্রিনে,O
,গেলে,O
,লাগে,O
,যে,O
,জরুরি,O
,ফাইল,B-OBJ
,ছাড়া,O
,অফিসে,B-ORG
,বয়া,O
,আসি,O
Sentence: 817,হালকা,O
,পাতলা,O
,লাভ,O
,হইতাসে,O
Sentence: 3387,ভালোবাসাত,O
,কমডা,O
,কি,O
,আসিন,O
Sentence: 128,আমার,O
,মন,O
,খারাপ,O
Sentence: 165,ছেড়িরার,O
,পোস্ট,O
,হইতাসে,O
,মাছের,B-LOC
,বাজার,I-LOC
,বেজ্ঞে,O
,আইয়া,O
,ভিড়,O
,জমায়,O
Sentence: 2670,আমার,O
,খারাপ,O
,লাগতাসে,O
Sentence: 3340,ক্রিকেট,O
,কিরুম,O
,লাগে,O
Sentence: 2663,সাদা,B-COL
,রঙ্গের,I-COL
,একটা,O
,শার্ট,B-OBJ
,পইড়া,O
,আইসিন,O
Sentence: 919,আফনের,O
,সব,O
,থাইক্কা,O
,কাসের,O
,মানুষটা,O
,কেডা,O
Sentence: 1434,প্রথম,O
,দিকে,O
,আমি,O
,খারাপ,O
,ব্যবহার,O
,করতাম,O
Sentence: 214,এই,O
,ছবিডা,B-OBJ
,দেখলে,O
,বুঝান,O
,যায়,O
,আমরার,O
,দেশের,B-LOC
,লাইজ্ঞা,O
,কতো,O
,কষ্ট,O
,করসে,O
,মুক্তিযোদ্ধা,B-ROLE
,ভাইয়েরা,I-ROLE
Sentence: 3276,আমরার,O
,বেহেই,O
,একলগে,O
,আসি,O
Sentence: 3269,আমার,O
,পরিবারে,O
,আমি,O
,মা,B-REL
,বাবা,B-REL
,আর,O
,ছুডো,B-REL
,বইন,I-REL
Sentence: 1927,আমি,O
,একটা,O
,ইস্কুলে,B-ORG
,পড়ালেহা,O
,করি,O
Sentence: 3241,তুমি,O
,কইবা,O
,না,O
Sentence: 1034,সমাজের,O
,মানুষ,O
,নানান,O
,কথা,O
,কইব,O
Sentence: 1727,হেরা,O
,স্লোগান,O
,আরম্ভ,O
,করল,O
Sentence: 3447,হের,O
,লেইগা,O
,আমি,O
,বেক,O
,করতারি,O
Sentence: 2723,আমার,O
,কিসু,O
,ভালা,O
,লাগে,O
,না,O
Sentence: 1383,হেয়,O
,আমার,O
,লগে,O
,কি,O
,করলো,O
,আমারে,O
,ও,O
,তাই,O
,করতে,O
,হইব,O
Sentence: 1339,তাই,O
,সম্পর্কটা,O
,বেশ,O
,ভালাই,O
,আসিল,O
Sentence: 1863,এই,O
,বেক্কল,O
,কোন,O
,বিষয়ে,O
,জানে,O
,না,O
Sentence: 867,আমি,O
,তর,O
,পড়াশুনার,O
,কোন,O
,খরচ,O
,দিতাম,O
,না,O
Sentence: 1341,এরপর,O
,হেয়,O
,আরেকটা,O
,ফ্লাইটে,O
,কইরা,O
,বাসায়,O
,যাইত,O
Sentence: 2887,উইঠ্যা,O
,দাড়াইলেন,O
,না,O
Sentence: 1066,আফনের,O
,দুই,O
,দিকেই,O
,জ্বালা,O
,হইসে,O
Sentence: 2822,আমি,O
,তুমার,O
,লগে,O
,পরে,O
,কতা,O
,কইয়াম,O
,নে,O
Sentence: 745,চাকরি,O
,করতে,O
,আর,O
,ভালা,O
,লাগে,O
,না,O
Sentence: 1892,আমি,O
,আমার,O
,বাসার,O
,সামনের,O
,খেলার,B-LOC
,মাঠে,I-LOC
,খেলি,O
Sentence: 556,ছবি,O
,তুলনের,O
,পর,O
,আমারে,O
,কেমত,O
,লাগে,O
Sentence: 1756,ঢাকার,B-LOC
,মিরপুরে,I-LOC
,কালকে,O
,থাইক্কা,O
,বিদ্যুৎ,O
,যাইতাসে,O
,না,O
,কেন,O
Sentence: 2633,ভালা,O
,লাগে,O
Sentence: 344,আফনের,O
,মজার,O
,মজার,O
,কথা,O
,হুনলে,O
,সারা,O
,দিন,O
,মন,O
,ভালা,O
,থাহে,O
Sentence: 112,আমার,O
,দুই,O
,চোখ,O
,কিসু,O
,খুজেনা,O
,তোমারে,O
,ছাড়া,O
Sentence: 2716,সহালে,O
,কিসু,O
,খাইতে,O
,ভালা,O
,লাগে,O
,না,O
Sentence: 2312,তোমার,O
,চুল,O
,পরার,O
,এই,O
,সমস্যা,O
,নিয়া,O
,ডাক্তারের,B-ROLE
,কাসে,O
,যাইতে,O
,হইব,O
Sentence: 2425,ছেড়াডা,O
,তার,O
,পরিবারসহ,O
,ঈদের,O
,আগের,O
,দিন,O
,আমরার,O
,লগে,O
,দেহা,O
,করতে,O
,আইসিল,O
Sentence: 1614,এই,O
,বাড়িটা,O
,আমরার,O
Sentence: 111,আমার,O
,জীবনে,O
,কোন,O
,স্বপ্ন,O
,নাই,O
,তুমি,O
,ছাড়া,O
Sentence: 3381,কি,O
,চাকরি,O
,করতাসো,O
Sentence: 2549,সিলেটতে,B-LOC
,আমার,O
,লগে,O
,দেহা,O
,করবার,O
,আইসিন,O
Sentence: 2994,আমার,O
,গুলাপি,B-COL
,রং,I-COL
,পসন্দ,O
Sentence: 1915,আমি,O
,যারে,O
,ভালবাসি,O
,সে,O
,সিলেটে,B-LOC
,থাকে,O
Sentence: 3248,আমরার,O
,একটা,O
,রঙিন,B-COL
,ছবি,O
,তুলুন,O
,লাহবো,O
Sentence: 1657,আইজকাল,O
,কী,O
,যে,O
,করসে,O
,ছেড়াডা,O
Sentence: 2740,আমার,O
,ভালা,O
,লাগতাছে,O
,না,O
Sentence: 1377,আম্মা,B-REL
,তহন,O
,উলটা,O
,কইসে,O
,আমি,O
,ও,O
,সারাদিন,O
,মেলা,O
,কাম,O
,করি,O
Sentence: 1593,হেয়,O
,কিতা,O
,বিদেশ,B-LOC
,থাইক্কা,O
,আইসেন,O
Sentence: 119,ছেড়িরা,O
,সত্যিকার,O
,ভালোবাসতে,O
,বাসতে,O
,যে,O
,কহন,O
,অভিনয়,O
,শুরু,O
,কইরা,O
,দেয়,O
,হেরা,O
,তা,O
,নিজেরাও,O
,কইতে,O
,ফারেনা,O
Sentence: 3368,বই,B-OBJ
,পড়তাসি,O
Sentence: 1786,পেঁপে,B-FOOD
,বাংলাদেশের,B-LOC
,একটা,O
,জনপ্রিয়,O
,ফল,B-FOOD
Sentence: 1118,আমার,O
,গার্লফ্রেন্ড,B-REL
,এর,O
,বয়স,O
,উনিশ,O
,বছর,O
Sentence: 3334,কেডা,O
,আছে,O
Sentence: 2000,একটা,O
,গ্রামে,B-LOC
,একজন,O
,খারাপ,O
,ছেড়া,O
,থাকত,O
Sentence: 904,একটা,O
,মাইয়া,O
,ছয়টা,O
,পোলার,O
,লগে,O
,প্রেম,O
,করসে,O
Sentence: 2471,আমার,O
,আব্বা,B-REL
,গায়ে,O
,সইরষার,O
,তেল,O
,মালিশ,O
,করে,O
Sentence: 2237,মাছের,B-ANI
,বাজারে,O
,বেহেই,O
,আয়া,O
,বড়,B-ANI
,মাছটা,I-ANI
,দেহার,O
,লাইজ্ঞা,O
,ভিড়,O
,জমাইলো,O
Sentence: 2205,আমার,O
,বান্ধুবি,B-REL
,কিসু,O
,ভাবতে,O
,পারেনা,O
,আফনেরে,O
,ছাড়া,O
Sentence: 1717,বইগুলার,B-OBJ
,দিকে,O
,তাকায়া,O
,আসিলাম,O
Sentence: 1598,হের,O
,কাসে,O
,মেলা,O
,দেশের,B-LOC
,টেহা,B-OBJ
,আসে,O
Sentence: 1224,বিয়ার,O
,প্রথম,O
,তিন,O
,মাস,O
,ভালাই,O
,চলতাসে,O
Sentence: 1441,হেয়,O
,আমার,O
,ছোট,O
,ছোট,O
,পসন্দের,O
,জিনিসও,O
,খেয়াল,O
,রাখতো,O
Sentence: 25,তার,O
,বই,B-OBJ
,পড়তে,O
,এক্কেরেই,O
,ভালালাগেনা,O
Sentence: 1954,জীবনের,O
,কিসুটা,O
,পথ,O
,একলা,O
,চলা,O
,তেমন,O
,কঠিন,O
,না,O
Sentence: 1559,এই,O
,প্রথম,O
,হেয়,O
,ঢাকাত,B-LOC
,আইসে,O
Sentence: 2359,আফনে,O
,আমারে,O
,আর,O
,কত,O
,অবাক,O
,করবেন,O
Sentence: 81,দুই,O
,ভাইয়ের,B-REL
,মধ্যে,O
,জায়গা,O
,জমি,O
,লয়া,O
,ঝগড়া,O
,হয়,O
Sentence: 3256,বাইচা,O
,আসুইন,O
Sentence: 1596,কয়েক,O
,দিন,O
,অপেক্ষা,O
,কর,O
Sentence: 1721,মেলা,O
,বড়,O
,লাইব্রেরি,B-LOC
,সন্দেহ,O
,নাই,O
,ব্যবস্থাও,O
,মেলা,O
,ভালা,O
Sentence: 848,বিবাহিত,O
,জীবনে,O
,সুখে,O
,থাহেন,O
Sentence: 256,আমি,O
,মনসিক,O
,ভাবে,O
,খুব,O
,সমস্যার,O
,মধ্যে,O
,আসি,O
Sentence: 1704,বুদ্ধি,O
,পাকায়া,O
,তুলে,O
,লেহাপড়া,O
,গিলায়া,O
Sentence: 1909,ছেড়িটা,O
,হয়তো,O
,ছেড়াটারে,O
,তার,O
,মনের,O
,কথা,O
,ভালাভাবে,O
,বুঝাইতে,O
,পারে,O
,নাই,O
Sentence: 2223,তুমি,O
,জোর,O
,কইরা,O
,অন্যের,O
,ভাল,O
,লাগার,O
,মানুষ,O
,হইতে,O
,পারবা,O
,না,O
Sentence: 1356,আমার,O
,বইন,B-REL
,অবিবাহিত,O
Sentence: 1670,হেই,O
,সিন্দুক,B-OBJ
,বেগসময়ে,O
,তালা,B-OBJ
,দিয়া,O
,আটকানো,O
,থাহে,O
Sentence: 1700,ফলারটি,B-FOOD
,পাকনা,O
,হয়,O
,লুচি,B-FOOD
,দই,B-FOOD
,আহারে,O
Sentence: 264,কিন্তু,O
,তুমি,O
,এহন,O
,এতোই,O
,ভালা,O
,আসো,O
,যে,O
,আমি,O
,হেইডা,O
,মানতে,O
,পারতাসি,O
,না,O
Sentence: 877,আমার,O
,আব্বা,B-REL
,আগে,O
,নেশায়,O
,আসক্ত,O
,আসিল,O
Sentence: 626,আমি,O
,আমার,O
,গ্রামের,B-LOC
,বাড়ি,I-LOC
,যায়াম,O
,ঠিক,O
,করসি,O
Sentence: 1569,হেইদিন,O
,আসিল,O
,বাংলাদেশ,B-LOC
,দলের,O
,ক্রিকেট,O
,খেলা,O
Sentence: 948,আমারে,O
,যাইতে,O
,দেও,O
Sentence: 618,ফেসবুক,B-ORG
,একটা,O
,জনপ্রিয়,O
,যোগাযোগ,O
,মাধ্যম,O
Sentence: 3333,কেডা,O
,কেডা,O
,আছে,O
Sentence: 331,মেলা,O
,সুন্দর,O
