Sentence #,sylhet_word,bio_tag
Sentence: 3131,শুক্রবার,O
,আমি,O
,ওখানো,O
,যাইমু,O
Sentence: 2385,আফনার,O
,লগে,O
,দরখারি,O
,খতা,O
,আছে,O
Sentence: 1,ভালা,O
,আছনি,O
Sentence: 763,তুমিতাইনরে,O
,ছাড়া,O
,আমি,O
,বালা,O
,নাই,O
Sentence: 2464,শশা,B-FOOD
,খাইতে,O
,বহুত,O
,সুস্বাদু,O
Sentence: 1521,চিঠি,B-OBJ
,সাধারণত,O
,খাম,B-OBJ
,ওর,O
,মাঝে,O
,ভরিয়া,O
,পাঠানি,O
,ওয়,O
Sentence: 1153,ফুড়ি,O
,তাইর,O
,পরিবার,O
,লইয়া,O
,ইদর,O
,খয়েকদিন,O
,আগে,O
,দেশো,B-LOC
,আওয়ার,O
,খতা,O
,আছিল,O
Sentence: 2661,ফুয়াটায়,O
,ঢাকাত,B-LOC
,আইছে,O
Sentence: 2367,তুমি,O
,ফুরা,O
,না,O
,বুজিয়া,O
,মাতো,O
Sentence: 26,আফনার,O
,কিতা,O
,বই,B-OBJ
,পড়ার,O
,অভ্যাস,O
,আছে,O
,নি,O
Sentence: 1560,বাসাত,O
,যাওয়ার,O
,সময়,O
,ফ্লাইওভার,B-LOC
,দেখিয়া,O
,হাবিব,B-PER
,অবাক,O
,ওই,O
,গেছে,O
Sentence: 2656,আফনার,O
,সব,O
,তাকি,O
,কাছ,O
,ওর,O
,মানুষ,O
,কে,O
Sentence: 535,আফনে,O
,আমার,O
,লগে,O
,ওলা,O
,মাত্তা,O
,ফারোইন,O
,না,O
Sentence: 3123,চুরি,O
,অই,O
,গেছে,O
Sentence: 828,আমি,O
,তো,O
,ভাবিয়ার,O
,হরি,B-REL
,আম্মায়,I-REL
,আমার,O
,লাগি,O
,রান্দিয়া,O
,পাঠাইছইন,O
Sentence: 1473,হে,O
,তো,O
,বুঝতো,O
,নায়,O
Sentence: 2276,হে,O
,বিয়াতি,O
,তাই,O
,মামলা,O
,করতে,O
,চার,O
,না,O
Sentence: 1349,এরবাদে,O
,তাইন,O
,মোর,O
,লগে,O
,আর,O
,যুগাযুগ,O
,রাখছইন,O
,না,O
Sentence: 2424,ফুয়া,O
,ইগুর,O
,হক্কলতা,O
,হুনিয়া,O
,আমার,O
,তারে,O
,সাহায্য,O
,করছি,O
Sentence: 2158,আমার,O
,বন্ধু,B-REL
,এবার,O
,ছুটিতে,O
,রাজশাহী,B-LOC
,ফাকানিত,O
,যাইবো,O
Sentence: 3359,আমার,O
,ইচা,B-FOOD
,মাছ,I-FOOD
,খাইতে,O
,বেশি,O
,ভালা,O
,লাগে,O
Sentence: 504,সকাইলকু,O
,পড়িয়া,O
,প্রতিদিন,O
,শুরু,O
,করলে,O
,বালা,O
Sentence: 2872,অসুস্থ,O
,ওই,O
,গেছিলাম,O
Sentence: 2923,আমি,O
,অবাক,O
,ওই,O
,গেছলাম,O
Sentence: 1407,মুই,O
,কিন্তু,O
,অলা,O
,ভাবিছি,O
,না,O
,যেন,O
,তাইন,O
,মনো,O
,রাখলা,O
,না,O
,তে,O
,আমি,O
,খেনে,O
,রাখাত,O
,যাইতাম,O
Sentence: 207,পুরানা,O
,দিনর,O
,মাত,O
,মনো,O
,পড়ি,O
,গেলো,O
Sentence: 2951,দুই,O
,পুয়া,B-REL
,আছিল্,O
Sentence: 2289,তোমার,O
,ফরিবারের,O
,আমার,O
,বাফর,B-REL
,লগে,O
,মাত,O
,মাততে,O
,চায়,O
Sentence: 2121,তুমিতাইন,O
,হরো,O
,ওখান,O
,তাকি,O
Sentence: 1259,মোর,O
,বিয়ার,O
,দুই,O
,মাসর,O
,কালে,O
,আব্বা,B-REL
,মারা,O
,গেছইন,O
Sentence: 2945,আগে,O
,জাউকা,O
Sentence: 21,হে,O
,এখন,O
,রাজশাহীত,B-LOC
,গেছে,O
,গিয়া,O
Sentence: 1481,তুমার,O
,এখ,O
,জরা,O
,হাসি,O
,দেখার,O
,লাগি,O
,বই,O
,রইছি,O
Sentence: 1096,বাড়ি,O
,থাকি,O
,ফুয়া,O
,দেখা,O
,শুরু,O
,কর্‌লা,O
Sentence: 3078,বিদেশ,B-LOC
,ঘুরাত,O
,যাওয়া,O
,আমার,O
,স্বপ্ন,O
Sentence: 1126,ক্লাস,O
,নাইনো,O
,আমরার,O
,পয়লা,O
,মাত,O
,অয়,O
,ফেসবুকো,B-ORG
Sentence: 358,আজকে,O
,গরীব,O
,দেকিয়া,O
,পৃথিবীত,B-LOC
,থাকিয়ার,O
,ধনী,O
,অইলে,O
,মঙ্গল,B-LOC
,গ্রহত,I-LOC
,থাকতাম,O
Sentence: 2892,আমি,O
,বাক্কা,O
,লম্বা,O
,না,O
Sentence: 3386,আমার,O
,ভালোবাসাত,O
,কিতার,O
,কমতি,O
,আছিলো,O
Sentence: 2938,আমার,O
,পাও,O
,বেদনা,O
,করের,O
Sentence: 146,আফনে,O
,কারুর,O
,জীবনো,O
,সুখ,O
,আনিয়া,O
,দিবা,O
,ভাবিয়া,O
,পেরেম,O
,করইন,O
Sentence: 3342,আমার,O
,খুব,O
,ভালা,O
,লাগে,O
Sentence: 2236,আমাদের,O
,ঘরের,O
,প্রতিটা,O
,রুম,O
,ফুল,B-OBJ
,দিয়া,O
,সাজিয়া,O
,রাখছি,O
Sentence: 2423,অউ,O
,ফুরি,O
,ইগুরে,O
,যেলা,O
,অউক,O
,তুকাইয়া,O
,বার,O
,করতে,O
,অইবো,O
Sentence: 1624,ঘর,O
,ওর,O
,মাঝে,O
,আলো,O
,বাতাস,O
,ওতো,O
,ঢুকতো,O
,ফারে,O
,না,O
Sentence: 2898,আমি,O
,হারি,O
,গেছি,O
Sentence: 1956,মন,O
,অইলো,O
,দেওয়ার,O
,লাগি,O
Sentence: 2648,হে,O
,হাসে,O
,না,O
Sentence: 239,হুরুতারে,O
,এখমাত্র,O
,তারার,O
,মার,B-REL
,কুলেউ,O
,মানায়,O
Sentence: 974,আমি,O
,আপেল,B-FOOD
,ভালা,O
,ফাই,O
Sentence: 774,লাল,B-COL
,রঙ,I-COL
,ওর,O
,শাড়িত,B-OBJ
,তোমারে,O
,বালা,O
,মানাইবো,O
Sentence: 3046,শুক্রবার,O
,আমরা,O
,গেছিলাম,O
Sentence: 2866,খাইতে,O
,ভালা,O
,লাগে,O
Sentence: 3114,বাক্কা,O
,ভালা,O
,লাগে,O
Sentence: 2844,তুমিতাইন,O
,জলদি,O
,উঠি,O
,যাইও,O
Sentence: 1507,সাড়ে,O
,চাইট্টাত,O
,হক্কল,O
,ওর,O
,মাঠ,B-LOC
,ও,O
,আওয়ার,O
,কথা,O
Sentence: 1102,হে,O
,তার,O
,বাফর,B-REL
,ডরে,O
,কুনো,O
,মাত,O
,মাততো,O
,ফারলো,O
,না,O
Sentence: 629,তুমিতাইন,O
,ওর,O
,মূল্যবান,O
,বক্তব্যর,O
,লাগি,O
,ধন্যবাদ,O
Sentence: 3472,আমি,O
,তোমার,O
,লাগি,O
,কিতা,O
,আনতাম,O
Sentence: 2397,আমার,O
,আব্বুয়ে,B-REL
,বড়,B-REL
,ভাইয়র,I-REL
,উফরে,O
,রাগ,O
,করছইন,O
Sentence: 1949,বহুতে,O
,আরো,O
,কইন,O
,যে,O
,বিয়া,O
,করলে,O
,মানুষ,O
,বুলে,O
,গাধা,O
,অই,O
,যাইন,O
Sentence: 3126,আমারে,O
,অফমান,O
,করে,O
Sentence: 20,হে,O
,সিলেট,B-LOC
,থাকি,O
,আমার,O
,লগে,O
,দেখা,O
,করাত,O
,আইছিল,O
Sentence: 32,আফনার,O
,পড়ালেখা,O
,খরা,O
,লাগবো,O
Sentence: 3461,দেইক্ষা,O
,কিলাম,O
,জানি,O
,লাগছে,O
Sentence: 320,আব্বার,B-REL
,মুখর,O
,দিকে,O
,চাইয়া,O
,কিলান,O
,এখটা,O
,শূন্যতা,O
,অনুভব,O
,খরলাম,O
Sentence: 2001,হে,O
,হখল,O
,সময়,O
,মিছা,O
,মাত,O
,মাততো,O
Sentence: 2412,আব্বুয়ে,B-REL
,বখলম,O
,ফুয়ার,O
,লগে,O
,বিয়া,O
,দিতা,O
,চাইছলা,O
Sentence: 378,মুই,O
,কিতা,O
,খালি,O
,এখটা,O
,জিনিস,O
,খইতাম,O
,ফারি,O
,নি,O
,দয়া,O
,খরি,O
Sentence: 1720,বাদে,O
,আমরা,O
,লাইব্রেরি,B-LOC
,দেখাত,O
,গেছলাম,O
Sentence: 1443,মোর,O
,লগে,O
,বাদুয়া,O
,ব্যবহার,O
,খরতে,O
,থাকলো,O
Sentence: 335,মোর,O
,ভালা,O
,লাগছে,O
,আফনার,O
,খতা,O
,পড়িয়া,O
Sentence: 2861,আমার,O
,সকালকু,O
,খাইতে,O
,ভালা,O
,লাগে,O
,না,O
Sentence: 2956,আমার,O
,হলুদ,B-COL
,রং,I-COL
,পছন্দ,O
Sentence: 928,একগু,O
,বিলাই,B-ANI
,দরজার,B-OBJ
,ধারো,O
,বই,O
,রইছে,O
Sentence: 2890,আমি,O
,বাক্কা,O
,লম্বা,O
Sentence: 1595,তার,O
,ধারো,O
,বউত,O
,টেখা,B-OBJ
,আছে,O
Sentence: 2528,আমার,O
,মাত,O
,বুঝরে,O
,তুই,O
Sentence: 288,যারার,O
,লগে,O
,ভালা,O
,খাতির,O
,খালি,O
,তারারে,O
,পানি,B-FOOD
,দিবা,O
,আর,O
,খেউরে,O
,দিতা,O
,না,O
Sentence: 3073,আফনার,O
,বইনের,B-REL
,কিতা,O
,বিয়া,O
,অই,O
,গেছে,O
,নি,O
Sentence: 2171,আমার,O
,বন্ধু,B-REL
,বিদ্যালয়ের,B-LOC
,মাঠো,I-LOC
,ফতিদিন,O
,ক্রিকেট,O
,খেলইন,O
Sentence: 1832,জাম্বুরা,B-FOOD
,টানডা,O
,সর্দি,O
,তাফ,O
,সমস্যার,O
,লাগি,O
,খাইলে,O
,ভালা,O
,ফলাফল,O
,মিলে।,O
Sentence: 1415,ঢাকাত,B-LOC
,আইছি,O
,এসএসসি,O
,পরীক্ষা,O
,দিয়া,O
Sentence: 3255,আফনে,O
,বাঁইচ্চা,O
,আছইন,O
,নি,O
Sentence: 3364,কিতা,O
,করার,O
,আফনে,O
Sentence: 2406,ফুয়া,O
,ইগুয়ে,O
,দুই,O
,বছর,O
,পরে,O
,বিয়া,O
,করতো,O
,চায়,O
Sentence: 1835,খবুতর,B-ANI
,ফালতে,O
,বেশি,O
,জায়গা,O
,লাগে,O
,না,O
Sentence: 29,মুই,O
,তুমারে,O
,এর,O
,আগে,O
,কুনোদিন,O
,দেখছি,O
,না,O
Sentence: 3446,হে,O
,পরিবাররে,O
,যে,O
,ভালা,O
,ফায়,O
Sentence: 73,কুনতা,O
,বুঝতাম,O
,ফারলাম,O
,না,O
Sentence: 1535,যাওয়া,O
,আওয়ার,O
,আসল,O
,পথ,O
,আছিল,O
,নৌকা,B-OBJ
Sentence: 532,আমি,O
,ওউ,O
,হকল,O
,সময়,O
,কষ্ট,O
,পাই,O
,কিওর,O
,লাগি,O
Sentence: 2954,মানুষর,O
,দুই,O
,পুয়া,B-REL
,আছিল্,O
Sentence: 2314,গ্রামের,B-LOC
,বাড়ির,I-LOC
,এই,O
,ফুড়িটারে,O
,খুব,O
,ভালা,O
,লাগচিল,O
Sentence: 855,কোন,O
,মাইনষের,O
,উফ্রে,O
,একবার,O
,বিশ্বাস,O
,উঠি,O
,গেলে,O
,ওনো,O
,নাটক,O
,করিয়া,O
,আর,O
,বেশি,O
,দিন,O
,থাকা,O
,যায়,O
,না,O
Sentence: 1305,মোর,O
,বিয়া,O
,অইছে,O
,চাইর,O
,বৎসর,O
Sentence: 1900,বুইঝ্ঝা,O
,উঠতে,O
,ফারছিলাম,O
,না,O
,কিতা,O
,করমো,O
Sentence: 1269,কুনতা,O
,মাতলে,O
,তাইন,O
,অটা,O
,অইন্যভাবে,O
,লইয়া,O
,চিল্লানি,O
,লাগাইন,O
Sentence: 1152,ফুয়া,O
,এখ,O
,মাস,O
,আগে,O
,বাংলাদেশো,B-LOC
,আইয়া,O
,অউ,O
,ইদো,O
,তারার,O
,বিয়া,O
,অউয়ার,O
,কথা,O
Sentence: 831,মেকআপ,O
,কিলা,O
,ওইছে,O
Sentence: 395,তারা,O
,দূরই,O
,এখটা,O
,পাহাড়র,B-LOC
,বায়,O
,যাওয়ার,O
,পতো,O
,এখটা,O
,পুকোইর,B-LOC
,দেখলা,O
Sentence: 2472,দিন,O
,দিন,O
,মুই,O
,খুব,O
,অসুস্থ,O
,অই,O
,যাইরাম,O
Sentence: 941,আম,B-FOOD
,ওগু,O
,কে,O
,খাইছিল,O
Sentence: 2527,কিতা,O
,করবায়,O
,আমি,O
,যদি,O
,ঠিক,O
,থাকি,O
Sentence: 343,বাক্কা,O
,সুন্দর,O
,মাত,O
,মাতলা,O
Sentence: 1211,বাক্কাবার,O
,হখলে,O
,মাতিয়া,O
,বুঝাইতে,O
,চাইছইন,O
,যে,O
,কিতা,O
,সমস্যা,O
,কিন্তু,O
,সমাধান,O
,অইছে,O
,না,O
Sentence: 219,গানটা,O
,হুনিয়া,O
,চকুত,O
,পানি,O
,আইচ্চে,O
,হাছাউ,O
,বাক্কা,O
,ভালা,O
,লাগছে,O
Sentence: 1485,এলাকাত,B-LOC
,আগুন,O
,লাগি,O
,গেছ,O
Sentence: 1451,হে,O
,কিলা,O
,ফারলো,O
,অতো,O
,সফনো,O
,দেখানির,O
,বাদে,O
,মোরে,O
,অলা,O
,ঠগাইতো,O
Sentence: 589,এর,O
,তনে,O
,আমি,O
,ওউ,O
,দেখতে,O
,ভেশি,O
,সুন্দর,O
Sentence: 2992,আমার,O
,নীল,B-COL
,রং,I-COL
,পছন্দ,O
Sentence: 3086,অইলায়,O
,আমার,O
,জীবনের,O
,আলো,O
Sentence: 1911,তুমি,O
,দয়া,O
,খরি,O
,আমারে,O
,আর,O
,বিরক্ত,O
,খরিও,O
,না,O
Sentence: 2520,শিমুর,B-PER
,ধূসর,B-COL
,রং,I-COL
,পছন্দ,O
Sentence: 2555,মূল,O
,কথাত,O
,আও,O
Sentence: 2128,আমার,O
,বড়,B-REL
,বইনর,I-REL
,আইজ,O
,মন,O
,ভালা,O
,নায়,O
Sentence: 705,বৃষ্টির,O
,দিনও,O
,চা,B-FOOD
,খাইতে,O
,বালা,O
,লাগে,O
Sentence: 3382,আমি,O
,ও,O
,হকল,O
,সময়,O
,কষ্ট,O
,পাই,O
,কিওর,O
,লাগি,O
Sentence: 145,খেউ,O
,আফনার,O
,জীবনো,O
,সুখ,O
,আনিয়া,O
,দিবো,O
,ভাবিয়া,O
,কারো,O
,লগে,O
,পেরেমো,O
,জড়াইবা,O
,না,O
Sentence: 3324,আইজ,O
,ভাইরে,B-REL
,দেখলাম,O
Sentence: 2947,আমারে,O
,ডাকবা,O
,না,O
Sentence: 1422,মুই,O
,কিলান,O
,বুঝতাম,O
,যেন,O
,মানুষ,O
,ইতা,O
,সঠিক,O
,নায়,O
Sentence: 3009,ফুরিতা,O
,যে,O
,বেয়াদপ,O
Sentence: 2091,ওতো,O
,টেখা,B-OBJ
,কুয়াই,O
,ফাইমু,O
Sentence: 552,আমি,O
,তুমিতাইন,O
,ওর,O
,লগে,O
,পৃথিবী,B-LOC
,ঘুরতাম,O
,চাই,O
Sentence: 727,কবিতা,O
,পড়তে,O
,আমার,O
,বালাউ,O
,লাগে,O
Sentence: 2960,আমার,O
,সাদা,B-COL
,রং,I-COL
,পছন্দ,O
Sentence: 2530,তোমারে,O
,আমরা,O
,দেখিয়া,O
,নিমু,O
Sentence: 2097,আমারে,O
,ছাড়াউ,O
,বালা,O
,থাকো,O
Sentence: 2113,তাইন,O
,রাস্তার,B-LOC
,মাঝে,O
,দৌড়াইরা,O
Sentence: 569,আমরার,O
,পরিবার,O
,ও,O
,আম্মার,B-REL
,অবদান,O
,ওউ,O
,সব,O
,তাকি,O
,বেশি,O
,বলয়া,O
,আমি,O
,মনো,O
,করি,O
Sentence: 1446,পরিবার,O
,তুলিয়া,O
,গাইল,O
,দেয়,O
Sentence: 1342,মোর,O
,লগে,O
,তাইন,O
,আগে,O
,দেখা,O
,খরতা,O
Sentence: 2458,আব্বা,B-REL
,বলেছে,O
,বৃষ্টি,O
,অইলে,O
,বারান্দাত,O
,গাছে,O
,ফানি,B-FOOD
,দেওয়ার,O
,প্রয়োজন,O
,নাই,O
Sentence: 1005,হে,O
,খারো,O
,মাত,O
,মাতে,O
,না,O
,খারো,O
,বাসাত,O
,যায়,O
,না,O
Sentence: 600,আইজকাইল,O
,পড়ার,O
,চাপ,O
,বউত,O
,বেশি,O
Sentence: 646,পলিথিন,B-OBJ
,ওর,O
,ব্যবহার,O
,মারাত্মক,O
,অসুখ,O
,ওর,O
,সৃষ্টি,O
,করতো,O
,ফারে,O
Sentence: 1959,তুমার,O
,নাম,O
,ছাড়া,O
,মুই,O
,কুনতা,O
,লেখতাম,O
,ফারিয়ার,O
,না,O
Sentence: 1586,ঠিক,O
,ওইলো,O
,হকলে,O
,মিলিয়া,O
,যাইমু,O
Sentence: 1221,মোর,O
,ভাই,B-REL
,আমরার,O
,পুরা,O
,পরিবারর,O
,দেখাশুনা,O
,করে,O
Sentence: 554,তুমিতাইন,O
,ওর,O
,মাত,O
,হুনিয়া,O
,বাক্কা,O
,বালা,O
,লাগলো,O
Sentence: 31,আফনার,O
,পড়ালেখা,O
,করা,O
,উচিত,O
Sentence: 2366,আমি,O
,খুব,O
,ভালা,O
,সাজাই,O
Sentence: 568,আম্মার,B-REL
,লাগি,O
,বেশি,O
,খারাপ,O
,লাগছে,O
Sentence: 827,তুমি,O
,রানচো,O
Sentence: 1525,আমার,O
,লাগি,O
,বেশি,O
,ভাবিও,O
,না,O
Sentence: 2431,আমার,O
,দাদার,B-REL
,বাড়ীর,O
,ফিছনে,O
,একটা,O
,সফরি,B-OBJ
,গাছ,I-OBJ
,আছে,O
Sentence: 2595,কান,O
,লাল,B-COL
,করিয়া,O
,পালাইমু,O
,তর,O
Sentence: 3272,আমরার,O
,হখল,O
,এখ,O
,সময়ে,O
,এখলগে,O
,আছি,O
Sentence: 1205,মুই,O
,এখটা,O
,সরখারি,O
,চাকরি,O
,খরি,O
,কিন্তু,O
,হে,O
,কুনতা,O
,খরে,O
,না,O
Sentence: 3249,আমরার,O
,রঙ্গিন,B-COL
,ছবি,O
,তুলা,O
,লাগবো,O
Sentence: 3144,মুই,O
,মনের,O
,কথা,O
,বুঝি,O
,না,O
Sentence: 2469,আমার,O
,নানা,B-REL
,কইছইন,O
,সরিষার,O
,তেল,O
,চুল,O
,ফড়া,O
,কমায়,O
Sentence: 1008,মুই,O
,হেসময়,O
,জিকাইলাম,O
,খেনে,O
,কিতা,O
,অইছে,O
Sentence: 3015,রাস্তা,B-LOC
,বায়দি,O
,হাটিয়া,O
,যাইরো,O
Sentence: 529,আমি,O
,একজন,O
,প্রফেশনাল,B-ROLE
,ব্লগার,I-ROLE
,ওইয়া,O
,কাম,O
,করিয়ার,O
Sentence: 2347,আমি,O
,আমার,O
,আম্মার,B-REL
,হক্কল,O
,কথা,O
,ধুন,O
,দরিয়া,O
,হুনি,O
Sentence: 126,তুমারে,O
,কান্দাত,O
,আইয়া,O
,জড়াইয়া,O
,ধরা,O
,বাকি,O
Sentence: 1554,বাবায়,B-REL
,বই,B-OBJ
,ওগু,B-OBJ
,বুকশেলফও,O
,তুলিয়া,O
,রাখছিলা,O
Sentence: 531,দূর,O
,ওই,O
,কোন,O
,কান,O
,ও,O
,যিনো,O
,কেউ,O
,নায়,O
Sentence: 3299,তোনেও,O
,মেধাবী,O
,আছিলাম,O
Sentence: 1531,ভাত,B-FOOD
,বাঙালির,B-ROLE
,বউতকাল,O
,ধরি,O
,প্রিয়,O
,খানি,O
Sentence: 1623,ইতা,O
,বাদেও,O
,আরেকটা,O
,কারণ,O
,আছে,O
Sentence: 1879,বরিশালর,B-LOC
,মানুষ,O
,কিলা,O
,অইন,O
Sentence: 1820,হাইরোর,B-FOOD
,তেল,I-FOOD
,দিয়া,O
,মাছ,B-FOOD
,ভাজা,I-FOOD
,খাইতাম,O
Sentence: 1607,রজনীগন্ধা,B-OBJ
,গোলাপ,B-OBJ
,গাঁদা,B-OBJ
,লগে,O
,আরো,O
,বউত,O
,জাত,O
,ওর,O
,ফুল,B-OBJ
,আছে,O
,দোকান,B-ORG
,ও,O
Sentence: 1828,দাদু,B-REL
,নাইকল,B-FOOD
,ফানি,I-FOOD
,পছন্দ,O
,করইন,O
Sentence: 3367,এগু,O
,বই,B-OBJ
,পড়ছি,O
Sentence: 1500,বউতবার,O
,লালবাগ,B-LOC
,কেল্লার,I-LOC
,মাত,O
,হুনছি,O
Sentence: 2346,আজকে,O
,সকালে,O
,আমি,O
,আর,O
,আমার,O
,বন্ধুইন্তে,B-REL
,ফুটবল,B-OBJ
,খেলাত,O
,গেসলাম,O
,মাঠো,B-LOC
Sentence: 3286,চিনিন,O
,না,O
Sentence: 273,মোরে,O
,এখটু,O
,সাহায্য,O
,খরইন,O
Sentence: 2879,শিমুর,O
,লাল,O
,রং,O
,পছন্দ,O
Sentence: 1170,ফুড়ি,O
,পরিবারর,O
,লগে,O
,ফোনে,B-OBJ
,মাতে,O
Sentence: 1632,মাঠ,B-LOC
,ওর,O
,দুই,O
,ধারো,O
,সবুজ,B-LOC
,ধানক্ষেত,I-LOC
Sentence: 2795,আমি,O
,খেলি,O
Sentence: 364,যেব্‌লাকু,O
,ভাবি,O
,তুমি,O
,ছাড়া,O
,আমার,O
,জিন্দেগি,O
,আইন্দাইর,O
,ঠিক,O
,হ,O
,সময়,O
,অউ,O
,কারেন্ট,O
,আই,O
,অয়,O
Sentence: 258,ক্লাসর,O
,হখল,O
,ফুড়িন্তর,O
,লগেউ,O
,মিশতাম,O
Sentence: 918,তুমিতাইন,O
,কিতা,O
,রাত্রে,O
,বারোইবায়,O
,নি,O
Sentence: 8,ফুড়িটায়,O
,সিলেট,B-LOC
,থাকি,O
,আওয়া,O
,অউ,O
,ফুয়াটারে,O
,অনেক,O
,ভালা,O
,পায়,O
Sentence: 2590,ঘুম,O
,আয়,O
,কিওর,O
,লাগি,O
Sentence: 2737,আমি,O
,ভালা,O
,নাই,O
Sentence: 322,আফনে,O
,কিতা,O
,আফনার,O
,হাত,O
,ধুয়া,O
,চিনইন,O
,নি,O
Sentence: 2674,কোন,O
,স্কুলো,B-ORG
,পড়ো,O
Sentence: 2456,একটা,O
,আহত,O
,শিশুটা,O
,রাস্তায়,B-LOC
,দাড়িনিত,O
,কান্দের,O
Sentence: 446,তুই,O
,কিতা,O
,আমার,O
,লগে,O
,বাংলায়,O
,মাত্তে,O
,ফারবে,O
,নি,O
Sentence: 853,যেগুয়ে,O
,গাত,O
,হাত,O
,তুলিয়া,O
,অন্য,O
,ফুরিন্তোর,O
,লগে,O
,মাতে,O
,ঘরও,O
,বউ,B-REL
,রাখিয়া,O
Sentence: 1065,আরোখবায়,O
,আফনার,O
,জামাইও,B-REL
,মানুষ,O
,হিসাবে,O
,ভালা,O
,নায়,O
Sentence: 3207,আমরা,O
,ফারতাম,O
,নায়,O
Sentence: 976,আমার,O
,ক্ষুদা,O
,লাগরো,O
Sentence: 1427,দুনিয়াত,B-LOC
,আসলে,O
,চেহারার,O
,সুন্দর,O
,অউ,O
,সবতা,O
Sentence: 2388,বাগানোর,B-LOC
,মাঝখানো,O
,আমার,O
,ছুট,B-REL
,ভাইয়ে,I-REL
,দৌড়ার,O
Sentence: 1333,এতে,O
,যদি,O
,মোর,O
,জামাইর,B-REL
,খুব,O
,বেশি,O
,সমস্যা,O
,অয়,O
Sentence: 1496,বড়ো,B-REL
,মামা,I-REL
,বিদেশ,B-LOC
,তনে,O
,আইছোইন,O
Sentence: 1010,আফনারা,O
,খইন,O
,হে,O
,পরকীয়া,O
,খরবো,O
,বউরে,B-REL
,মারবো,O
,আর,O
,বাফ,B-REL
,মা,B-REL
,চুফ,O
,থাখবা,O
Sentence: 1568,হাত,O
,মুখ,O
,ধইয়া,O
,হে,O
,নাস্তা,B-FOOD
,খানিত,O
,বইলো,O
Sentence: 415,আমি,O
,আফনার,O
,লগে,O
,বাদে,O
,দেখা,O
,করিয়ার,O
Sentence: 1931,আমার,O
,বিয়ার,O
,বয়স,O
,পারই,O
,যার,O
Sentence: 1038,হে,O
,বারে,O
,যা,O
,ইচ্ছা,O
,খরবো,O
,বউ,B-REL
,হিসাবে,O
,মোরে,O
,রাখবো,O
Sentence: 2293,আমার,O
,বন্ধুরা,B-REL
,হকল,O
,খুব,O
,মেধাবী,O
Sentence: 884,যত,O
,বড়,O
,ওইছি,O
,দেখি,O
,হক্কলের,O
,চউখও,O
,একলাকান,O
,বিষ,O
,ওর,O
,মতো,O
,ওই,O
,গেছি,O
,আমি,O
Sentence: 2119,আফনে,O
,খেলাত,O
,জিতলা,O
Sentence: 166,ফুয়াইন্তর,O
,পোস্ট,O
,অইলো,O
,সোনার,O
,দুকান,O
,এর,O
,লাগি,O
,খুব,O
,কম,O
,মাইনষে,O
,অনো,O
,আইন,O
Sentence: 2536,আমি,O
,জানি,O
,তুমি,O
,আইছো,O
Sentence: 2248,এই,O
,গানটি,O
,আমার,O
,খুব,O
,ভালা,O
,লাগে,O
Sentence: 276,এখসময়,O
,ফুয়া,O
,অগুর,O
,ফুড়ি,O
,অগুরে,O
,ভালা,O
,লাগবো,O
Sentence: 2303,আইজ,O
,সিঙ্গেল,O
,বলিয়া,O
,ফাকানিত,O
,যাইতে,O
,ফারি,O
,না,O
Sentence: 889,আম্মায়,B-REL
,কুন্তা,O
,ওইলেউ,O
,আমারে,O
,পিটাপিটি,O
,করে,O
Sentence: 596,কিলা,O
,আছোইন,O
,আফনারা,O
Sentence: 1301,তাইন,O
,নামাজ,O
,কালামও,O
,ঠিকঠাক,O
,পড়ইন,O
,না,O
Sentence: 82,বাদে,O
,এক,O
,ভাই,B-REL
,কুয়েত,B-LOC
,গেছেগি,O
,আর,O
,আরোখ,O
,ভাই,B-REL
,সুদান,B-LOC
,গেছে,O
,গি,O
Sentence: 2242,মুই,O
,সারা,O
,জীবন,O
,আফনার,O
,ভালোবাসা,O
,ফাইতে,O
,চাই,O
Sentence: 2465,আব্বা,B-REL
,আইজকে,O
,বিয়ানে,O
,বাজার,O
,থাকি,O
,টমেটো,B-FOOD
,কিনিয়া,O
,আনছইন,O
Sentence: 2083,ওখন,O
,পর্যন্ত,O
,হকলতাউ,O
,ঠিকমতো,O
,আয়োজন,O
,করছি,O
Sentence: 1908,ফুয়াটায়,O
,কিতার,O
,লাগি,O
,যে,O
,ফুড়িটার,O
,মনর,O
,কথা,O
,বুঝলো,O
,না,O
Sentence: 2761,কিতার,O
,লাগি,O
,কইরায়,O
Sentence: 1359,তাইন,O
,নানা,O
,ফন্দি,O
,ফিকির,O
,করিয়া,O
,বাসাত,O
,এখলা,O
,থাকতা,O
,চাইতা,O
Sentence: 2145,তুমি,O
,মোরে,O
,বিরক্ত,O
,করবা,O
,না,O
Sentence: 685,তুমিতাইন,O
,ওর,O
,ক্রিকেট,O
,খেলা,O
,কিলা,O
,লাগে,O
Sentence: 2487,আমি,O
,আর,O
,আব্বা,B-REL
,গতকাইল,O
,সিলেট,B-LOC
,থাকি,O
,ডাকাত,B-LOC
,আইছি,O
Sentence: 2515,তরকারি,B-FOOD
,নাও,O
Sentence: 1523,তবে,O
,বাচিয়া,O
,আছি,O
,আর,O
,খুব,O
,বালাও,O
,আছি,O
Sentence: 3393,মিল,O
,আছিলো,O
,না,O
Sentence: 2139,ফুরিটা,O
,সকালে,O
,ঘুম,O
,থাকি,O
,উঠেই,O
,ফরাত,O
,বয়,O
Sentence: 3339,তুমাইতাইন,O
,ওর,O
,ক্রিকেট,O
,কিলা,O
,লাগে,O
Sentence: 3452,তারে,O
,ভালা,O
,ফাই,O
Sentence: 37,তর,O
,কিতা,O
,পড়ালেখা,O
,করতে,O
,এখদম,O
,অউ,O
,ভালা,O
,লাগে,O
,নানি,O
Sentence: 2842,জলদি,O
,উঠি,O
,যাইও,O
Sentence: 3423,গান,O
,গাইতে,O
,ফারতায়,O
,না,O
Sentence: 3217,তুমার,O
,ফছন্দের,O
,বাক্কা,O
,কয়টা,O
,বই,B-OBJ
,কিনছি,O
Sentence: 2151,মুই,O
,একদিন,O
,বিদ্যালয়ের,B-LOC
,মাঠো,I-LOC
,মাথা,O
,ঘোরাইয়া,O
,ফরি,O
,গেছিলাম,O
Sentence: 579,খালি,O
,এক,O
,গাড়ি,B-OBJ
,পানি,B-FOOD
,ওইলেও,O
,দুইটা,O
,দিন,O
,চলা,O
,যাইতো,O
Sentence: 1447,মুই,O
,দুই,O
,নাম্বার,O
,বার,O
,ভালোবাসিয়াও,O
,ঠগি,O
,গেলাম,O
Sentence: 3445,পরিবাররে,O
,যে,O
,ভালা,O
,ফায়,O
Sentence: 1856,খফল,B-FOOD
,একটা,O
,মজার,O
,ফল,B-FOOD
Sentence: 2837,কথা,O
,কৌকা,O
Sentence: 3185,আব্বায়,B-REL
,মোর,O
,লাগি,O
,গোলাপি,B-COL
,জামা,B-OBJ
,কিনিয়া,O
,আনছইন,O
Sentence: 1072,আফনে,O
,নিজে,O
,কিচ্ছু,O
,করার,O
,চেষ্টা,O
,খরইন,O
,যাতে,O
,পরিবারর,O
,হায়,O
,অয়,O
Sentence: 3235,মোর,O
,লগে,O
,আর,O
,মাতবায়,O
,না,O
Sentence: 3279,আর,O
,মাতাবায়,O
,না,O
Sentence: 1147,এখ,O
,সময়,O
,গিয়া,O
,যদি,O
,কই,O
,যে,O
,ধরিয়া,O
,রাখলেউ,O
,তো,O
,পারতায়,O
Sentence: 2296,আমার,O
,ভাই,B-REL
,বোইনর,B-REL
,খুব,O
,বালা,O
,ছবি,O
,আকইন,O
Sentence: 367,ভালা,O
,মানুষ,O
,বুলে,O
,বেশিদিন,O
,বাছইন,O
,না,O
,ইতা,O
,হুনার,O
,পর,O
,খুব,O
,টেনশনে,O
,আছি,O
Sentence: 2428,আমার,O
,প্রতিদিন,O
,সফরি,B-FOOD
,খাইতে,O
,খুব,O
,ভালা,O
,লাগে,O
Sentence: 1599,আমি,O
,তুমিতাইন,O
,রে,O
,একটা,O
,উপহার,O
,দিতাম,O
,চাই,O
Sentence: 3294,চলো,O
,তে,O
,ঘুড্ডি,B-OBJ
,উড়াই,O
Sentence: 3214,বেটা,O
,ইগুয়ে,O
,ফোনে,B-OBJ
,মাতে,O
Sentence: 3449,হকলতা,O
,করতাম,O
,ফারি,O
Sentence: 2279,আমার,O
,কাবিনের,O
,টেখা,B-OBJ
,তোমাকে,O
,পতি,O
,মাসো,O
,মাসো,O
,দিতে,O
,অইবো,O
Sentence: 3074,আফনার,O
,কিতা,O
,বিয়া,O
,অই,O
,গেছে,O
,নি,O
Sentence: 149,আফনে,O
,কুনোদিন,O
,অউ,O
,ফারতা,O
,না,O
,অইন্য,O
,কারোর,O
,ভালোবাসারে,O
,ছিনাইয়া,O
,নিতা,O
,বা,O
,জুর,O
,খরি,O
,অইন্যর,O
,ভালা,O
,লাগার,O
,মানুষ,O
,অইতা,O
Sentence: 1968,তুমার,O
,লাাগি,O
,আমার,O
,মনো,O
,অশেষ,O
,আশা,O
Sentence: 2187,বেশি,O
,কিছু,O
,বলার,O
,আগেই,O
,আবেগে,O
,চোউক,O
,এর,O
,ফানি,O
,চলে,O
,আইতেছে,O
Sentence: 1252,কুনোসময়,O
,ভাবছিও,O
,না,O
,মোর,O
,অখানো,O
,পোস্ট,O
,খরি,O
,সাহায্য,O
,চাওয়া,O
,লাগবো,O
Sentence: 927,ফুয়াগু,O
,রাস্তা,B-LOC
,বায়দি,O
,হাটিয়া,O
,যাইরো,O
Sentence: 2851,আফনার,O
,লাগি,O
Sentence: 2076,তুমিতাইন,O
,কিতা,O
,পড়ছো,O
,নি,O
Sentence: 2164,আফনে,O
,কিতা,O
,আমারে,O
,চিনইন,O
,নি,O
Sentence: 1167,ফুয়ার,O
,পরিবার,O
,থাকি,O
,ফুড়ির,O
,পরিবার,O
,অনেক,O
,ভালা,O
Sentence: 2477,আমাদের,O
,গেরামের,B-LOC
,বাজারে,I-LOC
,বহুত,O
,বড়,O
,একটা,O
,দেশি,B-ANI
,মোরগির,I-ANI
,দোকান,B-LOC
,আছে,O
Sentence: 1854,ভাত,B-FOOD
,রান্দার,O
,ফাত্রটি,B-OBJ
,শক্ত,O
,করে,O
,ঢাকিয়া,O
,রাকতে,O
,অইবো,O
Sentence: 1154,কিন্তু,O
,ফুুয়া,O
,বাংলাদেশো,B-LOC
,আওয়ার,O
,বাদে,O
,হউ,O
,ফুড়ির,O
,লগে,O
,যুগাযুগ,O
,বন,O
,খরি,O
,দেয়,O
Sentence: 2833,আজকে,O
,বাইরে,O
,যাইমু,O
Sentence: 798,আমার,O
,দুইগু,O
,বিয়া,O
,ওইছে,O
Sentence: 2754,আমি,O
,ভালা,O
,নাই,O
Sentence: 1515,অচেনা,O
,মাইনষের,O
,উপহার,O
,লই,O
,না,O
Sentence: 1076,মোর,O
,বিয়া,O
,অইছে,O
,9,O
,বত্‌শর,O
Sentence: 56,তুমার,O
,লাগি,O
,আমার,O
,খুব,O
,খষ্ট,O
,অয়,O
Sentence: 362,এখবার,O
,ধরিলাইলে,O
,হাত,O
,ছাড়তা,O
,না,O
,কুনোসময়,O
,বেমারি,O
,হুকনা,O
,ফুড়িন্তরে,O
,দেকিয়া,O
,মনে,O
,কয়,O
,ভিটামিনর,B-OBJ
,বুতল,I-OBJ
,কিনিয়া,O
,দিলাই,O
Sentence: 1539,আম্মায়,B-REL
,নানারে,B-REL
,একটা,O
,চিঠি,B-OBJ
,লেখছোইন,O
Sentence: 19,অউ,O
,জিনিসটা,O
,খুবঅই,O
,বিরক্তিকর,O
,আছিল,O
Sentence: 2111,তাইন,O
,রাত্রে,O
,ঘুমানিত,O
,গেছলা,O
Sentence: 260,কিন্তু,O
,আমারার,O
,তিন,O
,বছর্‌র,O
,বাইচ্চা,B-REL
,তার,O
,দুষ,O
,কুন,O
,জাগাত,O
Sentence: 2725,আমার,O
,সকালকু,O
,কুন্টা,O
,খাইতে,O
,ভালা,O
,লাগে,O
Sentence: 2673,তুমি,O
,কোন,O
,স্কুলো,B-ORG
,পড়ো,O
Sentence: 381,আফনারা,O
,যেরা,O
,মোরে,O
,এখনো,O
,চিনইন,O
,না,O
Sentence: 3173,মোর,O
,লাগি,O
,লাল,B-COL
,জামা,B-OBJ
,কিনিয়া,O
,আনছইন,O
Sentence: 1253,মুই,O
,নিজেউ,O
,বহুত,O
,জনরে,O
,জ্ঞান,O
,দিছি,O
Sentence: 1101,এর,O
,মাঝেউ,O
,এখটা,O
,অঘটন,O
,ঘটি,O
,গেলো,O
Sentence: 1667,আর,O
,থুরা,O
,বড়,O
,ওইলে,O
,কিতা,O
,করবো,O
Sentence: 3175,জামা,B-OBJ
,কিনিয়া,O
,আনছইন,O
Sentence: 770,কিন্তু,O
,ইকটা,O
,কোনদিন,O
,ওউ,O
,সম্ভব,O
,নায়,O
Sentence: 2996,আমার,O
,ধূসর,B-COL
,রং,I-COL
,পছন্দ,O
Sentence: 2102,থুরা,O
,ওবায়,O
,আও,O
Sentence: 2902,ফিরিয়া,O
,আইছি,O
Sentence: 2697,নিজর,O
,থাখার,O
,জাগা,O
,নাই,O
,আবার,O
,আরকজনরে,O
,ফালার,O
,দায়িত্ব,O
,নিসে,O
Sentence: 36,তুই,O
,কিতা,O
,পড়ালেখা,O
,ছাড়িত্তে,O
,নি,O
Sentence: 3244,এখটা,O
,রঙ্গিন,B-COL
,ছবি,O
,তুলা,O
,লাগবো,O
Sentence: 864,আমি,O
,একটা,O
,পাবলিক,B-ORG
,বিশ্ববিদ্যালয়ও,I-ORG
,পড়িয়ার,O
Sentence: 3003,আমি,O
,নাস্তা,B-FOOD
,খাইয়া,O
,বাদে,O
,স্কুল,B-ORG
,ও,O
,যাই,O
,না,O
Sentence: 562,কালা,B-COL
,কুত্তা,B-ANI
,একগু,O
,ঘাস,O
,ওর,O
,মাঝে,O
,দিয়া,O
,চলের,O
Sentence: 2446,লাকড়ির,B-OBJ
,চুলায়,I-OBJ
,রান্না,O
,করা,O
,খাবার,O
,বহুত,O
,মজা,O
Sentence: 1509,একগু,O
,পোড়াবাড়ি,O
,আছিল,O
Sentence: 1128,মোর,O
,বন্ধুত্ব,B-REL
,ছাড়া,O
,আর,O
,কিচ্ছুর,O
,ইচ্ছা,O
,আছিল,O
,না,O
Sentence: 940,আমরা,O
,হারি,O
,গেছলাম,O
Sentence: 313,আশেপাশে,O
,খেউ,O
,থাখলে,O
,কল,O
,দেইন,O
,যেন,O
Sentence: 2084,সাহায্যর,O
,লাগি,O
,আমি,O
,ওনো,O
,আছি,O
Sentence: 1241,মোর,O
,আব্বা,B-REL
,বেমার,O
,হাসপাতালো,B-ORG
,আর,O
,হে,O
,আইছে,O
,আমারে,O
,নেওয়াত,O
Sentence: 2552,সিলেট,B-LOC
,থাকি,O
,ঢাকাত,B-LOC
,আইছে,O
Sentence: 202,পরেদি,O
,আমার,O
,হুরুতাইন,B-REL
,যেব্‌লা,B-REL
,অতা,O
,গান,O
,দেখবা,O
,তারার,O
,আব্বা,B-REL
,কতখান,O
,রোমান্টিক,O
,আছিল,O
Sentence: 2375,এখটা,O
,বিয়াতি,B-REL
,বেটি,I-REL
,রাস্তা,B-LOC
,বায়,O
,হাটিয়া,O
,যার,O
Sentence: 3204,ভুলতাম,O
,ফারতাম,O
,নায়,O
Sentence: 616,বায়রে,O
,বেশেবা,O
,বৃষ্টি,O
,ওইছে,O
Sentence: 2727,কুন্টা,O
,খাইতে,O
,ভালা,O
,লাগে,O
Sentence: 1916,আমার,O
,এখন,O
,বই,B-OBJ
,ইগু,O
,লাগতো,O
,নায়,O
Sentence: 986,ওলায়,O
,বউত,O
,রকম,O
,ঝামেলা,O
,ওইতেউ,O
,থাকে,O
Sentence: 400,সোহাগ,B-PER
,নাম,O
,ওর,O
,একগু,O
,ফুয়া,O
,আছিল,O
Sentence: 3202,আমরা,O
,জীবনেও,O
,ভুলতাম,O
,ফারতাম,O
,নায়,O
Sentence: 2247,আমার,O
,হাচা,O
,ভালো,O
,ফাওয়া,O
,কোনোদিনও,O
,কোয়াইবে,O
,না,O
Sentence: 1462,বিয়ার,O
,কালো,O
,কইছলা,O
,জামাইর,O
,বাড়ি,O
,আছে,O
Sentence: 161,যতউ,O
,কষ্ট,O
,অউক,O
,সব,O
,মানিয়া,O
,নিমু,O
,তবুও,O
,আজীবন,O
,তুমারেও,O
,ভালোবাসমু,O
Sentence: 1268,মুই,O
,দেখছি,O
,হখল,O
,সময়,O
,তাইন,O
,হউ,O
,কাম,O
,খরবা,O
,যার,O
,লাগি,O
,তান,O
,ফুয়া,B-REL
,গুসা,O
,করইন,O
Sentence: 1018,তার,O
,বাফ,B-REL
,বিয়া,O
,করছইন,O
,হনো,O
,বছ্‌রে,O
,এখবার,O
,যাওয়া,O
,অয়।,O
Sentence: 1740,হাছাউ,O
,মানুষটার,O
,লাগি,O
,আমি,O
,মুগ্ধ,O
Sentence: 2812,কিতা,O
,করো,O
,হ্ক্কলে,O
Sentence: 3443,হে,O
,তার,O
,পরিবাররে,O
,যে,O
,ভালা,O
,ফায়,O
Sentence: 2888,দাড়াইলা,O
,না,O
Sentence: 334,অসাধারণ,O
,খরি,O
,লেখছইন,O
Sentence: 2090,আমার,O
,পকেট,B-OBJ
,ওর,O
,টেখা,I-OBJ
,শেষ,O
,পাঠাইও,O
Sentence: 1575,পা,O
,পিছলিয়া,O
,পড়ি,O
,হেছি,O
,তে,O
,কিতা,O
,করতাম,O
Sentence: 3084,ভুলতাম,O
,না,O
Sentence: 3238,মাতবায়,O
,না,O
Sentence: 3101,জামা,B-OBJ
,কিনিয়া,O
,আনছইন,O
Sentence: 1648,তাইন,O
,হেরার,O
,মাত,O
,হুনিয়া,O
,কইলা,O
Sentence: 171,তুমারে,O
,লইয়া,O
,হারাই,O
,যাইতাম,O
,আখাশর,O
,নীলো,O
Sentence: 1550,কুন্তাত,O
,শিওর,O
,না,O
,ওইয়া,O
,কেউরে,O
,দোষ,O
,দেওয়া,O
,ঠিক,O
,নায়,O
Sentence: 1352,মুই,O
,নিজে,O
,বাক্কা,O
,বেমার,O
Sentence: 156,তুমার,O
,অউ,O
,মন,O
,মুই,O
,নিলাম,O
Sentence: 2483,দুইদিন,O
,ধরিয়া,O
,আমার,O
,অনেক,O
,সর্দি,O
,তাফ,O
Sentence: 2751,কই,O
,থাকি,O
,আইছো,O
Sentence: 3118,আমি,O
,খুশি,O
Sentence: 2037,আফনে,O
,কিতা,O
,বাংলা,O
,কবিতা,O
,লেখতা,O
,ফারোইন,O
,নি,O
Sentence: 1458,অবায়দি,O
,যার,O
,লগে,O
,বিয়া,O
,অইছে,O
,হে,O
,গন্ডোমূর্খ,O
Sentence: 843,সবুজ,B-COL
,রঙ,I-COL
,ওর,O
,শাড়ি,B-OBJ
,ওগু,O
,পড়লে,O
,সুন্দর,O
,লাগতো,O
Sentence: 799,আমি,O
,একগু,O
,ফুরি,O
,মানুষ,O
Sentence: 2848,স্কুল,B-ORG
,ও,O
,যাই,O
Sentence: 530,তুমিতাইন,O
,কুয়াই,O
,চাকরি,O
,কররায়,O
Sentence: 1640,আমি,O
,আম,B-FOOD
,খাইতে,O
,বালা,O
,ফাই,O
Sentence: 388,কুচ্চু,O
,মনো,O
,খরইন,O
,না,O
,যেন,O
,আফনারে,O
,এখতা,O
,খতা,O
,খইতাম,O
Sentence: 3176,কিনিয়া,O
,আনছইন,O
Sentence: 248,হে,O
,ফুড়ি,O
,ইগুর,O
,লগে,O
,যুগাযুগ,O
,খরে,O
Sentence: 2448,আমার,O
,আব্বা,B-ROLE
,লাউ,B-FOOD
,দিয়া,I-FOOD
,ইচা,I-FOOD
,মাছর,I-FOOD
,ঝোল,I-FOOD
,কুব,O
,ফছন্দ,O
,করুইন,O
Sentence: 216,যতদিন,O
,দুনিয়ার,B-LOC
,বুকুত,O
,বাংলাদেশ,B-LOC
,নাম,O
,অগু,O
,থাখবো,O
,ততদিন,O
,পর্যন্ত,O
,অউ,O
,গান,O
,অগু,O
,চলতো,O
,থাখবো,O
Sentence: 142,ভালা,O
,পাওয়া,O
,মানে,O
,এখজন,O
,আরোখ,O
,জনরে,O
,বুঝতে,O
,পারা,O
Sentence: 1191,মুই,O
,খইলাম,O
,চলো,O
,কাজী,B-ORG
,অফিসো,I-ORG
,গিয়া,O
,বিয়া,O
,খরিলাই,O
Sentence: 1978,পরিবার,O
,অইলো,O
,মা,B-REL
,বাফ,B-REL
,ভাই,B-REL
,বইন,B-REL
,লইয়া,O
Sentence: 521,আফনে,O
,কিলা,O
,আছোইন,O
Sentence: 1796,স্টোররুমটা,O
,ময়লা,O
,অই,O
,রইছে,O
Sentence: 253,এখন,O
,খতা,O
,অইলো,O
,মুই,O
,কাবিনর,B-OBJ
,টেখা,I-OBJ
,দিলাইমু,O
,ফত্তেক,O
,মাসে,O
,মাসে,O
Sentence: 1857,অনেকগুলা,O
,কইতর,B-ANI
,আকাশে,O
,উড়ের,O
Sentence: 574,আফনারার,O
,আকাইম্মা,O
,ফুয়া,O
Sentence: 1803,আফনারে,O
,যদি,O
,জিফলাত,O
,পানি,O
,আনিয়া,O
,দিবো,O
,ইলা,O
,এখান,O
,ফলর,B-FOOD
,নাম,O
,খওয়ার,O
,লাগি,O
,কওয়া,O
,অয়,O
,তে,O
,আফনার,O
,মনো,O
,তেতইর,B-FOOD
,নাম,O
,আইবউ,O
Sentence: 449,আমরা,O
,মেসিরে,B-PER
,ঘিন্নাই,O
,না,O
Sentence: 2328,আমি,O
,বহুত,O
,বড়,O
,ভুল,O
,করছি,O
Sentence: 401,হাজারটা,O
,স্মৃতি,O
,জড়াই,O
,রইছে,O
,ওউ,O
,গান,O
,ওর,O
,মাঝে,O
Sentence: 782,তুমিতাইন,O
,একটা,O
,গাধা,O
,মানুষ,O
Sentence: 3138,বিয়ানে,O
,ফুটবল,B-OBJ
,খেলাইছি,O
Sentence: 267,মোর,O
,ভালাপাওয়া,O
,মানুষর,O
,লগেউ,O
,মোর,O
,বিয়া,O
,অইছে,O
Sentence: 2185,লোকটা,O
,কিছুদিন,O
,আগে,O
,বিয়া,O
,করছইন,O
Sentence: 125,তুমারে,O
,দুই,O
,চউক,O
,ভরিয়া,O
,দেখা,O
,এখনো,O
,বাকি,O
Sentence: 1460,বিয়ার,O
,সময়,O
,খইছিল,O
,ফুয়া,O
,শিকখিতো,O
,ঢাকাত,B-LOC
,চাকরি,O
,খরইন,O
Sentence: 909,ইগু,O
,কিলা,O
,ওয়,O
Sentence: 3415,আমারে,O
,একগু,O
,উপহার,B-OBJ
,দিছে,O
Sentence: 728,ফুরিন,O
,মানুষ,O
,হাছাউ,O
,কিলা,O
,জানি,O
Sentence: 599,আমি,O
,মাঝে,O
,মধ্যে,O
,গান,O
,হুনি,O
Sentence: 1793,মুই,O
,হাতার,O
,দিতাম,O
,নায়,O
Sentence: 1609,বড়,B-REL
,বইনে,I-REL
,কিছু,O
,সফরি,B-FOOD
,কিনলো,O
Sentence: 935,তুমিতাইন,O
,ঘুম,O
,তনে,O
,জলদি,O
,উঠি,O
,যাইও,O
Sentence: 3377,তুমাইতাইন,O
,চাকরি,O
,করছ,O
,নই,O
Sentence: 1156,ফুড়িটায়,O
,সাপ্তাখানেক,O
,আগে,O
,তাইর,O
,লগে,O
,ঘটি,O
,যাওয়া,O
,ঘটনা,O
,আমরার,O
,লগে,O
,শেয়ার,O
,করছিল,O
Sentence: 1288,আম্মার,B-REL
,সামনে,O
,তারা,O
,যা,O
,তা,O
,ঝগড়া,O
,করইন,O
Sentence: 1417,মোর,O
,মইর,B-REL
,বাসাত,O
,ফিরা,O
,কিতা,O
,ঠিক,O
,অইবো,O
,নি,O
Sentence: 2919,রাগী,O
,গেছলা,O
Sentence: 3353,বেশি,O
,ভালা,O
,লাগে,O
Sentence: 3295,তে,O
,ঘুড্ডি,B-OBJ
,উড়াই,O
Sentence: 2658,কাছ,O
,ওর,O
,মানুষ,O
,কে,O
Sentence: 748,বিয়াত,O
,আমার,O
,লাকান,O
,নাই,O
Sentence: 1279,কুচ্চু,O
,কিনিয়া,O
,দিতো,O
,চাইলে,O
,কুনো,O
,জাগাত,O
,পাখানিত,O
,লইয়া,O
,যাইতে,O
,চাইলে,O
,তাইন,O
,ইতা,O
,ভালাভাবে,O
,নেইন,O
,না,O
Sentence: 1308,আম্মা,B-REL
,মুরা,O
,ফরে,O
,আব্বা,B-REL
,খুব,O
,এখলা,O
,অই,O
,গেছলা,O
Sentence: 2838,আমারে,O
,হাছা,O
,কৌকা,O
Sentence: 2285,শুধু,O
,তোমার,O
,ভালার,O
,লাগি,O
,বিয়াটা,O
,করিয়া,O
,ফালাইতা,O
,কইলাম,O
Sentence: 1364,বাসাাত,O
,খারে,O
,জানাইতাম,O
,কিলা,O
,জানাইতাম,O
,বুজিয়ার,O
,না,O
Sentence: 1435,পয়লা,O
,বার,O
,ঠকার,O
,বাদে,O
,এখটা,O
,ডর,O
,হামাই,O
,গেছিল,O
,ভিতরে,O
Sentence: 45,তার,O
,ইস্কুলো,B-ORG
,গিয়া,O
,পড়ালেখা,O
,খরতো,O
,ভালা,O
,লাগে,O
,না,O
Sentence: 68,বহুত,O
,ভালা,O
,ছবি,O
Sentence: 2760,তুমি,O
,কিতা,O
,করো,O
Sentence: 2131,তোমার,O
,সব,O
,মাত,O
,ভুল,O
Sentence: 1290,এখলগে,O
,বইয়া,O
,খাইনও,O
,না,O
Sentence: 2591,অত,O
,ঘুম,O
,আয়,O
,কিওর,O
,লাগি,O
Sentence: 2834,আজকে,O
,বাইরে,O
,যাইতাম,O
,নায়,O
Sentence: 3273,হখল,O
,এখ,O
,সময়ে,O
,এখলগে,O
,আছি,O
Sentence: 3115,তুমি,O
,অনো,O
,থাকলে,O
,আমি,O
,খুশি,O
Sentence: 1164,ফুয়ায়,O
,বাংলাদেশো,B-LOC
,আইয়া,O
,বিয়া,O
,ঠিক,O
,করছে,O
Sentence: 1047,মুই,O
,পেরেম,O
,খরি,O
,বিয়া,O
,করছিলাম,O
Sentence: 1611,সমান,O
,দুইটা,O
,টুকরা,O
,ওই,O
,গেছে,O
Sentence: 456,আমার,O
,বন্ধু,B-REL
,ওকলে,O
,সাপ্তার,O
,মাঝে,O
,দুইটা,O
,ফুটবল,B-OBJ
,ম্যাচ,O
,খেলতো,O
,ফারে,O
Sentence: 3317,আম,B-FOOD
,ফলটা,I-FOOD
,আমার,O
,সব,O
,থাকি,O
,বেশি,O
,ভালা,O
,লাগে,O
Sentence: 603,আমার,O
,প্রিয়,O
,লেখক,B-ROLE
,ওইলা,O
,হুমায়ুন,B-PER
,আহমেদ,I-PER
Sentence: 1639,আমার,O
,লাগের,O
,এবার,O
,বউত,O
,আম,B-FOOD
,ধরবো,O
Sentence: 1265,সমস্যাটা,O
,অইলো,O
,কয়েক,O
,মাস,O
,আগে,O
,মোর,O
,হড়িরে,O
,লইয়া,O
Sentence: 2799,আমি,O
,স্কুলো,B-ORG
,যাইমু,O
Sentence: 1544,আমার,O
,প্রিয়,O
,একগু,O
,বই,B-OBJ
,হারাই,O
,গেছে,O
Sentence: 2813,কিতা,O
,করো,O
Sentence: 2077,আমি,O
,ওখন,O
,বিশ্ববিদ্যালয়,B-ORG
,ও,O
,পড়িয়ার,O
Sentence: 2093,একটা,O
,গাড়ি,B-OBJ
,কিন্তাম,O
Sentence: 366,চুল,O
,পরার,O
,সমস্যা,O
,লইয়া,O
,ডাখতরর,B-ROLE
,ধারে,O
,গেছলাম,O
,গিয়া,O
,দেখি,O
,ডাখতর,B-ROLE
,নিজেউ,O
,টাখলা,O
Sentence: 1739,তাইন,O
,মানুষটাউ,O
,ওলা,O
,হকলে,O
,কয়,O
,বউত,O
,ভাইগ্য,O
,করিয়া,O
,বুলে,O
,ওলা,O
,জামাই,B-REL
,ফাইছি,O
Sentence: 1284,তাও,O
,আম্মার,B-REL
,অভিযোগ,O
,তাইন,O
,কুনতা,O
,আনইন,O
,না,O
Sentence: 2172,একটা,O
,ছোট,O
,বাইচ্চা,O
,ফুটপাতে,B-LOC
,লাফাইরা,O
Sentence: 2457,আমার,O
,ছোট,B-REL
,বোইনকে,I-REL
,আইজকে,O
,সকালে,O
,হাসপাতালে,B-ORG
,নেওয়া,O
,হয়েছে,O
Sentence: 44,হে,O
,ইস্কুলো,B-ORG
,যাইতো,O
,চায়,O
,না,O
Sentence: 731,তুমিতাইন,O
,কিতা,O
,দেখছো,O
,নি,O
Sentence: 3236,আর,O
,মাতবায়,O
,না,O
Sentence: 2338,ফুরি,O
,ইগুর,O
,চ্যাত,O
,বেশি,O
Sentence: 2642,অত,O
,ঘুমাও,O
,কিতার,O
,লাগি,O
Sentence: 1709,সকাল,O
,ওই,O
,গেছে,O
Sentence: 2013,আমি,O
,বাংলা,O
,মাত,O
,বুঝি,O
Sentence: 2024,আমি,O
,আফনারে,O
,একটা,O
,কথা,O
,কইতাম,O
,চাই,O
Sentence: 1714,আফনে,O
,কিতা,O
,আমরার,O
,বাড়ি,O
,আইছইন,O
,নি,O
Sentence: 3215,ইগুয়ে,O
,ফোনে,B-OBJ
,মাতে,O
Sentence: 2909,ভালা,O
,ফাই,O
,না,O
Sentence: 2980,ডাকবা,O
,না,O
Sentence: 1007,হে,O
,তারার,O
,লগে,O
,সম্পর্ক,O
,রাখতো,O
,নায়,O
Sentence: 2193,মুই,O
,আগেই,O
,কইছলাম,O
,তোমারে,O
,নিয়া,O
,বিদেশ,B-LOC
,ফাকাইতে,O
,চাই,O
Sentence: 1839,মুই,O
,ড্রয়িংরুমে,O
,বইয়া,O
,ছবি,B-OBJ
,আঁকাইতে,O
,ভালা,O
,ফাই,O
Sentence: 325,মোর,O
,পরিবারো,O
,মুই,O
,আম্মা,B-REL
,আব্বা,B-REL
,আর,O
,এক,O
,হুরু,B-REL
,বইন,I-REL
Sentence: 1869,ফতম,O
,দেখায়,O
,কাউকে,O
,কুব,O
,সরল,O
,মনো,O
,বিশ্বাস,O
,করাত,O
,যাইও,O
,না,O
Sentence: 1807,অখটা,O
,আমরার,O
,বাড়ির,O
,উটান,O
Sentence: 3430,ঢাকাত,B-LOC
,থাকি,O
Sentence: 3425,আফনে,O
,বহুত,O
,ভালা,O
,মানুষ,O
Sentence: 305,তুমি,O
,মোর,O
,লগে,O
,আর,O
,মাতবায়,O
,না,O
Sentence: 2605,চা,B-FOOD
,খাওয়ায়,O
,অভ্যাস,O
Sentence: 1270,তাইন,O
,যা,O
,খইবা,O
,তাও,O
,ঠিক,O
,আর,O
,হটাউ,O
,খরবা,O
Sentence: 3391,কিন্তু,O
,হেরার,O
,মাঝে,O
,মিল,O
,আছিলো,O
,না,O
Sentence: 175,তুমারে,O
,খইলজাত,O
,রাখমু,O
,হারা,O
,সময়,O
Sentence: 1754,ফুয়া,O
,ওগুর,O
,গ্রাম,B-LOC
,ওর,O
,বাড়ি,I-LOC
,রাজশাহীত,B-LOC
Sentence: 3061,আমার,O
,বর,B-REL
,বইনে,I-REL
,আমারে,O
,খুব,O
,ভালা,O
,ফায়,O
Sentence: 2288,আমার,O
,আর,O
,আফনের,O
,স্বপ্নটা,O
,যে,O
,কুনদিন,O
,পূরণ,O
,অইতো,O
Sentence: 1424,হে,O
,পুরা,O
,৬,O
,বৎসর,O
,মোরে,O
,ঠকাইছে,O
Sentence: 2698,আমারে,O
,হাছা,O
,কথা,O
,কৌকা,O
Sentence: 28,মুই,O
,তুুমারে,O
,চিনতাম,O
,পারিয়ার,O
,না,O
Sentence: 2098,আমার,O
,বয়স,O
,কম,O
Sentence: 1686,মাইনষ,O
,র,O
,বার্ধক্য,O
,আর,O
,মরণরে,O
,আটকানি,O
,যায়,O
,না,O
Sentence: 2857,কুন্টা,O
,খাইতে,O
,ভালা,O
,লাগে,O
,না,O
Sentence: 2687,যাইতাম,O
,চায়না,O
Sentence: 835,তুমি,O
,ওউ,O
,যাও,O
,এখলা,O
Sentence: 3010,যে,O
,বেয়াদপ,O
Sentence: 2435,এই,O
,শিশুটা,O
,পাকা,B-FOOD
,কইফল,I-FOOD
,খাইরা,O
Sentence: 1372,অতো,O
,অতো,O
,সংসারর,O
,ঝামেলা,O
,দেকিয়া,O
,পোস্ট,O
,খরা,O
Sentence: 3022,মর,O
,লগে,O
,দেখা,O
,করাত,O
,আইছিল,O
Sentence: 1099,মুই,O
,আরো,O
,এখ,O
,বত্‌শর,O
,বাদে,O
,বিয়া,O
,খরতাম,O
,চাই,O
Sentence: 819,খানিত,B-FOOD
,থুরা,O
,রসুন,B-FOOD
,বাড়াইয়া,O
,দিলে,O
,আরো,O
,মজা,O
,ওইতো,O
Sentence: 2758,তুমি,O
,কই,O
,থাকি,O
,আইছো,O
Sentence: 1726,আমরা,O
,সালাম,O
,লইলাম,O
Sentence: 347,হউ,O
,ফুুল,B-OBJ
,অতার,O
,রঙিন,O
,মেলা,O
,দেখিয়া,O
,হারলে,O
,মন,O
,ভরি,O
,যায়,O
Sentence: 200,হুরুকালর,O
,ঘটনাগুইন,O
,মনো,O
,পড়ি,O
,যায়,O
Sentence: 3434,আমি,O
,মিরপর,B-LOC
,ও,O
,থাকি,O
Sentence: 2931,হারতাম,O
,নাই,O
Sentence: 862,হে,O
,দুই,O
,নাম্বার,O
,বিয়া,O
,করিয়া,O
,শান্তি,O
,পাইছে,O
,না,O
Sentence: 124,ফুয়াইন্তর,O
,লাগি,O
,দুনিয়াত,B-LOC
,সব,O
,চাইতে,O
,দামী,O
,অইলো,O
,ফুড়িন্তর,O
,হাসি,O
Sentence: 479,তুমিতাইন,O
,ওর,O
,লগে,O
,নীল,B-COL
,আকাশ,O
,ওর,O
,নিচে,O
,বইয়া,O
,গফ,O
,করতাম,O
,চাই,O
Sentence: 840,আমি,O
,বাক্কা,O
,সময়,O
,তাঁর,O
,মুখ,O
,ওর,O
,দিকে,O
,চাই,O
,রইলাম,O
Sentence: 825,এক,O
,চামচ,B-OBJ
,খাইয়াউ,O
,ওতো,O
,মাত,O
,মাতিলাইলা,O
Sentence: 3006,তাই,O
,বিদেশ,B-LOC
,যাইবো,O
,গি,O
Sentence: 204,ওলাউ,O
,যাইবো,O
,গি,O
,সময়,O
,কিন্তু,O
,থাকি,O
,যাইবো,O
,অলান,O
,কিছু,O
,গান,O
Sentence: 2584,কিতার,O
,লাগি,O
,বিয়া,O
,বইয়া,O
Sentence: 365,বউ,B-REL
,আরাইলে,O
,বউ,B-REL
,পাওয়া,O
,যায়,O
,কিন্তু,O
,বন্ধুরে,B-REL
,টেখা,B-OBJ
,দিলে,O
,ইতা,O
,আর,O
,ফিরত,O
,পাওয়া,O
,যায়,O
,না,O
Sentence: 2546,ভিডিও,O
,বনানীর,O
,কিতা,O
,দরকার,O
,আছিল,O
Sentence: 3201,গোলাপ,B-OBJ
,কিনিয়া,O
,দিছে,O
Sentence: 74,তাইন,O
,অখটা,O
,দেখিয়া,O
,গিয়ান,O
,আরাই,O
,লাইছইন,O
Sentence: 3067,বড়,B-REL
,বইনরে,I-REL
,আমি,O
,খুব,O
,ভালা,O
,ফাই,O
Sentence: 1585,চলো,O
,তে,O
,ঐতিহাসিক,B-LOC
,জেগাত,I-LOC
,ঘুরাত,O
,যাই,O
Sentence: 3141,মুই,O
,তুমার,O
,মনের,O
,কথা,O
,বুঝি,O
,না,O
Sentence: 3099,মোর,O
,লাগি,O
,লাল,B-COL
,জামা,B-OBJ
,কিনিয়া,O
,আনছইন,O
Sentence: 2019,আফনে,O
,কিতা,O
,পড়া,O
,লেখা,O
,করতা,O
,ফারোইন,O
,নি,O
Sentence: 3471,বাবারে,O
,কইলাম,O
,আমারে,O
,বিয়া,O
,করাইতা,O
,না,O
Sentence: 2901,আমি,O
,ফিরিয়া,O
,আইছি,O
Sentence: 337,আফনার,O
,সুন্দর,O
,সুন্দর,O
,ছবিগুইন,B-OBJ
,দেখিয়া,O
,মজা,O
,পাইছি,O
Sentence: 2739,ভালা,O
,লাগের,O
,না,O
Sentence: 3105,আব্বায়,B-REL
,কিনিয়া,O
,আনছইন,O
Sentence: 2804,কিতা,O
,করো,O
Sentence: 3404,কিলা,O
,আছইন,O
,আফনেরা,O
Sentence: 2521,শিমুর,B-PER
,মেরুন,B-COL
,রং,I-COL
,পছন্দ,O
Sentence: 2667,শার্ট,B-OBJ
,পিন্দিয়া,O
,আইছিল,O
Sentence: 959,থুরা,O
,ঘুমাই,O
,যাও,O
Sentence: 802,ভাবিয়ার,O
,নিজ,O
,ওর,O
,মানুষ,O
,ওউ,O
,ওলা,O
,ওইন,O
,নি,O
Sentence: 1914,ইবার,O
,ছুটিত,O
,সিলেট,B-LOC
,ঘুরাত,O
,যাইমু,O
Sentence: 777,কিতার,O
,লাগি,O
,আমারে,O
,বালা,O
,ফাও,O
,না,O
Sentence: 1992,বাদে,O
,খুজিয়া,O
,নাও,O
,পাইতাম,O
,ফারি,O
Sentence: 1967,আফনে,O
,কিতা,O
,আমারে,O
,ভালা,O
,পাইন,O
,নি,O
Sentence: 1901,তোমার,O
,হখল,O
,মাত,O
,টিক,O
,আছে,O
Sentence: 1488,বেমারিরে,O
,হাসপাতাল,B-ORG
,থাখা,O
,লাগবো,O
Sentence: 2932,আমি,O
,হারতাম,O
Sentence: 1264,তানরে,O
,লইয়া,O
,মোর,O
,অভিযোগর,O
,কুনো,O
,জায়গা,O
,নায়,O
Sentence: 3458,আফনে,O
,ভাইয়ের,O
,ভক্ত,O
Sentence: 1384,অলা,O
,মনোভাব,O
,লইয়া,O
,সংসারো,O
,কুনোদিন,O
,সুখ,O
,আয়,O
,না,O
Sentence: 22,হে,O
,এখন,O
,তার,O
,বন্ধুবান্ধবর,B-REL
,লগে,O
,সিগারেট,B-OBJ
,খায়,O
Sentence: 2617,কাজ,O
,করতাম,O
,কিলাখান,O
Sentence: 271,আফনে,O
,নিজর,O
,পরিবার,O
,লইয়া,O
,বইন,O
Sentence: 3005,বাদের,O
,মাশও,O
,বিদেশ,B-LOC
,যাইবো,O
,গি,O
Sentence: 2587,ইগু,O
,কিলা,O
,ওই,O
Sentence: 2491,বিকালে,O
,আম্মা,B-REL
,আমার,O
,লাগি,O
,শসার,B-FOOD
,সুপ,I-FOOD
,রান্দা,O
,করছইন,O
Sentence: 1746,আমার,O
,যে,O
,মাথা,O
,বেদনা,O
,করের,O
Sentence: 638,আখতা,O
,করি,O
,কারেন্ট,O
,গেলো,O
,গি,O
Sentence: 1350,অখটাউ,O
,তান,O
,লগে,O
,মোর,O
,শেষ,O
,মাত,O
Sentence: 1412,আমরা,O
,তিন,O
,ভাই,B-REL
,বইন,B-REL
,মুই,O
,হখলর,O
,বড়,O
Sentence: 3158,পয়লা,O
,আফনারে,O
,এখটা,O
,দুকানো,O
,যাওয়া,O
,লাগবো,O
Sentence: 2086,তুমি,O
,সমুদ্র,O
,বালা,B-LOC
,ফাও,O
,কিওর,O
,লাগি,O
Sentence: 3037,আমরা,O
,হারি,O
,গেছিলাম,O
Sentence: 2629,দুপুরবেলাত,O
,কিতা,O
,খাইলায়,O
Sentence: 3318,আমার,O
,সব,O
,থাকি,O
,বেশি,O
,ভালা,O
,লাগে,O
Sentence: 1242,মুই,O
,তারে,O
,খই,O
,দিসি,O
,মুই,O
,আর,O
,তুমার,O
,লগে,O
,সংসার,O
,করিয়ার,O
,না,O
Sentence: 2105,ফুরিগু,O
,খুব,O
,বুদ্ধিমতী,O
Sentence: 3203,জীবনেও,O
,ভুলতাম,O
,ফারতাম,O
,নায়,O
Sentence: 1368,যদি,O
,মুই,O
,জানিলাইছি,O
,ইকান,O
,হুনিয়া,O
,মোর,O
,খেতি,O
,করার,O
,চেষ্টা,O
,করে,O
Sentence: 2845,আমি,O
,সোকাইলকু,O
,নাস্তা,B-FOOD
,খাইয়া,O
,বাদে,O
,স্কুল,B-ORG
,ও,O
,যাই,O
Sentence: 3112,তারে,O
,কাজল,B-OBJ
,দিলে,O
,বাক্কা,O
,ভালা,O
,লাগে,O
Sentence: 2797,আমি,O
,পড়রাম,O
Sentence: 527,আমি,O
,একজন,O
,সরকারি,B-ROLE
,কর্মকর্তা,I-ROLE
Sentence: 96,মাঝে,O
,মাঝে,O
,মনে,O
,অয়,O
,ঘরবাড়ি,O
,সব,O
,মশার,B-ANI
,নামে,O
,লেকিয়া,O
,দিয়া,O
,মুই,O
,জঙ্গলো,B-LOC
,যাই,O
,গিয়া,O
Sentence: 734,পানির,B-FOOD
,আরেক,O
,নাম,O
,জীবন,O
Sentence: 1166,ফুড়িয়ে,O
,তানর,O
,লগে,O
,ঘটা,O
,ফুয়ার,O
,সব,O
,ঘটনা,O
,ফুয়ার,O
,পরিবাররে,O
,জানায়,O
Sentence: 2607,দুপুরবেলাত,O
,কিতা,O
,খাইলায়,O
Sentence: 232,তুমি,O
,নাই,O
,অউ,O
,কঠিন,O
,সত্তিটা,O
,মুই,O
,এবোধরি,O
,বিশ্বাস,O
,খরতাম,O
,ফারিয়ার,O
,না,O
Sentence: 1048,মুই,O
,মোর,O
,জামাইরে,B-REL
,অনেখ,O
,ভালাপাই,O
Sentence: 2476,শিশুটার,O
,কিছুদিন,O
,ধরিয়া,O
,সর্দি,O
,কাশি,O
Sentence: 917,তুমিতাইন,O
,দুপুরবেলাত,O
,কিতা,O
,দিয়া,O
,ভাত,B-FOOD
,খাইলায়,O
Sentence: 1365,মুই,O
,মোর,O
,আফা,B-REL
,থাকি,O
,বাক্কা,O
,বছ্‌রর,O
,ছুটো,O
Sentence: 2214,মুই,O
,আমার,O
,স্বামীর,B-REL
,লগে,O
,বিয়ানে,O
,পার্কে,B-LOC
,ফাকানিত,O
,যাইমু,O
Sentence: 2327,থোমার,O
,বয়স,O
,কত,O
Sentence: 2706,ঘুম,O
,তনে,O
,জলদি,O
,উঠি,O
,যাইও,O
Sentence: 2320,তোমার,O
,লহে,O
,আমার,O
,আম্মা,B-REL
,মাত,O
,তে,O
,চায়,O
Sentence: 1371,মোর,O
,গেছে,O
,লাগে,O
,মুই,O
,জানিলাইছি,O
,ইকান,O
,তারা,O
,হুনলে,O
,মোরে,O
,জানে,O
,মারতেও,O
,তারা,O
,দুইবার,O
,ভাবতা,O
,নায়,O
Sentence: 197,জীবনে,O
,বহুত,O
,গান,O
,হুনি,O
,এরবাদেও,O
,খেনে,O
,জানি,O
,না,O
,অউ,O
,গান,O
,গুইন্তর,O
,মতো,O
,অতো,O
,ভালা,O
,লাগে,O
,না,O
Sentence: 1358,মুই,O
,বিশ্বাস,O
,খরতাম,O
,ফারছিলাম,O
,না,O
,মোর,O
,বইন,B-REL
,অলা,O
,কাম,O
,করবা,O
Sentence: 3071,বইনের,B-REL
,কিতা,O
,বিয়া,O
,অই,O
,গেছে,O
,নি,O
Sentence: 99,লগে,O
,থাকিও,O
,সাড়া,O
,জীবন,O
,দূরই,O
,যাইয়ো,O
,না,O
Sentence: 3401,আফনে,O
,মাত্তা,O
,ফারোইন,O
,না,O
Sentence: 184,কালা,B-COL
,আর,O
,লাল,B-COL
,শাড়ীত,B-OBJ
,মৌসুমী,B-PER
,আফারে,O
,সেই,O
,সুন্দরী,O
,লাগে,O
Sentence: 2539,সিটি,B-ORG
,কপোরেশন,I-ORG
,অপিশ,I-ORG
,আছে,O
Sentence: 875,ওখনও,O
,নানার,B-REL
,বাড়িত,O
,ওউ,O
,থাকি,O
Sentence: 546,তুমিতাইন,O
,কিতা,O
,আমারে,O
,বালা,O
,ফাও,O
,না,O
,নি,O
Sentence: 3170,ভেমতালা,O
,লাগিয়া,O
,উবাই,O
,রইছিলাম,O
Sentence: 1713,বাক্কা,O
,কতটা,O
,নয়া,O
,বই,B-OBJ
,দেখিয়া,O
,আমি,O
,অবাক,O
,ওই,O
,গেছি,O
Sentence: 660,আমারে,O
,সবে,O
,এক,O
,নামেউ,O
,চিনে,O
Sentence: 18,আমি,O
,তুমারে,O
,কল,O
,দিতাম,O
,নায়,O
Sentence: 1975,ফুয়াটায়,O
,ভালা,O
,চাকরি,O
,করে,O
Sentence: 2984,ফুরাই,O
,গেছে,O
Sentence: 2490,এই,O
,ফুঙ্গা,O
,ফুয়াটা,O
,দুইদিন,O
,ধরিয়া,O
,ফড়ালেখা,O
,করছইন,O
,না,O
Sentence: 565,একপাল,O
,বেটিন,O
,রাস্তাত,B-LOC
,হাঁটের,O
Sentence: 1708,বাস,B-OBJ
,তাকি,O
,যখন,O
,নামছিলা,O
,তখন,O
,সকাল,O
,ওই,O
,গেছিল,O
Sentence: 500,আমি,O
,কোন,O
,সময়,O
,ওউ,O
,তোমারে,O
,ভুলতাম,O
,নায়,O
Sentence: 2577,আমি,O
,তারে,O
,কইলাম,O
,ইতা,O
,কইরো,O
,না,O
Sentence: 784,তুমিতাইন,O
,কম,O
,মাতো,O
Sentence: 1436,তারে,O
,আমি,O
,কইয়া,O
,রাখছিলাম,O
,যে,O
,মুই,O
,তুমারে,O
,বিশ্বাস,O
,খরতে,O
,সময়,O
,লাগবো,O
Sentence: 3360,ইচা,B-FOOD
,মাছ,I-FOOD
,খাইতে,O
,বেশি,O
,ভালা,O
,লাগে,O
Sentence: 1448,তেবো,O
,মুই,O
,তারে,O
,অখনো,O
,ভালাপাই,O
Sentence: 2722,আমার,O
,কুন্টা,O
,খাইতে,O
,ভালা,O
,লাগে,O
Sentence: 1548,ওউ,O
,ব্যাপারও,O
,শিওর,O
,নায়,O
Sentence: 2540,বাউট,O
,সমস্যায়,O
,আছি,O
Sentence: 70,বহুুত,O
,ভালা,O
,লেখছইন,O
Sentence: 237,দম,O
,বন,O
,অইয়া,O
,আয়,O
,চিক্কার,O
,মারিয়া,O
,কান্দার,O
,ইচ্ছা,O
,খরে,O
Sentence: 1015,আমার,O
,হড়িও,B-REL
,নাই,O
,মারা,O
,গেছইন,O
,বাক্কা,O
,আগে,O
Sentence: 663,আমার,O
,টমেটো,B-FOOD
,বেশি,O
,বালা,O
,লাগে,O
Sentence: 1220,এখজন,O
,মা,B-REL
,ফুড়ির,B-REL
,সংসারো,O
,কিতা,O
,অলান,O
,অশান্তি,O
,খরতো,O
,ফারে,O
,নি,O
Sentence: 1392,অখন,O
,তুমি,O
,আমার,O
,টাইন,O
,মাফ,O
,চাও,O
Sentence: 77,আফনার,O
,হাসির,O
,কাছে,O
,সব,O
,কিছু,O
,হার,O
,মানি,O
,যায়,O
Sentence: 724,আইজ,O
,আমার,O
,বন্ধুর,B-REL
,বিয়া,O
Sentence: 947,আমারে,O
,ঢুকতে,O
,দেউকা,O
Sentence: 993,হে,O
,আবার,O
,ওখন,O
,ফিরাইয়া,O
,নিতো,O
,চায়,O
,আমারে,O
Sentence: 1997,মোর,O
,বইন,B-REL
,হখল,O
,সময়,O
,মোর,O
,লগে,O
,থাকতো,O
,চায়,O
Sentence: 2178,তোমার,O
,হাশির,O
,কাছে,O
,আমার,O
,হকল,O
,কিছু,O
,হার,O
,মানিয়া,O
,যায়,O
Sentence: 2461,গতকাইল,O
,বিকালে,O
,আমাদের,O
,এখানে,O
,বহুত,O
,বৃষ্টি,O
,অইছে,O
Sentence: 1612,দুই,O
,টুকরা,O
,ওইলো,O
,কিলা,O
Sentence: 711,আমার,O
,কালা,B-COL
,রঙ,I-COL
,ওর,O
,জামা,B-OBJ
,নাই,O
Sentence: 1679,নানার,B-REL
,জটিল,O
,অসুখ,O
,আছলো,O
Sentence: 2413,আব্বুয়ে,B-REL
,সম্মানোর,O
,লাগি,O
,মামলা,O
,করছইন,O
,না,O
Sentence: 2547,বনানীর,O
,কিতা,O
,দরকার,O
,আছিল,O
Sentence: 2331,আফনে,O
,থুরা,O
,ওদিকে,O
,আইতা,O
,ফারবা,O
,নি,O
Sentence: 503,পরীক্ষার,O
,লাগি,O
,সকাইলকু,O
,পড়লে,O
,বালা,O
,ওয়,O
Sentence: 3281,এখটা,O
,মাতও,O
,মাতাবায়,O
,না,O
Sentence: 931,কম,O
,বয়সী,O
,একগু,O
,ফুয়া,O
,বাইরে,O
,ফুটপাত,B-LOC
,ও,O
,দৌড়ার,O
Sentence: 2115,আমি,O
,চেষ্টা,O
,করছিলাম,O
Sentence: 2507,হে,O
,কিলাখান,O
,ঝিমার,O
,দেখ,O
Sentence: 1970,হারিয়ে,O
,যেতে,O
,ইচ্ছে,O
,করে,O
,অনেক,O
,দূরে,O
Sentence: 1330,নিজোর,O
,ফছন্দে,O
,বিয়া,O
,খরাটা,O
,উছিত,O
,অইছে,O
,না,O
Sentence: 1597,আমার,O
,বাসার,O
,ওবায়,O
,রাস্তার,B-LOC
,ধারো,O
,একটা,O
,ফুল,B-OBJ
,ওর,O
,দোকান,O
Sentence: 1150,হনউ,O
,এখ,O
,বাংলাদেশী,B-ROLE
,ফুয়ার,I-ROLE
,লগে,O
,পরিচয়,O
,এরবাদে,O
,সম্পর্ক,O
Sentence: 2815,রিক্সা,B-OBJ
,দিয়া,O
,আইমু,O
Sentence: 2559,যাওনারে,O
,মাথ,O
,নাই,O
Sentence: 2755,আফনে,O
,কিলাখান,O
,আছইন,O
Sentence: 2876,ওনো,O
,উবাউকা,O
Sentence: 1662,ফুরিগুর,O
,হকল,O
,কাম,O
,ওলা,O
,উলটপালট,O
,ওইরো,O
,কিতার,O
,লাগি,O
Sentence: 977,আমি,O
,বিদেশ,B-LOC
,গেছলাম,O
Sentence: 2623,আমার,O
,ওখন,O
,তোমারে,O
,ভালা,O
,লাগে,O
Sentence: 2783,আমার,O
,কাম,O
,আছে,O
Sentence: 1108,হখলতা,O
,হুনিয়া,O
,বুঝলাম,O
,যে,O
,এখন,O
,আর,O
,ইকানো,O
,থাকিয়া,O
,কুনো,O
,লাভ,O
,অইতো,O
,নায়,O
Sentence: 730,ওয়ও,O
,তুমিতাইন,O
,বাক্কা,O
,মোটা,O
Sentence: 2191,আফনি,O
,এত,O
,গরীব,O
,আগে,O
,কেনে,O
,কইলা,O
,না,O
Sentence: 2600,আমার,O
,জরুরি,O
,মাত,O
,আছে,O
Sentence: 3057,লগে,O
,আছি,O
Sentence: 3227,লইয়া,O
,বইন,O
Sentence: 1581,আমারে,O
,দেখিয়া,O
,খুব,O
,খুশি,O
,ওইলো,O
Sentence: 321,কুনদিন,O
,যে,O
,আমার,O
,স্বপ্নটা,O
,পুরণ,O
,অইতো,O
Sentence: 651,ওখন,O
,পড়াত,O
,বইমু,O
Sentence: 1933,মুই,O
,গুমানিত,O
,যাইতাম,O
Sentence: 2748,বৈ,O
,রিছে,O
Sentence: 481,আকাশ,O
,ওর,O
,নীল,B-COL
,রঙটা,I-COL
,অসাধারণ,O
Sentence: 2847,নাস্তা,B-FOOD
,খাইয়া,O
,বাদে,O
,স্কুল,B-ORG
,ও,O
,যাই,O
Sentence: 3152,আফনার,O
,লগে,O
,ফরিচিতো,O
,অইয়া,O
,ভালা,O
,লাগলো,O
Sentence: 2462,আমার,O
,আম্মা,B-REL
,আইজ,O
,কে,O
,শশার,B-FOOD
,তরকারি,I-FOOD
,রান্দা,O
,করছইন,O
Sentence: 2911,থুরা,O
,ঘুমাই,O
,যাও,O
Sentence: 886,আমার,O
,খালামণির,B-REL
,বিয়া,O
,ওইছে,O
,২০১৫,O
,ত,O
Sentence: 888,বিয়ার,O
,আগে,O
,খালামণি,B-REL
,এউ,O
,আমারে,O
,বড়,O
,করছোইন,O
Sentence: 1480,পিরিত,O
,বাক্কা,O
,খষ্টর,O
Sentence: 368,তরে,O
,ভুলি,O
,যাওয়ার,O
,লাগি,O
,মুই,O
,তরে,O
,ভালাপাইছলাম,O
,না,O
Sentence: 2101,সকাইলকু,O
,চা,B-FOOD
,খাইবায়,O
,নি,O
Sentence: 2177,মুই,O
,তোমার,O
,কোন,O
,মাত,O
,কিচ্ছুই,O
,বুঝতে,O
,ফারলাম,O
,না,O
Sentence: 2063,আফনে,O
,কিতা,O
,বিদেশ,B-LOC
,যাইতা,O
,চাইন,O
,নি,O
Sentence: 2975,হন,O
,লইগা,O
,যাউকগা,O
Sentence: 2453,আমার,O
,গেরামের,B-LOC
,বাড়ীর,I-LOC
,উঠান,I-LOC
,অনেক,O
,বড়,O
Sentence: 566,দরজার,B-OBJ
,কান্দাত,O
,দুইজন,O
,বইয়া,O
,গিটার,B-OBJ
,বাজাইরো,O
Sentence: 1897,তুমি,O
,দেখতে,O
,সুন্দর,O
,না,O
,হলেও,O
,আমি,O
,তোমাকেই,O
,চাই,O
Sentence: 3151,মুই,O
,এখটা,O
,ফুরি,O
Sentence: 210,ওউ,O
,গান,O
,গুইন,O
,লইয়া,O
,অনেখ,O
,আবেগ,O
,আছে,O
Sentence: 3305,ঘুরতে,O
,যে,O
,ভালা,O
,লাগে,O
Sentence: 1681,তাঁনরে,O
,হাসপাতাল,B-ORG
,ও,O
,নেওয়া,O
,ওইছিল,O
Sentence: 1669,দাদির,B-REL
,ধারো,O
,একগু,O
,ফুরান,O
,সিন্দুক,B-OBJ
,আছে,O
Sentence: 1411,খেউরে,O
,তুমার,O
,মাত,O
,হুনাইতে,O
,অইলে,O
,আগে,O
,তুমি,O
,তার,O
,মাত,O
,হুনো,O
Sentence: 195,যৌবন,O
,আওয়ার,O
,আগেউ,O
,তারে,O
,ভালাপাইছলাম,O
,আরখবার,O
,যৌবন,O
,হেষ,O
,অওয়ার,O
,বাদেও,O
,তারেউ,O
,ভালাপাইমু,O
Sentence: 2631,সব,O
,তাকি,O
,কাছ,O
,ওর,O
,মানুষ,O
Sentence: 1896,আমকে,B-FOOD
,আমাদের,O
,দেশো,B-LOC
,ফলের,B-FOOD
,রাজা,O
,বলা,O
,হয়,O
Sentence: 3027,মর,O
,লগে,O
,দেখা,O
Sentence: 341,আফনার,O
,লেখার,O
,ধরন,O
,খুবই,O
,সুন্দর,O
Sentence: 3406,দুপুর,O
,বেলা,O
,আমরার,O
,দাওয়াত,O
,আছে,O
Sentence: 2514,হে,O
,অনেক,O
,ডরালোক,O
Sentence: 2885,আমি,O
,চাইয়ার,O
Sentence: 2333,আমার,O
,বিকালে,O
,খেলার,B-LOC
,মাঠো,I-LOC
,যাইতে,O
,অইবো,O
Sentence: 3031,থিক,O
,কথাউ,O
,কইছলা,O
Sentence: 3328,খুব,O
,ভালা,O
Sentence: 1556,আর,O
,পারুল,B-PER
,এও,O
,না,O
,বুঝিয়া,O
,অইন্যের,O
,দোষ,O
,দিতো,O
,আছিল,O
Sentence: 41,আমার,O
,ছুটো,B-REL
,বইন,I-REL
,ইস্কুলো,B-ORG
,যাইতে,O
,চায়,O
,না,O
Sentence: 1282,আমরার,O
,বাসাত,O
,খেউ,O
,আইলে,O
,তাইন,O
,বাসাত,O
,ঝগড়াঝাটি,O
,লাগাই,O
,দেইন,O
Sentence: 620,হক্কল,O
,বাঁধা,O
,ফারোইয়া,O
,জীবনে,O
,সফল,O
,ওয়া,O
,লাগবো,O
Sentence: 2401,আমার,O
,বইনে,B-REL
,ইদানীং,O
,খারাফ,O
,আচরণ,O
,করের,O
Sentence: 1971,চলোনা,O
,দুইজন,O
,মিলিয়া,O
,গুইয়া,O
,আই,O
Sentence: 53,তুমি,O
,কিতা,O
,আমার,O
,লগে,O
,পিরিত,O
,করবায়,O
,নি,O
Sentence: 196,সাত,O
,বত্‌সর,O
,বাদে,O
,আমার,O
,ফছন্দর,O
,গানটা,O
,খুজিয়া,O
,ফাইলাম,O
Sentence: 549,হে,O
,যে,O
,ফুরিরে,O
,বালা,O
,ফাও,O
,হউ,O
,ফুরি,O
,ওগু,O
,ঢাকাত,B-LOC
,থাকে,O
Sentence: 95,মুই,O
,জানি,O
,ইকানো,O
,অনেক,O
,ফুড়িন,O
,কমেন্ট,O
,ফরার,O
,লাগি,O
,আইবা,O
Sentence: 3432,ঢাকার,B-LOC
,মিরপর,B-LOC
,ও,O
,থাকি,O
Sentence: 1058,আফনার,O
,আম্মা,B-REL
,আর,O
,জামাই,B-REL
,দুইজনেউ,O
,সতর্ক,O
,অইবা,O
,আফনার,O
,প্রতি,O
Sentence: 1728,আমরা,O
,বিদা,O
,লইয়া,O
,আই,O
,গেলাম,O
Sentence: 1722,রিডিং,O
,রুম,O
,ওকলও,O
,ভাগ,O
,ভাগ,O
,করা,O
,ওইছে,O
Sentence: 3023,দেখা,O
,করাত,O
,আইছিল,O
Sentence: 1671,বাক্কা,O
,দিন,O
,ধরি,O
,ওগু,O
,খোলা,O
,ওয়,O
,না,O
Sentence: 3224,আফনে,O
,নিজর,O
,ফরিবার,O
,লইয়া,O
,বইন,O
Sentence: 1603,একগু,O
,বই,B-OBJ
,নিয়া,O
,ওতো,O
,ঘটনা,O
,ঘটি,O
,যাইবো,O
Sentence: 2336,আমার,O
,গুষ্টি,O
,এ,O
,থোমারে,O
,মানতা,O
,না,O
Sentence: 1237,মোর,O
,জামাই,B-REL
,হাসপাতাল,B-ORG
,আইছে,O
,মোর,O
,আব্বারে,B-REL
,দেখাত,O
,নায়,O
,আমারে,O
,নেওয়াত,O
Sentence: 1283,মোর,O
,জামাই,B-REL
,বাসাত,O
,কুনতা,O
,আনলে,O
,সবর,O
,লাগি,O
,লইয়া,O
,আইন,O
Sentence: 1137,মোর,O
,বেমারর,O
,লাগি,O
,মোর,O
,1,O
,বৎসর,O
,গ্যাপ,O
,গেছে,O
Sentence: 423,আফনে,O
,কিতা,O
,বাংলা,O
,সিনেমা,O
,দেখতে,O
,বালা,O
,পাইন,O
,নি,O
Sentence: 576,বৃষ্টির,O
,লাগি,O
,ঢাকাত,B-LOC
,নীন,O
,কান,O
,ও,O
,নামাজ,O
,পড়া,O
,ওইবো,O
,নি,O
Sentence: 804,আমার,O
,আর,O
,বাঁচতে,O
,ইচ্ছা,O
,করে,O
,না,O
,জানোইন,O
,নি,O
Sentence: 3405,আইজ,O
,দুপুর,O
,বেলা,O
,আমরার,O
,দাওয়াত,O
,আছে,O
Sentence: 3349,চাকরি,O
,করইন,O
Sentence: 3143,মনের,O
,কথা,O
,বুঝি,O
,না,O
Sentence: 231,মুই,O
,জানি,O
,আমরার,O
,আর,O
,কুনোদিন,O
,অউ,O
,পারে,O
,একলগে,O
,বই,B-OBJ
,পড়া,O
,অইতো,O
,নায়,O
Sentence: 729,আমি,O
,কিতা,O
,খেচা,O
,মোটা,O
,নি,O
Sentence: 1315,এখটা,O
,ফুয়ায়,O
,যেমন,O
,তার,O
,বাফ,B-REL
,মার,B-REL
,দায়িত্ব,O
,পালন,O
,খরে,O
Sentence: 2762,কিতা,O
,করো,O
Sentence: 2287,আমি,O
,আর,O
,তুমি,O
,একলগে,O
,নাই,O
,আমি,O
,এইটা,O
,মানতে,O
,ফারছি,O
,না,O
Sentence: 1745,আমি,O
,আইজ,O
,কফি,B-FOOD
,খাইছি,O
,না,O
Sentence: 1459,হে,O
,জিন্দেগিতো,O
,ইস্কুলো,B-ORG
,গেছে,O
,না,O
Sentence: 2174,আমার,O
,স্ত্রী,B-REL
,আমারে,O
,ভালা,O
,ফায়,O
,না,O
Sentence: 1092,ফুয়াটায়,B-REL
,বাফ,B-REL
,চাচার,B-REL
,ডরে,O
,বাড়িত,O
,কিচ্চু,O
,কইতো,O
,ফারে,O
,না,O
Sentence: 427,আফনে,O
,কিতা,O
,ইংরেজি,O
,মাত্তে,O
,ফারোইন,O
,নি,O
Sentence: 2675,আমরার,O
,বাড়ি,O
,চাঁদপুর,B-LOC
Sentence: 538,আমি,O
,ঢাকার,B-LOC
,মিরপুর,I-LOC
,ও,O
,থাকি,O
Sentence: 3370,আফনে,O
,কিতা,O
,অন্যান্য,O
,বই,B-OBJ
,পড়ছইন,O
,নি,O
Sentence: 1744,এর,O
,মাঝে,O
,দিয়া,O
,চাকরির,O
,পড়ার,O
,লাগি,O
,বাক্কা,O
,ক্ষতি,O
,ওই,O
,গেলো,O
Sentence: 991,বউত,O
,দিন,O
,বাফ,B-REL
,ওর,O
,বাড়িত,O
,আছলাম,O
Sentence: 49,হে,O
,বাক্কা,O
,আগে,O
,তার,O
,ইস্কুলর,B-ORG
,একটা,O
,ফুড়িরে,O
,ভালা,O
,পাইতো,O
Sentence: 967,আমাত,O
,হাত,O
,ও,O
,বেদনা,O
,করের,O
Sentence: 570,তোমরার,O
,লাগি,O
,কুন্তা,O
,তো,O
,করতেউ,O
,ফারলাম,O
,না,O
,উলটা,O
,পরিবাররে,O
,শেষ,O
,করলাম,O
Sentence: 913,তুমিতাইন,O
,ওর,O
,লগে,O
,আমার,O
,জরুরি,O
,মাত,O
,আছে,O
Sentence: 2818,কিতা,O
,কর,O
Sentence: 2033,আমি,O
,আফনার,O
,ধারো,O
,শিক্ষা,O
,নিতাম,O
,চাই,O
Sentence: 1399,তাইন,O
,বুঝইন,O
,না,O
,তে,O
,আমার,O
,ঠেকা,O
,নি,O
,তানরে,O
,বুঝানির,O
Sentence: 1988,তর,O
,নাম,O
,কিতা,O
Sentence: 3053,গাড়ি,B-OBJ
,ওগুর,O
,রঙ,B-COL
,অইল,O
,লাল,B-COL
Sentence: 1031,মোর,O
,আব্বা,B-REL
,আম্মা,B-REL
,অনেখ,O
,বার,O
,মাফ,O
,চাইছিল,O
Sentence: 1694,আরেহ,O
,এর,O
,মাঝেউ,O
,দেখি,O
,বিজয়,O
,ওর,O
,মিছিল,O
,আরম্ব,O
,ওই,O
,গেছে,O
Sentence: 2418,আমারে,O
,দয়া,O
,খরিয়া,O
,ফয়সালা,O
,দেওক্কা,O
,আমি,O
,কিতা,O
,করতে,O
,পারি,O
Sentence: 2502,আমি,O
,ওবায়,O
,যাইতাম,O
,না,O
Sentence: 2896,তাইন,O
,বাক্কা,O
,লম্বা,O
Sentence: 733,তুমিতাইন,O
,যে,O
,সুন্দর,O
,দেখিয়ার,O
Sentence: 147,সত্তিকারর,O
,ভালোবাসা,O
,খালি,O
,ভালাপাওয়া,O
,মানুষটারে,O
,সুখী,O
,করতো,O
,চায়,O
,তার,O
,থাকি,O
,কুনো,O
,প্রতিদান,O
,আশা,O
,করে,O
,না,O
Sentence: 1845,আম্মা,B-REL
,ঝাড়ু,B-OBJ
,দিয়া,O
,ঘরটা,O
,পরিস্কার,O
,করছইন,O
Sentence: 243,মুই,O
,তো,O
,বাফ,B-REL
,মুই,O
,মোর,O
,ফুড়ির,B-REL
,মুকর,O
,দিকে,O
,চাইয়া,O
,বহুত্তা,O
,বুজতাম,O
,ফারি,O
Sentence: 3422,তুমাইতাইন,O
,গান,O
,গাইতে,O
,ফারতায়,O
,না,O
Sentence: 836,পার্টিত,O
,গিয়া,O
,সুন্দরী,O
,ওকলতোর,O
,লগে,O
,ফুংগামি,O
,করিয়া,O
,আও,O
Sentence: 1461,মোর,O
,জামাই,B-REL
,হুরুকালো,O
,তান,O
,মারে,B-REL
,আরাইছইন,O
Sentence: 2370,তোমার,O
,বিয়ার,O
,জীবন,O
,সুখর,O
,অইক,O
Sentence: 1185,তারার,O
,চাওয়া,O
,না,O
,চাওয়ার,O
,গুরুত্ব,O
,দেইন,O
Sentence: 2266,এই,O
,মাসো,O
,ফুয়া,B-REL
,তার,O
,পরিবার,O
,নিয়া,O
,ফাকানিত,O
,যাওয়ার,O
,কথা,O
Sentence: 2625,হাছারে,O
,বা,O
,আমার,O
,গাও,O
,জ্বর,O
Sentence: 2676,আমরার,O
,বাড়ি,O
,যশোর,B-LOC
Sentence: 2135,ফুয়াটারে,O
,মোর,O
,একদমই,O
,ভালা,O
,লাগে,O
,নাই,O
Sentence: 905,ভিডিও,O
,বানানির,O
,কিতা,O
,দরকার,O
,আছিল,O
Sentence: 1552,বই,B-OBJ
,ওগু,O
,ফাওয়া,O
,যায়,O
,কি,O
,না,O
Sentence: 2402,আমি,O
,যে,O
,ফুয়ারে,O
,ভালা,O
,ফাই,O
,ইগুয়ে,O
,আমার,O
,ফেমিলিরে,O
,সম্মান,O
,দেয়,O
,না,O
Sentence: 1716,তাইন,O
,আমার,O
,মাত,O
,ওর,O
,জবাবে,O
,আস্তে,O
,করি,O
,ওয়,O
,কইলা,O
Sentence: 3125,হে,O
,আমারে,O
,অফমান,O
,করে,O
Sentence: 3327,গলা,O
,খুব,O
,ভালা,O
Sentence: 1516,উপহার,O
,দিতে,O
,বউত,O
,ওর,O
,বালা,O
,লাগে,O
Sentence: 46,হে,O
,ইস্কুলো,B-ORG
,গিয়া,O
,বন্ধুরার,B-REL
,লগে,O
,গফ,O
,করে,O
Sentence: 3416,একগু,O
,উপহার,B-OBJ
,দিছে,O
Sentence: 50,ফুয়াাটায়,O
,তার,O
,গাউর,B-LOC
,ছুটো,O
,এখটা,O
,ইস্কুল,B-ORG
,থাকি,O
,পড়িয়া,O
,এসএসসি,O
,পাশ,O
,খরছে,O
Sentence: 801,কিন্তু,O
,আইজ,O
,পর্যন্ত,O
,আমার,O
,জামাইয়ে,B-REL
,আমারে,O
,খোঁচা,O
,মারিয়া,O
,মাতছে,O
,না,O
Sentence: 1114,মুই,O
,এখটা,O
,বিরাট,O
,সমস্যাত,O
,পড়ছি,O
,দয়া,O
,খরি,O
,খেউ,O
,হাসাহাসি,O
,খরবা,O
,না,O
Sentence: 3020,ফুরিতায়,O
,শারি,B-OBJ
,পিন্দিয়া,O
,মর,O
,লগে,O
,দেখা,O
,করাত,O
,আইছিল,O
Sentence: 2417,আমার,O
,লগে,O
,তার,O
,ফরিচয়,O
,অইছে,O
,তার,O
,ইস্কলো,B-ORG
,গিয়া,O
Sentence: 2348,আমার,O
,বান্ধুবির,B-REL
,ছোট,O
,এখটা,O
,বিলাই,B-ANI
,আছে,O
Sentence: 1741,ওউ,O
,মুগ্ধতাত,O
,ডুবি,O
,থাকতে,O
,চাই,O
,হারা,O
,জীবন,O
Sentence: 69,বাক্কাদিন,O
,বাদে,O
,এখটা,O
,ভালা,O
,ছবি,O
,দেখলাম,O
Sentence: 1737,কুন্তা,O
,লইয়া,O
,আমার,O
,রাগ,O
,থাকলে,O
,আমি,O
,কুন্তা,O
,মাতলেও,O
,তাইন,O
,চুপ,O
,করি,O
,থাকিয়া,O
,আমারে,O
,বুঝাইন,O
Sentence: 3051,গতকাইল,O
,চুরি,O
,অই,O
,গেছে,O
Sentence: 1948,বহুতে,O
,কইন,O
,পেরেম,O
,করলে,O
,মানুষ,O
,বুকা,O
,অই,O
,যাইন,O
Sentence: 866,হউ,O
,বেটি,O
,আর,O
,হে,O
,মিলিয়া,O
,আমারে,O
,গালাগালি,O
,করতে,O
,থাকে,O
Sentence: 430,আফনে,O
,কিতা,O
,বাংলা,O
,নাটক,O
,দেখতে,O
,ফারোইন,O
,নি,O
Sentence: 2742,ক্রিকেট,O
,খেলুম,O
Sentence: 2769,তোমারে,O
,ওখান,O
,থাকি,O
,যাইতে,O
,কইছি,O
Sentence: 1174,মোর,O
,বউ,B-REL
,মোর,O
,থাকি,O
,বয়সে,O
,আট,O
,বৎসরর,O
,ছুটো,O
Sentence: 1703,গুটা,O
,পাকলে,O
,কান,O
,ও,O
,পাকে,O
Sentence: 1075,আশা,O
,কররাম,O
,হখলতা,O
,সমাধান,O
,অইবো,O
Sentence: 1647,তাঁইন,O
,ওর,O
,বয়স,O
,কমবেশি,O
,সত্তইর,O
,বছর,O
Sentence: 1068,অবশ্যই,O
,আফনে,O
,নিয়মিত,O
,নামাজ,O
,পড়িয়া,O
,আল্লার,O
,টাইন,O
,শান্তি,O
,প্রার্থনা,O
,খরতা,O
,পারইন,O
Sentence: 1887,আইজকে,O
,স্কুলে,B-ORG
,তোমাদের,O
,কি,O
,কি,O
,ফড়াইছন,O
Sentence: 845,ইতা,O
,তেল,O
,আমারে,O
,মারিও,O
,না,O
,অসইহ্য,O
,লাগে,O
Sentence: 1861,কাচা,B-FOOD
,আমের,I-FOOD
,শরবত,I-FOOD
,অনেক,O
,টেংগা,O
Sentence: 3403,কতো,O
,তারিখ,O
Sentence: 545,তারে,O
,কাজল,B-OBJ
,দিলে,O
,বাক্কা,O
,বালা,O
,লাগে,O
Sentence: 435,তুই,O
,আমার,O
,লগে,O
,একটা,O
,গান,O
,গাইতে,O
,ফারবে,O
,নি,O
Sentence: 1936,মুই,O
,তুমার,O
,বাড়িত,O
,পাখানিত,O
,আইমু,O
Sentence: 737,হকল,O
,ওউ,O
,হারাই,O
,যায়,O
Sentence: 3336,তুমাইতাইন,O
,ওর,O
,খেলা,O
,কিলা,O
,লাগে,O
Sentence: 2409,তারার,O
,ফেমিলিগত,O
,ভাবে,O
,বিয়া,O
,অইছে,O
Sentence: 2643,ঘুমাও,O
,কিতার,O
,লাগি,O
Sentence: 24,হে,O
,আমারে,O
,অপমান,O
,করে,O
Sentence: 795,মাইনষরে,O
,দেখানি,O
,শেষ,O
,না,O
,নি,O
Sentence: 229,তুমার,O
,ফচন্দর,O
,বাক্কা,O
,কয়টা,O
,বই,B-OBJ
,কিনছি,O
Sentence: 3451,আমি,O
,তারে,O
,ভালা,O
,ফাই,O
Sentence: 3465,যাওয়ার,O
,সময়,O
,কোনানো,O
,গেছলে,O
Sentence: 1123,তাইর,O
,লগে,O
,পরিচয়,O
,তাইরে,O
,প্রাইভেট,O
,পড়ানিত,O
,গিয়া,O
Sentence: 1258,মোর,O
,বাফ,B-REL
,ভাই,B-REL
,বইন,B-REL
,খেউ,O
,নাই,O
Sentence: 851,আমার,O
,ওনো,O
,ধরা,O
,খাওয়া,O
,বাদেও,O
,হাছা,O
,না,O
,মাতিয়া,O
,আবার,O
,আমার,O
,গাত,O
,হাত,O
,তুলে,O
Sentence: 183,এখন,O
,পর্যন্ত,O
,ভালা,O
,লাগে,O
,গানটা,O
Sentence: 1922,বাক্কা,O
,রাইত,O
,অই,O
,গেছে,O
,এখন,O
,গুমাই,O
,যাও,O
Sentence: 1584,তাইন,O
,কিতা,O
,লইয়া,O
,মাতাত,O
,আছলা,O
Sentence: 2302,আমার,O
,খুব,O
,ডর,O
,লাগের,O
,কোনদিন,O
,মুই,O
,নি,O
,কিডন্যাপ,O
,অইনি,O
,যাই,O
Sentence: 3033,ওবায়,O
,যাইতাম,O
,না,O
Sentence: 553,কিন্তু,O
,আমিতো,O
,তুমিতাইন,O
,ওর,O
,লগে,O
,যাইতাম,O
,নায়,O
Sentence: 678,আম,B-FOOD
,ফলটা,I-FOOD
,আমার,O
,সব,O
,তাকি,O
,বেশি,O
,বালা,O
,লাগে,O
Sentence: 2003,কেউ,O
,তারে,O
,বালা,O
,পাইতো,O
,না,O
Sentence: 1995,আমরা,O
,হখল,O
,একলগে,O
,হাসি,O
,খুশিয়ে,O
,সময়,O
,কাটাই,O
Sentence: 385,বাক্কা,O
,রাশিয়ান,O
,শব্দ,O
,হিকছিলাম,O
Sentence: 3191,বন্ধু,B-REL
,মোর,O
,লাগি,O
,লাল,B-COL
,শাড়ি,B-OBJ
,কিনিয়া,O
,দিছে,O
Sentence: 1311,মোর,O
,হউরবাড়ির,O
,মাইনশে,O
,ইতা,O
,এখেবারেউ,O
,ফছন্দ,O
,খরে,O
,না,O
Sentence: 1432,হেও,O
,মোর,O
,প্রতি,O
,দুর্বল,O
,অই,O
,গেছিল,O
Sentence: 1493,মুই,O
,কাইলকু,O
,ইস্কুল,B-ORG
,আইছি,O
,না,O
Sentence: 431,আফনে,O
,কিতা,O
,কোন,O
,কবিতা,O
,লেখতা,O
,ফারোইন,O
,নি,O
Sentence: 994,এখ,O
,পর্যায়ে,O
,এমন,O
,অবস্থা,O
,খরে,O
,যেন,O
,মুইও,O
,দুর্বল,O
,অই,O
,গেছলাম।,O
Sentence: 1619,যে,O
,বড়,O
,বড়,O
,গাছ,O
Sentence: 2169,আমাকে,O
,পরিক্ষার,O
,আগে,O
,হকল,O
,কিছু,O
,নিয়া,O
,ফড়ালেখা,O
,করত,O
,অইবো,O
Sentence: 2244,তোমারে,O
,নিয়া,O
,সুখের,O
,পৃথিবী,B-LOC
,সাজাতে,O
,চাই,O
Sentence: 1177,টুকিটাকি,O
,টিউশনি,O
,খরিয়া,O
,যেটুক,O
,আয়,O
,অয়,O
,ইতা,O
,দিয়া,O
,নিজোর,O
,হাত,O
,খরচা,O
,অউ,O
,ঠিকমতো,O
,চলে,O
,না,O
Sentence: 3417,উপহার,B-OBJ
,দিছে,O
Sentence: 3147,তুমার,O
,লাগি,O
,আমার,O
,খুব,O
,কষ্ট,O
,অয়,O
Sentence: 3048,আময়ার,O
,গাড়ি,B-OBJ
,ওগু,O
,গতকাইল,O
,চুরি,O
,অই,O
,গেছে,O
Sentence: 2342,আমার,O
,বড়,B-REL
,ভাই,I-REL
,এইন,O
,রাগি,O
,মানুষ,O
Sentence: 3021,লাল,B-COL
,রংগর,I-COL
,শারি,B-OBJ
Sentence: 62,এখটা,O
,হুরু,O
,মনা,O
,ফুটপাতো,B-LOC
,আটের,O
Sentence: 555,তুমিতাইন,O
,ওর,O
,বালা,O
,না,O
,লাগলে,O
,কুন্তা,O
,করার,O
,নাই,O
Sentence: 66,ইস্কুল,B-ORG
,জীবন,O
,থাকি,O
,তারার,O
,পিরিত,O
,আছিল,O
Sentence: 2012,আফনারে,O
,কিলা,O
,সাহায্য,O
,করতাম,O
,ফারি,O
Sentence: 353,হেঙ্গার,O
,বাদে,O
,মুটা,O
,অইবা,O
,অলা,O
,সফনো,O
,লইয়া,O
,বাঁচিয়া,O
,আছইন,O
,হাজার,O
,হাজার,O
,রাগ,O
,ফুড়িন,O
Sentence: 434,তুই,O
,কিতা,O
,ওউ,O
,বই,B-OBJ
,ওগু,O
,পড়তে,O
,ফারোস,O
,নি,O
Sentence: 47,হে,O
,ইস্কুলর,B-LOC
,মাঠো,I-LOC
,ফত্তেকদিন,O
,ক্রিকেট,O
,খেলায়,O
Sentence: 2708,উঠি,O
,যাইও,O
Sentence: 1862,সরিষার,B-FOOD
,তেল,B-FOOD
,দিয়া,O
,ঝাল,B-FOOD
,মুরি,I-FOOD
,বানাও,O
Sentence: 1336,মোর,O
,সম্পর্কের,O
,৪,O
,বৎসর,O
,অই,O
,যার,O
Sentence: 3093,টুপিয়ালা,B-ROLE
,আছিল,O
Sentence: 2198,আমার,O
,মনের,O
,ভালোবাসা,O
,চিরদিন,O
,তোমার,O
,লাগি,O
,থাইকা,O
,যাইবো,O
Sentence: 2107,আমি,O
,ওগুর,O
,নাম,O
,জানি,O
Sentence: 2161,ফুড়িটা,O
,এখইন,O
,সিলট,B-LOC
,যাইবা,O
Sentence: 2829,আপেল,B-FOOD
,আমার,O
,পছন্দ,O
Sentence: 2309,ফুয়াটা,O
,গাড়ির,B-OBJ
,নিছে,O
,ফরিয়া,O
,মারা,O
,গেছে,O
Sentence: 2049,আমি,O
,বউত,O
,খুশি,O
Sentence: 1437,হে,O
,কইছিল,O
,সমস্যা,O
,নাই,O
Sentence: 2924,অবাক,O
,ওই,O
,গেছলাম,O
Sentence: 2949,ডাক্তার,B-ROLE
,না,O
,হসাই,B-ROLE
Sentence: 2027,আমি,O
,আফনার,O
,তাকি,O
,পরামর্শ,O
,চাইয়ার,O
Sentence: 833,বউয়ে,B-REL
,মেকআপ,O
,তুলিয়া,O
,তুলিয়া,O
,যাইরাম,O
,ওউ,O
,না,O
,আইজ,O
Sentence: 3413,আইজ,O
,জন্মদিন,O
Sentence: 3089,অনো,O
,লইয়া,O
,চলো,O
Sentence: 1037,আরখ,O
,জাগাত,O
,বিয়া,O
,খরিয়া,O
,ভালা,O
,থাখবায়,O
,ইতা,O
,কিলা,O
,অয়,O
Sentence: 136,ভালোবাসা,O
,ফাওয়ার,O
,চাইতে,O
,ভালোবাসা,O
,দেওয়াত,O
,অউ,O
,বেশি,O
,আনন্দ,O
Sentence: 2377,আমার,O
,আম্মু,B-REL
,এ,O
,আমরারে,O
,বহুত,O
,কষ্ট,O
,করিয়া,O
,বড়,O
,করছইন,O
Sentence: 2382,আমি,O
,আর,O
,আমার,O
,ছুট,B-REL
,বইন,I-REL
,আজকে,O
,খালাম্মার,B-LOC
,বাসাত,I-LOC
,ঘুরাত,O
,যাইরাম,O
Sentence: 3300,মেধাবী,O
,আছিলাম,O
Sentence: 2970,আমার,O
,ঠান্ডা,O
,লাগছে,O
Sentence: 1588,সব,O
,মাইনষের,O
,ভাষা,O
,এক,O
,লাকান,O
,নায়,O
Sentence: 2143,আমার,O
,বেরাইতে,O
,অনেক,O
,ভালা,O
,লাগে,O
Sentence: 598,মন,O
,বালা,O
,করার,O
,লাগি,O
,তোমরা,O
,কিতা,O
,কর,O
Sentence: 1232,অউ,O
,ফুড়ি,O
,রীতিমতো,O
,মোর,O
,ভাই,B-REL
,আর,O
,আম্মারে,B-REL
,খষ্ট,O
,দের,O
Sentence: 3392,হেরার,O
,মাঝে,O
,মিল,O
,আছিলো,O
,না,O
Sentence: 844,সবুজ,B-COL
,রঙ,I-COL
,ওর,O
,শাড়ি,B-OBJ
,কিতা,O
,তোমার,O
,এক্স,O
,কোনো,O
,বান্ধোবীর,B-REL
,পছন্দ,O
,আছিল,O
,নি,O
Sentence: 120,অউ,O
,দুনিয়াত,B-LOC
,ভালা,O
,লাগার,O
,মানুষরারে,O
,ছাড়া,O
,বাছিয়া,O
,থাকা,O
,কষ্টর,O
,কিন্তুক,O
,অসম্ভব,O
,কিচ্ছু,O
,নায়,O
Sentence: 453,কলকাতা,B-LOC
,মোহনবাগান,B-ORG
,ওর,I-ORG
,ফুটবল,I-ORG
,দল,I-ORG
,বাক্কা,O
,জনপ্রিয়,O
Sentence: 2048,তুমিতাইন,O
,কিতা,O
,বাংলা,O
,গান,O
,হুনতায়,O
,ফারো,O
,নি,O
Sentence: 2578,আমি,O
,তারে,O
,কইলাম,O
Sentence: 2664,এখটা,O
,সাদা,B-COL
,রঙ্গের,I-COL
,শার্ট,B-OBJ
Sentence: 3130,শুক্রবার,O
,আম্মায়,B-REL
,থিক,O
,কথাউ,O
,কইছলা,O
Sentence: 550,আফনে,O
,যে,O
,ফুয়ারে,O
,বালা,O
,ফাইন,O
,ওউ,O
,ফুয়া,O
,ওগুয়ে,O
,কিতা,O
,আফনারে,O
,বালা,O
,ফায়,O
,নি,O
Sentence: 2318,তোমাকে,O
,ছোট,B-REL
,ভাইয়র,I-REL
,জন্মদিন,O
,খবে,O
Sentence: 3361,মাছ,B-FOOD
,খাইতে,O
,বেশি,O
,ভালা,O
,লাগে,O
Sentence: 3262,মোর,O
,পরিবারের,O
,খতা,O
,কইতাম,O
,চাই,O
Sentence: 2489,আমার,O
,বড়,B-REL
,বোইনটা,I-REL
,কাচা,B-FOOD
,আমর,I-FOOD
,শরবত,I-FOOD
,খাইতে,O
,খুব,O
,ভালাফায়,O
Sentence: 1161,আমরা,O
,ফুড়িরে,O
,লইয়া,O
,ফুয়ার,O
,বাসাত,O
,যাই,O
Sentence: 115,চকুর,O
,কান্দা,O
,মুছাইয়া,O
,দিমু,O
,তুমারে,O
,হাসি,O
Sentence: 1833,জামরুল,B-FOOD
,মোর,O
,প্রিয়,O
,ফল,B-FOOD
Sentence: 2218,আফনি,O
,যে,O
,মানুষটাকে,O
,ভালাফাইবেন,O
,তাকে,O
,যদি,O
,না,O
,বুঝবার,O
,ফারইন,O
,তাহলে,O
,আফনার,O
,এই,O
,প্রেমের,O
,কোনো,O
,অর্থ,O
,নাই,O
Sentence: 2199,জীবনে,O
,একলা,O
,একলা,O
,ফথ,O
,চলা,O
,অনেক,O
,কঠিন,O
Sentence: 3065,আমার,O
,বইনে,B-REL
,আমারে,O
,খুব,O
,ভালা,O
,ফায়,O
Sentence: 541,হে,O
,তার,O
,পরিবাররে,O
,যে,O
,বালা,O
,ফায়,O
Sentence: 2492,আমার,O
,স্কুলে,B-ORG
,কোনতা,O
,খেলার,B-LOC
,মাঠ,I-LOC
,নাই,O
Sentence: 2222,তুমি,O
,কখনোই,O
,ফারবা,O
,না,O
,অন্য,O
,কারও,O
,ভালুবাসাকে,O
,ছিনিয়া,O
,নিতে,O
Sentence: 2862,আমার,O
,সকালকু,O
,খাইতে,O
,ভালা,O
,লাগে,O
Sentence: 1542,তুমিতাইন,O
,রে,O
,একটা,O
,উপহার,O
,দিতাম,O
,চাই,O
Sentence: 3427,ভালা,O
,মানুষ,O
Sentence: 2337,আপ্নারে,O
,ছাড়া,O
,আমার,O
,বান্ধবী,B-REL
,ভালা,O
,নায়,O
Sentence: 1917,তুমি,O
,কিতা,O
,অউ,O
,বইটা,B-OBJ
,পড়তায়,O
,চাও,O
,নি,O
Sentence: 254,মুই,O
,সাত,O
,মাস,O
,পিরিত,O
,খরি,O
,এখজনরে,O
,বিয়া,O
,খরছি,O
Sentence: 2440,শিশুটা,O
,একটা,O
,মুরগীর,B-ANI
,বাচ্চা,I-ANI
,কোলো,O
,নিছইন,O
Sentence: 3047,শুক্রবার,O
,আম্মায়,O
,হেদিন,O
,থিক,O
,কথাউ,O
,কইছলা,O
Sentence: 1526,ওখন,O
,ঘর,O
,ও,O
,ঘর,B-OBJ
,ও,O
,টিভি,O
,দেখা,O
,যায়,O
Sentence: 1549,হে,O
,লাগের,O
,পড়ার,O
,লাগি,O
,ওউ,O
,নিছে,O
Sentence: 822,আমি,O
,তো,O
,আসলে,O
,কুন্তাউ,O
,পারি,O
,না,O
Sentence: 3042,আম,B-FOOD
,খাইছিল,O
Sentence: 1199,কুিন্তু,O
,তাই,O
,তাইর,O
,মন,O
,মতোউ,O
Sentence: 1797,ফ্লোর,O
,ইতা,O
,মার্বেল,B-OBJ
,পাতথর,I-OBJ
,দিয়া,O
,বানাইল,O
Sentence: 2839,হাছা,O
,কৌকা,O
Sentence: 1976,অউ,O
,পাঁচ,O
,মাসে,O
,ফুয়া,O
,তার,O
,পরিবার,O
,লইয়া,O
,ফুড়ির,O
,বাসায়,O
,যায়,O
,না,O
Sentence: 426,আফনে,O
,কিতা,O
,ওনো,O
,থাকতে,O
,ফারবা,O
,নি,O
Sentence: 1418,আম্মা,B-REL
,খালা,B-REL
,লেখাপড়ার,O
,লাগি,O
,ঢাকাত,B-LOC
,ফিরার,O
,লাগি,O
,কইবা,O
,মুই,O
,যাইতাম,O
,ফারতাম,O
,নায়,O
Sentence: 1829,আম্মা,B-REL
,ফাগঘর,O
,সালম,B-FOOD
,রান্দা,O
,কররা,O
Sentence: 1558,হে,O
,রাইত,O
,ওর,O
,ট্রেইনে,B-OBJ
,রাজশাহী,B-LOC
,তনে,O
,রওয়ানা,O
,দিছিল,O
Sentence: 950,আমি,O
,অসুস্থ,O
,ওই,O
,গেছলাম,O
Sentence: 1831,উরি,B-FOOD
,ভাজি,I-FOOD
,মোর,O
,ফছন্দ,O
,সবজি,B-FOOD
Sentence: 1610,তে,O
,আমি,O
,কিতা,O
,করতাম,O
Sentence: 2224,আগামীকাল,O
,সকালবেলা,O
,তাদেরকে,O
,দেখতে,O
,ফারবা,O
Sentence: 1103,মুই,O
,এখন,O
,অউ,O
,বিয়া,O
,করিলতাম,O
,চাই,O
Sentence: 227,তুমি,O
,ছাড়া,O
,সময়টারে,O
,নিজরার,O
,মতো,O
,খরিয়া,O
,গুছাইয়া,O
,লউয়ার,O
,চেষ্টা,O
,খরিয়ার,O
Sentence: 630,তোমরা,O
,হক্কল,O
,ওর,O
,দোয়া,O
,চাই,O
Sentence: 377,যদি,O
,মুই,O
,ভুল,O
,খরি,O
,তাইলে,O
,মোরে,O
,শুধরাইয়া,O
,দিবা,O
Sentence: 1565,ওখান,O
,তিনে,O
,বড়,B-REL
,বইনে,I-REL
,কিছু,O
,সফরি,B-FOOD
,কিনছিল,O
Sentence: 1712,কথা,O
,ওগু,O
,তোমরা,O
,কেউর,O
,ওউ,O
,বিশ্বাস,O
,ওইতো,O
,নায়,O
Sentence: 121,খেউরু,O
,লাগি,O
,খেউরুর,O
,জীবন,O
,থামিয়া,O
,থাকে,O
,না,O
Sentence: 1826,মুই,O
,তেতুল,B-FOOD
,মোর,O
,রক্ত,O
,ফানি,O
,অই,O
,যায়,O
Sentence: 2211,আমার,O
,বন্ধুর,B-REL
,খুব,O
,বিতর,O
,খারাফ,O
Sentence: 2576,আইয়ুস,O
Sentence: 1774,হকলরে,O
,স্বাগতম,O
Sentence: 515,ওখন,O
,যদি,O
,তুমিতাইন,O
,গান,O
,গাও,O
,তে,O
,চাষিয়ে,B-ROLE
,হুনতে,O
,ফারবো,O
Sentence: 703,বৃষ্টির,O
,দিনও,O
,রিক্সাত,B-OBJ
,ঘুরতে,O
,যে,O
,বালা,O
,লাগে,O
Sentence: 3475,কিতা,O
,খাওন,O
,ইগু,O
Sentence: 1402,খেউরে,O
,নিজর,O
,লাখান,O
,বানাইতে,O
,অইলে,O
,আগে,O
,মুই,O
,তার,O
,লাখান,O
,অওয়া,O
,লাগবো,O
Sentence: 2910,কেক,B-FOOD
,ভালা,O
,না,O
Sentence: 2678,কই,O
,যাও,O
Sentence: 122,খেউররে,O
,খুব,O
,বেশি,O
,ভালাপাওয়ার,O
,মাঝে,O
,এখ,O
,ধরনর,O
,দুর্বলতা,O
,আছে,O
Sentence: 684,তুমিতাইন,O
,কত,O
,বয়সও,O
,বিয়া,O
,করবায়,O
Sentence: 3310,আমার,O
,ভালা,O
,লাগে,O
Sentence: 965,আমি,O
,আইতাম,O
,নায়,O
Sentence: 1112,পন্ডো,O
,দিনর,O
,মাঝে,O
,আমরার,O
,বিয়া,O
,অইলো,O
Sentence: 369,নিজোরে,O
,কুনোসময়,O
,বাওটা,O
,ভাববা,O
,না,O
,মনো,O
,রাখবা,O
,আফনার,O
,শরীলর,O
,রখতো,O
,দিয়া,O
,হাজার,O
,মশার,B-ANI
,সংসার,O
,চলের,O
Sentence: 3378,আমি,O
,একজন,O
,সরকারি,B-ROLE
,কর্মকর্তা,I-ROLE
Sentence: 1109,তর,O
,বড়,B-ROLE
,ভাইরেউ,I-ROLE
,বিয়া,O
,খরা,O
,লাগবো,O
,এখন,O
Sentence: 2127,তোমার,O
,আব্বা,B-REL
,বালা,O
,আছইন,O
,নি,O
Sentence: 3221,বই,B-OBJ
,কিনছি,O
Sentence: 2353,তোমারে,O
,জোড়,O
,করিয়া,O
,বিয়া,O
,দেওয়া,O
,অইছিল,O
Sentence: 1501,ঠিক,O
,ওইলো,O
,হকলে,O
,মিলিয়া,O
,ওনো,O
,যাইমু,O
Sentence: 2638,তুমারে,O
,চাল্ল,O
,দিতাম,O
Sentence: 2899,আমি,O
,ঠিক,O
,আছি,O
Sentence: 3136,মুই,O
,আইজ,O
,বিয়ানে,O
,ফুটবল,B-OBJ
,খেলাইছি,O
Sentence: 2937,হাতও,O
,বেদনা,O
Sentence: 458,আর্জেন্টিনা,B-ORG
,ওইলো,O
,আমার,O
,পছন্দের,O
,ফুটবল,B-ORG
,দল,I-ORG
Sentence: 2219,আফনি,O
,নিজে,O
,অসুখী,O
,হয়ে,O
,কিলা,O
,অন্যকে,O
,ভালোবাসিয়া,O
,সুখী,O
,করবা,O
Sentence: 393,ইতার,O
,ফত্তেকদিন,O
,একলগে,O
,খেলানি,O
,পছন্দ,O
,আছিল,O
Sentence: 2914,একলা,O
,আচলাম,O
Sentence: 2916,আমার,O
,লগে,O
,থাকৌকা,O
Sentence: 1271,খেউরো,O
,মাত,O
,তাইন,O
,হুনোইন,O
,না,O
Sentence: 2065,বন,B-LOC
,ওর,O
,মাঝে,O
,একগু,O
,ছোট,O
,জেগাত,O
,তারা,O
,তিন,B-REL
,ভাই,O
,একলগে,O
,থাকতাও,O
Sentence: 3345,কিতা,O
,করইন,O
Sentence: 144,নিজে,O
,অসুখী,O
,অইয়া,O
,অইন্যরে,O
,ভালোবাসিয়া,O
,সুখী,O
,খরা,O
,যায়না,O
Sentence: 2846,সোকাইলকু,O
,নাস্তা,B-FOOD
,খাইয়া,O
,বাদে,O
,স্কুল,B-ORG
,ও,O
,যাই,O
Sentence: 1429,এরবাদে,O
,মুই,O
,আবার,O
,ভুল,O
,করছিলাম,O
Sentence: 1706,বউত,O
,দূর,O
,ওর,O
,রাস্তা,O
Sentence: 411,আমার,O
,লাগের,O
,আমরার,O
,ওনোউ,O
,শেষ,O
,করা,O
,উচিত,O
Sentence: 89,তুমি,O
,কইরায়,O
,যে,O
,থাকার,O
,হে,O
,এমনেউ,O
,থাকি,O
,যাইবো,O
Sentence: 2713,স্কুল,B-ORG
,ও,O
,যাই,O
Sentence: 528,তুমিতাইন,O
,কিতা,O
,চাকরি,O
,করছো,O
,নি,O
Sentence: 438,তুই,O
,আমার,O
,লাগি,O
,কিতা,O
,বালা,O
,ফাইবে,O
,নি,O
Sentence: 847,বউ,B-REL
,ওর,O
,তাকি,O
,তুমিতাইনরে,O
,বেশি,O
,সুন্দর,O
,লাগলে,O
,তো,O
,সমস্যা,O
Sentence: 416,চলোউকা,O
,পড়ি,O
Sentence: 1323,আইজকু,O
,রাইত,O
,আব্বা,B-REL
,আখতা,O
,বেমার,O
,পড়ায়,O
,খবর,O
,হুনিয়া,O
,হাসপাতাল,O
,আইলাম,O
Sentence: 2778,হাইঞ্জাবালা,O
,কাজ,O
,করো,O
Sentence: 2057,আফনে,O
,কিতা,O
,গান,O
,হুনতে,O
,বালা,O
,ফাইন,O
,নি,O
Sentence: 2696,ফুরুত্তা,O
,কান্দের,O
,খানি,O
,খাওয়াও,O
Sentence: 3365,কিতা,O
,করার,O
,ওখন,O
Sentence: 776,আমি,O
,তোমারে,O
,বালা,O
,ফাই,O
,না,O
Sentence: 691,তুমিতাইন,O
,কিতা,O
,খাইতে,O
,বালা,O
,ফাও,O
Sentence: 3352,মাংস,B-FOOD
,বেশি,O
,ভালা,O
,লাগে,O
Sentence: 2581,দরকার,O
,আছিল,O
Sentence: 1910,কুনো,O
,এখদিন,O
,ফুয়াটা,O
,ফুড়িটারে,O
,ভালা,O
,পাইবো,O
,কিবা,O
Sentence: 1250,বাক্কা,O
,পরিচিত,O
,লোকজন,O
,আছইন,O
Sentence: 1105,দয়া,O
,খরি,O
,তুমি,O
,তুমার,O
,পরিবারর,O
,ফছন্দে,O
,বিয়া,O
,খরি,O
,লাও,O
Sentence: 3473,মনো,O
,থাকবো,O
,তোমার,O
,কথা,O
Sentence: 1291,আম্মা,B-REL
,অতা,O
,দেকিয়া,O
,খুব,O
,খষ্ট,O
,পাইরা,O
,যেহেতু,O
,মোর,O
,আব্বা,B-REL
,নাই,O
Sentence: 736,আমার,O
,বিয়াত,O
,দাওয়াত,O
,রইলো,O
Sentence: 2010,আমরা,O
,কিতার,O
,লাগি,O
,যাইয়ার,O
,না,O
Sentence: 664,চলো,O
,তে,O
,একলগে,O
,গান,O
,গাই,O
Sentence: 2684,ভালা,O
,লাগে,O
,নানি,O
Sentence: 1303,মুই,O
,চাইয়ার,O
,আলেদা,O
,বাসাত,O
,যাইতাম,O
,গিয়া,O
,আমরা,O
Sentence: 1663,হকল,O
,কাম,O
,তো,O
,উলটপালট,O
,ওইরো,O
,না,O
Sentence: 1188,আইজ,O
,মোরে,O
,কয়,O
,মুই,O
,বুলে,O
,তাইর,O
,উপযুক্ত,O
,নায়,O
Sentence: 1775,খেরাসিন,O
,তেলর,O
,দাম,O
,কমি,O
,যাওয়ায়,O
,অক্টোবরো,O
,চাহিদা,O
,বাক্কা,O
,বাড়ছিল,O
Sentence: 3198,মোর,O
,লাগি,O
,এখটা,O
,লাল,B-COL
,গোলাপ,B-OBJ
,কিনিয়া,O
,দিছে,O
Sentence: 198,যেসময়,O
,গান,O
,গুতা,O
,নয়া,O
,বারইছিল,O
,হেসময়,O
,বাক্কা,O
,হুনছি,O
Sentence: 280,হে,O
,বিয়া,O
,খরি,O
,সুখী,O
,অইতো,O
,চায়,O
Sentence: 1608,বড়,B-REL
,বইন,I-REL
,ওর,O
,লাগি,O
,কিছু,O
,সফরি,B-FOOD
,কিনলো,O
Sentence: 2840,তুমিতাইন,O
,ঘুম,O
,তনে,O
,জলদি,O
,উঠি,O
,যাইও,O
Sentence: 872,আফনারার,O
,ধারো,O
,কিছু,O
,ভালা,O
,উপায়,O
,নেওয়াত,O
,আইলাম,O
Sentence: 1370,কিতা,O
,খরা,O
,উছিত,O
,অলা,O
,পরিস্থিতিত,O
Sentence: 911,তুমিতাইন,O
,ওতো,O
,ঘুমাও,O
,কিতার,O
,লাগি,O
Sentence: 506,সকাইলকুর,O
,শুরু,O
,তাকি,O
,পড়ালেখা,O
,করা,O
,বালা,O
Sentence: 1338,তাইন,O
,দেশোর,B-LOC
,বাইরে,O
,থাকইন,O
,খুব,O
,ঘন,O
,ঘন,O
,আওয়া,O
,যাওয়া,O
,খরতা,O
Sentence: 1032,যেতা,O
,অউয়ার,O
,অই,O
,গেছে,O
,তুমার,O
,খতাউ,O
,মানলাম,O
,আমরার,O
,দুষ,O
Sentence: 657,তুমিতাইন,O
,ওর,O
,কোন,O
,বিষয়,O
,বেশি,O
,বালা,O
,লাগে,O
Sentence: 2407,আব্বুয়ে,B-REL
,হক্কলতা,O
,বেছিয়া,O
,গ্রামোর,B-LOC
,বাড়িত,I-LOC
,লইয়া,O
,আচ্চুইন,O
Sentence: 2686,কামো,O
,যাইতাম,O
,চায়না,O
Sentence: 2731,আমার,O
,কুন্টা,O
,খাইতে,O
,ভালা,O
,লাগে,O
Sentence: 1800,কদু,B-FOOD
,দি,O
,ইচা,B-FOOD
,মাছর,I-FOOD
,শিরা,I-FOOD
,মোর,O
,খুব,O
,ফছন্দর,O
,তারকারি,B-FOOD
Sentence: 2079,আফনে,O
,যেলা,O
,আজ্ঞাইরা,O
,ইটা,O
,খুব,O
,ওউ,O
,গর্ব,O
,র,O
,ব্যাপার,O
Sentence: 2639,চাল্ল,O
,নায়,O
Sentence: 3372,বই,B-OBJ
,পড়ছইন,O
,নি,O
Sentence: 1121,আমরার,O
,ফ্যামিলি,O
,থাকি,O
,তারার,O
,ফ্যামিলি,O
,বাক্কা,O
,ধনী,O
Sentence: 10,ফুড়িটাায়,O
,তাইর,O
,হখল,O
,সফনর,O
,মাজে,O
,ফুয়াটারে,O
,কল্পনা,O
,করে,O
Sentence: 1292,আমার,O
,জামাই,B-REL
,ইতা,O
,লইয়া,O
,কিচ্ছু,O
,কওয়াত,O
,গেলে,O
,তাইন,O
,ভাবইন,O
,ফুয়া,B-REL
,বউর,B-REL
,অই,O
,গেছে,O
Sentence: 2291,আমার,O
,বোইনর,B-REL
,তার,O
,বন্ধুর,B-REL
,লগে,O
,ফাকানিত,O
,যাইতে,O
,চায়,O
Sentence: 297,আইজকাইল,O
,হুরু,O
,ইতায়ও,O
,পাত্তা,O
,দিরা,O
,না,O
Sentence: 2486,আম্মা,B-REL
,রান্দাঘরো,O
,বইয়া,O
,আমার,O
,বাবার,B-REL
,লাগি,O
,উরির,B-FOOD
,তরকারি,I-FOOD
,রান্দা,O
,করছইন,O
Sentence: 1875,খাওয়ার,O
,অনেক,O
,আগেই,O
,যদি,O
,ভাত,B-FOOD
,রান্দা,O
,শেষ,O
,হয়ে,O
,অইয়া,O
,গিয়া,O
,থাকে,O
,তবে,O
,ডাকনা,B-OBJ
,সরাইয়া,O
,একটা,O
,তোয়ালে,B-OBJ
,দিয়া,O
,ডাইকা,O
,রাখোইন,O
Sentence: 767,তুমিতাইন,O
,কিতা,O
,চাও,O
,তে,O
Sentence: 1867,এই,O
,তেতুলের,B-FOOD
,নাম,O
,হুনলেই,O
,জিব,O
,ফানি,O
,আয়,O
,না,O
,এরম,O
,মানুষ,O
,খুজে,O
,ফাওয়া,O
,কটিন,O
Sentence: 191,এখদিন,O
,কিবা,O
,দুনিয়ার,B-LOC
,মায়া,O
,কাটাইয়া,O
,যাইমু,O
,গিয়া,O
,পরপার,O
Sentence: 1198,তাই,O
,গুসা,O
,খরি,O
,মোর,O
,লগে,O
,মাতে,O
,না,O
Sentence: 1138,মুই,O
,এখন,O
,বাক্কা,O
,সুস্থ,O
Sentence: 2074,তুমিতাইন,O
,কিলা,O
,আছো,O
,তে,O
Sentence: 1465,মুই,O
,এখ,O
,কাফরে,B-OBJ
,বাসা,O
,থাকি,O
,বারইয়া,O
,আইছি,O
Sentence: 2807,তুমি,O
,ভাত,B-FOOD
,খাইছো,O
Sentence: 1067,কিছুু,O
,কিছু,O
,বিষয়র,O
,কুনো,O
,সমাধান,O
,থাকে,O
,না,O
Sentence: 2179,তোমার,O
,চোউক,O
,দুইটা,O
,অনেক,O
,সুন্দর,O
Sentence: 3460,তোমার,O
,নাম,O
,কিতা,O
,সামি,O
Sentence: 1083,কুনো,O
,কুটুম,B-REL
,মোর,O
,বাসাত,O
,আইলেও,O
,তারার,O
,লগে,O
,খাতির,O
,নষ্ট,O
,খরতা,O
Sentence: 2906,ভালা,O
,ফাই,O
Sentence: 428,আফনে,O
,কিতা,O
,ওউ,O
,প্রশ্ন,O
,র,O
,জবাব,O
,দিতা,O
,ফারবা,O
,নি,O
Sentence: 2881,শিমুর,B-PER
,কালো,B-COL
,রং,I-COL
,পছন্দ,O
Sentence: 944,আমারে,O
,বিশ্বাস,O
,করো,O
Sentence: 1122,মুই,O
,গাউর,B-LOC
,ফুয়া,B-ROLE
,ঢাকাত,B-LOC
,এখটা,O
,প্রাইভেট,B-ORG
,বিশ্ববিদ্যালয়ো,I-ORG
,পড়িয়ার,O
Sentence: 2310,একবার,O
,তোমার,O
,হাত,O
,ধরলে,O
,আর,O
,কোনোদিনও,O
,ছাড়তাম,O
,না,O
Sentence: 960,আমি,O
,এখলা,O
,আছলাম,O
Sentence: 3354,ভালা,O
,লাগে,O
Sentence: 1313,মোর,O
,জামাই,B-REL
,আর,O
,তান,O
,বাড়ির,O
,মাইনশে,O
,কুনোমতেউ,O
,রাজি,O
,না,O
Sentence: 757,তুমিতাইন,O
,ওর,O
,বাসাত,O
,কিতা,O
,আমারে,O
,মানিয়া,O
,লইবো,O
,নি,O
Sentence: 1200,মুই,O
,বেমার,O
,মোরে,O
,এখবারো,O
,জিগাইছে,O
,না,O
,আমি,O
,কিলান,O
,আছি,O
Sentence: 3264,খতা,O
,কইতাম,O
,চাই,O
Sentence: 1543,ওটা,O
,টেবিল,B-OBJ
,ওর,O
,উফ্রে,O
,রাখা,O
,আছিল,O
Sentence: 668,আমার,O
,লগে,O
,নাচবায়,O
,নি,O
Sentence: 92,ফুড়িটায়,O
,লাল,B-COL
,শাড়ি,B-OBJ
,পিন্দিয়া,O
,উবানিত,O
Sentence: 2729,ভালা,O
,লাগে,O
Sentence: 2535,না,O
,ও,O
,কইস,O
,হা,O
,ও,O
,কইস,O
Sentence: 2118,বাগান,B-LOC
,ওর,O
,ভিতর,O
,দিয়া,O
,কেগুয়ে,O
,দৌড়াইলো,O
Sentence: 1789,হে,O
,ছাদো,O
,বাক্কা,O
,কইতর,B-ANI
,পালে,O
Sentence: 1382,আম্মার,B-REL
,খতা,O
,খয়দিন,O
,আগে,O
,মুই,O
,তানরে,O
,এখটা,O
,খষ্টর,O
,মাত,O
,কইছি,O
Sentence: 2836,হাছা,O
,কথা,O
,কৌকা,O
Sentence: 2561,ইটা,O
,ভালা,O
,অইবো,O
,তল্লাইজ্ঞা,O
Sentence: 2701,আমারে,O
,হাছা,O
,কৌকা,O
Sentence: 775,নীল,B-COL
,রঙ,I-COL
,আমার,O
,খুব,O
,বালা,O
,লাগে,O
Sentence: 205,তারারে,O
,অনেক,O
,দইন্যবাদ,O
,যারা,O
,অউ,O
,গান,O
,গুইন,O
,উপহার,O
,দিয়া,O
,গেছইন,O
Sentence: 3394,মিল,O
,আছিলো,O
Sentence: 1966,আফনার,O
,কিতা,O
,গরম,O
,লাগের,O
,নি,O
Sentence: 488,আমার,O
,বাসাত,O
,গতকাইল,O
,চুরি,O
,ওইছে,O
Sentence: 1724,যাওয়ার,O
,লগে,O
,লগেউ,O
,কিলা,O
,একটা,O
,সব্দ,O
,করলো,O
Sentence: 902,আমি,O
,হাছাউ,O
,বাক্কা,O
,অসহায়,O
,বোধ,O
,করিয়ার,O
Sentence: 2811,বাড়ি,O
,কই,O
Sentence: 669,তুমিতাইন,O
,ওর,O
,কোন,O
,গান,O
,বেশি,O
,বালা,O
,লাগে,O
Sentence: 417,চলো,O
,থুরা,O
,থামি,O
Sentence: 1697,আম,B-FOOD
,পাকে,O
,বৈশাখ,O
,ও,O
,আর,O
,বরই,B-FOOD
,পাকে,O
,ফাল্গুন,O
,ও,O
Sentence: 1758,দুইন্নাইত,B-LOC
,বাবার,B-REL
,বাদেউ,O
,দুই,O
,নাম্বারে,O
,বীর,B-ROLE
,যোদ্ধা,I-ROLE
,ওইলা,O
,বড়ভাই,B-REL
Sentence: 1054,পুলিশরে,B-ROLE
,হখলতা,O
,পয়লা,O
,থাকি,O
,হেষ,O
,পর্যন্ত,O
,খুলিয়া,O
,খইন,O
,আফনার,O
,লগে,O
,যা,O
,যা,O
,অইছে,O
Sentence: 564,কালা,B-COL
,কুত্তা,B-ANI
,একগু,O
,ঘাস,O
,ওর,O
,মাঝে,O
,হুতি,O
,রইছে,O
Sentence: 2016,আমি,O
,আফনারে,O
,ভুলতাম,O
,নায়,O
Sentence: 6,ফুড়িটায়,O
,লাল,B-COL
,রংগর,I-COL
,শাড়ি,B-OBJ
,পিন্দিয়া,O
,মোর,O
,লগে,O
,দেখা,O
,করাত,O
,আইছিল,O
Sentence: 141,মুকুত,O
,হখল,O
,সময়,O
,ভালাপাই,O
,ভালাপাই,O
,কওয়ার,O
,থাকি,O
,মোর,O
,মনো,O
,অয়,O
,ভালাপাওয়া,O
,মানুষটারে,O
,বুঝাটা,O
,অনেখ,O
,বড়,O
,ব্যাপার,O
Sentence: 790,আমার,O
,একগু,O
,বিলাই,B-ANI
,আছে,O
Sentence: 698,আমারে,O
,একখান,O
,গান,O
,হুনাইবায়,O
,নি,O
Sentence: 1428,মোর,O
,মন,O
,খান,O
,খেউ,O
,বুজে,O
,না,O
Sentence: 1491,নানায়,B-REL
,মোরে,O
,দেকিয়া,O
,বেতালা,O
,খুশ,O
,অইছইন,O
Sentence: 2558,বিয়া,O
,হইছিল,O
,বাক্কা,O
,বছর,O
,আগে,O
Sentence: 339,আফনার,O
,ব্লগটা,O
,পড়িয়া,O
,বাক্কা,O
,জিনিস,O
,শিখতাম,O
,ফারছি,O
Sentence: 424,আমি,O
,আফনারে,O
,ধন্যবাদ,O
,জানাইতে,O
,চাই,O
Sentence: 2184,আমার,O
,আব্বু,B-REL
,আর,O
,চাচার,B-REL
,মধ্যে,O
,জায়গা,O
,জমি,O
,নিয়া,O
,মাইর,O
,অয়,O
Sentence: 1710,একটা,O
,বালা,O
,কাম,O
,করতা,O
,ফারবা,O
,নি,O
Sentence: 477,নীল,B-LOC
,নদী,I-LOC
,ওইলো,O
,আফ্রিকার,B-LOC
,প্রধান,O
,নদীর,B-LOC
,মাঝে,O
,একটা,O
Sentence: 463,বার্সেলোনা,B-ORG
,ফুটবল,I-ORG
,ক্লাব,I-ORG
,বাক্কা,O
,জনপ্রিয়,O
Sentence: 3320,আম,B-FOOD
,ফলটা,I-FOOD
,সব,O
,থাকি,O
,বেশি,O
,ভালা,O
,লাগে,O
Sentence: 1090,মান,O
,সম্মানর,O
,ডরে,O
,খেউ,O
,কুনতা,O
,খইন,O
,না,O
Sentence: 491,আমি,O
,আফনার,O
,লগে,O
,আছি,O
Sentence: 2551,হে,O
,সিলেট,O
,থাকি,O
,আমার,O
,লগে,O
,দেখা,O
,করাত,O
,আইছিল,O
Sentence: 1400,মানুষ,O
,যার,O
,যারি,O
,নিজর,O
,লাখান,O
Sentence: 557,আমি,O
,আইজ,O
,বাক্কাদিন,O
,বাদে,O
,তার,O
,লগে,O
,মাতছি,O
Sentence: 3314,আমি,O
,আম,B-FOOD
,খাইতাম,O
Sentence: 3400,আফনে,O
,ওলা,O
,মাত্তা,O
,ফারোইন,O
,না,O
Sentence: 1655,ভাই,O
,তখন,O
,পড়াত,O
,বয়,O
Sentence: 982,আফনারে,O
,দেখিয়া,O
,অসুস্থ,O
,লাগরো,O
Sentence: 3252,আর,O
,কত,O
,ছুটি,O
,কাটাইতাম,O
Sentence: 3363,কিতা,O
,করার,O
,আফনে,O
,ওখন,O
Sentence: 710,রাস্তাত,O
,আইজ,O
,বাক্কা,O
,মানুষ,O
Sentence: 2641,তুমিতাইন,O
,ঘুমাও,O
,কিতার,O
,লাগি,O
Sentence: 1049,মোর,O
,বয়স,O
,উন্নিশ,O
,বত্‌শর,O
Sentence: 1601,কয়েকদিন,O
,উবাইয়া,O
,দেখো,O
Sentence: 1691,বাহ্,O
,ওলা,O
,খেলা,O
,বউত,O
,দিন,O
,দেখছি,O
,না,O
Sentence: 2463,গরমের,O
,দিনো,O
,নোন,B-FOOD
,দিয়া,O
,শশা,B-FOOD
,খাইতে,O
,যে,O
,ভালা,O
,লাগে,O
Sentence: 2148,মোর,O
,ছোট,B-REL
,ভাই,I-REL
,একদমই,O
,পড়ালেখা,O
,করতে,O
,চাইন,O
,না,O
Sentence: 809,খোঁচা,O
,মারার,O
,মতো,O
,মাত,O
,আছেউ,O
,যে,O
,আমার,O
,দুইগু,O
,বিয়া,O
Sentence: 2144,মুই,O
,বিদেশে,B-LOC
,গিয়া,O
,অনেক,O
,বেরাইতে,O
,চাই,O
Sentence: 2096,তুমিতাইন,O
,কিতা,O
,দেখছো,O
,নি,O
Sentence: 2026,আফনে,O
,কিতা,O
,একগু,O
,বাংলা,B-OBJ
,বই,I-OBJ
,পড়তে,O
,ফারবা,O
,নি,O
Sentence: 2229,তোমার,O
,হাজার,O
,মাতর,O
,মাঝে,O
,তোমার,O
,মনের,O
,মাত,O
,লুকাইয়া,O
,ছিল,O
Sentence: 2824,সুন্দর,O
,করিয়া,O
,বও,O
Sentence: 2505,মোর,O
,কবিতা,O
,পছন্দ,O
Sentence: 2917,লগে,O
,থাকৌকা,O
Sentence: 1002,এখ,O
,পর্যায়ে,O
,আরখবার,O
,বাড়িত,O
,জানানি,O
,অইছিল,O
Sentence: 1489,নানারে,B-REL
,দেখাত,O
,গেছলাম,O
Sentence: 1148,আফনারা,O
,কইন,O
,এখন,O
,আমি,O
,আসলে,O
,কিতা,O
,খরতাম,O
Sentence: 1711,তোমরার,O
,কেউর,O
,বিশ্বাস,O
,ওইতো,O
,নায়,O
Sentence: 461,ফুটবল,B-OBJ
,খেলা,O
,ওইলো,O
,আমার,O
,জীবন,O
,ওর,O
,অংশ,O
Sentence: 2526,সামলাইয়া,O
,রাখিও,O
Sentence: 3346,তুমাইতাইন,O
,ওর,O
,ভাই,B-REL
,কিতাত,O
,চাকরি,O
,করইন,O
Sentence: 505,সকাইলকু,O
,পড়লে,O
,আমি,O
,আরামে,O
,মনোযোগ,O
,দিতাম,O
,ফারি,O
Sentence: 1651,হকল,O
,যখন,O
,পড়াত,O
,বয়,O
,রাজীব,B-PER
,তখন,O
,ঘুমায়,O
Sentence: 2511,কিতা,O
,তরকারি,B-FOOD
Sentence: 2351,আমার,O
,বউয়ে,B-REL
,আমারে,O
,কোনদিন,O
,খুছাইয়া,O
,মাতছে,O
,না,O
Sentence: 1881,খুলনার,B-LOC
,মানুষ,O
,তেমন,O
,সুন্দর,O
,অয়,O
,না,O
Sentence: 702,আমি,O
,তোমারে,O
,বালা,O
,ফাই,O
Sentence: 3075,তোর,O
,বড়,B-REL
,ভাইওর,I-REL
,নাম,O
,কিতা,O
Sentence: 2730,আমার,O
,কুন্টা,O
,খাইতে,O
,ভালা,O
,লাগে,O
Sentence: 2194,আমার,O
,আম্মা,B-REL
,আমাকে,O
,হকলের,O
,সামনে,O
,মারতে,O
,মারতে,O
,বাসাত,O
,নিয়া,O
,আইছে,O
Sentence: 2031,আমি,O
,আফনার,O
,লগে,O
,প্রেম,O
,করিয়ার,O
Sentence: 3183,আব্বায়,B-REL
,মোর,O
,লাগি,O
,নীল,B-COL
,জামা,B-OBJ
,কিনিয়া,O
,আনছইন,O
Sentence: 2066,এক,O
,সময়,O
,এক,O
,রাজার,B-ROLE
,একটা,O
,হাত্তি,B-ANI
,আছিল,O
Sentence: 3043,আমি,O
,আছি,O
Sentence: 1262,আলহামদুলিল্লাহ,O
,তাইন,O
,খুব,O
,ভালা,O
,এখজন,O
,মানুষ,O
Sentence: 2659,মানুষ,O
,কে,O
Sentence: 2925,ওই,O
,গেছলাম,O
Sentence: 966,আমি,O
,হারতাম,O
,নায়,O
Sentence: 1028,কিন্তু,O
,আমি,O
,বাছিয়া,O
,থাকিয়াও,O
,মরিয়া,O
,আছি,O
Sentence: 2134,আব্বা,B-REL
,মোরে,O
,গতকাল,O
,এক,O
,ফুয়ার,O
,লগে,O
,দেখা,O
,করতে,O
,কইছলা,O
Sentence: 3127,অফমান,O
,করে,O
Sentence: 846,মনো,O
,রাখিও,O
,বিয়া,O
,বাড়িত,O
,যাইরায়,O
Sentence: 311,ফুরাটা,O
,দেখার,O
,অপেক্ষাত,O
,বই,O
,রইছি,O
Sentence: 1950,একজন,O
,লোক,O
,মারা,O
,গেছইন,O
Sentence: 643,বিলাই,B-ANI
,ওর,O
,প্রিয়,O
,খানি,O
,ওইলো,O
,দুধ,B-FOOD
Sentence: 2753,কই,O
,থাক,O
Sentence: 1533,ফুরিন্তে,O
,সাঁতার,O
,কাটতে,O
,বালা,O
,ফাইতো,O
Sentence: 391,এখটা,O
,হুরুমুরু,B-LOC
,গাউত,I-LOC
,এখ,O
,ফুড়ি,O
,আছিল,O
Sentence: 226,রাইতকু,O
,এখ,O
,গাট্টি,O
,বেটাইন,O
,এখলগে,O
,বই,O
,রয়,O
Sentence: 2114,আমি,O
,তুমিতাইন,O
,ওর,O
,লগে,O
,মাত,O
,ও,O
,মিলতে,O
,ফাররাম,O
,না,O
Sentence: 497,তোর,O
,বড়,B-REL
,ভাই,I-REL
,ওর,O
,নাম,O
,কিতা,O
Sentence: 3332,বাসাত,O
,কে,O
,কে,O
,আছোইন,O
Sentence: 1890,এই,O
,বিষয়ে,O
,কিতা,O
,করতাম,O
,ফারি,O
,আমি,O
Sentence: 2889,তাইন,O
,দাড়াইলা,O
,না,O
Sentence: 2053,তুমিতাইন,O
,কিতা,O
,আমার,O
,বন্ধু,B-REL
,ওইতায়,O
,চাও,O
,নি,O
Sentence: 984,আমি,O
,বুঝতে,O
,ফারিয়ার,O
,তার,O
,অইন্য,O
,কোনকানও,O
,সম্পর্ক,O
,আছে,O
Sentence: 2028,আমি,O
,আফনার,O
,লগে,O
,থাকতাম,O
,চাই,O
Sentence: 467,আমি,O
,ফুটবল,B-OBJ
,ম্যাচ,O
,ওকল,O
,দেখতে,O
,বালা,O
,ফাই,O
Sentence: 544,তার,O
,চুলগুন,O
,যে,O
,লাম্বা,O
Sentence: 2246,তোমার,O
,মিথ্যা,O
,ভালোবাসা,O
,একদিন,O
,হারিয়া,O
,যাইবো,O
Sentence: 1574,ইচ্ছা,O
,করিয়া,O
,ভাঙছে৷,O
,নি,O
Sentence: 2374,তুমি,O
,আমার,O
,কাছে,O
,দরা,O
,পড়িয়াও,O
,অন্য,O
,ফুরির,O
,পিছে,O
,পরকীয়াত,O
,সিকার,O
,কররায়,O
,না,O
Sentence: 1408,আর,O
,অউ,O
,বৎসর,O
,তাইন,O
,মোরে,O
,বাক্কা,O
,বড়,O
,খরি,O
,সারপ্রাইজ,O
,দিছইন,O
Sentence: 225,বারে,O
,বাক্কা,O
,কয়জন,O
,মানুষ,O
,ঘুরিয়া,O
,বেড়ার,O
Sentence: 679,আইজ,O
,তুমিতাইন,O
,ওর,O
,ভাইরে,B-REL
,দেখলাম,O
Sentence: 755,কিন্তু,O
,কিছু,O
,মানুষ,O
,খুব,O
,বালা,O
Sentence: 35,তুই,O
,কিতা,O
,আর,O
,পড়ালেখা,O
,করতে,O
,নানি,O
Sentence: 973,আমার,O
,হইলদা,B-COL
,রঙ,I-COL
,ভালা,O
,লাগে,O
Sentence: 614,বউত,O
,বড়লোক,O
,ওইতাম,O
,চাই,O
Sentence: 3476,ওখানো,O
,মানুষ,O
,মরে,O
Sentence: 2550,আমার,O
,লগে,O
,দেখা,O
,করাত,O
,আইছিল,O
Sentence: 2920,তাইন,O
,গেছলা,O
Sentence: 2509,আমি,O
,তোমারে,O
,দেখিয়া,O
,নিমু,O
Sentence: 689,তুমিতাইন,O
,ওর,O
,ভাইয়ে,B-REL
,কিতাত,O
,চাকরি,O
,করোইন,O
Sentence: 613,বাংলাদেশ,B-LOC
,ওর,O
,ওখনকুর,O
,প্রধানমন্ত্রী,B-ROLE
,শেখ,B-PER
,হাসিনা,I-PER
Sentence: 805,আমার,O
,ফয়লা,O
,বিয়া,O
,আমারে,O
,জোর,O
,করিয়া,O
,দিছে,O
Sentence: 2308,ফুয়ান্তর,O
,সহজ,O
,সরল,O
,মনটা,O
,নিয়া,O
,ফুড়িন্তে,O
,ফুটবল,B-OBJ
,কেলইন,O
Sentence: 3419,খুব,O
,বেলা,O
,লাগাইয়া,O
,ঘুমায়,O
Sentence: 1401,মুই,O
,ইখান,O
,বিশ্বাস,O
,করি,O
,খেউরে,O
,যদি,O
,মুই,O
,নিজর,O
,মন,O
,মতো,O
,চাই,O
,তাইলে,O
,নিজর,O
,মন,O
,মতো,O
,বানাইয়া,O
,নেওয়া,O
,লাগবো,O
Sentence: 2908,কেক,B-FOOD
,ভালা,O
,ফাই,O
,না,O
Sentence: 2946,আফনারা,O
,জাউকা,O
Sentence: 306,আমরা,O
,বাক্কা,O
,বড়,O
,অই,O
,গেছি,O
,মনে,O
,অর,O
Sentence: 2069,আমি,O
,আইজ,O
,রাইত,O
,ওর,O
,খানি,B-FOOD
,খাইতাম,O
,নায়,O
Sentence: 2344,ফুয়া,O
,ইগুয়ে,O
,বেশি,O
,মাতে,O
Sentence: 971,আফনারা,O
,আগে,O
,যাউকা,O
Sentence: 2403,ফুরি,O
,ইগুয়এ,O
,বিয়া,O
,করতো,O
,না,O
,কই,O
,দিছে,O
Sentence: 3457,আফনে,O
,আমার,O
,লগে,O
,যাইবা,O
,নি,O
Sentence: 2711,সোকাইলকু,O
,নাস্তা,B-FOOD
,খাইয়া,O
,বাদে,O
,স্কুল,B-ORG
,ও,O
,যাই,O
Sentence: 1243,তুমাার,O
,সংসারর,O
,দরখার,O
,মিটানির,O
,লাগি,O
,আমার,O
,জনম,O
,অইছে,O
,না,O
Sentence: 83,কয়দিন,O
,পর,O
,সুদান,B-LOC
,থাকি,O
,আওয়া,O
,বেটায়,O
,বিয়া,O
,করইন,O
Sentence: 2959,আমার,O
,কালো,B-COL
,রং,I-COL
,পছন্দ,O
Sentence: 2216,যদি,O
,তুমি,O
,আমার,O
,কাছে,O
,ফিরে,O
,আসো,O
,তবে,O
,তাকে,O
,ছেড়ে,O
,দাও,O
Sentence: 1043,মুই,O
,বড়,B-REL
,ফুড়ি,I-REL
,আমার,O
,ছুটো,B-REL
,বইন,I-REL
,আছে,O
,খালি,O
Sentence: 408,কুন্তাউ,O
,ওতো,O
,সহজে,O
,হারাই,O
,যায়,O
,না,O
Sentence: 296,অউ,O
,বিষয়ে,O
,আর,O
,মাততাম,O
,চাইয়ার,O
,না,O
Sentence: 749,পাহাড়,B-LOC
,ওর,O
,মাথাত,O
,উঠতাম,O
,চাই,O
Sentence: 1627,কোন,O
,যাওয়ার,O
,রাস্তা,O
Sentence: 1475,মোর,O
,ইচ্ছা,O
,মুই,O
,ভাবিমু,O
Sentence: 807,দুই,O
,নাম্বার,O
,বিয়াত,O
,আমি,O
,ভাবনার,O
,বাইরে,O
,সুখী,O
,আছি,O
Sentence: 3098,আব্বায়,B-REL
,মোর,O
,লাগি,O
,লাল,B-COL
,জামা,B-OBJ
,কিনিয়া,O
,আনছইন,O
Sentence: 2777,বিয়ানবালা,O
,কাজ,O
,করো,O
Sentence: 244,ইলান,O
,মানুষ,O
,কুনোদিন,O
,ঠিক,O
,অইন,O
,না,O
Sentence: 2278,আমার,O
,বন্ধু,B-REL
,ফুড়িন্তর,O
,লগে,O
,সারা,O
,হারা,O
,রাইত,O
,জাগিয়া,O
,মাত,O
,মাতইন,O
Sentence: 2680,আফ্নার,O
,কিতা,O
,পরালেখা,O
,কর্তে,O
,এখদম,O
,ভালা,O
,লাগে,O
,নানি,O
Sentence: 2479,আমি,O
,আইজকে,O
,উরি,B-FOOD
,ভাজি,I-FOOD
,দিয়া,O
,মাধানে,O
,ভাত,B-FOOD
,খাইছি,O
Sentence: 1033,মুই,O
,চাইলেউ,O
,মোর,O
,বাফর,B-REL
,বাসাত,O
,যাইতাম,O
,গি,O
,ফারি,O
Sentence: 1420,মোর,O
,লাখান,O
,অতো,O
,ভুল,O
,কিবা,O
,খেউ,O
,খরইন,O
,না,O
Sentence: 2567,দেইক্ষা,O
,ছোক,O
,গেছিল,O
Sentence: 592,তুমিতাইন,O
,বিয়া,O
,কররায়,O
,না,O
,কিওর,O
,লাগি,O
Sentence: 3019,ফুরিতায়,O
,লাল,B-COL
,রংগর,I-COL
,শারি,B-OBJ
,পিন্দিয়া,O
,মর,O
,লগে,O
,দেখা,O
,করাত,O
,আইছিল,O
Sentence: 1658,বয়স,O
,মাত্র,O
,চাইর,O
,বছর,O
,ওইলো,O
Sentence: 2170,আমার,O
,ছোট,B-REL
,ভাই,I-REL
,বিদ্যালয়,B-ORG
,গিয়া,O
,বন্ধুদের,B-REL
,লগে,O
,গল্প,O
,করইন,O
Sentence: 2597,সমস্যায়,O
,আছি,O
Sentence: 105,তুমারে,O
,দেকিয়া,O
,ভেমটালা,O
,লাগিয়া,O
,উবাই,O
,রইছলাম,O
Sentence: 1843,বেশি,O
,টান্ডাও,O
,না,O
,আবার,O
,বেশি,O
,গরমও,O
,না,O
,এরম,O
,আবহাওয়া,O
,লাউ,B-FOOD
,চাষের,O
,লাগি,O
,ভালা,O
Sentence: 93,বউর,B-REL
,লাগি,O
,বন্ধুরার,B-REL
,সামনে,O
,মুখ,O
,দেখানির,O
,আর,O
,উপায়,O
,নাই,O
Sentence: 1158,ফুড়ির,O
,ঘটনা,O
,হুনিয়া,O
,আমরা,O
,তানরে,O
,দেশো,B-LOC
,আওয়ার,O
,লাগি,O
,কই,O
Sentence: 826,গফ,O
,থুরা,O
,কমাইয়া,O
,মারো,O
Sentence: 750,এক,O
,বায়দি,O
,সমুদ্র,B-LOC
,আরেক,O
,বায়দি,O
,বালু,O
Sentence: 3155,বাক্কা,O
,সময়,O
,পর,O
,আফনারে,O
,দেখলাম,O
Sentence: 2055,তুমিতাইন,O
,কিতা,O
,খেলাত,O
,বালা,O
,নি,O
Sentence: 883,আমাতে,O
,আগে,O
,হক্কলে,O
,মায়া,O
,করতো,O
Sentence: 221,আইজকুর,O
,অউ,O
,দিনে,O
,বাংলাদেশরে,B-LOC
,খুব,O
,মনো,O
,পড়ের,O
Sentence: 17,আমার,O
,বাসার,B-LOC
,দারোয়ান,B-ROLE
,এখন,O
,তার,O
,গ্রামো,B-LOC
,পাখানিত,O
,গেছে,O
Sentence: 2636,তুমারে,O
,চাল্ল,O
,দিতাম,O
,নায়,O
Sentence: 1685,ওতার,O
,লাগি,O
,ওউ,O
,সময়,O
,হে,O
,কেউর,O
,লগে,O
,মাত্তো,O
,না,O
Sentence: 3103,আব্বায়,B-REL
,লাল,B-COL
,জামা,B-OBJ
,কিনিয়া,O
,আনছইন,O
Sentence: 1014,তারা,O
,খইন,O
,আমরা,O
,আমরার,O
,বউ,B-REL
,অখলরে,O
,খতো,O
,মারি,O
,কুনো,O
,দিন,O
,মুখ,O
,দিয়া,O
,মাত,O
,বারয়,O
,না,O
Sentence: 2201,আমার,O
,ভালুবাসা,O
,দিয়া,O
,হারাজীবন,O
,তোমার,O
,লগে,O
,থাকতে,O
,চাই,O
Sentence: 1195,মুই,O
,টুকিটাকি,O
,অনলাইনে,O
,কাম,O
,খরি,O
Sentence: 100,তুমারে,O
,ছাড়া,O
,আমার,O
,একটুও,O
,ভালা,O
,লাগে,O
,না,O
Sentence: 3066,আমার,O
,বড়,B-REL
,বইনরে,I-REL
,আমি,O
,খুব,O
,ভালা,O
,ফাই,O
Sentence: 2044,আমার,O
,বাড়ি,O
,দূর,O
,আছে,O
Sentence: 2283,এই,O
,তিন,O
,বছরের,O
,শিশুটির,O
,দোষ,O
,কোয়াই,O
Sentence: 3193,লাল,B-COL
,শাড়ি,B-OBJ
,কিনিয়া,O
,দিছে,O
Sentence: 1036,হে,O
,এখন,O
,নিজোর,O
,মুখেউ,O
,কয়,O
,তুমার,O
,লগে,O
,আরখবার,O
,হখলতা,O
,ঠিক,O
,করিয়ার,O
Sentence: 806,হনো,O
,ফুয়া,O
,বউত,O
,কিপটা,O
,আছিল,O
,আমি,O
,দুইবেলা,O
,ভাত,B-FOOD
,ওউ,O
,খাইতে,O
,ফারতাম,O
,না,O
Sentence: 1760,সামনে,O
,কোরবানি,O
,ঈদ,O
,আইরো,O
Sentence: 3311,জেলে,B-ROLE
,হখলতে,O
,মাছ,B-ANI
,মারছে,O
Sentence: 2256,তুমি,O
,চলে,O
,যাওয়ার,O
,পর,O
,আমার,O
,জীবন,O
,থামিয়া,O
,গেজে,O
Sentence: 3184,আব্বায়,B-REL
,মোর,O
,লাগি,O
,বেগুনি,B-COL
,জামা,B-OBJ
,কিনিয়া,O
,আনছইন,O
Sentence: 1022,মুই,O
,বাক্কা,O
,চেষ্টা,O
,করছি,O
,যে,O
,মোর,O
,কুচ্চু,O
,ভুল,O
,আছে,O
,নাকিতা,O
Sentence: 3100,লাল,B-COL
,জামা,B-OBJ
,কিনিয়া,O
,আনছইন,O
Sentence: 2802,খাইতাম,O
,না,O
Sentence: 2820,না,O
,ভালা,O
,নাই,O
Sentence: 3402,আইজ,O
,কতো,O
,তারিখ,O
Sentence: 389,আমরাউ,O
,কুনতা,O
,বুঝতাম,O
,না,O
Sentence: 2654,গেছে,O
,গিয়া,O
Sentence: 2021,আফনে,O
,কিতা,O
,আমার,O
,প্রশ্ন,O
,র,O
,জবাব,O
,দিতে,O
,ফারবা,O
,নি,O
Sentence: 2683,আফ্নার,O
,কিতা,O
,পরালেখা,O
,ভালা,O
,লাগে,O
Sentence: 2745,বিলাই,B-ANI
,দরজার,O
,ধারো,O
,বৈ,O
,রিছে,O
Sentence: 509,তাইন,O
,রাস্তা,B-LOC
,দিয়া,O
,তান,O
,গ্রাম,B-LOC
,ওর,O
,দিকে,O
,ফিরছিলা,O
Sentence: 857,আমার,O
,বাবা,B-REL
,পুলিশও,B-ROLE
,আছোইন,O
,তো,O
,মা,B-REL
,র,O
,লগে,O
,বিয়ার,O
,বাদে,O
,তাকি,O
,ওউ,O
,তাইনও,O
,পরকীয়াত,O
,মগ্ন,O
,আছলা,O
Sentence: 787,আমি,O
,আইজ,O
,সকাইলকু,O
,আমার,O
,বন্ধু,B-REL
,ওগুর,O
,লগে,O
,ঝগড়া,O
,করছি,O
Sentence: 1675,আমার,O
,আর,O
,তোমার,O
,মা,B-REL
,র,O
,বউত,O
,গয়না,B-OBJ
,আছে,O
Sentence: 104,বাক্কাদিন,O
,বাদে,O
,তুমারে,O
,দেখলাম,O
Sentence: 199,ওউ,O
,গানটা,O
,যে,O
,খতবার,O
,হুনছি,O
,তার,O
,কুনো,O
,হিসাব,O
,নাই,O
Sentence: 289,পানি,B-FOOD
,পাইমু,O
,কিনা,O
,জানিয়ার,O
,না,O
Sentence: 2715,আমার,O
,সকালকু,O
,কুন্টা,O
,খাইতে,O
,ভালা,O
,লাগে,O
,না,O
Sentence: 1571,সবতা,O
,মিলাইয়া,O
,তার,O
,খুব,O
,আনন্দ,O
,ওইতো,O
,আছিল,O
Sentence: 2796,আমি,O
,খাইমু,O
Sentence: 2270,আমার,O
,স্বামী,B-REL
,আমাদেরকে,O
,নিয়া,O
,রাইতর,O
,বেলা,O
,ফাকানিত,O
,বের,O
,অইবা,O
Sentence: 956,আমি,O
,মাফ,O
,চাইয়ার,O
Sentence: 1504,হকল,O
,জেগার,B-LOC
,মাইনষের,O
,ভাষা,O
,একলাকান,O
,নায়,O
Sentence: 2651,এখেবারেও,O
Sentence: 218,গানটা,O
,হুনিয়া,O
,মোর,O
,অনেখ,O
,বালা,O
,লাগছে,O
Sentence: 1340,তাইন,O
,দেশো,B-LOC
,আইলে,O
,মুই,O
,এয়ারপোর্ট,B-LOC
,যাওয়া,O
,লাগতো,O
Sentence: 1055,পুলিশরে,B-ROLE
,অটাও,O
,খইন,O
,যে,O
,মুই,O
,যদি,O
,মোর,O
,সমস্যার,O
,কুনো,O
,সমাধান,O
,পাই,O
,না,O
,তে,O
Sentence: 2572,হগলরে,O
,কইছি,O
Sentence: 2533,মাহাত,O
,হাত,O
,দিয়া,O
,কও,O
,আমারে,O
,ধুকা,O
,দিতায়,O
,না,O
Sentence: 3189,আব্বায়,B-REL
,মোর,O
,লাগি,O
,খয়েরি,B-COL
,জামা,B-OBJ
,কিনিয়া,O
,আনছইন,O
Sentence: 708,মানুষ,O
,আসলেউ,O
,বউত,O
,অদ্ভুত,O
Sentence: 3442,হাসি,O
,যে,O
,সুন্দর,O
Sentence: 641,বাংলাদেশ,B-LOC
,ওইলো,O
,গ্রামপ্রধান,B-LOC
,দেশ,O
Sentence: 1502,আমার,O
,মামাত্তো,B-REL
,বইন,I-REL
,ও,O
,যাইতো,O
,চাইছিল,O
Sentence: 2649,হে,O
,হাসে,O
Sentence: 2669,আমার,O
,বউত,O
,খারাপ,O
,লাগের,O
Sentence: 1455,মোর,O
,আট,O
,মাসর,O
,এখান,O
,ফুয়া,B-REL
,আছে,O
Sentence: 992,তুমিতাইন,O
,রে,O
,ছাড়া,O
,বাচমু,O
,তুমিতাইন,O
,ওর,O
,বিয়াতও,O
,নাচমু,O
Sentence: 2503,আমি,O
,ওবায়,O
,যাইমু,O
Sentence: 2389,আফনে,O
,ফুটবল,B-OBJ
,খেলাত,O
,আরি,O
,গেসইন,O
Sentence: 2273,ফুয়াটা,O
,তার,O
,ফরিবাবের,O
,পছন্দে,O
,বিয়া,O
,করি,O
,ফালাইছে,O
Sentence: 2046,তুমি,O
,কিতা,O
,ওনো,O
,আইতে,O
,ফারবায়,O
,নি,O
Sentence: 150,চউকর,O
,সামনে,O
,যারারে,O
,দেখিয়ার,O
,তারারে,O
,আগামী,O
,কালকে,O
,সখালে,O
,আর,O
,দেখতাম,O
,পারমু,O
,কিনা,O
,এর,O
,কুনো,O
,নিশ্চয়তা,O
,নাই,O
Sentence: 929,একগু,O
,কুত্তা,B-ANI
,রাস্তাত,B-LOC
,বই,O
,রইছে,O
Sentence: 610,তুমিতাইন,O
,কিতা,O
,সাঁতার,O
,জানো,O
,নি,O
Sentence: 1380,মুর,O
,আম্মারে,B-REL
,খইলাম,O
,আব্বায়,B-REL
,হুনতা,O
,চাইছইন,O
,এখটু,O
,সান্ত্বনা,O
Sentence: 502,সকাইলকু,O
,পড়ালেখা,O
,করা,O
,বালা,O
,উপায়,O
Sentence: 990,কিন্তু,O
,হে,O
,ভালা,O
,ওয়,O
,না,O
Sentence: 619,জীবন,O
,ও,O
,উন্নতি,O
,করাত,O
,গেলে,O
,বউত,O
,সময়,O
,বউত,O
,বাঁধার,O
,মুখামুখি,O
,ওয়া,O
,লাগে,O
Sentence: 594,ঘড়িত,B-OBJ
,বাজে,O
,কয়তা,O
Sentence: 1406,মুই,O
,লাগা,O
,লাগা,O
,তিন,O
,বৎসর,O
,তানরে,O
,চমকাই,O
,দিছি,O
,জন্মদিনো,O
Sentence: 1020,আফনারা,O
,খইন,O
,যে,O
,জামাই,B-REL
,ভালোবাসিয়া,O
,মাতে,O
,না,O
Sentence: 1964,মোর,O
,বাক্কা,O
,গরম,O
,লাগের,O
,গিয়া,O
Sentence: 2991,তাইন,O
,দাড়াইলা,O
Sentence: 1172,আমি,O
,বিয়াতি,O
Sentence: 432,আফনে,O
,কিতা,O
,ওউ,O
,বইটা,B-OBJ
,পড়তা,O
,ফারবা,O
,নি,O
Sentence: 3062,বর,B-REL
,বইনে,I-REL
,আমারে,O
,খুব,O
,ভালা,O
,ফায়,O
Sentence: 1182,ভালোবাসা,O
,থাখলে,O
,সবতাউ,O
,সুন্দর,O
Sentence: 1912,হে,O
,তাইরে,O
,অনেক,O
,বিরখতো,O
,করে,O
Sentence: 1692,এহে,O
,রে,O
,যারা,O
,হারি,O
,গেলো,O
,হেরার,O
,মন,O
,ও,O
,কত,O
,কষ্ট,O
Sentence: 59,এখটা,O
,ছুটো,O
,মনা,O
,বিছনাত,B-OBJ
,লাফাইয়া,O
,উটের,O
Sentence: 1750,আমার,O
,জামাই,B-REL
,তিন,O
,বছর,O
,তনে,O
,বিদেশ,B-LOC
,আছোইন,O
Sentence: 1798,গাউর,B-LOC
,মাইনশে,O
,লাখড়ির,B-OBJ
,চুলা,I-OBJ
,ব্যবহার,O
,খরইন,O
Sentence: 692,আমার,O
,ইছা,B-FOOD
,মাছ,I-FOOD
,খাইতে,O
,বেশি,O
,বালা,O
,লাগে,O
Sentence: 2343,যে,O
,ফুড়িয়ে,O
,বেশি,O
,মাতে,O
,ইগুরে,O
,আমার,O
,ফছন্দ,O
,না,O
Sentence: 2608,তুমিতাইন,O
,কিতা,O
,রাত্রে,O
,বারইবায়,O
,নি,O
Sentence: 1630,মিছা,O
,মাত,O
,মাতিও,O
,না,O
Sentence: 1190,মুই,O
,বলে,O
,মরি,O
,গেলে,O
,তাইর,O
,এখটা,O
,আফসোস,O
,থাকি,O
,যাইবো,O
,খালি,O
,মুই,O
,বলে,O
,তাইরে,O
,কুনোদিন,O
,বুঝছি,O
,না,O
Sentence: 1213,ফুড়ির,B-REL
,মুখ,O
,বায়,O
,চাইয়া,O
,ঝগড়া,O
,খরিয়াও,O
,থাখতো,O
Sentence: 346,হউ,O
,আখাশর,O
,উড়া,O
,পাখির,B-ANI
,হান,O
,হুনলেউ,O
,মন,O
,খুশ,O
,অই,O
,যাইতো,O
Sentence: 2384,আমার,O
,বড়,B-REL
,বইন,I-REL
,অতো,O
,অলস,O
,এখটা,O
,কাম,O
,করতে,O
,পারে,O
,না,O
Sentence: 2606,তুমিতাইন,O
,দুপুরবেলাত,O
,কিতা,O
,খাইলায়,O
Sentence: 2968,আমার,O
,খয়েরি,B-COL
,রং,I-COL
,পছন্দ,O
Sentence: 1779,গরমর,O
,দিনে,O
,হাজম,O
,ডাবর,B-FOOD
,পানি,I-FOOD
,খাওয়া,O
,বাক্কা,O
,মজার,O
Sentence: 2918,তাইন,O
,রাগী,O
,গেছলা,O
Sentence: 1618,তারার,O
,বাগান,B-LOC
,অইন্যরার,O
,বাগান,B-LOC
,ওর,O
,লাকান,O
,নায়,O
Sentence: 1129,কিন্তু,O
,ফুয়াটা,O
,বহুত,O
,ভালা,O
,মানুষ,O
,কুনো,O
,নেশা,O
,নাই,O
Sentence: 403,ওখন,O
,আবার,O
,একগু,O
,ফুরিরে,O
,বউত,O
,বালা,O
,ফাই,O
Sentence: 514,আমি,O
,গান,O
,গাইতাম,O
,চাইয়ার,O
Sentence: 1410,সময়,O
,লাগছে,O
,কিনতু,O
,আমি,O
,যা,O
,তান,O
,থাকি,O
,চাইছি,O
,হখটা,O
,কিন্তু,O
,ঠিক,O
,বার,O
,খরি,O
,আনছি,O
Sentence: 1987,আফনার,O
,নাম,O
,কিতা,O
Sentence: 1063,দুইবেলা,O
,ডাইল,O
,ভাত,B-FOOD
,খাইয়া,I-FOOD
,নিজর,O
,মত,O
,এখলা,O
,থাকা,O
,অনেখ,O
,ভালা,O
Sentence: 709,আইজ,O
,আমি,O
,ছাত্তি,B-OBJ
,আনতে,O
,বুলি,O
,গেছি,O
Sentence: 462,আমি,O
,প্রতিদিন,O
,ফুটবল,B-OBJ
,খেলাত,O
,যাই,O
Sentence: 661,তুমিতাইন,O
,কিতা,O
,গেছলায়,O
,নি,O
Sentence: 1824,মোর,O
,দুইদিন,O
,ধরি,O
,সর্দি,O
,আর,O
,কাওয়ানি,O
Sentence: 338,আফনে,O
,খুব,O
,সুন্দর,O
,খরি,O
,সমস্যাটার,O
,সমাধান,O
,করছইন,O
Sentence: 623,তোরে,O
,ধন্যবাদ,O
,ওলা,O
,বালা,O
,একটা,O
,বই,B-OBJ
,ওর,O
,খোঁজ,O
,আমারে,O
,দেওনের,O
,লাগি,O
Sentence: 1809,অউ,O
,মনা,O
,ইগু,O
,বাক্কা,O
,বেমারি,O
Sentence: 2801,আমি,O
,ভাত,B-FOOD
,খাইতাম,O
,না,O
Sentence: 1865,বাংলাদেশে,B-LOC
,জনপ্রিয়,O
,সবজি,B-FOOD
,অন্যতম,O
,লাউ,B-FOOD
,যেটা,O
,এখন,O
,হারা,O
,বছর,O
,মিলে,O
Sentence: 2939,পাও,O
,বেদনা,O
,করের,O
Sentence: 3390,তারা,O
,তিঙ্গু,O
,ভাই,O
,আছিলো,O
Sentence: 2671,বউত,O
,খারাপ,O
,লাগের,O
Sentence: 1682,কিন্তু,O
,বাচানি,O
,গেছে,O
,না,O
Sentence: 3330,তুমাইতাইন,O
,ওর,O
,হাসির,O
,প্রমো,O
,পরি,O
,গেছি,O
,আমি,O
Sentence: 1204,আমরার,O
,তিন,O
,বৎসরর,O
,সংসার,O
,হুরুতা,B-REL
,অইছে,O
,না,O
Sentence: 1299,হখল,O
,কাম,O
,মুই,O
,খরি,O
,তাইন,O
,এখটা,O
,কামও,O
,খরইন,O
,না,O
,তাও,O
,আমরা,O
,ভালা,O
,নায়,O
Sentence: 3225,নিজর,O
,ফরিবার,O
,লইয়া,O
,বইন,O
Sentence: 706,আমি,O
,ছবি,O
,তুলতে,O
,বালা,O
,ফাই,O
Sentence: 1060,আফনে,O
,এখটা,O
,সাহায্য,O
,পাইড়া,O
,পুলিশর,B-ROLE
,ধার,O
,থাকি,O
Sentence: 2915,আমি,O
,আচলাম,O
Sentence: 1690,ছোট,B-REL
,বইনে,I-REL
,চিল্লাইয়া,O
,উঠলো,O
,দারুণ,O
Sentence: 1467,মোর,O
,হাই,B-REL
,বাসাত,O
,আইলেউ,O
,মোর,O
,কুছো,O
,মাথা,O
,রাখে,O
Sentence: 650,রাইত,B-FOOD
,ওর,I-FOOD
,খানিটা,O
,খাইয়াউ,O
,ঘুমাই,O
,রইলাম,O
Sentence: 257,মোর,O
,খতা,O
,এখান,O
,অউ,O
,ফুয়াইন্তর,O
,লগে,O
,কিওর,O
,দরখার,O
,থাকতো,O
,পারে।,O
Sentence: 3271,এখ,O
,হুরু,B-REL
,বইন,I-REL
Sentence: 2566,খাওয়ন,O
,শেষ,O
,কইরা,O
,তার,O
,দিক্কা,O
,গেল,O
Sentence: 839,আমার,O
,দিকে,O
,তো,O
,আর,O
,চাও,O
,না,O
,চউখ,O
,থাকে,O
,অইন্য,O
,ফুরিন্তোর,O
,ওবায়,O
Sentence: 1620,পুতুল,B-OBJ
,ওর,O
,ওতার,O
,লাগিউ,O
,খুব,O
,মন,O
,খারাপ,O
Sentence: 3341,আমার,O
,একবারেও,O
,ভালা,O
,লাগে,O
,না,O
Sentence: 1453,কিলান,O
,আছলাম,O
,আর,O
,কিলান,O
,অইলাম,O
Sentence: 2421,ফতম,O
,দিকে,O
,আফনারে,O
,আমি,O
,ভালা,O
,ফাইতাম,O
,না,O
Sentence: 1605,কমলাপুর,B-LOC
,রেলস্টেশন,I-LOC
,তনে,O
,বইন,B-REL
,ওর,O
,বাসাত,I-LOC
,আইছি,O
Sentence: 2519,শিমুর,B-PER
,আকাশী,B-COL
,রং,I-COL
,পছন্দ,O
Sentence: 177,চল,O
,দুইজনে,O
,হাতো,O
,ধরিয়া,O
,হারাই,O
,যাই,O
Sentence: 1334,তে,O
,তান,O
,থাকি,O
,আলেদা,O
,অই,O
,যাইমু,O
Sentence: 266,পছন্দ,O
,খরিয়াও,O
,পরিবারর,O
,মাইধ্যমে,O
,বিয়া,O
,খরি,O
,আনছে,O
Sentence: 1130,মুই,O
,হখলতা,O
,বুজিয়া,O
,পেরেম,O
,খরাত,O
,গেলাম,O
Sentence: 2305,আইজ,O
,গরিব,O
,বলিয়া,O
,কেউ,O
,আমারে,O
,ভালাফায়,O
,না,O
Sentence: 3411,আইজ,O
,আমার,O
,জন্মদিন,O
Sentence: 3001,নাস্তা,B-FOOD
,খাইয়া,O
,বাদে,O
,স্কুল,B-ORG
,ও,O
,যাই,O
,না,O
Sentence: 2399,তোমার,O
,কিতা,O
,মাথাত,O
,বেদনা,O
,করের,O
,নি,O
Sentence: 740,তুমিতাইন,O
,কিতা,O
,রান্তায়,O
,ফারো,O
,নি,O
Sentence: 1696,একটা,O
,শব্দ,O
,র,O
,বউত,O
,লাকান,O
,অর্থ,O
,থাকতো,O
,ফারে,O
Sentence: 1801,গরমর,O
,দিনো,O
,গুছল,O
,না,O
,খরিয়া,O
,এখ,O
,দিনো,O
,টিকা,O
,মুশকিল,O
Sentence: 485,তুমি,O
,ওনো,O
,থাকলে,O
,আমি,O
,খুশি,O
Sentence: 1540,আমরার,O
,নাম,O
,ওর,O
,দরকার,O
,লাগে,O
,না,O
Sentence: 2292,আমার,O
,বন্ধুরা,B-REL
,হাচাও,O
,ভালা,O
,মনের,O
,মানুষ,O
Sentence: 2147,মোর,O
,সকালে,O
,উঠিয়া,O
,বই,B-OBJ
,পরতে,O
,অনেক,O
,ভালা,O
,লাগে,O
Sentence: 3302,আমি,O
,মেধাবী,O
,আছিলাম,O
Sentence: 2014,আমি,O
,আফনার,O
,লগে,O
,আছি,O
Sentence: 741,তুমিতাইন,O
,ওর,O
,হাত,O
,ওর,O
,লেখা,O
,যে,O
,সুন্দর,O
Sentence: 3468,ডরাইছলাম,O
,আমি,O
Sentence: 1307,মুই,O
,মোর,O
,বাফ,B-REL
,মার,B-REL
,একমাত্র,O
,সন্তান,B-REL
Sentence: 1942,বাক্কাদিন,O
,পরে,O
,আফনার,O
,লগে,O
,দেখা,O
Sentence: 615,তুমিতাইন,O
,কোন,O
,বিষয়,O
,ও,O
,পড়রায়,O
Sentence: 595,আইজ,O
,দুপুরি,O
,বেলা,O
,আমরার,O
,দাওয়াত,O
,আছে,O
Sentence: 1111,যত,O
,জলদি,O
,সম্ভব,O
,বিয়ার,O
,ব্যবস্থা,O
,খরো,O
Sentence: 3110,চুলগুন,O
,যে,O
,লম্বা,O
Sentence: 133,মোর,O
,বন্দু,B-REL
,মোর,O
,লাগি,O
,এখটা,O
,লাল,B-COL
,গোলাপ,B-OBJ
,কিনিয়া,O
,দিছে,O
Sentence: 2497,তুমি,O
,কি,O
,আমারে,O
,এক,O
,গ্লাস,B-OBJ
,ফানি,B-FOOD
,এনে,O
,দিতায়,O
,ফারবা,O
Sentence: 655,জিনিসটা,O
,হাছাউ,O
,চিন্তার,O
Sentence: 180,হাছাহাছির,O
,ভালোবাসা,O
,হারে,O
,না,O
,মিছামিছিরটা,O
,হারি,O
,যায়,O
Sentence: 2961,আপেল,B-FOOD
,ভালা,O
Sentence: 3166,বাক্কা,O
,দিন,O
,বাদে,O
Sentence: 3291,হুতি,O
,টিভি,B-OBJ
,দেখাত,O
,আছিলাম,O
Sentence: 1772,হকল,O
,জীবন,O
,ওর,O
,ওউ,O
,একটা,O
,লক্ষ্য,O
,থাকা,O
,লাগবো,O
Sentence: 278,গত,O
,এখ,O
,মাস,O
,আগে,O
,বউর,B-REL
,লগে,O
,ঝগড়া,O
,লাগিয়া,O
,জামাই,B-REL
,দেশো,B-LOC
,আইচ্চে,O
Sentence: 252,মোর,O
,জাামাই,B-REL
,বাক্কা,O
,ফুড়িন্তর,O
,লগে,O
,হারা,O
,রাইত,O
,জাগিয়া,O
,মাতে,O
Sentence: 3068,বইনরে,B-REL
,আমি,O
,খুব,O
,ভালা,O
,ফাই,O
Sentence: 3350,আমার,O
,মরগ,B-FOOD
,ওর,O
,মাংস,I-FOOD
,বেশি,O
,ভালা,O
,লাগে,O
Sentence: 585,হে,O
,খুব,O
,বেলা,O
,লাগাইয়া,O
,ঘুমায়,O
Sentence: 1254,অখন,O
,নিজেউ,O
,আর,O
,ফারিয়ার,O
,না,O
Sentence: 440,তুই,O
,আমার,O
,লাগি,O
,কোন,O
,সুন্দর,O
,উপহার,O
,কিনতে,O
,ফারবে,O
,নি,O
Sentence: 1397,মোরে,O
,কুনোসময়,O
,মনে,O
,অইছে,O
,না,O
,মুই,O
,খেনে,O
,ছুটো,O
,অইতাম,O
Sentence: 534,তারা,O
,তিনগু,O
,ভাই,B-REL
,আছিল,O
,কিন্তু,O
,হেরার,O
,মাঝে,O
,মিল,O
,আছিল,O
,না,O
Sentence: 2392,আফনে,O
,আমারে,O
,দয়া,O
,করিয়া,O
,বিশ্বাস,O
,করওক্কা,O
Sentence: 3213,ফুয়া,O
,বল,B-OBJ
,দিয়া,O
,খেলার,O
Sentence: 3278,মাতও,O
,আর,O
,মাতাবায়,O
,না,O
Sentence: 1476,মুই,O
,তো,O
,আরুয়া,O
,অউ,O
Sentence: 1061,মুই,O
,খইমু,O
,আফনে,O
,তালাকর,O
,পথ,O
,বাছিয়া,O
,লইন,O
Sentence: 2986,সময়,O
,ফুরাই,O
Sentence: 2052,আমার,O
,বাড়িত,O
,বাক্কা,O
,সুন্দর,O
,ফুল,B-OBJ
,আছে,O
Sentence: 3258,দেখা,O
,খরা,O
,যাইব,O
Sentence: 3111,যে,O
,লম্বা,O
Sentence: 3420,বেলা,O
,লাগাইয়া,O
,ঘুমায়,O
Sentence: 2349,বেটায়,O
,তার,O
,বউর,B-REL
,গাত,O
,হাত,O
,তুলছে,O
Sentence: 1331,মুই,O
,অঅখন,O
,সিদ্ধান্ত,O
,নিছি,O
,আর,O
,খেরুর,O
,মাত,O
,মুই,O
,হুনতাম,O
,নায়,O
Sentence: 2499,তোমার,O
,ভাই,B-REL
,ফড়ালেখাতে,O
,বহুত,O
,মেধাবি,O
Sentence: 1438,মুই,O
,তুমার,O
,লগে,O
,আছি,O
Sentence: 3165,বাক্কা,O
,দিন,O
,বাদে,O
,তুমারে,O
,দেখলাম,O
Sentence: 3347,ভাই,B-REL
,কিতাত,O
,চাকরি,O
,করইন,O
Sentence: 1545,ফোন,O
,করিয়া,O
,জানাইলো,O
Sentence: 2160,ফুড়িটা,O
,রাজশাহী,B-LOC
,থাকি,O
,আমার,O
,বড়,B-REL
,ভাইয়র,I-REL
,লগে,O
,দেখা,O
,করাত,O
,আইছলা,O
Sentence: 2075,তুমিতাইন,O
,কিতা,O
,ওখনো,O
,চাকরি,O
,কররায়,O
,নি,O
Sentence: 2355,তুমি,O
,খান্দাত,O
,থাকলে,O
,স্বপ্নের,O
,থাকি,O
,বেশি,O
,সুখি,O
,থাকি,O
Sentence: 3108,আব্বায়,B-REL
,মোর,O
,লাগি,O
,সাদা,B-COL
,জামা,B-OBJ
,কিনিয়া,O
,আনছইন,O
Sentence: 760,খেলার,B-LOC
,মাঠও,I-LOC
,আইজ,O
,বাক্কা,O
,মানুষ,O
Sentence: 2061,তাঁর,O
,ওউ,O
,মাস,O
,ও,O
,বিদেশ,B-LOC
,যাওয়ার,O
,কয়থা,O
,আছিল,O
Sentence: 315,কুনতা,O
,পাইতে,O
,অইলে,O
,কুনতা,O
,ছাড়া,O
,লাগবো,O
Sentence: 2586,ইগু,O
,কিলা,O
,ওই,O
Sentence: 67,আমার,O
,বিয়ার,O
,দশ,O
,বছর,O
,অর,O
Sentence: 1162,বাসাত,O
,ফুয়া,O
,আছিল,O
,আর,O
,তার,O
,পরিবারর,O
,হখল,O
,সদস্যরা,O
,আছলা,O
Sentence: 3325,তুমাইতাইন,O
,ওর,O
,গান,O
,ওর,O
,গলা,O
,খুব,O
,ভালা,O
Sentence: 1660,বাবায়,B-REL
,একদিন,O
,মাতে,O
,মাতে,O
,মা,B-REL
,রে,O
,কইলা,O
Sentence: 751,তুমিতাইন,O
,ওর,O
,ফুয়াগু,B-REL
,যে,O
,দুষ্টা,O
Sentence: 1819,অউ,O
,বাজারো,B-LOC
,টেমেটু,B-FOOD
,বেছিয়া,O
,কোটিপতি,O
,অই,O
,গেলা,O
,এখ,O
,চাষায়,O
Sentence: 3160,এখটা,O
,দুকানো,O
,যাওয়া,O
,লাগবো,O
Sentence: 138,যদি,O
,হে,O
,তুমার,O
,কাছে,O
,ফিরিয়া,O
,আয়,O
,তে,O
,হে,O
,তুমার,O
,অউ,O
,আছিল,O
Sentence: 2181,ফুয়াটা,O
,বিদোশো,B-LOC
,গিয়া,O
,ফড়ালেখা,O
,করার,O
,স্বপ্ন,O
,দেখে,O
Sentence: 72,যে,O
,মাথাত,O
,বেদনা,O
,ধরছিল,O
Sentence: 2232,মুই,O
,যতদিন,O
,বাছিয়া,O
,থাকি,O
,আফনারে,O
,বিতর,O
,রাখমু,O
Sentence: 2524,আফনারা,O
,আগে,O
,জাউকা,O
Sentence: 2470,এক,O
,কৃষক,B-ROLE
,বাজারে,O
,টমেটো,B-FOOD
,বেছইন,O
Sentence: 64,মুই,O
,এখটা,O
,ফুড়ি,O
Sentence: 328,আমরার,O
,পরিবারো,O
,আনন্দর,O
,বাইরে,O
,কুনো,O
,লাগালাগি,O
,নাই,O
Sentence: 1051,অলান,O
,কিচ্ছু,O
,খরমু,O
,যাতে,O
,তার,O
,ধারে,O
,মোর,O
,যাওয়া,O
,না,O
,লাগে,O
Sentence: 2621,আফনার,O
,লগে,O
,মাত্তে,O
,বাক্কা,O
Sentence: 832,থুরা,O
,বেশি,O
,ওই,O
,গেছে,O
,কম,O
,ওইলে,O
,আরো,O
,ভালা,O
,লাগলো,O
,নে,O
Sentence: 1306,মোর,O
,আম্মা,B-REL
,মারা,O
,গেছইন,O
,আট,O
,মাস,O
,আগে,O
Sentence: 1375,তাইন,O
,হারাদিন,O
,খতো,O
,খষ্ট,O
,খরি,O
,কাম,O
,করইন,O
Sentence: 154,গোলাপ,B-OBJ
,ফুল,I-OBJ
,দিমু,O
,আমি,O
,তুমার,O
,হাতো,O
Sentence: 2624,আমরার,O
,মাত,O
,বুঝরে,O
,তুই,O
Sentence: 2786,তোমার,O
,নাম,O
,কিতা,O
Sentence: 1777,বউত,O
,জাত,O
,ফলর,B-FOOD
,মাঝে,O
,হফরি,B-FOOD
,মাইনশর,O
,বেতালা,O
,ফছন্দর,O
,ফল,B-FOOD
Sentence: 891,আমি,O
,এক,O
,ফুয়া,O
,ওখন,O
,বাংলাদেশ,B-ORG
,নেভীত,I-ORG
,কাম,O
,করিয়ার,O
Sentence: 1498,পলাশ,B-PER
,ওর,O
,মাতে,O
,বিরক্ত,O
,ওইছলায়,O
,কিওর,O
,লাগি,O
Sentence: 1497,ক্লাস,O
,ও,O
,কোন,O
,ব্যাপারে,O
,মাতছিলায়,O
Sentence: 3467,কানে,O
,মাথ,O
,যায়নি,O
,তোর,O
Sentence: 916,আমার,O
,হাঞ্জাবেলাত,O
,কফি,B-FOOD
,খাওয়ার,O
,অভ্যাস,O
,আছ্র,O
Sentence: 2153,আমার,O
,বন্ধু,B-REL
,আইজকে,O
,সকালে,O
,ফুটবল,B-OBJ
,খেলছে,O
Sentence: 1645,আমগাছ,O
,ও,O
,যত,O
,মুকুল,B-OBJ
,আইছে,O
Sentence: 342,আফনার,O
,ছবিটা,B-OBJ
,দেখিয়া,O
,মন,O
,ভরি,O
,গেছে,O
Sentence: 873,আমি,O
,এক,O
,অবিবাহিতা,O
Sentence: 2808,কিতা,O
,খবর,O
,তোমার,O
Sentence: 2955,করতাম,O
,কিলাখান,O
Sentence: 628,নদীর,B-LOC
,দুই,O
,পাড়,O
,ওর,O
,সুন্দর,O
,দৃশ্যয়,O
,চউখ,O
,জুড়াই,O
,যায়,O
Sentence: 2092,টেখা,B-OBJ
,দিয়া,O
,কিতা,O
,করতায়,O
Sentence: 3209,ফুয়া,O
,ইগু,O
,বল,B-OBJ
,দিয়া,O
,খেলার,O
Sentence: 1898,সেখানে,O
,বহুত,O
,পুলিশ,B-ROLE
,দেইখ্খা,O
,বাসার,O
,দিকে,O
,আইফরছিলাম,O
Sentence: 2451,আমার,O
,আম্মা,B-REL
,কইরা,O
,যে,O
,তেতুল,B-FOOD
,খাইয়া,O
,আমার,O
,বুদ্ধি,O
,কমি,O
,যাইবো,O
Sentence: 1626,হাত,O
,তালি,O
,দিয়া,O
,দিয়া,O
,কিতা,O
,পড়া,O
,যায়,O
,নি,O
Sentence: 658,অংক,O
,তুমিতাইন,O
,ওর,O
,কিলা,O
,লাগে,O
,তে,O
Sentence: 602,তোমরার,O
,প্রিয়,O
,লেখক,B-ROLE
,কেটা,O
Sentence: 2750,তুমি,O
,কই,O
,থাকি,O
,আইছো,O
Sentence: 2408,আমি,O
,হক্কলরে,O
,বুজাইয়া,O
,হেরান,O
,যে,O
,আম্মুয়ে,B-REL
,কোন্তা,O
,করছইন,O
,না,O
Sentence: 2803,তুমি,O
,কিতা,O
,করো,O
Sentence: 2404,বাড়িত,O
,আমার,O
,বিয়ার,O
,লাগি,O
,ফুরি,O
,দেখা,O
,অর,O
Sentence: 1841,ঘরের,O
,ফ্লোর,O
,পরিস্কার,O
,করা,O
,লাগবো,O
Sentence: 870,২৮,O
,বছর,O
,ধরিয়া,O
,আমার,O
,মা,B-REL
,য়,O
,কষ্ট,O
,করিয়া,O
,গেছোইন,O
Sentence: 170,মিষ্টি,O
,মিষ্টি,O
,হাসিয়া,O
,মাতিয়া,O
,পাগল,O
,খরি,O
,দিলায়,O
Sentence: 2830,আঙ্গুর,B-FOOD
,আমার,O
,পছন্দ,O
Sentence: 1064,যাই,O
,অউক,O
,মার,B-REL
,থাকি,O
,বাক্কা,O
,কিছু,O
,পাওয়ার,O
,থাখলেও,O
,আফনে,O
,তেমন,O
,কিচ্ছু,O
,পাইছইন,O
,না,O
Sentence: 2089,চলো,O
,ভাগি,O
,যাই,O
Sentence: 3163,পয়লা,O
,এখটা,O
,দুকানো,B-LOC
,যাওয়া,O
,লাগবো,O
Sentence: 2884,মাফ,O
,চাইয়ার,O
Sentence: 3135,আমারে,O
,চিনো,O
,নি,O
Sentence: 695,ছেলে,B-REL
,পক্ষর,I-REL
,হেরারে,O
,না,O
,করি,O
,দিও,O
Sentence: 3246,ছবি,O
,তুলা,O
,লাগবো,O
Sentence: 2646,হে,O
,এখন,O
,রাজশাহীত,B-LOC
,গেছে,O
,গিয়া,O
Sentence: 820,খানিত,B-FOOD
,লবণ,B-FOOD
,থুরা,O
,কম,O
,ওইছে,O
Sentence: 1849,চাষাবাদ,O
,করিয়া,O
,মুই,O
,সময়,O
,কাটাই,O
Sentence: 1602,কিছুদিন,O
,বাদে,O
,পারুলে,B-PER
,নিজেউ,O
,জানাইলো,O
,বই,B-OBJ
,ওগু,O
,ফাওয়া,O
,গেছে,O
Sentence: 255,এখন,O
,বিয়ার,O
,পরে,O
,জানতাম,O
,ফারছি,O
,মোর,O
,জামাই,B-REL
,আগে,O
,দুই,O
,বিয়া,O
,করছইন,O
Sentence: 2034,আমি,O
,আফনার,O
,লগে,O
,মজা,O
,করতাম,O
,চাই,O
Sentence: 2468,আমার,O
,দাদা,B-REL
,চুলো,O
,সরিষার,O
,তেল,O
,দেইন,O
Sentence: 2225,তোমার,O
,কোনো,O
,মাতই,O
,কোনোও,O
,হদিস,O
,নাই,O
Sentence: 1519,তাইন,O
,চানাচুর,B-FOOD
,বেচাত,O
,আইন,O
Sentence: 1503,লেখিয়া,O
,শিক্ষক,B-ROLE
,ওর,O
,ধারো,O
,জমা,O
,দেও,O
Sentence: 3348,কিতাত,O
,চাকরি,O
,করইন,O
Sentence: 392,ফুড়ি,O
,ইগুর,O
,এখটা,O
,ভালা,O
,বন্ধু,B-REL
,আছিল,O
Sentence: 3222,তুমার,O
,ফছন্দের,O
,কয়টা,O
,বই,B-OBJ
,কিনছি,O
Sentence: 75,এক,O
,খতায়,O
,আফনারে,O
,বাক্কা,O
,সুন্দর,O
,লাগের,O
Sentence: 2554,হই,O
,গেছি,O
Sentence: 2978,শিমুর,B-PER
,নীল,B-COL
,রং,I-COL
,পছন্দ,O
Sentence: 3322,তুমাইতান,O
,ওর,O
,ভাইরে,B-REL
,দেখলাম,O
Sentence: 3104,আব্বায়,B-REL
,জামা,B-OBJ
,কিনিয়া,O
,আনছইন,O
Sentence: 1506,দক্ষিণ,B-LOC
,ওর,O
,জেলা,I-LOC
,কক্সবাজার,I-LOC
Sentence: 2420,ফুয়া,O
,ইগু,O
,সিগারেট,B-OBJ
,খায়,O
,না,O
Sentence: 3056,আফনার,O
,লগে,O
,আছি,O
Sentence: 86,পিছেদি,O
,এখনো,O
,বাক্কা,O
,মানুষ,O
,লাইনো,O
,উবানিত,O
Sentence: 1589,হে,O
,মাঠ,B-LOC
,ও,O
,আইছে,O
,না,O
Sentence: 1952,মুই,O
,আগেউ,O
,কইছি,O
,তুমি,O
,ছাড়া,O
,দুনিয়াত,B-LOC
,আমার,O
,আর,O
,কুনুতা,O
,নাই,O
Sentence: 413,আফনার,O
,লগে,O
,দেখা,O
,ওইয়া,O
,আসলেউ,O
,বাক্কা,O
,বালা,O
,লাগলো,O
Sentence: 601,তোমরা,O
,কিতা,O
,গল্প,B-OBJ
,র,O
,বই,I-OBJ
,পড়তে,O
,বালা,O
,ফাও,O
,নি,O
Sentence: 76,আফনার,O
,ছবি,B-OBJ
,থাকি,O
,আফনে,O
,বাস্তবে,O
,অনেখ,O
,বেশি,O
,সুন্দর,O
Sentence: 2565,মাথ,O
,না,O
,মাতিয়া,O
,খাওনও,O
,মন,O
,দে,O
Sentence: 130,তুমার,O
,কিতা,O
,মন,O
,খারাফ,O
,নি,O
Sentence: 3211,বল,B-OBJ
,দিয়া,O
,খেলার,O
Sentence: 2054,আমি,O
,ওনো,O
,হকল,O
,দিন,O
,ওউ,O
,আই,O
Sentence: 2930,আমি,O
,হারতাম,O
,নাই,O
Sentence: 3259,খরা,O
,যাইব,O
Sentence: 1425,ফত্তেকবার,O
,ভাবতাম,O
,হে,O
,ভালা,O
,অই,O
,গেছে,O
Sentence: 2589,তুমিতাইন,O
,ওর,O
,ঘুম,O
,আয়,O
,কিওর,O
,লাগি,O
Sentence: 1403,অখটা,O
,জরুলি,O
,না,O
,যেন,O
,হখল,O
,সময়,O
,সবতা,O
,আরেখ,O
,জন,O
,করিয়া,O
,দিবো,O
Sentence: 359,খালি,O
,ফুড়িন্তেউ,O
,পারইন,O
,বেচারা,O
,ফুয়াইন্তর,O
,সরল,O
,মনরে,O
,ফুটবল,B-OBJ
,ভাবিয়া,O
,খেলতা,O
Sentence: 1792,এগুতা,O
,মেকুরর,B-ANI
,বাইচ্চা,I-ANI
,পালার,O
,খুব,O
,শখ,O
,মোর,O
Sentence: 694,আইজ,O
,কিতা,O
,তোমারে,O
,দেখাত,O
,আইবো,O
,নি,O
Sentence: 1119,মুই,O
,চাইরাম,O
,ট্রেনিং,O
,থাকি,O
,ফিরিয়াউ,O
,তাইরে,O
,বিয়া,O
,খরিলতাম,O
Sentence: 2645,ফুয়াটায়,O
,এখটা,O
,সাদা,B-COL
,রঙ্গের,I-COL
,শার্ট,B-OBJ
,পিন্দিয়া,O
,আইছিল,O
Sentence: 91,নিজর,O
,পছন্দর,O
,বিয়াত,O
,বাফ,B-REL
,মারে,B-REL
,রাজি,O
,করানি,O
,অইলো,O
Sentence: 274,দয়া,O
,খরিয়া,O
,নাম,O
,পরিচয়,O
,গুফন,O
,রাখবা,O
Sentence: 681,তুমিতাইন,O
,ওর,O
,হাসির,O
,প্রেমও,O
,পড়ি,O
,গেছি,O
,আমি,O
Sentence: 1192,মোরে,O
,খুুদার,O
,কছম,O
,দিয়া,O
,কই,O
,দিলো,O
,তাই,O
,ইতা,O
,ফারতো,O
,নায়,O
Sentence: 3331,তুমাইতাইন,O
,ওর,O
,বাসাত,O
,কে,O
,কে,O
,আছোইন,O
Sentence: 2792,কিতা,O
,আনতাম,O
Sentence: 2129,তুমি,O
,কিতা,O
,মোরে,O
,এই,O
,কাজটা,O
,করাই,O
,দিতা,O
,পারবা,O
,নি,O
Sentence: 494,আমার,O
,বড়,B-REL
,বইনে,I-REL
,আমারে,O
,খুব,O
,বালা,O
,ফায়,O
Sentence: 2542,আমি,O
,বাক্কা,O
,অসহায়,O
,বোধ,O
,কোরিয়ার,O
Sentence: 3267,মোর,O
,পরিবারও,O
,মুই,O
,আম্মা,B-REL
,আব্বা,B-REL
Sentence: 2936,আমার,O
,হাতও,O
,বেদনা,O
Sentence: 1508,আইজ,O
,কোন,O
,খেলা,O
,ওইতো,O
,নায়,O
Sentence: 2110,হে,O
,ঢাকাত,B-LOC
,তনে,O
,গ্রাম,B-LOC
,ও,O
,গেছিল,O
Sentence: 765,ফুয়াগুর,O
,যে,O
,রাগ,O
Sentence: 793,ওয়,O
,১৪,O
,টা,O
,বছর,O
,ধরি,O
,আইজও,O
,তাইন,O
,কোন,O
,কারণে,O
,আমারে,O
,তুই,O
,কইয়া,O
,ডাকছোইন,O
,না,O
Sentence: 1791,মুই,O
,এখান,O
,মুরুগির,B-ANI
,বাইচ্চা,I-ANI
,পালি,O
Sentence: 3351,মরগ,B-FOOD
,ওর,O
,মাংস,I-FOOD
,বেশি,O
,ভালা,O
,লাগে,O
Sentence: 2853,আজকো,O
,স্কুল,B-ORG
,ও,O
,গেছলে,O
Sentence: 800,আমার,O
,দুই,O
,নাম্বার,O
,বিয়া,O
,লইয়া,O
,আমার,O
,নিজ,O
,ওর,O
,কাকা,B-REL
,মামাইন্তে,B-REL
,খোঁচা,O
,মারিয়া,O
,মাতোইন,O
Sentence: 2611,তুমিতাইন,O
,কিতা,O
,বারইবায়,O
,নি,O
Sentence: 1135,তারা,O
,আমরারে,O
,ফছন্দ,O
,করতা,O
,চাইতা,O
,আমরার,O
,সম্পর্ক,O
,আবার,O
,জোড়া,O
,লাগউক,O
Sentence: 2650,হাসে,O
,না,O
Sentence: 3145,মুই,O
,কথা,O
,বুঝি,O
,না,O
Sentence: 1115,মোর,O
,গার্লফ্রেন্ডর,B-REL
,পরিবারর,O
,বুজি,O
,ডিফেন্সর,O
,জব,O
,ফছন্দ,O
,না,O
Sentence: 1078,পয়লা,O
,থাকি,O
,অউ,O
,মোর,O
,হড়ি,B-REL
,মোরে,O
,খুব,O
,ভালাপাইন,O
Sentence: 139,আর,O
,যদি,O
,ফিরিয়া,O
,না,O
,আয়,O
,তে,O
,হে,O
,কুনোদিন,O
,অউ,O
,তুমার,O
,আছিল,O
,না,O
Sentence: 739,ওউ,O
,দুউন্নাইত,B-LOC
,আমি,O
,ফুরাউ,O
,এখলা,O
Sentence: 3013,তাই,O
,বেয়াদপ,O
Sentence: 176,তুমি,O
,যদি,O
,চাও,O
,তে,O
,মেগ,O
,অইবো,O
,আইজ,O
Sentence: 2265,ফুড়িটা,O
,একটা,O
,ভালো,O
,চাকরি,O
,করে,O
Sentence: 2972,আমি,O
,বিদেশ,O
,গেছলাম,O
Sentence: 3463,হগলের,O
,বউ,B-REL
,হুন্দর,O
,আমার,O
,ইক্কান,B-REL
,কাইল্যা,O
Sentence: 854,ওলা,O
,বেটাইন্তোর,O
,লগে,O
,সংসার,O
,করা,O
,যায়,O
,না,O
Sentence: 3140,মুই,O
,ফুটবল,B-OBJ
,খেলাইছি,O
Sentence: 493,আমার,O
,ছোট,B-REL
,ভাউ,I-REL
,দুই,O
,মাস,O
,বাদে,O
,বিদেশ,B-LOC
,পড়ার,O
,লাগি,O
,যাইরো,O
,গি,O
Sentence: 723,আমার,O
,মা,B-REL
,য়,O
,আমারে,O
,বালা,O
,ফাইন,O
Sentence: 1759,আমার,O
,খুদা,O
,লাগছে,O
Sentence: 4,অউ,O
,গরমো,O
,আমার,O
,কুনতা,O
,ভালা,O
,লাগের,O
,না,O
Sentence: 1868,আবেগ,O
,ওয়ালা,O
,মানুষ,O
,খুব,O
,আরুয়া,O
,অই,O
,থাকে,O
Sentence: 2280,আমার,O
,বড়,B-REL
,ভাই,I-REL
,সাত,O
,মাস,O
,প্রেম,O
,করিয়া,O
,একজনকে,O
,বিয়া,O
,করছে,O
Sentence: 295,বউর,B-REL
,ধারনা,O
,জামাই,B-REL
,পরকীয়া,O
,কররা,O
Sentence: 1472,কিতা,O
,অইবো,O
,তার,O
,লাগি,O
,কান্দিয়া,O
Sentence: 2666,সাদা,B-COL
,রঙ্গের,I-COL
,শার্ট,B-OBJ
Sentence: 2297,আমার,O
,গ্রামর,B-LOC
,মানুষদের,O
,মধ্যে,O
,কোনো,O
,রকম,O
,ঝগড়া,O
,নাই,O
Sentence: 1056,মুই,O
,কিন্তু,O
,আত্মহত্যা,O
,খরতে,O
,বাধ্য,O
,অইমু,O
Sentence: 1295,আম্মার,B-REL
,টাইন,O
,ছুটো,B-REL
,ফুয়াও,I-REL
,সব,O
Sentence: 2238,আমার,O
,বিয়া,O
,করার,O
,লাগি,O
,আরেকদিন,O
,আগাইছে,O
Sentence: 1098,মুই,O
,এখন,O
,তর,O
,ভাইরে,B-ROLE
,বিয়া,O
,খরতাম,O
,চাই,O
,না,O
Sentence: 2350,তোমার,O
,কিতা,O
,মানুষ,O
,দেখানি,O
,শেষ,O
,নি,O
Sentence: 3162,যাওয়া,O
,লাগবো,O
Sentence: 1524,তোমরা,O
,বালা,O
,আছো,O
,জানিয়া,O
,খুশি,O
,ওইলাম,O
Sentence: 3210,ইগু,O
,বল,B-OBJ
,দিয়া,O
,খেলার,O
Sentence: 937,আমি,O
,সকাইলকু,O
,নাস্তা,B-FOOD
,খাইয়া,O
,বাদে,O
,স্কুলও,B-ORG
,যাই,O
Sentence: 1276,তারার,O
,মা,B-REL
,ফুয়ার,B-REL
,সম্পর্ক,O
,খারাফ,O
,আর,O
,এর,O
,গরম,O
,মোর,O
,উফরে,O
,দিয়া,O
,যায়,O
Sentence: 1309,তানরে,O
,দেখার,O
,মতো,O
,তেমন,O
,খেউ,O
,নাই,O
Sentence: 1958,তুমারে,O
,ছাড়া,O
,মুই,O
,কুনতা,O
,ভাবতাম,O
,ফারি,O
,না,O
Sentence: 489,আমার,O
,গাড়ি,B-OBJ
,ওগুর,O
,রঙ,O
,ওইলো,O
,লাল,O
Sentence: 98,সারাজীবন,O
,তুমারে,O
,মুই,O
,ভালোবাসিয়া,O
,যাইমু,O
Sentence: 2865,কুন্টা,O
,খাইতে,O
,ভালা,O
,লাগে,O
Sentence: 617,আইজ,O
,হারাদিন,O
,বৃষ্টি,O
,ওইছে,O
Sentence: 1616,ওতো,O
,বালা,O
,লাগে,O
,তার,O
Sentence: 2315,ফুয়াটা,O
,ছুটির,O
,দিনও,O
,কলেজে,B-ORG
,যায়,O
Sentence: 1921,তুমার,O
,আমারে,O
,চিনা,O
,লাগের,O
,না,O
Sentence: 2032,আফনে,O
,কিতা,O
,একগু,O
,বাংলা,O
,নাটক,O
,দেখতে,O
,ফারবা,O
,নি,O
Sentence: 3049,আমার,O
,বাসাত,O
,গতকাইল,O
,চুরি,O
,অই,O
,গেছে,O
Sentence: 3274,এখ,O
,সময়ে,O
,এখলগে,O
,আছি,O
Sentence: 1821,হাইরোর,B-FOOD
,তেল,I-FOOD
,রান্ধার,O
,লাগি,O
,আর,O
,গাত,O
,মাঞ্জার,O
,লাগি,O
,ব্যবহার,O
,অয়,O
Sentence: 2905,কেক,B-FOOD
,ভালা,O
,ফাই,O
Sentence: 2734,আমরা,O
,হারি,O
,গেছি,O
Sentence: 3132,শুক্রবার,O
,ওবায়,O
,যাইতাম,O
,না,O
Sentence: 2810,তোমরার,O
,বাড়ি,O
,কই,O
Sentence: 1874,ফুরো,O
,মেগ,O
,মৌসুমো,O
,হতে,O
,গনা,O
,কয়েকদিন,O
,মাত্র,O
,মেগ,O
,অওয়ার,O
,পরআর,O
,মেগের,O
,দেখা,O
,নাই,O
Sentence: 3329,তুমাইতাইন,O
,গলা,O
,খুব,O
,ভালা,O
Sentence: 2544,অসহায়,O
,বোধ,O
,কোরিয়ার,O
Sentence: 1261,পয়লা,O
,মোর,O
,জামাইর,B-REL
,মাতো,O
,আই,O
Sentence: 2707,জলদি,O
,উঠি,O
,যাইও,O
Sentence: 1604,হে,O
,না,O
,বুঝিয়াউ,O
,অইন্যরে,O
,দোষ,O
,দিতো,O
,আছলো,O
Sentence: 1445,হে,O
,আমারে,O
,ঝগড়া,O
,অইলেউ,O
,হখল,O
,সময়,O
,অপমান,O
,খরে,O
Sentence: 3293,বিছানায়,B-OBJ
,টিভি,B-OBJ
,দেখাত,O
,আছিলাম,O
Sentence: 2637,আমি,O
,তুমারে,O
,চাল্ল,O
,দিতাম,O
Sentence: 2152,আফনে,O
,কিতা,O
,আমারে,O
,কোনোদিনও,O
,ভালা,O
,ফাইতা,O
,না,O
Sentence: 1764,আমার,O
,কাজ,O
,আর,O
,ব্যস্ততা,O
,আরো,O
,বাড়ছে,O
Sentence: 79,আফনার,O
,লগেে,O
,পরিচিত,O
,অইয়া,O
,ভালা,O
,লাগলো,O
Sentence: 2459,আমার,O
,আম্মা,B-REL
,বৃষ্টি,O
,অইলেও,O
,বারান্দাত,O
,গাছো,O
,ফানি,B-FOOD
,দিছইন,O
Sentence: 2512,আমি,O
,পারমু,O
Sentence: 687,আমার,O
,খুব,O
,বালা,O
,লাগে,O
Sentence: 2354,তাইন,O
,দুই,O
,বেলা,O
,ভাত,B-FOOD
,খাইতা,O
,ফারইন,O
,না,O
Sentence: 1464,বইনরে,B-REL
,বাসাত,O
,পাটাই,O
,দিছি,O
Sentence: 203,অউ,O
,গানটা,O
,খতবার,O
,হুনছি,O
,মুই,O
,নিজেউ,O
,জানি,O
,না,O
Sentence: 2967,আমার,O
,কমলা,B-COL
,রং,I-COL
,পছন্দ,O
Sentence: 2573,কইছি,O
Sentence: 2430,আমার,O
,আব্বু,B-REL
,প্রতিদিন,O
,নাইকলের,B-FOOD
,ফানি,I-FOOD
,ফান,O
,করইন,O
Sentence: 768,তুমিতাইন,O
,কিতা,O
,চাও,O
,নি,O
,আমি,O
,যাই,O
,গি,O
Sentence: 3196,মোর,O
,বন্ধু,B-REL
,মোর,O
,লাগি,O
,এখটা,O
,লাল,B-COL
,গোলাপ,B-OBJ
,কিনিয়া,O
,দিছে,O
Sentence: 791,আমার,O
,বিলাই,B-ANI
,ওর,O
,নাম,O
,মিনু,B-ANI
Sentence: 483,আকাশ,O
,ওর,O
,মেঘ,O
,ওর,O
,লাগি,O
,বৃষ্টি,O
,পড়ে,O
Sentence: 766,আমি,O
,একটা,O
,বাদ,O
,মানুষ,O
Sentence: 3024,ফুরিতায়,O
,দেখা,O
,করাত,O
,আইছিল,O
Sentence: 812,ফয়লা,O
,ফয়লা,O
,বউ,B-REL
,ওর,O
,বউত,O
,প্রশ্ন,O
,র,O
,হাছা,O
,উত্তর,O
,দিয়া,O
,বিপদও,O
,পড়তাম,O
Sentence: 110,আমার,O
,জীবনো,O
,তুমি,O
,ছাড়া,O
,খেউ,O
,নাই,O
Sentence: 850,আমি,O
,ইগুরে,O
,একবারে,O
,স্বাভাবিক,O
,ওউ,O
,লইছলাম,O
Sentence: 55,মুই,O
,তুমার,O
,মনর,O
,খতা,O
,বুজি,O
,না,O
Sentence: 1823,খেরাসিন,O
,তেলর,O
,দিন,O
,দিন,O
,দাম,O
,বাড়ের,O
Sentence: 924,তাই,O
,বাদের,O
,মাসও,O
,বিদেশ,B-LOC
,যাইবো,O
,গি,O
Sentence: 455,মেসি,B-PER
,ওইলো,O
,আমার,O
,পছন্দর,O
,ফুটবল,B-ROLE
,খেলোয়াড়,I-ROLE
Sentence: 1963,ভালা,O
,পাই,O
,ইকান,O
,তুমারে,O
,কওয়া,O
,বাকি,O
Sentence: 3462,ভালা,O
,খইরা,O
,কাম,O
,হইছে,O
Sentence: 2944,পাঠাইছে,O
Sentence: 1052,মুই,O
,কার,O
,ধারে,O
,চাইতাম,O
Sentence: 2378,তোমার,O
,ছুট,B-REL
,ভাই,I-REL
,ইগুয়ে,O
,আগে,O
,নেশা,O
,করতো,O
Sentence: 559,কিন্তু,O
,সুন্দর,O
,ওইলেউ,O
,তো,O
,সবতা,O
,নায়,O
Sentence: 3069,আফনার,O
,বড়,B-REL
,বইনের,I-REL
,কিতা,O
,বিয়া,O
,অই,O
,গেছে,O
,নি,O
Sentence: 2806,খেলা,O
,কররাম,O
Sentence: 3134,তুমি,O
,আমারে,O
,চিনো,O
,নি,O
Sentence: 1613,ওগু,O
,আমরার,O
,বাড়ি,O
Sentence: 2770,ওখান,O
,থাকি,O
,যাইতে,O
,কইছি,O
Sentence: 1057,তউ,O
,পুলিশর,B-ROLE
,উফরে,O
,চাপ,O
,আইবো,O
Sentence: 1457,মুই,O
,অঙ্কত,O
,অনার্স,O
,করাত,O
,আছলাম,O
Sentence: 1815,যেদিন,O
,মেগ,O
,অইছে,O
,হেদিন,O
,বারিন্দার,O
,গাছো,O
,পানি,B-FOOD
,দেওয়ার,O
,দরখার,O
,নায়,O
Sentence: 1753,ফুয়া,O
,ওগুর,O
,নানার,B-REL
,বাড়ি,O
,বরিশাল,O
,ও,O
Sentence: 761,তুমিতাইন,O
,বালা,O
,নি,O
Sentence: 2603,আমার,O
,সোকাইলকু,O
,উঠাইয়া,O
,চা,B-FOOD
,খাওয়ায়,O
,অভ্যাস,O
Sentence: 1314,এখটা,O
,ফুড়ির,O
,বিয়া,O
,দেওয়ার,O
,বাদে,O
,কিতা,O
,পরিবারর,O
,প্রতি,O
,তার,O
,কুনো,O
,দায়িত্ব,O
,থাকতো,O
,ফারে,O
,নানি,O
Sentence: 107,যেবলা,O
,তুমি,O
,আমারে,O
,দেকিয়াও,O
,না,O
,দেখার,O
,ভান,O
,করলায়,O
,হেবলা,O
,আমার,O
,বেশ,O
,লাগছে,O
Sentence: 513,ওখন,O
,তুমিতাইন,O
,গান,O
,গাইতে,O
,ফারতায়,O
,নায়,O
Sentence: 3257,আফনে,O
,আছইন,O
,নি,O
Sentence: 2557,আফনে,O
,আমারে,O
,ছাড়িয়া,O
,চইলা,O
,যাবা,O
Sentence: 2665,সাদা,B-COL
,রঙ্গের,I-COL
,শার্ট,B-OBJ
,পিন্দিয়া,O
,আইছিল,O
Sentence: 332,আফনার,O
,লেখা,O
,অসাধারণ,O
Sentence: 858,আম্মায়,B-REL
,বউত,O
,সইহ্য,O
,করিয়া,O
,ওতো,O
,বছর,O
,সংসার,O
,করিয়া,O
,গেছোইন,O
Sentence: 1081,মোর,O
,জামাই,B-REL
,নিজর,O
,পছন্দে,O
,মোরে,O
,বিয়া,O
,করছিলা,O
Sentence: 2579,ওটা,O
,করিও,O
,না,O
Sentence: 2609,রাত্রে,O
,বারইবায়,O
,নি,O
Sentence: 1594,সব,O
,ওর,O
,ভাষা,O
,এক,O
,লাকান,O
,নায়,O
Sentence: 578,উত্তরাত,B-LOC
,আমরার,O
,বিল্ডিং,B-LOC
,ও,O
,কোন,O
,লাকান,O
,ওউ,O
,পানি,O
,পাইয়ার,O
,না,O
,আমরা,O
Sentence: 2249,তোমারে,O
,অসম্ভব,O
,সুন্দরী,O
,লগের,O
Sentence: 2927,আমি,O
,আইতাম,O
,নাই,O
Sentence: 3218,ফছন্দের,O
,বাক্কা,O
,কয়টা,O
,বই,B-OBJ
,কিনছি,O
Sentence: 3254,ছুটি,O
,কাটাইতাম,O
Sentence: 1701,বয়স,O
,বাড়ি,O
,গেলে,O
,চুল,O
,পাকে,O
Sentence: 754,মানুষ,O
,যে,O
,স্বার্থপর,O
,ওয়,O
Sentence: 1825,ইনো,O
,ছেব,O
,ফালানি,O
,নিষেধ,O
Sentence: 1973,বাস্তব,O
,কঠিন,O
,অইলেও,O
,মানিয়া,O
,নিয়া,O
,মানাইয়া,O
,চলা,O
,লাগে,O
Sentence: 2979,শিমুর,B-PER
,বেগুনি,B-COL
,রং,I-COL
,পছন্দ,O
Sentence: 2574,আমার,O
,ইতা,O
,করন,O
,লাগব,O
Sentence: 2394,তুমি,O
,কিতা,O
,আমার,O
,লাগি,O
,বার,O
,চাইতায়,O
,ফারবায়,O
Sentence: 480,আমাজন,B-LOC
,নদী,I-LOC
,দুনিয়ার,B-LOC
,সব,O
,তাকি,O
,বড়,O
,নদী,B-LOC
,হিসাবে,O
,পরিচিত,O
Sentence: 2390,তুমি,O
,ক্রিকেট,O
,খেলাত,O
,জিতছো,O
Sentence: 1606,বইন,B-REL
,ওর,O
,বাসার,B-LOC
,ওবায়,O
,রাস্তার,O
,ধারো,O
,একটা,O
,ফুলের,B-OBJ
,দোকান,I-LOC
Sentence: 2323,তুমি,O
,কিতা,O
,তোমার,O
,ভুল,O
,বুঝতর,O
,ফারছোনি,O
Sentence: 1541,আমরা,O
,এমনেউ,O
,পরিচয়,O
,রাখতাম,O
,ফারি,O
Sentence: 584,আমি,O
,হুক্কুরবার,O
,বইত,O
,সকাইলকু,O
,উঠি,O
Sentence: 2508,কিতা,O
,পাইছো,O
Sentence: 910,তুমিতাইন,O
,ঘুম,O
,তনে,O
,উঠিয়া,O
,আমারে,O
,কল,O
,দিও,O
Sentence: 487,আমার,O
,লাল,B-COL
,রঙ,I-COL
,ওর,O
,গাড়ি,B-OBJ
,ওগু,O
,গতকাইল,O
,চুরি,O
,ওই,O
,গেছে,O
Sentence: 1474,তুুমি,O
,আরুয়ার,O
,লাখান,O
,তারে,O
,লইয়া,O
,ভাবিয়া,O
,বই,O
,রইতায়,O
,খেনে,O
Sentence: 1386,এখ,O
,খতায়,O
,সুনার,O
,টুকরা,O
,জামাই,B-REL
,আমার,O
Sentence: 747,আমার,O
,মা,B-REL
,র,O
,গাত,O
,ওর,O
,রান্দা,O
,খুব,O
,মজার,O
Sentence: 2038,আমার,O
,বাংলা,O
,বুঝাত,O
,অসুবিধা,O
,হইরো,O
Sentence: 2241,আফনার,O
,লাগি,O
,বিতরে,O
,আমার,O
,অফুরন্ত,O
,ভালোবাসা,O
Sentence: 2109,তাইন,O
,গ্রাম,B-LOC
,তনে,O
,ঢাকাত,B-LOC
,আইছলা,O
Sentence: 2326,আমার,O
,বন্ধুইন্তে,B-REL
,সকালে,O
,ফুটবল,B-OBJ
,খেলাত,O
,মাঠো,B-LOC
,যাইন,O
Sentence: 340,মুই,O
,আফনার,O
,কাজরে,O
,ভালাপাই,O
Sentence: 2036,আমি,O
,আফনার,O
,লগে,O
,সময়,O
,কাটাইতাম,O
,চাই,O
Sentence: 1580,ওতো,O
,বড়,O
,হাসপাতাল,B-ORG
,আমি,O
,আগে,O
,দেখছি,O
,না,O
Sentence: 1419,হউ,O
,বেটার,O
,সামনে,O
,আমি,O
,দাড়াইতাম,O
,ফারতাম,O
,নায়,O
Sentence: 2295,তাদের,O
,ফরিবার,O
,কোনো,O
,ঝগরা,O
,অয়,O
,না,O
Sentence: 2627,তুমিতাইন,O
,দুপুরবেলাত,O
,কিতা,O
,দিয়া,O
,ভাত,B-FOOD
,খাইলায়,O
Sentence: 316,বাংলাদেশো,B-LOC
,মোরে,O
,সবে,O
,মোর,O
,ডাখ,O
,নামে,O
,চিনইন,O
Sentence: 1676,বাজার,B-LOC
,তনে,O
,চাবি,B-ROLE
,বানানির,I-ROLE
,মানুষ,I-ROLE
,আনাইলা,O
Sentence: 3181,আব্বায়,B-REL
,মোর,O
,লাগি,O
,কালো,B-COL
,জামা,B-OBJ
,কিনিয়া,O
,আনছইন,O
Sentence: 269,এখন,O
,আর,O
,মানুষর,O
,মাঝে,O
,মায়া,O
,জিনিসটা,O
,খুব,O
,এখটা,O
,রইছে,O
,না,O
Sentence: 1855,উরি,B-FOOD
,সব,O
,ধরনের,O
,মাটিতেই,O
,চাষ,O
,করা,O
,যায়,O
Sentence: 1653,আমি,O
,সকাইলকু,O
,দেরি,O
,করি,O
,ঘুম,O
,তনে,O
,উঠি,O
Sentence: 690,আমার,O
,মোরগ,B-FOOD
,ওর,O
,মাংস,I-FOOD
,বেশি,O
,বালা,O
,লাগে,O
Sentence: 1934,মুই,O
,নাচতাম,O
,পারি,O
Sentence: 1768,সুখী,O
,ওয়ার,O
,লাগি,O
,আনা,O
,দরকারী,O
,বউত্তাউ,O
,বুলি,O
,যাইতে,O
,ওয়,O
Sentence: 2159,আমার,O
,বন্ধু,B-REL
,যারে,O
,ভালা,O
,ফায়,O
,হে,O
,রাজশাহী,B-LOC
,থাকে,O
Sentence: 2999,আমি,O
,সোকাইলকু,O
,নাস্তা,B-FOOD
,খাইয়া,O
,বাদে,O
,স্কুল,B-ORG
,ও,O
,যাই,O
,না,O
Sentence: 3375,চাকরি,O
,করছ,O
,নই,O
Sentence: 1579,রোগীর,O
,হাসপাতাল,B-ORG
,ও,O
,ভর্তি,O
,ওয়া,O
,লাগবো,O
Sentence: 1773,লক্ষ্য,O
,ঠিক,O
,করিয়া,O
,আমরা,O
,জীবন,O
,ও,O
,আজ্ঞাই,O
,যাইতাম,O
,ফারি,O
Sentence: 3077,ভাইওর,B-REL
,নাম,O
,কিতা,O
Sentence: 1615,ফয়লা,O
,বালিশ,B-OBJ
,ওর,O
,তলা,O
,ওগু,O
,হাতাইলা,O
Sentence: 606,শুক্র,O
,আর,O
,শনি,O
,ওইলো,O
,সাপ্তাহিক,O
,ছুটির,O
,দিন,O
Sentence: 3199,এখটা,O
,লাল,B-COL
,গোলাপ,B-OBJ
,কিনিয়া,O
,দিছে,O
Sentence: 2791,কই,O
,যাইরায়,O
Sentence: 2180,তোমার,O
,লগে,O
,অনেক,O
,দিন,O
,পর,O
,দেখা,O
Sentence: 2004,হে,O
,বউত,O
,বাদ,O
,আছিল,O
Sentence: 394,আমরা,O
,হিকানো,O
,অনেখ,O
,মজা,O
,খরমু,O
Sentence: 3195,কিনিয়া,O
,দিছে,O
Sentence: 1570,খানি,O
,শেষ,O
,কইরাউ,O
,টিভির,B-OBJ
,ধারো,O
,গিয়া,O
,বইলো,O
Sentence: 700,চা,B-FOOD
,নায়,O
,কফি,B-FOOD
,কোনটা,O
,বেশি,O
,বালা,O
,লাগে,O
Sentence: 3039,আমরা,O
,গেছিলাম,O
Sentence: 1983,তারার,O
,এখটা,O
,বাইচ্চা,O
,আছে,O
,পাঁচ,O
,বছরর,O
Sentence: 1979,মোর,O
,জামাই,B-REL
,দুই,O
,বছর,O
,আগে,O
,আমরারে,O
,রাখিয়া,O
,আইয়া,O
,আলেদা,O
,অই,O
,গেছইন,O
Sentence: 743,আমি,O
,আইজ,O
,ঢাকাত,B-LOC
,যাইমু,O
Sentence: 38,তুমি,O
,কিতা,O
,এখন,O
,খানিত,O
,বইবায়,O
,নি,O
Sentence: 1851,সফরি,B-FOOD
,একটা,O
,মজার,O
,ফল,B-FOOD
Sentence: 1042,মোর,O
,আব্বা,B-REL
,আম্মাও,B-REL
,ইকান,O
,লইয়া,O
,খুব,O
,খষ্ট,O
,পাইরা,O
Sentence: 3243,হক্কলের,O
,এখটা,O
,রঙ্গিন,B-COL
,ছবি,O
,তুলা,O
,লাগবো,O
Sentence: 1374,আগর,O
,ফরর,O
,হিসাব,O
,বাদ,O
,আইজকু,O
,ঝগড়ার,O
,বিষয়,O
,আব্বা,B-REL
,বিদেশ,B-LOC
,থাকইন,O
Sentence: 1848,সকালে,O
,ঘুম,O
,থাকি,O
,উটিয়া,O
,মুই,O
,ভালা,O
,কামে,O
,ভালা,O
,সময়,O
,দিতাম,O
,চাই,O
Sentence: 192,চউক,O
,মেললেউ,O
,দেখি,O
,তুমারে,O
,চউক,O
,মুজলে,O
,পাইলাই,O
,আরো,O
,কান্দাত,O
Sentence: 3292,টিভি,B-OBJ
,দেখাত,O
,আছিলাম,O
Sentence: 1404,আফনে,O
,নিজে,O
,কিচ্চু,O
,এখটা,O
,খরইন,O
Sentence: 1751,তুমিতাইন,O
,কিতা,O
,রাত্রে,O
,খাইছো,O
,নি,O
Sentence: 2640,তুমিতাইন,O
,অত,O
,ঘুমাও,O
,কিতার,O
,লাগি,O
Sentence: 2040,আমি,O
,বুঝতে,O
,পারিয়ার,O
,না,O
Sentence: 262,তুমারে,O
,যেদিন,O
,কইছলাম,O
,বিয়াটা,O
,খরি,O
,লাও,O
Sentence: 1666,আর,O
,থুরা,O
,বড়,O
,ওইলে,O
,কিতা,O
,করবো,O
,ওটাউ,O
,দেখার,O
,বিষয়,O
Sentence: 673,চলো,O
,তে,O
,গুড্ডি,B-OBJ
,উড়াই,O
Sentence: 3388,কমতি,O
,আছিলো,O
Sentence: 1318,মুই,O
,মোর,O
,বাফর,O
,বাসাত,O
,যাওয়ার,O
,অনুমতি,O
,ফাইয়ার,O
,না,O
Sentence: 772,আমি,O
,রাজি,O
,নায়,O
Sentence: 1885,মুই,O
,জানি,O
,তুমি,O
,চিঠিটা,B-OBJ
,এখনি,O
,ফড়তে,O
,শুরু,O
,করবা,O
Sentence: 3129,তুমি,O
,আমারে,O
,চিনো,O
,নি,O
Sentence: 1946,আমার,O
,বিদেশ,B-LOC
,গিয়া,O
,পড়ালেখা,O
,করার,O
,সফনো,O
Sentence: 3187,আব্বায়,B-REL
,মোর,O
,লাগি,O
,মেরুন,B-COL
,জামা,B-OBJ
,কিনিয়া,O
,আনছইন,O
Sentence: 1219,খান,O
,আমরা,O
,কিতা,O
,খরতাম,O
Sentence: 2874,হেরারে,O
,দেখছি,O
Sentence: 803,আমার,O
,নিজ,O
,ওর,O
,মানুষ,O
,ওকল,O
,ওউ,O
,ওলাকান,O
Sentence: 3032,আমি,O
,ওখানো,O
,যাইমু,O
Sentence: 1431,আস্তে,O
,আস্তে,O
,দুর্বল,O
,অই,O
,গেলাম,O
,তার,O
,প্রতি,O
Sentence: 3233,মোরে,O
,সাহায্য,O
,খরইন,O
Sentence: 1771,আইজ,O
,ছুটির,O
,দিন,O
Sentence: 717,তুমিতাইন,O
,আমার,O
,ফয়লা,O
,বন্ধু,B-REL
Sentence: 290,পাশ,O
,খরা,O
,ডাখতররা,B-ROLE
,এখন,O
,ভালা,O
,অবস্থাত,O
,নাই,O
Sentence: 2322,আফনে,O
,কিতা,O
,আমারে,O
,একটা,O
,গান,O
,হুনাতে,O
,পারবানি,O
Sentence: 1194,মোর,O
,পরিবারর,O
,অর্থনৈতিক,O
,অবস্থা,O
,অখন,O
,খুব,O
,মান্দা,O
Sentence: 167,ফত্তেকদিন,O
,ঘুমাই,O
,যাওয়ার,O
,আগে,O
,ভাবি,O
,যাই,O
,অউক,O
,বিয়া,O
,খরার,O
,আরোখটা,O
,দিন,O
,আওগাইছে,O
Sentence: 1834,অনেকই,O
,শখর,O
,লাগি,O
,খবুতর,B-ANI
,পালন,O
,করইন,O
Sentence: 3282,আফনারা,O
,যারা,O
,মোরে,O
,এখনো,O
,চিনিন,O
,না,O
Sentence: 1235,ফুুড়ির,B-REL
,আম্মাত,B-REL
,মোর,O
,আম্মারে,B-REL
,কইছলা,O
,যে,O
,আফনারার,O
,টিনর,B-OBJ
,ঘর,B-OBJ
,দেকিয়া,O
,বিয়া,O
,দিসি,O
Sentence: 2017,আফনে,O
,কিতা,O
,ওনো,O
,রাস্তা,B-LOC
,দেখরা,O
,নি,O
Sentence: 2104,ফুরি,O
,ওগুয়ে,O
,ফুয়া,O
,ওগুরে,O
,বালা,O
,ফাইতো,O
Sentence: 2360,আফনে,O
,একটু,O
,কম,O
,ছাপা,O
,মারওক্কা,O
Sentence: 582,কারেন্ট,O
,বাদে,O
,নি,O
,থাকা,O
,যায়,O
,তেও,O
,পানি,B-FOOD
,ছাড়া,O
,কিলা,O
,থাকো,O
,মাইনষে,O
Sentence: 2952,কোন,O
,মানুষর,O
,দুই,O
,পুয়া,B-REL
,আছিল্,O
Sentence: 3315,আম,B-FOOD
,খাইতাম,O
Sentence: 2632,বাক্কা,O
,ভালা,O
,লাগে,O
Sentence: 194,ওউ,O
,গানটা,O
,আমার,O
,অতো,O
,প্রিয়,O
,এখনো,O
,হুনি,O
,বাক্কা,O
,সুন্দর,O
,এখটা,O
,অনুভূতি,O
,কাম,O
,করে,O
Sentence: 2041,আমার,O
,একটা,O
,বাইচ্চা,B-REL
,ফুরি,B-REL
,আছে,O
Sentence: 2157,আমার,O
,ছোট,B-REL
,বোইন,I-REL
,নাচতে,O
,ফারে,O
Sentence: 686,আমার,O
,একবারেউ,O
,বালা,O
,লাগের,O
,না,O
Sentence: 1326,মোর,O
,জামাই,B-REL
,মোর,O
,লগে,O
,আইছে,O
,না,O
Sentence: 3414,হে,O
,আমারে,O
,একগু,O
,উপহার,B-OBJ
,দিছে,O
Sentence: 2196,আবেগর,O
,ভালোবাসা,O
,কাউকে,O
,দেওয়া,O
,উচিৎ,O
,না,O
Sentence: 1944,আফনার,O
,কিতা,O
,আমার,O
,কথা,O
,মনো,O
,আছে,O
,নি,O
,এখনো,O
Sentence: 1225,মোর,O
,ভাইর,B-REL
,অবস্থা,O
,অতো,O
,ভালা,O
,নায়,O
Sentence: 1391,আমি,O
,লগে,O
,বওয়াইয়া,O
,কইছি,O
,যে,O
,অতা,O
,কামর,O
,লাগি,O
,আমার,O
,বাদ,O
,লাগছে,O
Sentence: 693,তুমিতাইন,O
,ওর,O
,লগে,O
,আমি,O
,রাত্রে,O
,সমুদ্রর,B-LOC
,পাড়,B-LOC
,ও,O
,উবাই,O
,থাকতাম,O
,চাই,O
Sentence: 1587,আমরার,O
,যাওয়ার,O
,কথা,O
,হুনিয়া,O
,হেও,O
,যাইতো,O
,চাইলো,O
Sentence: 838,আনা,O
,বুঝিয়া,O
,বেশি,O
,মাতো,O
,কেনে,O
Sentence: 794,কোন,O
,বালা,O
,গাত,O
,হাত,O
,তুলছে,O
,না,O
Sentence: 580,কোন,O
,লাকান,O
,ওউ,O
,ওয়াসায়,B-ORG
,পানি,O
,দিরো,O
,না,O
Sentence: 764,বিফদ,O
,কইয়া,O
,আয়,O
,না,O
Sentence: 746,মা,B-REL
,য়,O
,আমার,O
,খুব,O
,যত্ন,O
,নেইন,O
Sentence: 326,আমরার,O
,হখল,O
,এখ,O
,সময়ে,O
,একলগে,O
,আছি,O
Sentence: 1249,দয়া,O
,খরি,O
,পরিচয়,O
,গুফন,O
,রাখবা,O
Sentence: 1071,আফনার,O
,লাগি,O
,শুভ,O
,কামনা,O
,রইলো,O
Sentence: 1842,বাংলাদেশের,B-LOC
,টান্ডাকালটা,O
,লাউ,B-FOOD
,চাষের,O
,লাগি,O
,বেশি,O
,উপযগি,O
Sentence: 3371,অন্যান্য,O
,বই,B-OBJ
,পড়ছইন,O
,নি,O
Sentence: 3239,তুমি,O
,আর,O
,মাতবায়,O
,না,O
Sentence: 1450,তার,O
,কিতা,O
,থুরাও,O
,মনো,O
,ফড়ে,O
,নানি,O
,আগর,O
,দিনর,O
,মাত,O
Sentence: 508,তাইন,O
,একদিন,O
,লগ,O
,ওর,O
,গ্রাম,B-LOC
,ও,O
,টুপি,B-OBJ
,বেচছিলা,O
Sentence: 2765,আফনারার,O
,বাড়ি,O
,কই,O
Sentence: 354,ফুড়িন্তে,O
,যে,O
,হারে,O
,ভদ্র,O
,ফুয়াইন,O
,খুজরা,O
,ডর,O
,লাগের,O
,মুই,O
,নি,O
,কুন,O
,দিন,O
,কীডনাপ,O
,অই,O
,যাই,O
Sentence: 1324,রাইতকু,O
,হাসপাতাল,B-ORG
,আইতাম,O
,চাইলাম,O
,হখানও,O
,বাধা,O
,দিলা,O
Sentence: 2809,কিতা,O
,খবর,O
Sentence: 173,চলো,O
,দুইজনে,O
,মিলিয়া,O
,সুখর,O
,পৃথিবী,B-LOC
,সাজাই,O
Sentence: 1463,অতা,O
,লইয়া,O
,আমি,O
,সমস্যা,O
,খরছি,O
,না,O
Sentence: 704,বৃষ্টির,O
,দিনও,O
,গরমা,O
,গরম,O
,খিচুড়ি,B-FOOD
,আর,O
,গরুর,B-FOOD
,গোস্ত,I-FOOD
,খাইতে,O
,বালা,O
,লাগে,O
Sentence: 1715,তাইন,O
,আমার,O
,মাত,O
,ওর,O
,জবাবে,O
,কুন্তাউ,O
,কইলা,O
,না,O
Sentence: 1661,ফুয়াগুর,O
,হকল,O
,কাম,O
,ওলা,O
,উলটপালট,O
,ওইরো,O
,কিতার,O
,লাগি,O
Sentence: 2396,আমি,O
,বিকালে,O
,ঘুমাই,O
,গেছলাম,O
Sentence: 923,আমার,O
,ছোটো,B-ROLE
,বইন,I-ROLE
,নানার,B-REL
,বাড়িত,O
,ঘুরাত,O
,গেছে,O
Sentence: 127,মোর,O
,যে,O
,ঠান্ডা,O
,লাগের,O
Sentence: 2202,তোমাকে,O
,কি,O
,করে,O
,বুঝাইমু,O
,তোমারে,O
,কতটা,O
,ভালো,O
,ফাই,O
Sentence: 2123,তুই,O
,হর,O
,ওখান,O
,তাকি,O
Sentence: 2116,আমারে,O
,বই,B-OBJ
,ওগু,O
,দেখাউকা,O
Sentence: 3344,বাবা,B-REL
,কিতা,O
,করইন,O
Sentence: 2422,ফুয়া,O
,ইগুর,O
,৭,O
,দিন,O
,আগে,O
,দেখা,O
,অইছিল,O
Sentence: 386,আখতা,O
,শীত,O
,লাগিয়া,O
,উটলো,O
,মোর,O
Sentence: 1335,মোর,O
,সিদ্ধান্ত,O
,ভুল,O
,না,O
,সঠিক,O
,জানি,O
,না,O
Sentence: 2790,তুমি,O
,কই,O
,যাইরায়,O
Sentence: 1659,হকলতাত,O
,ওউ,O
,তার,O
,উলটপালট,O
,মাত,O
,কথা,O
Sentence: 922,আমার,O
,লাগের,O
,আমি,O
,কুন্তাউ,O
,মনও,O
,রাখতে,O
,পারিয়ার,O
,না,O
Sentence: 2517,আফনারে,O
,পাঠাইছে,O
Sentence: 3058,আমার,O
,আব্বা,O
,বিদেশ,B-LOC
,থাকোইন,O
Sentence: 2240,আকাশর,O
,নীলে,O
,কোয়াইয়া,O
,যাইতে,O
,চাই,O
,তোমায়,O
,নিয়া,O
Sentence: 3097,উবাই,O
,রইছিলাম,O
Sentence: 1189,মুই,O
,বুলে,O
,বেঈমান,O
Sentence: 2781,আমি,O
,ভাত,B-FOOD
,খাইতাম,O
Sentence: 3410,বাজে,O
,কয়টা,O
Sentence: 1039,ইবায়দি,O
,আমার,O
,পরিবারর,O
,লগে,O
,সম্পর্ক,O
,রাখতো,O
,নায়,O
Sentence: 1217,আমরা,O
,তারে,O
,কইছি,O
,এখলগে,O
,মাতো,O
,কিতা,O
,সমস্যা,O
Sentence: 2467,আমার,O
,সরিষার,B-FOOD
,তেল,I-FOOD
,দিয়া,O
,মাছ,B-FOOD
,ভাজা,I-FOOD
,খাইতে,O
,খুব,O
,ভালা,O
,লাগে,O
Sentence: 185,আমার,O
,ভালোবাসার,O
,মানুষটার,O
,কথা,O
,মনো,O
,পড়ি,O
,যায়,O
Sentence: 3008,যাইবো,O
,গি,O
Sentence: 2449,আমার,O
,শীতর,O
,দিনে,O
,গোসল,O
,করতে,O
,ভালা,O
,লাগে,O
,না,O
Sentence: 158,সব,O
,মাত,O
,মুক,O
,দি,O
,কওয়া,O
,যায়,O
,না,O
Sentence: 588,আমার,O
,বয়স,O
,বেশি,O
,নায়,O
,কিতার,O
,লাগি,O
Sentence: 1853,ফাগঘর,O
,আমি,O
,রান্দা,O
,করি,O
Sentence: 2538,আমি,O
,জানতাম,O
,তুমি,O
,আইবায়,O
Sentence: 117,খত,O
,সুন্দর,O
,তুমি,O
,পেরেমো,O
,পরছি,O
,মুই,O
Sentence: 78,আফনার,O
,চউক,O
,অনেখ,O
,সুন্দর,O
Sentence: 926,ফুরিগুয়ে,O
,হক্কলতাত,O
,মিছা,O
,মাতে,O
Sentence: 946,আমি,O
,তারে,O
,দেখছি,O
Sentence: 3168,তুমাকে,O
,দেখিয়া,O
,ভেমতালা,O
,লাগিয়া,O
,উবাই,O
,রইছিলাম,O
Sentence: 2325,আমার,O
,প্রতিদিন,O
,খেলাধুলা,O
,করতে,O
,ভালা,O
,লাগে,O
Sentence: 2020,আমি,O
,আফনার,O
,লাগি,O
,অপেক্ষা,O
,করতাম,O
,ফারি,O
Sentence: 2455,ছোট,O
,বাচ্চাটা,O
,বহুত,O
,অসুক,O
Sentence: 116,এরলাগি,O
,তো,O
,বন্দু,B-REL
,তোমারে,O
,মুই,O
,অতো,O
,ভালাপাই,O
Sentence: 2243,মুই,O
,এবং,O
,আমার,O
,ছোট,B-REL
,বোন,I-REL
,একসাথে,O
,হাতার,O
,কাটি,O
Sentence: 563,কালা,B-COL
,কুত্তা,B-ANI
,একগু,O
,ঘাস,O
,ওর,O
,মাঝে,O
,দিয়া,O
,দৌড়াইরো,O
Sentence: 2146,তাইন,O
,মোরে,O
,অনেক,O
,অপমান,O
,করছইন,O
Sentence: 621,আমি,O
,চা,B-FOOD
,খাইতে,O
,বালা,O
,ফাই,O
Sentence: 1294,হে,O
,চাকরি,O
,করে,O
,বিয়া,O
,খরছে,O
,না,O
Sentence: 1930,আমার,O
,স্কুল,B-ORG
,যাইতে,O
,ভালা,O
,লাগে,O
,না,O
Sentence: 2789,তোমারে,O
,ভালাপাই,O
Sentence: 140,যেসময়,O
,কুনো,O
,বেটা,O
,কুনো,O
,বেটিরে,O
,ভালাপায়,O
,হেসময়,O
,তাইর,O
,লাগি,O
,হখলতা,O
,খরতো,O
,পারে,O
Sentence: 901,দিন,O
,দিন,O
,হতাশাত,O
,ডুবি,O
,যাইয়ার,O
,ইটা,O
,তনে,O
,মুক্তি,O
,পাইমু,O
,কিলা,O
Sentence: 310,আর,O
,খত,O
,ছুটি,O
,কাটাইতাম,O
Sentence: 2259,তুমি,O
,হাচাও,O
,খুব,O
,কঠিন,O
,সময়,O
,ফার,O
,করছো,O
Sentence: 2928,আইতাম,O
,নাই,O
Sentence: 2452,আমার,O
,আব্বা,B-REL
,বাজার,B-LOC
,থাকি,O
,আমাদের,O
,লাগি,O
,তেতুল,B-FOOD
,কিনিয়া,O
,আনছইন,O
Sentence: 3012,তাই,O
,যে,O
,বেয়াদপ,O
Sentence: 1280,তানর,O
,আমলি,O
,উদাহরণ,O
,দেইন,O
,তাইন,O
,কিতা,O
,খরছিলা,O
Sentence: 1302,মুই,O
,অখন,O
,অতা,O
,মানিয়া,O
,নিতাম,O
,ফারিয়ার,O
,না,O
Sentence: 1993,তারার,O
,লগে,O
,মুই,O
,হখল,O
,সময়,O
,আনন্দত,O
,ভরিয়া,O
,থাকি,O
Sentence: 1157,হউ,O
,ফুয়ারে,O
,খুজিয়া,O
,বার,O
,খরাত,O
,আমরার,O
,সাহায্য,O
,চাইছিল,O
Sentence: 2616,রং,B-COL
,করাইতে,O
,পারবে,O
,নি,O
,রে,O
Sentence: 920,আফনার,O
,লগে,O
,মাত্তে,O
,বাক্কা,O
,ভালা,O
,লাগে,O
,আমার,O
Sentence: 1187,মুই,O
,2016,O
,থাকি,O
,তাহুরারে,B-PER
,ভালাপাই,O
Sentence: 1808,হুরুুতাইন,O
,গাউর,O
,বাড়ির,O
,উটানো,I-LOC
,খেলার,O
Sentence: 3035,আমরা,O
,হারি,O
,গেছি,O
Sentence: 1941,আমার,O
,জামাইরে,B-REL
,মুই,O
,খুব,O
,ভালা,O
,পাই,O
Sentence: 951,আমি,O
,হেরারে,O
,দেখছি,O
Sentence: 1012,আমরার,O
,মধ্যবিত্ত,O
,পরিবার,O
Sentence: 3083,তোমারে,O
,ভুলতাম,O
,না,O
Sentence: 1583,তাইন,O
,বিদেশ,B-LOC
,তনে,O
,আইছোইন,O
Sentence: 363,সফনত,O
,দেখলাম,O
,ক্রাশর,O
,লগে,O
,পাখানিত,O
,গেছি,O
,এর,O
,বাদে,O
,যা,O
,অইলো,O
,ইতা,O
,সব,O
,ইতিহাস,O
Sentence: 155,অউ,O
,মন,O
,আজকে,O
,তুমারে,O
,দিলাম,O
Sentence: 1343,তাইন,O
,খালি,O
,মোর,O
,লগে,O
,দেখা,O
,খরার,O
,লাগি,O
,দেশো,B-LOC
,আইরা,O
Sentence: 3376,তুমাইতাইন,O
,সরকারি,B-ROLE
,চাকরি,I-ROLE
,করছ,O
,নই,O
Sentence: 2304,বাস্তব,O
,জীবনে,O
,বিয়ার,O
,পরইঝগরা,O
,শুরু,O
,অয়,O
Sentence: 314,দেখা,O
,খরা,O
,যাইবো,O
Sentence: 1234,আম্মা,B-REL
,মুই,O
,খেনে,O
,অউ,O
,জাগাত,O
,গেলাম,O
Sentence: 356,আইজ,O
,সিংগেল,O
,দেকিয়া,O
,কারো,O
,লাগি,O
,হাত,O
,কাটতাম,O
,ফারি,O
,না,O
Sentence: 405,জীবন,O
,তনে,O
,কিলা,O
,ওতো,O
,জলদি,O
,দিন,O
,ওকল,O
,কাটি,O
,গেলো,O
,হিসাব,O
,মিলাইতে,O
,পারিয়ার,O
,না,O
Sentence: 525,আফনে,O
,কিতা,O
,অন্যান্য,O
,বই,B-OBJ
,পড়ছোইন,O
,নি,O
Sentence: 300,যেরা,O
,ভাবছিলা,O
,বড়,O
,অইয়া,O
,গরীবর,O
,সেবা,O
,করতা,O
,কিন্তুক,O
,বড়,O
,অইয়া,O
,দেখরা,O
,নিজেউ,O
,গরীব,O
Sentence: 2894,লম্বা,O
,না,O
Sentence: 484,মাছ,B-ANI
,ওগুন,O
,পানির,O
,মাঝে,O
,সুন্দর,O
Sentence: 2529,আমার,O
,পিছনে,O
,কিতা,O
Sentence: 3409,ঘড়িত,B-OBJ
,বাজে,O
,কয়টা,O
Sentence: 1322,আব্বায়,B-REL
,খুব,O
,চাইছলা,O
,যাতে,O
,মুই,O
,বাসাত,O
,যাই,O
Sentence: 1678,পলাশ,B-PER
,ওর,O
,নানা,B-REL
,আর,O
,নানী,B-REL
,একই,O
,দিনেউ,O
,মারা,O
,গেছোইন,O
Sentence: 1490,মুই,O
,আগে,O
,দেখছি,O
,না,O
Sentence: 2301,ফড়িন্তর,O
,বিয়া,O
,করার,O
,লাগি,O
,ভদ্র,O
,ফুয়া,O
,তোকাইন,O
Sentence: 716,তুমিতাইনরে,O
,আমি,O
,চিনি,O
,না,O
Sentence: 1590,জরুরি,O
,সভা,O
,ওইবো,O
Sentence: 2228,আমার,O
,এই,O
,বিতর,O
,তোমারে,O
,দিলাইলাম,O
Sentence: 2059,আমারে,O
,নিয়া,O
,বিদেশ,B-LOC
,ঘুরাত,O
,যাইবায়,O
,নি,O
Sentence: 2541,আমি,O
,হাচাউ,O
,বাক্কা,O
,অসহায়,O
,বোধ,O
,কোরিয়ার,O
Sentence: 2692,ওউ,O
,কলম,B-OBJ
,ওগু,O
,লৌকা,O
Sentence: 1965,তুমার,O
,গরম,O
,লাগের,O
,নি,O
Sentence: 2997,আমার,O
,মেরুন,B-COL
,রং,I-COL
,পছন্দ,O
Sentence: 3455,ইগু,O
,কেডা,O
Sentence: 345,এখদিন,O
,সুন্দর,O
,এখটা,O
,বাগানো,B-LOC
,এখটা,O
,ফুড়ি,O
,হাটের,O
Sentence: 2767,আমি,O
,যাইতাম,O
,না,O
Sentence: 683,তুমিতাইন,O
,ওর,O
,বাদামি,B-COL
,রঙ,I-COL
,ওর,O
,চউখ,O
,দুইটা,O
,আমার,O
,খুব,O
,বালা,O
,লাগসে,O
Sentence: 454,আমি,O
,ফুটবল,B-OBJ
,খেলাত,O
,আমার,O
,বন্ধু,B-ROLE
,ওকলতোর,O
,লগে,O
,যাইয়ার,O
Sentence: 2368,আফনারে,O
,কুন্তা,O
,কওয়া,O
,লাগে,O
,না,O
,আফনে,O
,এমনই,O
,আমার,O
,হক্কলতা,O
,বুজুইন,O
Sentence: 1528,রেডিওত,B-OBJ
,খালি,O
,মাত,O
,হুনা,O
,যায়,O
Sentence: 636,কারেন্ট,O
,ছাড়া,O
,ঘরও,O
,মোমবাত্তি,B-OBJ
,জ্বালাইয়া,O
,বই,O
,রইছি,O
Sentence: 1783,মুরগর,B-FOOD
,গুস্ত,I-FOOD
,দিয়া,O
,ভাত,B-FOOD
,খাইতে,O
,মোর,O
,খুব,O
,ভালা,O
,লাগে,O
Sentence: 3470,আমি,O
,বাপরে,O
,ছিনি,O
Sentence: 2227,তোমাকে,O
,একটা,O
,গোলাপ,B-OBJ
,ফুল,I-OBJ
,কিনিয়া,O
,দিমু,O
Sentence: 2190,একজন,O
,বেডি,O
,মারা,O
,গেছইন,O
Sentence: 1969,আস্তা,O
,জীবন,O
,ফাইতাম,O
,চাই,O
,তুমার,O
,ভালোবাসা,O
Sentence: 1207,আইজকু,O
,রাইত,O
,গাত,O
,হাত,O
,তুলছে,O
Sentence: 2691,আফনে,O
,ওউ,O
,কলম,B-OBJ
,ওগু,O
,লৌকা,O
Sentence: 499,বিদেশ,B-LOC
,ঘুরাত,O
,যাওয়া,O
,আমার,O
,স্বপ্ন,O
Sentence: 217,মুক্তিযুদ্ধর,B-ROLE
,ভাইরা,I-ROLE
,আমরার,O
,লাগি,O
,খতো,O
,খষ্ট,O
,করছইন,O
Sentence: 3321,আইজ,O
,তুমাইতান,O
,ওর,O
,ভাইরে,B-REL
,দেখলাম,O
Sentence: 895,তাই,O
,ওতো,O
,সকাইলকু,O
,বুলে,O
,উঠতো,O
,পারে,O
,না,O
Sentence: 3018,ফুয়াগু,O
,রাস্তা,B-LOC
,বায়দি,O
,যাইরো,O
Sentence: 742,আমি,O
,গল্প,B-OBJ
,র,O
,বই,I-OBJ
,কিনমু,O
Sentence: 1413,মোর,O
,আম্মা,B-REL
,ভাই,B-REL
,বইন,B-REL
,বরিশাল,B-LOC
,থাকইন,O
Sentence: 2100,তুমিতাইন,O
,চাইলে,O
,আমি,O
,চান্দ,O
,আনিয়া,O
,দিমু,O
Sentence: 3469,গরুরে,B-ANI
,বান্ধার,O
,দরকার,O
,নাই,O
Sentence: 2694,আফনে,O
,কলম,B-OBJ
,ওগু,O
,লৌকা,O
Sentence: 2532,জানটা,O
,ঘরে,O
,রাইক্ষা,O
Sentence: 352,তুমার,O
,বন্ধু্রার,B-REL
,কান্দাত,O
,থাকতে,O
,খুব,O
,ভালা,O
,লাগে,O
Sentence: 2977,শিমুর,B-PER
,সাদা,B-COL
,রং,I-COL
,পছন্দ,O
Sentence: 43,হে,O
,তার,O
,গাউর,B-LOC
,এখটা,O
,ইস্কুলো,B-ORG
,পড়ে,O
Sentence: 830,আর,O
,থুরা,O
,খাও,O
,এক,O
,চামচ,B-OBJ
,দিলাই,O
Sentence: 2657,আফনার,O
,কাছ,O
,ওর,O
,মানুষ,O
,কে,O
Sentence: 1899,আমি,O
,চলে,O
,যাইয়ার,O
,তোমারে,O
,আর,O
,কোনো,O
,দিন,O
,ফোন,B-OBJ
,দিয়া,O
,বলবোনা,O
,একটু,O
,সময়,O
,দাও,O
Sentence: 856,আর,O
,সইহ্য,O
,না,O
,করতে,O
,পারিয়া,O
,ওখন,O
,আফনারার,O
,ধারো,O
,ভালা,O
,উপায়,O
,চাইরাম,O
Sentence: 1312,আব্বার,B-REL
,খোঁজখবর,O
,রাখার,O
,চেষ্টা,O
,খরি,O
,হখলসময়,O
Sentence: 3284,মোরে,O
,এখনো,O
,চিনিন,O
,না,O
Sentence: 829,তোমার,O
,রান্দা,O
,তো,O
,ফুরাউ,O
,আম্মার,B-REL
,লাকান,O
Sentence: 1175,মোর,O
,বউ,B-REL
,দেখতেও,O
,সুন্দরী,O
Sentence: 880,আমি,O
,হউ,O
,সময়,O
,বউত,O
,ছোট,O
,আছলাম,O
Sentence: 3091,এক,O
,গ্রামো,O
,এক,O
,টুপিয়ালা,B-ROLE
,আছিল,O
Sentence: 2494,বিশ্বকাপ,B-ORG
,ক্রিকেট,O
,খেলা,O
,আইজকে,O
,থাকি,O
,শুরু,O
Sentence: 3188,আব্বায়,B-REL
,মোর,O
,লাগি,O
,কমলা,B-COL
,জামা,B-OBJ
,কিনিয়া,O
,আনছইন,O
Sentence: 160,যতদিন,O
,বাছিয়া,O
,থাখমু,O
,তুমারে,O
,মনো,O
,রাখমু,O
Sentence: 942,আমি,O
,হারি,O
,গেছি,O
Sentence: 2381,আমার,O
,আম্মু,B-REL
,আগের,O
,তাকি,O
,বহুত,O
,ভাকা,O
,আছইন,O
Sentence: 894,আমার,O
,বউ,B-REL
,একদিনও,O
,সময়মত,O
,খানি,O
,দিতো,O
,পারে,O
,না,O
,বউত,O
,দিন,O
,বাইরে,O
,গিয়া,O
,নাস্তা,B-FOOD
,খাই,O
Sentence: 3223,তুমার,O
,ফছন্দের,O
,বই,B-OBJ
,কিনছি,O
Sentence: 2165,ফুয়াটায়,O
,আমারে,O
,চিনতে,O
,ফারলো,O
,না,O
Sentence: 2281,আমি,O
,ক্লাসের,O
,হকল,O
,ফুয়াদের,O
,সাথেই,O
,মিসতাম,O
Sentence: 814,এরবাদে,O
,ঠিক,O
,করলাম,O
,তেল,O
,মারা,O
,উত্তর,O
,দিমু,O
Sentence: 3343,তুমাইতাইন,O
,ওর,O
,বাবা,B-REL
,কিতা,O
,করইন,O
Sentence: 2976,লইগা,O
,যাউকগা,O
Sentence: 1652,হকল,O
,যখন,O
,পড়াত,O
,বয়,O
,আমি,O
,তখন,O
,ঘুমাই,O
Sentence: 1369,হেউ,O
,বেটা,O
,যদি,O
,মোর,O
,আফার,B-REL
,কুনো,O
,খেতি,O
,করার,O
,চেষ্টা,O
,করে,O
Sentence: 1707,বাসও,B-OBJ
,কইরাউ,O
,তাঁন,O
,রওয়ানা,O
,দেওয়া,O
,লাগলো,O
Sentence: 1145,এখন,O
,হে,O
,মোরে,O
,কয়,O
,তার,O
,লাইফ,O
,থাকি,O
,যাইতাম,O
,গিয়া,O
Sentence: 2253,তুমি,O
,এক,O
,হাইনজা,O
,অফিসে,B-ORG
,থাকি,O
,বাসায়,B-LOC
,ফিরে,O
,দেখবা,O
,মুই,O
,আর,O
,নাই,O
Sentence: 2204,আফনি,O
,খুব,O
,কষ্টে,O
,নিজরে,O
,সামলে,O
,নিয়াছইন,O
Sentence: 2583,ইতা,O
,করের,O
,কিতার,O
,লাগি,O
,বিয়া,O
,বইয়া,O
Sentence: 1091,আমরার,O
,৩,O
,বত্‌শরের,O
,পেরেম,O
Sentence: 2475,আমার,O
,ছোট,B-REL
,ভাইয়ের,I-REL
,প্রিয়,O
,ফল,B-FOOD
,অইলো,O
,জামির,B-FOOD
Sentence: 265,তুমি,O
,আর,O
,মোর,O
,নাই,O
,ইকান,O
,মানিয়া,O
,নিতাম,O
,ফাররাম,O
,না,O
Sentence: 360,মাঝে,O
,মাঝে,O
,মনে,O
,কয়,O
,থামিয়া,O
,থাকা,O
,গাড়ির,B-OBJ
,চাক্কার,O
,তলে,O
,পড়িয়া,O
,মরি,O
,যাই,O
Sentence: 3436,তাইর,O
,চোউখের,O
,মায়াত,O
,পরছি,O
Sentence: 3232,সাহায্য,O
,খরইন,O
Sentence: 3172,আব্বায়,B-REL
,মোর,O
,লাগি,O
,লাল,B-COL
,জামা,B-OBJ
,কিনিয়া,O
,আনছইন,O
Sentence: 1907,ফুড়িটায়,O
,ফুয়াটার,O
,অপেক্ষাত,O
,থাকে,O
Sentence: 246,কিন্তুক,O
,ফুয়া,O
,আখতা,O
,ফুড়িরে,O
,কুনতা,O
,না,O
,জানাইয়া,O
,দেশর,B-LOC
,বাইরে,I-LOC
,গেছে,O
,গি,O
Sentence: 672,তুমিতাইন,O
,কিতা,O
,আমারে,O
,বালা,O
,ফাও,O
,নি,O
Sentence: 2125,তাইন,O
,চেষ্টা,O
,করোইন,O
Sentence: 524,আমি,O
,একগু,O
,বই,B-OBJ
,পড়ছি,O
Sentence: 1566,হকল,O
,ওর,O
,লগে,O
,বালা,O
,মন্দ,O
,মাত,O
,ওইলো,O
Sentence: 2133,বিয়ার,O
,লাগি,O
,মাই,B-REL
,মুর,O
,লাগি,O
,ফুয়া,O
,খুজিরা,O
Sentence: 3481,যাইতাম,O
,না,O
Sentence: 2652,হে,O
,রাজশাহীত,B-LOC
,গেছে,O
,গিয়া,O
Sentence: 2782,ভাত,B-FOOD
,খাইতাম,O
Sentence: 3433,মিরপর,B-LOC
,ও,O
,থাকি,O
Sentence: 16,আমার,O
,বাসাার,O
,কামর,B-ROLE
,ফুড়িটায়,I-ROLE
,দুইদিন,O
,ধরি,O
,ভাগন্তিত,O
Sentence: 113,যেব্‌লাকু,O
,ফুড়ি,O
,বুঝে,O
,হেব্‌লাকু,O
,ফুয়ায়,O
,বুঝে,O
,না,O
Sentence: 1228,মোর,O
,আম্মায়,B-REL
,হখল,O
,কাম,O
,এখলা,O
,খরইন,O
Sentence: 810,আমার,O
,সুখ,O
,দেখিয়া,O
,আবার,O
,ইতার,O
,সইহ্য,O
,ওয়,O
,না,O
Sentence: 452,আমি,O
,ফুটবল,B-OBJ
,খেলতে,O
,বালা,O
,ফাই,O
Sentence: 94,আমারে,O
,সবর,O
,সামনে,O
,মারতে,O
,মারতে,O
,বাসাত,O
,লইয়া,O
,আয়।,O
Sentence: 632,ছোট,O
,তনে,O
,ওউ,O
,আমার,O
,সাইকেল,B-OBJ
,চালানির,O
,অভ্যাস,O
Sentence: 2137,আমার,O
,দুইদিন,O
,ফরে,O
,বিয়া,O
,অইবো,O
Sentence: 1080,তারার,O
,ঘরর,O
,কামর,B-ROLE
,মানুষ,I-ROLE
,হিসাবে,O
,রাখতা,O
,চাইছলা,O
Sentence: 2594,মাথ,O
,ঠিক,O
,আছেনি,O
Sentence: 1215,মোর,O
,পরিবারর,O
,হখলরে,O
,লইয়া,O
,আজেবাজে,O
,মাতে,O
Sentence: 3174,লাল,B-COL
,জামা,B-OBJ
,কিনিয়া,O
,আনছইন,O
Sentence: 2067,আমি,O
,সকাইলকু,O
,পড়িয়া,O
,মন,O
,বালা,O
,রাখি,O
Sentence: 581,কিতা,O
,কিরতাম,O
,ফারি,O
,আমি,O
,কউকা,O
,ওখন,O
Sentence: 228,আইজকুু,O
,তুমার,O
,ফুড়িরে,B-REL
,লইয়া,O
,হারা,O
,বই,B-LOC
,মেলা,I-LOC
,পাখাইছি,O
,কিন্তু,O
,কুনো,O
,মজা,O
,ফাইছি,O
,না,O
Sentence: 2072,চলো,O
,সবে,O
,মিলিয়া,O
,ঘুরাত,O
,যাই,O
Sentence: 707,আমারে,O
,একগু,O
,বই,B-OBJ
,উপহার,O
,দিও,O
,তে,O
Sentence: 234,মুই,O
,এখ,O
,সইন্দাকালো,O
,অফিস,B-ORG
,থাকি,O
,বাসাত,O
,আইয়া,O
,দেখমু,O
,তুমি,O
,আছো,O
,হাছাউ,O
,তুমি,O
,আছো,O
Sentence: 2689,কামো,O
,যাইতাম,O
,চায়,O
Sentence: 1547,কেটায়,O
,নিছে,O
Sentence: 442,তুই,O
,কিতা,O
,কোন,O
,সময়,O
,কবিতা,O
,লেখতে,O
,ফারবে,O
,নি,O
Sentence: 1982,বাদে,O
,আফনার,O
,খুব,O
,আফসোস,O
,অইবো,O
Sentence: 2132,তোমার,O
,মত,O
,খারাফ,O
,পুয়া,O
,মুই,O
,আর,O
,একটাও,O
,দেখছি,O
,না,O
Sentence: 906,আমার,O
,তো,O
,লাগে,O
,ফুরিন্তোর,O
,বউট্টি,O
,ডেট,O
,করা,O
,উচিত,O
Sentence: 1244,মোর,O
,আব্বার,B-REL
,প্রতি,O
,মোর,O
,কিছু,O
,দায়দায়িত্ব,O
,আছে,O
Sentence: 3309,আমার,O
,যে,O
,ভালা,O
,লাগে,O
Sentence: 2140,আমার,O
,চাচা,B-REL
,বিদেশ,B-LOC
,থাকি,O
,গতকাল,O
,বাংলাদেশে,B-LOC
,আইছে,O
Sentence: 2774,মাত,O
,থোরা,O
,কইন,O
Sentence: 2099,বুল,O
,করি,O
,লাইছি,O
Sentence: 558,হে,O
,দেখতে,O
,যে,O
,সুন্দর,O
Sentence: 168,বিয়াত,O
,দামান,B-REL
,পক্ষ,I-REL
,দাবি,O
,করছিলা,O
,দুইটা,O
,সুনার,B-OBJ
,জিনিস,I-OBJ
,চাইন,O
,তারা,O
,কইন্যা,B-REL
,পক্ষ,I-REL
,তাতেউ,O
,রাজি,O
,অই,O
,গেলা,O
Sentence: 1381,মুইও,O
,বুজি,O
,তুমি,O
,বাক্কা,O
,খষ্ট,O
,করো,O
Sentence: 2974,আমারে,O
,হন,O
,লইগা,O
,যাউকগা,O
Sentence: 2341,আমার,O
,আব্বার,B-REL
,মাথা,O
,গরম,O
,থাকে,O
Sentence: 2340,আফনে,O
,এই,O
,বিয়াত,O
,রাজি,O
,নি,O
Sentence: 1955,জীবন,O
,অইলো,O
,বাঁচার,O
,লাগি,O
Sentence: 319,হবার,O
,মুই,O
,বাক্কা,O
,৪,O
,মাস,O
,বাদে,O
,বাসাত,O
,গেছি,O
Sentence: 108,তুমারে,O
,হউ,O
,অনুভুতির,O
,মাত,O
,কওয়া,O
,বুঝাত,O
,ফারতাম,O
,নায়,O
Sentence: 2592,তুমিতাইন,O
,ঘুম,O
,আয়,O
Sentence: 174,তুমারে,O
,লইয়া,O
,মোর,O
,হখল,O
,কল্পনা,O
Sentence: 1222,মোর,O
,আব্বা,B-REL
,রাজি,O
,আছলা,O
,না,O
,তেবো,O
,মুই,O
,আর,O
,আম্মায়,B-REL
,জোর,O
,খরি,O
,বিয়া,O
,খরাইছি,O
Sentence: 3441,হের,O
,হাসি,O
,যে,O
,সুন্দর,O
Sentence: 1929,আমার,O
,হুুরু,B-REL
,ভাই,I-REL
,একটা,O
,স্কুলো,B-ORG
,পড়ে,O
Sentence: 1591,হাসপাতালও,B-ORG
,আমি,O
,আগে,O
,গেছি,O
,না,O
Sentence: 665,চলো,O
,তে,O
,একলগে,O
,মাছ,B-FOOD
,ধরি,O
Sentence: 1478,তুমি,O
,রেবা,O
,বহুত,O
,চালু,O
Sentence: 639,আধুনিক,O
,সভ্যতারে,O
,বিজ্ঞানে,O
,বউত্তাউ,O
,উপহার,O
,দিছে,O
Sentence: 758,তুমিতাইন,O
,যে,O
,যত্ন,O
,লও,O
Sentence: 3261,মুই,O
,মোর,O
,পরিবারের,O
,খতা,O
,কইতাম,O
,চাই,O
Sentence: 699,তুমিতাইন,O
,কিতা,O
,গল্প,O
,লেখো,O
,নি,O
Sentence: 930,একগু,O
,সাদা,B-COL
,রঙ,I-COL
,ওর,O
,পাখি,B-ANI
,আকাশ,O
,ও,O
,উড়ের,O
Sentence: 860,শেষ,O
,বয়সও,O
,আইয়া,O
,হে,O
,ওখন,O
,ওলা,O
,একটা,O
,বাদ,O
,কাজ,O
,করলো,O
Sentence: 771,তুমিতাইন,O
,কিতা,O
,বিয়াত,O
,রাজি,O
,নি,O
Sentence: 441,তুই,O
,কিতা,O
,ওউ,O
,গান,O
,হুনতে,O
,বালা,O
,ফাইবে,O
,নি,O
Sentence: 2859,ভালা,O
,লাগে,O
,না,O
Sentence: 1529,হাজার,O
,বছর,O
,আগ,O
,ওর,O
,হকল,O
,বেটাইনতেউ,O
,ধুতি,O
,পড়তো,O
Sentence: 3407,আমরার,O
,দাওয়াত,O
,আছে,O
Sentence: 3090,বাক্কা,O
,দিন,O
,আগে,O
,এক,O
,গ্রামো,O
,এক,O
,টুপিয়ালা,B-ROLE
,আছিল,O
Sentence: 1297,মুই,O
,নিজে,O
,দেখছি,O
,হে,O
,কিলান,O
,বাদ,O
,ব্যবহার,O
,করে,O
,আম্মার,B-REL
,লগে,O
Sentence: 2156,আমার,O
,বন্ধু,B-REL
,এখন,O
,হুতনো,O
,যাইবো,O
Sentence: 3208,ছোট,O
,ফুয়া,O
,ইগু,O
,বল,B-OBJ
,দিয়া,O
,খেলার,O
Sentence: 143,মুই,O
,যে,O
,মানুষটারে,O
,ভালাপাইমু,O
,তারে,O
,যদি,O
,বুঝতাম,O
,না,O
,পারি,O
,তাইলে,O
,অউ,O
,পিরিতর,O
,কুনো,O
,অর্থ,O
,আছে,O
,খরি,O
,মনে,O
,অয়,O
,না,O
Sentence: 821,তুমিতাইন,O
,ওর,O
,খাওয়া,O
,লাগতো,O
,নায়,O
Sentence: 1347,ডিসেম্বর,O
,মাসো,O
,তাইন,O
,তান,O
,পরিবাররে,O
,জানাইছলা,O
,মোর,O
,খতা,O
Sentence: 2564,খাওন,O
,খাইতে,O
,গেছিল,O
Sentence: 294,দুয়োগু,O
,দুয়োগুরে,O
,সন্দেহ,O
,করইন,O
Sentence: 1782,মাটির,O
,ফাতিল,B-OBJ
,ইতা,O
,বাক্কা,O
,সুন্দর,O
Sentence: 372,আইজ,O
,আমি,O
,হুকনা,O
,গতিকে,O
,মানুষ,O
,আমারে,O
,লইয়া,O
,উলটাপালটা,O
,সন্দেহ,O
,করইন,O
Sentence: 13,আম্মায়,B-REL
,হেদিন,O
,ঠিক,O
,কথাউ,O
,কইছলা,O
Sentence: 719,তাইন,O
,বালা,O
,মিন,O
,ওর,O
,মানুষ,O
Sentence: 2863,আমার,O
,সকালকু,O
,কুন্টা,O
,খাইতে,O
,ভালা,O
,লাগে,O
Sentence: 1888,আমার,O
,আগের,O
,কোনো,O
,মাত,O
,কিছুই,O
,মানে,O
,নাই,O
Sentence: 2163,আফনে,O
,কিতা,O
,আমারে,O
,আগে,O
,কোনোদিন,O
,দেখছিলানি,O
Sentence: 2007,খানির,O
,সময়,O
,দাঁতও,O
,বেশেবা,O
,বেদনা,O
,করছে,O
Sentence: 1440,মাঝে,O
,মাঝে,O
,ঝগড়া,O
,অইতো,O
,কিন্তু,O
,হউ,O
,দিন,O
,অউ,O
,সবতা,O
,ঠিক,O
,অই,O
,যাইতো,O
Sentence: 3180,আব্বায়,B-REL
,মোর,O
,লাগি,O
,সবুজ,B-COL
,জামা,B-OBJ
,কিনিয়া,O
,আনছইন,O
Sentence: 3356,তুমাইতাইন,O
,কিতা,O
,খাইতে,O
,ভালা,O
,ফাও,O
Sentence: 60,এখটা,O
,ফুয়া,O
,বিছনাত,B-OBJ
,ফালার,O
Sentence: 548,হে,O
,গান,O
,গাইতো,O
,বালা,O
,ফায়,O
Sentence: 1421,মুই,O
,তো,O
,হাছা,O
,ভাবিয়াউ,O
,ভুলো,O
,জড়াই,O
,যাইতাম,O
Sentence: 1699,রইদও,O
,জ্বলিয়া,O
,রঙ,B-COL
,টিকে,O
,আর,O
,পাকনা,O
,ওই,O
,ওগুরে,O
Sentence: 1348,তান,O
,পরিবার,O
,কুনো,O
,মতেউ,O
,অউ,O
,বিয়াত,O
,রাজি,O
,নায়,O
Sentence: 2823,ওউ,O
,বাড়ি,O
,আমরার,O
Sentence: 1248,মোর,O
,থুরাও,O
,খষ্ট,O
,অর,O
,না,O
Sentence: 54,মুই,O
,আইজ,O
,বিয়ানে,O
,ফুটবল,B-OBJ
,খেলাইছি,O
Sentence: 3164,পয়লা,O
,দুকানো,B-LOC
,যাওয়া,O
,লাগবো,O
Sentence: 1317,ইদ,O
,গেছে,O
,দুইদিন,O
,পারই,O
,গেলো,O
Sentence: 2903,আমি,O
,আইছি,O
Sentence: 1257,কইয়া,O
,রাখা,O
,ভালা,O
,যে,O
,ইকান,O
,মোর,O
,আর,O
,মোর,O
,জামাইর,B-REL
,দুয়োজনর,O
,দুই,O
,নাম্বার,O
,সংসার,O
Sentence: 1274,হখলরে,O
,খইন,O
,ইদানীং,O
,মোর,O
,ফুয়া,B-REL
,বদলি,O
,গেছে,O
Sentence: 1677,তিশার,B-PER
,লাগি,O
,সিন্দুক,B-OBJ
,খোলা,O
,ওইলো,O
Sentence: 2922,হাত,O
,ধরক্কা,O
Sentence: 1996,আমরার,O
,মাঝে,O
,কুনো,O
,রখম,O
,লাগ,O
,নাই,O
Sentence: 1149,বাংলাদেশী,B-ROLE
,ফুড়িটা,I-ROLE
,পরিবার,O
,লইয়া,O
,নিউজিল্যান্ড,B-LOC
,থাকে,O
Sentence: 1731,কতলা,O
,মাইনষে,O
,ফিতা,B-OBJ
,লইয়া,O
,মাপাজোখ,O
,করলো,O
Sentence: 879,আব্বা,B-REL
,হারাদিন,O
,ওউ,O
,বাইরে,O
,থাকতা,O
Sentence: 3102,কিনিয়া,O
,আনছইন,O
Sentence: 464,আমি,O
,ফুটবল,B-OBJ
,ম্যাচ,O
,দেখতে,O
,খুব,O
,বালা,O
,ফাই,O
Sentence: 2877,উবাউকা,O
Sentence: 571,হকল,O
,সময়,O
,ডরাইয়া,O
,ডরাইয়া,O
,থাকতাম,O
,গলা,O
,দিয়া,O
,খানি,O
,নামতো,O
,না,O
Sentence: 2329,চান্দোর,O
,আলো,O
,দেখতে,O
,আমার,O
,ভালা,O
,লাগে,O
Sentence: 236,মুই,O
,জিন্দেগিত,O
,ইকান,O
,ভাবছিও,O
,না,O
,যে,O
,আমার,O
,ফুড়ি,B-REL
,তাইর,O
,মার,B-REL
,আদর,O
,ভালোবাসা,O
,ছাড়া,O
,বড়,O
,অইবো,O
,বাসার,O
,কামর,B-ROLE
,মানুষর,I-ROLE
,টাইন,O
Sentence: 753,আমার,O
,ঘড়িগুতা,B-OBJ
,খুজিয়া,O
,পাইয়ার,O
,না,O
Sentence: 2047,তুমিতাইন,O
,কিতা,O
,আমার,O
,লগে,O
,যাইবায়,O
,নি,O
Sentence: 3440,আমি,O
,মায়াত,O
,পরছি,O
Sentence: 2274,আমার,O
,ভাই,B-REL
,ফুড়িটার,O
,লগে,O
,গতকাল,O
,যোগাযোগ,O
,করে,O
Sentence: 3182,আব্বায়,B-REL
,মোর,O
,লাগি,O
,সাদাজামা,B-COL
,কিনিয়া,O
,আনছইন,O
Sentence: 1736,বদলি,O
,যাইরো,O
,আমরার,O
,খেলার,B-LOC
,মাঠ,I-LOC
,নায়,O
,নি,O
Sentence: 460,আমি,O
,ফুটবলও,B-OBJ
,একগু,O
,গোল,O
,দিছি,O
Sentence: 988,যখন,O
,বাসাত,O
,জানাই,O
,তখন,O
,বউত,O
,লাকান,O
,মাত,O
,ওয়,O
Sentence: 2950,তুঁই,O
,হসাই,B-ROLE
Sentence: 317,দুই,O
,ঘন্টা,O
,ধরি,O
,বিদ্যুৎ,O
,যার,O
,না,O
Sentence: 3287,আফনারা,O
,মোরে,O
,এখনো,O
,চিনিন,O
,না,O
Sentence: 1040,মোরে,O
,খুব,O
,পিটাইতো,O
Sentence: 1184,আফনারাও,O
,আফনারার,O
,পেয়ারের,B-REL
,মানুষরারে,O
,ভালাফান,O
Sentence: 213,অউ,O
,গানটা,O
,হুনিয়া,O
,মনো,O
,অইলো,O
,আমি,O
,বাংলাদেশ,B-LOC
,থাকি,O
,গুরিয়া,O
,আইলাম,O
Sentence: 2825,আমরা,O
,বাড়িত,O
,কেউ,O
,আইছে,O
,না,O
Sentence: 640,কম্পিউটার,B-OBJ
,আধুনিক,O
,বিজ্ঞান,O
,জগতরে,O
,বালাউ,O
,সহজ,O
,করছে,O
Sentence: 1230,মোর,O
,আম্মার,B-REL
,লগে,O
,ঝগড়া,O
,খরইন,O
,মোর,O
,ভাইর,B-REL
,বউয়ে,I-REL
Sentence: 590,ওউ,O
,বার,O
,কুরবানিত,O
,লাল,B-COL
,গরু,B-ANI
,কিনমু,O
Sentence: 2345,আফনে,O
,আজকে,O
,চা,B-FOOD
,খাওছইন,O
,নি,O
Sentence: 3230,মোরে,O
,এখটু,O
,সাহায্য,O
,খরইন,O
Sentence: 1477,মুই,O
,যে,O
,আরুয়া,O
Sentence: 1876,বাংলাদেশো,B-LOC
,৬৪,O
,টা,O
,জেলা,B-LOC
Sentence: 2982,আমি,O
,আপেল,B-FOOD
,ভালা,O
,ফাই,O
Sentence: 2907,আমি,O
,কেক,B-FOOD
,ভালা,O
,ফাই,O
,না,O
Sentence: 1537,তার,O
,ধারো,O
,হকল,O
,দেশ,B-LOC
,ওর,O
,টেখাউ,B-OBJ
,আছে,O
Sentence: 2437,আমার,O
,আম্মা,B-REL
,জামির,B-FOOD
,খাইরা,O
Sentence: 1363,মোর,O
,বইন,B-REL
,খেনে,O
,অউ,O
,পথো,O
,পা,O
,বাড়াইলো,O
,জানাজানি,O
,অইলে,O
,কিলা,O
,মুখ,O
,দেখাইতাম,O
,হউ,O
,চিন্তাত,O
,ঘুমাইতাম,O
,পাররাম,O
,না,O
Sentence: 1790,আমরার,O
,ছাদো,B-ORG
,৫০০০,O
,টার,O
,বেশি,O
,মুরগি,B-ANI
,আছে,O
Sentence: 725,বাক্কা,O
,কম,O
,সময়,O
,ওউ,O
,তার,O
,মায়াত,O
,পড়ি,O
,গেছি,O
Sentence: 842,শাড়িটায়,B-OBJ
,আমারে,O
,কিলা,O
,লাগের,O
Sentence: 251,ফুড়ি,O
,মামলা,O
,চায়,O
,না,O
,কারণ,O
,তাই,O
,বিয়াতি,O
,মামলার,O
,বিষয়টা,O
,জানাজানি,O
,অইলে,O
,সংসার,O
,টিকতো,O
,নায়,O
Sentence: 2855,আমার,O
,সকালকু,O
,কুন্টা,O
,খাইতে,O
,ভালা,O
,লাগে,O
,না,O
Sentence: 676,জেলে,B-ROLE
,ওকলতে,O
,মাছ,B-FOOD
,মারছে,O
Sentence: 2043,আমি,O
,ওনো,O
,থাকমু,O
Sentence: 1151,বিয়াটা,O
,হউ,O
,দেশে,B-LOC
,খরতে,O
,চাইছিল,O
,ফুড়িয়ে,O
,কিন্তু,O
,ফুয়ার,O
,ইচ্ছা,O
,বাংলাদেশো,B-LOC
,আইয়া,O
,দুইজনে,O
,বিয়া,O
,খরবা,O
Sentence: 1960,মুই,O
,তুমারে,O
,ছাড়া,O
,কুনতা,O
,বুঝতাম,O
,চাই,O
,না,O
Sentence: 2821,আমি,O
,ঘুষা,O
,করছি,O
Sentence: 3464,সামসু,B-PER
,মিয়া,I-PER
,আমার,O
,থাইক্কা,O
,ছোট,O
Sentence: 2434,আমার,O
,ছোট,B-REL
,ভাই,I-REL
,উরি,B-FOOD
,তরকারি,I-FOOD
,দিয়া,O
,ভাত,B-FOOD
,খাইতে,O
,ভালাফায়,O
Sentence: 2400,আমার,O
,হাত,B-OBJ
,খরচ,I-OBJ
,আমার,O
,আব্বুয়ে,B-REL
,দেইন,O
Sentence: 1527,টিভিত,B-OBJ
,মাত,O
,হুনা,O
,যায়,O
,ছবিও,O
,দেখা,O
,যায়,O
Sentence: 396,পুকইরো,B-LOC
,বাক্কা,O
,সুন্দর,O
,এখটা,O
,পাখি,B-ANI
,দেখতো,O
,পাইলো,O
Sentence: 1769,হকলেউ,O
,ভালোবাসা,O
,ফাইতো,O
,চায়,O
Sentence: 2935,বেদনা,O
,করের,O
Sentence: 350,তুমার,O
,বন্ধুরা,B-REL
,হাছাউ,O
,ভালা,O
,মনর,O
,মানুষ,O
Sentence: 2429,সফরি,B-FOOD
,আমার,O
,প্রিয়,O
,ফল,B-FOOD
Sentence: 275,মুই,O
,এখান,O
,কঠিন,O
,সমস্যা,O
,লইয়া,O
,হাজির,O
,হইছি,O
Sentence: 1943,আফনে,O
,কিলান,O
,আছইন,O
Sentence: 2779,এক,O
,গালো,O
,একটা,O
,ছড়,O
,লাগাইয়া,O
,দিমু,O
Sentence: 1534,ফয়সাআলা,O
,মাইনষে,O
,ঘোড়া,B-ANI
,আর,O
,হাত্তির,B-ANI
,খেলার,O
,দেখতো,O
Sentence: 1045,দিন,O
,দিন,O
,মানসিক,O
,ভাবে,O
,বেমারি,O
,অই,O
,যাইয়ার,O
Sentence: 2062,হে,O
,বিদেশ,B-LOC
,যাইতো,O
,চায়,O
,না,O
Sentence: 1749,তুমিতাইন,O
,কিতা,O
,আমারে,O
,ঘুরানিত,O
,লইয়া,O
,যাইবায়,O
,নি,O
Sentence: 1281,আমরার,O
,আর,O
,তাইনর,O
,সময়,O
,তো,O
,এখ,O
,লাখান,O
,নায়,O
Sentence: 390,হিলান,O
,বাদুয়া,O
,ফুয়ার,O
,চক্করো,O
,ফরলে,O
,সর্বনাশ,O
,অই,O
,যাইতো,O
Sentence: 2771,তুমি,O
,কিতা,O
,কাজ,O
,করো,O
Sentence: 1634,ধানক্ষেত,B-LOC
,ফার,O
,ওইতেউ,O
,একগু,O
,বড়,O
,পুকরি,B-LOC
Sentence: 3397,আমার,O
,লগে,O
,ওলা,O
,মাত্তা,O
,ফারোইন,O
,না,O
Sentence: 1389,মুই,O
,তানরে,O
,অতা,O
,হিখাইছি,O
Sentence: 1695,বাফরে,O
,বাফ,O
,যে,O
,বড়,O
,মিছিল,O
Sentence: 936,আফনে,O
,ঘুম,O
,তনে,O
,উঠতা,O
,চাইন,O
,না,O
Sentence: 3229,আফনে,O
,লইয়া,O
,বইন,O
Sentence: 1762,রাগি,O
,গেলা,O
,তো,O
,হারি,O
,গেলা,O
Sentence: 881,আমার,O
,ফুফু,B-REL
,চাচাইন্তেও,B-REL
,আমরার,O
,দেখতে,O
,পারতো,O
,না,O
Sentence: 3092,এক,O
,টুপিয়ালা,B-ROLE
,আছিল,O
Sentence: 2150,মোর,O
,ছোট,B-REL
,ভাইয়র,I-REL
,বিদ্যালয়ে,B-ORG
,গিয়া,O
,পড়ালেখা,O
,করতে,O
,ভালা,O
,লাগে,O
,নানি,O
Sentence: 1763,সুস্থ,O
,শরীর,O
,আর,O
,প্রশান,O
,মন,O
,ওইলো,O
,একটা,O
,মানুষ,O
,ওর,O
,সব,O
,তাকি,O
,বড়,O
,সম্পদ,O
Sentence: 3026,শারি,B-OBJ
,পিন্দিয়া,O
,মর,O
,লগে,O
,দেখা,O
,করাত,O
,আইছিল,O
Sentence: 2166,ফুড়িটায়,O
,তোমারে,O
,চিনতে,O
,ফারলো,O
,না,O
Sentence: 1208,মোর,O
,আফার,B-REL
,বিয়া,I-REL
,অইছে,O
,তেরো,O
,বৎসর,O
Sentence: 2189,অনেক,O
,মানুষ,O
,এখোনো,O
,পেছনো,O
,লাইনো,O
,দাঁড়িয়া,O
,আছইন,O
Sentence: 3374,সরকারি,B-ROLE
,চাকরি,I-ROLE
,করছ,O
,নই,O
Sentence: 3477,তুঁই,O
,রঙ,B-ROLE
,মিস্তিরি,I-ROLE
Sentence: 517,আমার,O
,নীল,B-COL
,আকাশ,O
,দেখতে,O
,বাক্কা,O
,বালাউ,O
,লাগে,O
Sentence: 270,মুই,O
,মোর,O
,ছুটো,B-REL
,বাইচ্চাগুরে,I-REL
,লইয়া,O
,বাফর,B-LOC
,বাড়িত,I-LOC
,যাই,O
Sentence: 608,তুমিতাইন,O
,ঢাকার,B-LOC
,কোন,O
,থাকো,O
Sentence: 2871,আমি,O
,অসুস্থ,O
,ওই,O
,গেছিলাম,O
Sentence: 2942,আফনারে,O
,কে,O
,পাঠাইছে,O
Sentence: 302,এখটাউ,O
,দুনিয়া,B-LOC
,কিন্তু,O
,এখত,O
,জাগার,B-LOC
,মানুষর,O
,চিন্তা,O
,এখত,O
,লাখান,O
Sentence: 2154,তুমি,O
,আমার,O
,ভিতরর,O
,মাত,O
,একদমই,O
,বুঝো,O
,না,O
Sentence: 2009,তুমিতাইন,O
,থাকো,O
,কোন,O
Sentence: 2681,পরালেখা,O
,কর্তে,O
,এখদম,O
,ভালা,O
,লাগে,O
,নানি,O
Sentence: 1747,তুমিতাইন,O
,ওর,O
,সুন্দরতাত,O
,আমি,O
,মুগ্ধ,O
Sentence: 1646,সাদা,B-COL
,মুকুল,B-OBJ
,দিয়া,O
,আমগাছ,O
,ওর,O
,সবুজ,B-COL
,পাতাও,B-OBJ
,ঢাকি,O
,গেছে,O
Sentence: 1962,যেব্‌লাকু,O
,ফুয়া,O
,বুঝে,O
,হেব্‌লাকু,O
,ফুড়িয়ে,O
,বুঝে,O
,না,O
Sentence: 3290,বিছানায়,B-OBJ
,হুতি,O
,টিভি,B-OBJ
,দেখাত,O
,আছিলাম,O
Sentence: 2702,হাছা,O
,কৌকা,O
Sentence: 1877,আমরা,O
,হকল,O
,গতকাইল,O
,বাহিরো,O
,গিয়েছিলাম,O
Sentence: 2668,পিন্দিয়া,O
,আইছিল,O
Sentence: 3424,গাইতে,O
,ফারতায়,O
,না,O
Sentence: 2596,আমি,O
,সমস্যায়,O
,আছি,O
Sentence: 2064,তারা,O
,তিন,O
,ভাই,B-REL
,আছিল,O
,কিন্তু,O
,তারার,O
,মা,B-REL
,আছলা,O
,না,O
Sentence: 1852,নাইকল,B-FOOD
,থাকি,O
,নাইকল,B-FOOD
,ফানি,I-FOOD
,পাওয়া,O
,যায়,O
Sentence: 447,তুই,O
,কিতা,O
,ওউ,O
,স্কুল,B-ORG
,ও,O
,পড়াত,O
,আইতে,O
,চাস,O
,নি,O
Sentence: 2103,ফুয়াগু,O
,যে,O
,মেধাবী,O
Sentence: 3335,তুমাইতাইন,O
,ওর,O
,ক্রিকেট,O
,খেলা,O
,কিলা,O
,লাগে,O
Sentence: 1837,মানুষ,O
,বিয়ান,O
,বেলায়,O
,জতটা,O
,পরিস্কার,O
,দেখায়,O
,বিলাই,B-ANI
,রাত্রে,O
,তারচেয়ে,O
,ভালো,O
,দেকতে,O
,ফায়,O
Sentence: 2602,মাত,O
,আছে,O
Sentence: 3319,সব,O
,থাকি,O
,বেশি,O
,ভালা,O
,লাগে,O
Sentence: 466,ফুটবল,B-OBJ
,খেলার,O
,সময়,O
,আমি,O
,বাক্কা,O
,আনন্দ,O
,ফাই,O
Sentence: 1725,আর,O
,হকল,O
,ফুয়া,O
,ফুরিন্তে,O
,লাইন,O
,বান্দিয়া,O
,উবাই,O
,গেলো,O
Sentence: 520,আফনার,O
,কিতা,O
,পরীক্ষা,O
,দিতে,O
,বালা,O
,লাগে,O
,নি,O
Sentence: 215,আমরা,O
,জীবনেও,O
,ভুলতাম,O
,ফারতাম,O
,নায়,O
Sentence: 3063,বইনে,B-REL
,আমারে,O
,খুব,O
,ভালা,O
,ফায়,O
Sentence: 714,আমারে,O
,তো,O
,আর,O
,বালা,O
,লাগতো,O
,নায়,O
Sentence: 65,আমার,O
,জামাই,B-REL
,আমারে,O
,খুব,O
,ভালা,O
,পায়,O
Sentence: 1327,তারার,O
,মাত,O
,হুনিয়া,O
,মনে,O
,অর,O
,মোরে,O
,বিয়া,O
,খরছে,O
,মানে,O
,মোরে,O
,কিনিলচে,O
Sentence: 3206,আমরা,O
,জীবনেও,O
,ফারতাম,O
,নায়,O
Sentence: 1468,মুই,O
,এখটা,O
,ফুড়ি,O
,বয়স,O
,তেইশ,O
,বৎসর,O
Sentence: 3154,ভালা,O
,লাগলো,O
Sentence: 540,হের,O
,হাসি,O
,যে,O
,সুন্দর,O
Sentence: 2447,আমার,O
,বড়,B-ROLE
,ভাই,I-ROLE
,বেগুন,B-FOOD
,তরকারির,I-FOOD
,ঝোল,I-FOOD
,দিয়া,O
,দুপুরে,B-FOOD
,ভাত,O
,খাইছে,O
Sentence: 451,ফুটবল,B-OBJ
,আমার,O
,প্রিয়,O
,খেলা,O
Sentence: 715,আমার,O
,লগে,O
,তুমিতাইন,O
,ওর,O
,কোন,O
,মাত,O
,নাই,O
Sentence: 2230,একটা,O
,মানুষের,O
,সব,O
,মাত,O
,একদিনে,O
,মুখে,O
,বলে,O
,দেওয়া,O
,যায়,O
,না,O
Sentence: 533,আমার,O
,ভালোবাসাত,O
,কিতার,O
,কমতি,O
,আছিল,O
Sentence: 2363,খানিত,B-FOOD
,লবণ,B-FOOD
,কম,O
,অইলে,O
,ভালা,O
,অইতো,O
Sentence: 2798,আমি,O
,পড়মু,O
Sentence: 12,আমার,O
,আম্মায়,B-REL
,আমারে,O
,কইছলা,O
,বিয়া,O
,অইলে,O
,জীবন,O
,বদলি,O
,যায়,O
Sentence: 2832,আমি,O
,কিতা,O
,করছি,O
Sentence: 2525,আফনে,O
,কোন,O
,থাকি,O
,আইছইন,O
Sentence: 955,আমি,O
,বাক্কা,O
,লাম্বা,O
Sentence: 885,আগের,O
,তাকি,O
,আব্বা,B-REL
,বউত,O
,ভালা,O
,ওইছোইন,O
Sentence: 849,আমার,O
,জামাইয়ে,B-REL
,মদ,B-FOOD
,খাইয়া,O
,রাইত,O
,ওর,O
,পর,O
,রাইত,O
,বন্ধু,B-REL
,ইতাইন্তোর,O
,লগে,O
,আড্ডা,O
,মারে,O
Sentence: 2705,তুমিতাইন,O
,ঘুম,O
,তনে,O
,জলদি,O
,উঠি,O
,যাইও,O
Sentence: 841,তুমিতাইন,O
,ওতোতা,O
,বুঝো,O
,কিলা,O
Sentence: 3253,কত,O
,ছুটি,O
,কাটাইতাম,O
Sentence: 998,হে,O
,খালি,O
,মোরে,O
,খানিটা,B-FOOD
,ঠিক,O
,মতে,O
,দেয়,O
,যাতে,O
,খেউরে,O
,কইতাম,O
,না,O
,ফারি,O
Sentence: 3016,হাটিয়া,O
,যাইরো,O
Sentence: 3157,আফনারে,O
,দেখলাম,O
Sentence: 88,বেশি,O
,কুনতা,O
,খইতাম,O
,নায়,O
,কারণ,O
,আবেগে,O
,চকুত,O
,পানি,O
,আইচ্চে,O
Sentence: 2619,মাত্তে,O
,বাক্কা,O
,ভালা,O
,লাগে,O
Sentence: 376,আফনারার,O
,কিতা,O
,শুক্রবার,O
,সখালে,O
,সময়,O
,অইবো,O
,নি,O
Sentence: 2192,তুমি,O
,ছাড়া,O
,এই,O
,পৃথিবীতে,B-LOC
,আমার,O
,আর,O
,কেউ,O
,নাই,O
Sentence: 501,তুমিতাইন,O
,ওইলায়,O
,আমার,O
,জীবন,O
,ওর,O
,আলো,O
Sentence: 3435,আমি,O
,তাইর,O
,চোউখের,O
,মায়াত,O
,পরছি,O
Sentence: 1131,পয়লা,O
,দিকে,O
,অতো,O
,ভালাপাইতাম,O
,না,O
Sentence: 1631,যে,O
,অত্যাচার,O
,কররো,O
Sentence: 3177,আব্বায়,B-REL
,লাল,B-COL
,জামা,B-OBJ
,কিনিয়া,O
,আনছইন,O
Sentence: 1470,মোর,O
,জামাই,B-REL
,যে,O
,ভালা,O
Sentence: 1505,বউত,O
,শব্দ,O
,র,O
,উচ্চারণ,O
,আলাদা,O
,ওয়,O
Sentence: 2843,উঠি,O
,যাইও,O
Sentence: 1486,মোর,O
,নানা,B-REL
,বেমার,O
Sentence: 968,আমার,O
,ফা,O
,ও,O
,বেদনা,O
,করের,O
Sentence: 1822,হাইরোর,O
,তেল,O
,অখালে,O
,চুল,O
,সাদা,B-COL
,অউয়া,O
,আখটায়,O
,আর,O
,চুল,O
,পড়া,O
,কমায়,O
Sentence: 1817,গরমর,O
,সময়,O
,শশা,B-FOOD
,বেশি,O
,মিলে,O
Sentence: 890,আমার,O
,আব্বা,B-REL
,যে,O
,ওতো,O
,খারাপ,O
,কোনো,O
,সময়,O
,ফুলের,O
,টুকাও,O
,দিছে,O
,না,O
Sentence: 2660,ঢাকাত,B-LOC
,আইছে,O
Sentence: 135,যে,O
,পিরিত,O
,যত,O
,গুফন,O
,হউ,O
,পিরিত,O
,তত,O
,গভীর,O
Sentence: 2615,ভালা,O
,লাগে,O
,আমার,O
Sentence: 2380,আমার,O
,ফুফু,B-REL
,চাচায়,B-REL
,আমারে,O
,বহুত,O
,ভালা,O
,ফাইন,O
Sentence: 2005,গ্রাম,B-LOC
,ওর,O
,মাইনষে,O
,ফুয়া,O
,ওগুর,O
,তনে,O
,দূরে,O
,থাকার,O
,চেষ্টা,O
,করতো,O
Sentence: 406,ভালোবাসা,O
,মানে,O
,তো,O
,মাইনষের,O
,জীবন,O
Sentence: 2356,আম্মোয়ে,B-REL
,খানিত,B-FOOD
,লবণ,B-FOOD
,কম,O
,দিছইন,O
Sentence: 2313,ভালা,O
,মানুষ,O
,এই,O
,দুনিয়াত,B-LOC
,বেশি,O
,দিন,O
,বাচে,O
,না,O
Sentence: 2757,কোনাখানো,O
,যাও,O
Sentence: 1520,তুমিতাইন,O
,বালা,O
,আছো,O
,জানিয়া,O
,খুশি,O
,ওইলাম,O
Sentence: 2582,বনানীর,O
,কিতা,O
,দরকার,O
Sentence: 1592,আমি,O
,অইন্যের,O
,লগে,O
,মাতি,O
,না,O
Sentence: 2728,খাইতে,O
,ভালা,O
,লাগে,O
Sentence: 3007,বিদেশ,B-LOC
,যাইবো,O
,গি,O
Sentence: 399,আমার,O
,মাথাত,O
,বেশেবা,O
,বেদনা,O
,করের,O
Sentence: 476,মেঘনা,B-LOC
,ওইলো,O
,বাংলাদেশ,B-LOC
,ওর,O
,একটা,O
,প্রধান,O
,নদী,B-LOC
Sentence: 2018,আমি,O
,আফনার,O
,ওনো,O
,আইতাম,O
,চাই,O
Sentence: 1247,মোর,O
,জাামাই,B-REL
,মোর,O
,কথা,O
,হুনিয়া,O
,গুসা,O
,খরি,O
,হাসপাতাল,B-ORG
,থাকি,O
,বারই,O
,গেছে,O
Sentence: 153,মোর,O
,হাত,O
,খান,O
,ধরিয়া,O
,সামনে,O
,আওগাইয়া,O
,যাও,O
,আমরা,O
,আর,O
,পিছেদি,O
,ফিরিয়া,O
,দেখতাম,O
,নায়,O
Sentence: 186,গান,O
,গুতা,O
,হুনলেউ,O
,পুরানা,O
,ইতিহাস,O
,মনো,O
,পড়ি,O
,যায়,O
Sentence: 573,যদিও,O
,মাফ,O
,ওর,O
,যোগ্য,O
,নায়,O
,আমি,O
,ফারলে,O
,মাফ,O
,করি,O
,দিওইন,O
Sentence: 478,নীল,B-COL
,আকাশ,O
,ওর,O
,নিচে,O
,তুমিতাইন,O
,ওর,O
,হাত,O
,ধরিয়া,O
,হাটিয়া,O
,যাইতাম,O
,চাই,O
Sentence: 3156,বাক্কা,O
,সময়,O
,পর,O
Sentence: 2251,তোমার,O
,লগে,O
,দেখা,O
,হলেই,O
,আগর,O
,ইতিহাস,O
,মনে,O
,পড়ে,O
,যায়,O
Sentence: 1902,আমি,O
,ভালা,O
,ফুয়া,O
Sentence: 259,মুই,O
,ধরিয়া,O
,নিলাম,O
,মোর,O
,বাক্কা,O
,দুষ,O
,বাক্কা,O
,ভুল,O
Sentence: 907,ইতা,O
,করের,O
,কিতার,O
,লাগি,O
,বইয়া,O
,বইয়া,O
Sentence: 1344,তাইন,O
,তানর,O
,বাসাত,O
,গেছইন,O
,না,O
Sentence: 3479,করতাম,O
,না,O
Sentence: 1932,ইশ,O
,তুমার,O
,মনো,O
,কতো,O
,দুক,O
Sentence: 958,আমি,O
,কেইক,B-FOOD
,ভালা,O
,ফাই,O
Sentence: 444,তুই,O
,আমার,O
,তনে,O
,কিতা,O
,ওতা,O
,হিকতে,O
,চাস,O
,নিজ,O
Sentence: 1522,খানির,O
,দানির,O
,মাত,O
,মাতিয়া,O
,লাভ,O
,নাই,O
,কষ্ট,O
,ফাইবায়,O
Sentence: 1561,ইগুরে,O
,তার,O
,দুই,B-LOC
,তালা,I-LOC
,রাস্তা,I-LOC
,লাগছে,O
Sentence: 1074,তারা,O
,আফনারে,O
,কিলা,O
,চাইন,O
,তারার,O
,লাখান,O
,অওয়ার,O
,চেষ্টা,O
,খরইন,O
Sentence: 1510,ওনো,O
,কিতা,O
,কররায়,O
,তোমরা,O
Sentence: 3448,আমি,O
,হকলতা,O
,করতাম,O
,ফারি,O
Sentence: 507,বাক্কা,O
,দিন,O
,আগে,O
,এক,O
,গ্রামও,B-LOC
,এক,O
,টুপিআলা,B-ROLE
,আছলা,O
Sentence: 2480,মা,B-REL
,আমার,O
,লাগি,O
,উরি,B-FOOD
,ভাজি,I-FOOD
,রান্দা,O
,করছইন,O
Sentence: 2556,আমি,O
,ভাত,B-FOOD
,খাইতাম,O
,নায়,O
,ঘুষা,O
,করছি,O
Sentence: 1617,খালি,O
,চাই,O
,থাকতেউ,O
,ইচ্ছা,O
,করে,O
Sentence: 3122,গতকাইল,O
,চুরি,O
,অই,O
,গেছে,O
Sentence: 2785,আমরা,O
,যাইমু,O
Sentence: 1628,ওনো,O
,বুলে,O
,একটা,O
,শিশুপার্ক,B-LOC
,ওইতো,O
Sentence: 2516,কান্দাত,O
,আও,O
Sentence: 577,পানির,B-FOOD
,অভাব,O
,আর,O
,বালা,O
,লাগের,O
,না,O
Sentence: 3004,তাই,O
,বাদের,O
,মাশও,O
,বিদেশ,B-LOC
,যাইবো,O
,গি,O
Sentence: 1919,আফনে,O
,কিতা,O
,অউ,O
,বইটা,B-OBJ
,পড়তা,O
,চাইন,O
,নি,O
Sentence: 472,ব্রাজিল,B-ORG
,ওর,O
,ফুটবল,I-ORG
,দল,I-ORG
,বিশ্বকাপ,B-ORG
,চ্যাম্পিয়ন,O
Sentence: 1388,মোর,O
,অইয়া,O
,ফতিবাদ,O
,খরে,O
,আরো,O
,কতক,O
,গুণ,O
Sentence: 2220,তুমি,O
,কারো,O
,জীবনে,O
,সুখ,O
,এনে,O
,দিবা,O
,এই,O
,ভেবে,O
,তোমার,O
,প্রেম,O
,করা,O
,উচিৎ,O
Sentence: 1974,ফেসবুকো,B-ORG
,তাইর,O
,এখজনর,O
,লগে,O
,সম্পর্ক,O
,অইছিল,O
Sentence: 1053,আফনে,O
,থানাত,B-LOC
,গিয়া,O
,এখটা,O
,মামলা,O
,খরইন,O
Sentence: 674,আমি,O
,ছোটকাল,O
,তনেউ,O
,মেধাবী,O
,আছলাম,O
Sentence: 1117,এর,O
,দায়,O
,আমি,O
,তাইরে,O
,লুকাইয়া,O
,বিয়া,O
,খরতাম,O
,চাই,O
Sentence: 2056,তুমিতাইন,O
,ওর,O
,কিতা,O
,খানির,O
,সময়,O
,আছে,O
,নি,O
Sentence: 2588,তুমিতাইন,O
,ওর,O
,অত,O
,ঘুম,O
,আয়,O
,কিওর,O
,লাগি,O
Sentence: 1499,ইচ্ছা,O
,আছিল,O
,কোন,O
,জেগাত,O
,ঘুরাত,O
,যাইমু,O
Sentence: 2710,আমি,O
,সোকাইলকু,O
,নাস্তা,O
,খাইয়া,O
,বাদে,O
,স্কুল,O
,ও,O
,যাই,O
Sentence: 3200,লাল,B-COL
,গোলাপ,B-OBJ
,কিনিয়া,O
,দিছে,O
Sentence: 823,বউ,B-REL
,ওর,O
,চউখ,O
,ও,O
,পানি,O
,টুপটুপ,O
Sentence: 720,আমরা,O
,ওতোও,O
,বালা,O
,নায়,O
Sentence: 2369,তোমার,O
,চোখ,O
,থাকে,O
,অন্য,O
,ফুরিন্তর,O
,বায়,O
Sentence: 2719,ভালা,O
,লাগে,O
,না,O
Sentence: 1209,বিয়ার,O
,এক,O
,বৎসর,O
,ফরেও,O
,তারার,O
,ফুড়ি,B-REL
,অইছে,O
Sentence: 370,বাবু,O
,খাইছোনি,O
,জিকানির,O
,মানুষগুতা,O
,নাই,O
,করু,O
,আমি,O
,এখনো,O
,এতো,O
,হুকনা,O
Sentence: 539,আমি,O
,তাইর,O
,চউখ,O
,ওর,O
,মায়াত,O
,পড়ছি,O
Sentence: 3395,তারা,O
,তিঙ্গু,O
,ভাই,O
,আছিলো,O
,কিন্তু,O
,হেরার,O
,মাঝে,O
,মিল,O
,আছিলো,O
Sentence: 137,তুমি,O
,যদি,O
,খেউরে,O
,ভালোবাসো,O
,তাইলে,O
,তারে,O
,ছাড়ি,O
,দেও,O
Sentence: 1806,তেতই,B-FOOD
,লইয়া,O
,খালি,O
,আমরার,O
,দেশো,B-LOC
,নায়,O
,বরোঞ্ছ,O
,সাড়া,O
,উপমহাদেশো,B-LOC
,বাক্কা,O
,ভুল,O
,ধারণা,O
,আছে,O
Sentence: 1266,মুই,O
,খেয়াল,O
,খরছি,O
,তাইন,O
,আর,O
,তাইনর,O
,ফুয়ার,B-REL
,সম্পর্ক,O
,খুব,O
,খারাফ,O
Sentence: 162,দেখো,O
,ছাইন,O
,খতো,O
,সুন্দর,O
,মিষ্টি,O
,চান্দর,O
,আলো,O
Sentence: 3275,এখলগে,O
,আছি,O
Sentence: 561,একগু,O
,ফুরি,O
,আর,O
,একগু,O
,ফুয়ায়,O
,একলগে,O
,খেলছে,O
Sentence: 1027,খালি,O
,ফুয়াটার,B-REL
,মুকর,O
,বায়,O
,চাইয়া,O
,চুফ,O
,মারি,O
,আছি,O
Sentence: 3237,মাতবায়,O
,না,O
Sentence: 898,হারাদিন,O
,বাসাত,O
,বইয়া,O
,ফেইসবুক,B-ORG
,টিকটক,B-ORG
,ওতাত,O
,সময়,O
,কাটে,O
,তাইর,O
Sentence: 1444,ততদিনে,O
,মুই,O
,তার,O
,প্রতি,O
,বাক্কা,O
,দুর্বল,O
,অই,O
,গেছলাম,O
Sentence: 3220,কয়টা,O
,বই,B-OBJ
,কিনছি,O
Sentence: 1173,দুই,O
,বৎসর,O
,আগে,O
,নিজর,O
,ফছন্দেউ,O
,বিয়া,O
,খরছিলাম,O
Sentence: 2035,আফনে,O
,কিতা,O
,কোন,O
,ভুল,O
,করতা,O
,ফারোইন,O
,নি,O
Sentence: 201,মাত্র,O
,এখ,O
,বছর,O
,বাদে,O
,গানগুতার,O
,বয়স,O
,এখ,O
,যুগ,O
,অই,O
,যাইবো,O
Sentence: 34,তর,O
,পড়ালেখা,O
,করা,O
,লাগবো,O
Sentence: 3307,ভালা,O
,লাগে,O
Sentence: 3080,আমার,O
,স্বপ্ন,O
Sentence: 90,পয়লা,O
,আফনারে,O
,এখটা,O
,দুকানো,O
,যাওয়া,O
,লাগবো,O
Sentence: 1210,কিন্তুক,O
,কিছুদিন,O
,যাওয়া,O
,ফরেও,O
,তারার,O
,মাঝে,O
,লাগালাগি,O
,শুরু,O
,অয়,O
Sentence: 2893,বাক্কা,O
,লম্বা,O
,না,O
Sentence: 3429,আমরা,O
,ঢাকাত,B-LOC
,থাকি,O
Sentence: 1563,বউত,O
,জাত,O
,ওর,O
,ফুল,B-OBJ
,থারিয়া,O
,করি,O
,সাজানি,O
,আছে,O
Sentence: 972,আমারে,O
,ডাকবা,O
,না,O
Sentence: 2828,করতাম,O
,পাররাম,O
,না,O
,বহুত,O
,জ্বর,O
Sentence: 1980,মোর,O
,পছন্দ,O
,অয়,O
,ইলান,O
,ফুড়ি,O
,তারার,O
,পছন্দ,O
,অয়,O
,না,O
Sentence: 1576,আমি,O
,যে,O
,দুখ,O
,ফাইছি,O
,ওগু,O
,কিতা,O
,কুন্তা,O
,নায়,O
Sentence: 2849,আমরার,O
,কাম,O
,আছে,O
Sentence: 1238,হাসপাতাল,B-ORG
,আইয়াও,O
,মোরে,O
,খয়,O
,চলো,O
,বাসাত,O
,যাই,O
Sentence: 2317,তোমারে,O
,মুই,O
,ধন্যবাদ,O
,জানাতে,O
,চাই,O
Sentence: 1025,যেছা,O
,খেউ,O
,আমারে,O
,এখ,O
,দেখাত,O
,পছন্দ,O
,খরবা,O
Sentence: 1738,নিজেরে,O
,তাইন,O
,দূর্বল,O
,ভাবিয়া,O
,ওতা,O
,করোইন,O
Sentence: 1226,ফুড়ির,B-REL
,আম্মায়,B-REL
,অতা,O
,জানিয়াউ,O
,বিয়া,O
,দিছইন,O
Sentence: 2929,আমি,O
,আইতাম,O
Sentence: 2869,মাত,O
,ওর,O
,জবাব,O
,দেউকা,O
Sentence: 303,নয়া,O
,এরা,O
,বহুততা,O
,হিকতা,O
,পারবা,O
,আশা,O
,খরি,O
Sentence: 3297,আমি,O
,ছোটকাল,O
,তোনেও,O
,মেধাবী,O
,আছিলাম,O
Sentence: 2239,দুজনে,O
,মিলিয়া,O
,দুরে,O
,কোনকানো,O
,ফাকাইয়া,O
,আইতে,O
,ফারি,O
Sentence: 1179,হে,O
,কুনোদিনও,O
,মোর,O
,গেছে,O
,মোর,O
,সামর্থ্যর,O
,বারে,O
,কুচ্চু,O
,চাইছে,O
,না,O
Sentence: 1906,ফুয়াটায়,O
,কিবা,O
,আরোখ,O
,ফুড়িরে,O
,ভালা,O
,পায়,O
Sentence: 3072,কিতা,O
,বিয়া,O
,অই,O
,গেছে,O
,নি,O
Sentence: 1046,কুনো,O
,মাত,O
,খারাফ,O
,পাইলে,O
,দয়া,O
,খরি,O
,মাফ,O
,খরি,O
,দিবা,O
Sentence: 1883,এতো,O
,ভাবার,O
,সময়,O
,কই,O
Sentence: 1041,ফুয়াগুতার,B-REL
,ভবিষ্যতর,O
,খতা,O
,ভাবিয়া,O
,চুফ,O
,মারি,O
,আছি,O
Sentence: 1889,তুমি,O
,এত,O
,অমনোযোগী,O
,অইলে,O
,পরিক্ষায়,O
,ভালা,O
,ফলাফল,O
,করবা,O
,কেমনে,O
Sentence: 952,সময়,O
,ফুরাই,O
,গেছে,O
Sentence: 587,আইজ,O
,আমার,O
,জন্মদিন,O
Sentence: 2039,আমি,O
,বাংলা,O
,মাত্তাম,O
,ফারি,O
Sentence: 3263,পরিবারের,O
,খতা,O
,কইতাম,O
,চাই,O
Sentence: 2964,ভালা,O
,ফাই,O
,না,O
Sentence: 324,মুই,O
,মোর,O
,পরিবারর,O
,খতা,O
,কইতাম,O
,চাই,O
Sentence: 3459,তুমি,O
,কই,O
Sentence: 697,তুমিতাইন,O
,ওর,O
,মন,O
,চাইলে,O
,গিয়া,O
,না,O
,করো,O
Sentence: 738,আমার,O
,কোন,O
,বন্ধু,B-REL
,নাই,O
Sentence: 1688,শেষ,O
,বল,O
,ও,O
,ছক্কা,O
,মারিয়া,O
,বাংলাদেশ,B-ORG
,জিতি,O
,গেলো,O
Sentence: 2913,আমি,O
,একলা,O
,আচলাম,O
Sentence: 3059,আব্বা,O
,বিদেশ,B-LOC
,থাকোইন,O
Sentence: 597,আইজ,O
,কত,O
,তারিখ,O
Sentence: 1765,আরেকগুর,O
,দোষ,O
,সহজেউ,O
,খুজিয়া,O
,ফাওয়া,O
,যায়,O
Sentence: 1536,বড়,B-LOC
,বইন,I-LOC
,ওর,O
,ঘর,I-LOC
,ও,O
,তার,O
,লাগি,O
,ছোট,B-OBJ
,খাট,I-OBJ
,দেওয়া,O
,ওইলো,O
Sentence: 1469,মোর,O
,বিয়া,O
,অইছে,O
,এক,O
,মাস,O
Sentence: 1202,তাইর,O
,লাগি,O
,পরিবার,O
,মানলে,O
,বিয়া,O
,অইবো,O
,নইলে,O
,তাই,O
,ফারতো,O
,নায়,O
Sentence: 3366,আমি,O
,এগু,O
,বই,B-OBJ
,পড়ছি,O
Sentence: 3369,আমি,O
,বই,B-OBJ
,পড়ছি,O
Sentence: 189,মৌসুমী,B-PER
,আফারে,O
,কইছি,O
,অলাখান,O
,এখটা,O
,ছবি,O
,আমরারে,O
,আবার,O
,উপহার,O
,দেইন,O
Sentence: 2387,তুমি,O
,কিতা,O
,আম,B-FOOD
,খাইছলায়,O
,নি,O
Sentence: 3045,বিশ্বাস,O
,করো,O
Sentence: 3150,মুই,O
,এখটা,O
,ফুয়া,O
Sentence: 1818,টেমেটুর,B-LOC
,বাজারো,I-LOC
,যে,O
,আগুইন,O
,আম,O
,মাইনশর,O
,টাইন,O
,ইতা,O
,অখন,O
,আর,O
,নয়া,O
,কুনো,O
,খবর,O
,নায়,O
Sentence: 2321,তোমার,O
,কাছে,O
,আমি,O
,একটা,O
,পরামর্শ,O
,চাইরাম,O
Sentence: 3178,আব্বায়,B-REL
,জামা,B-OBJ
,কিনিয়া,O
,আনছইন,O
Sentence: 1778,ওজন,O
,খমানির,O
,লাগি,O
,হফরি,B-FOOD
,খুব,O
,উফকারি,O
Sentence: 371,লাগা,O
,বাড়ির,O
,ফুড়িটারে,O
,ভালা,O
,লাগছিল,O
,বাদে,O
,জানলাম,O
,তাই,O
,ছুটির,O
,দিনও,O
,কলেজো,B-ORG
,যায়,O
Sentence: 2560,চিন্তা,O
,করতাছি,O
,কিচ্ছু,O
,একটা,O
,করমু,O
Sentence: 1178,তার,O
,সব,O
,খরচা,O
,তার,O
,বাফ,B-REL
,মায়,B-REL
,চালাইন,O
Sentence: 962,তাইন,O
,রাগি,O
,গেছলা,O
Sentence: 3107,আব্বায়,B-REL
,মোর,O
,লাগি,O
,কালো,B-COL
,জামা,B-OBJ
,কিনিয়া,O
,আনছইন,O
Sentence: 3000,সোকাইলকু,O
,নাস্তা,B-FOOD
,খাইয়া,O
,বাদে,O
,স্কুল,B-ORG
,ও,O
,যাই,O
,না,O
Sentence: 2217,সে,O
,তোমার,O
,লাগি,O
,সব,O
,কিছু,O
,করতে,O
,ফারে,O
Sentence: 1999,মুই,O
,মোর,O
,বইনরে,B-REL
,খুব,O
,ভালাপাই,O
Sentence: 1298,সংসারর,O
,সারা,O
,খরচা,O
,মোর,O
,জামাইয়ে,B-REL
,দেইন,O
Sentence: 3399,মাত্তা,O
,ফারোইন,O
,না,O
Sentence: 2186,প্রথমে,O
,তোমাকে,O
,একটা,O
,বইয়ের,O
,দোখানো,O
,যাইতে,O
,হইবো,O
Sentence: 1346,মুই,O
,তান,O
,লগে,O
,আস্তা,O
,রাইত,O
,জাগিয়া,O
,জোনে,B-OBJ
,মাততাম,O
Sentence: 3444,তার,O
,পরিবাররে,O
,যে,O
,ভালা,O
,ফায়,O
Sentence: 1629,তোমরার,O
,মাত,O
,হুনিয়া,O
,হাসছি,O
Sentence: 1387,মোরে,O
,বুঝে,O
,মোর,O
,হখল,O
,খতা,O
,হুনে,O
Sentence: 3247,তুলা,O
,লাগবো,O
Sentence: 1924,তুমার,O
,কিতা,O
,পড়ালেখা,O
,ভালা,O
,লাগে,O
,নানি,O
Sentence: 307,রাজকুমারির,B-ROLE
,মায়া,O
,দুনিয়া,B-LOC
,আইজো,O
,ভুলছে,O
,না,O
Sentence: 633,স্কুল,B-ORG
,ও,O
,সাইকেল,B-OBJ
,চালাইয়া,O
,যাইতাম,O
,মাঝে,O
,মধ্যে,O
Sentence: 1680,অসুখে,O
,তাইন,O
,কয়েক,O
,বছর,O
,ধরি,O
,ভোগরা,O
Sentence: 591,হকলতা,O
,একলগে,O
,করা,O
,যায়,O
,না,O
Sentence: 63,মুই,O
,এখটা,O
,ফুয়া,O
Sentence: 1872,একে,O
,অপরের,O
,পতি,O
,যতো,O
,বেশি,O
,বিশ্বাস,O
,থাকবো,O
,তাদের,O
,ভালা,O
,ফাইয়া,O
,পাল্লা,O
,ততো,O
,ভারি,O
,অইবো,O
Sentence: 2155,আমার,O
,মাই,B-REL
,অনেক,O
,ভালা,O
,রান্দা,O
,করইন,O
Sentence: 409,গফ,O
,ওর,O
,মাত,O
,যখন,O
,ওয়,O
,আয়,O
,তখন,O
,ওউ,O
,আমরার,O
,বাইচ্চাইন্তোর,O
,কথা,O
,মন,O
,ও,O
,পড়ি,O
,যায়,O
Sentence: 1804,হুরুকালো,O
,বাফ,B-REL
,মায়,B-REL
,তেতই,B-FOOD
,খাওয়ার,O
,লাগি,O
,নিষেধ,O
,দিছইন,O
,না,O
,ইলা,O
,খেউরে,O
,মনয়,O
,না,O
,খুজিয়া,O
,পাওয়া,O
,যাইবো,O
Sentence: 2563,সে,O
,খাওন,O
,থামাইয়া,O
,কইলো,O
Sentence: 1360,বাসাত,O
,মুই,O
,ছাড়া,O
,আর,O
,খেউ,O
,কুনতা,O
,জানইন,O
,না,O
Sentence: 2058,আম,B-FOOD
,আমার,O
,প্রিয়,O
,ফল,B-FOOD
Sentence: 2548,মোরে,O
,বোলা,O
Sentence: 152,তুমার,O
,মনর,O
,কথা,O
,আইজ,O
,মোরে,O
,খুলিয়া,O
,কউ,O
Sentence: 2029,আফনে,O
,কিতা,O
,ওউ,O
,জেগাত,O
,ঘুরতা,O
,ফারবা,O
,নি,O
Sentence: 624,অসাধারণ,O
,একটা,O
,বই,B-OBJ
,পড়লাম,O
Sentence: 1582,আমি,O
,আরেকগুর,O
,লগে,O
,মাতিয়ার,O
Sentence: 1562,রাস্তার,B-LOC
,ধারো,O
,একটা,O
,ফুল,B-OBJ
,ওর,O
,দোকান,O
Sentence: 3194,শাড়ি,B-OBJ
,কিনিয়া,O
,দিছে,O
Sentence: 1304,অখটা,O
,কিতা,O
,ঠিগ,O
,সিদ্ধান্ত,O
,অইবো,O
,নি,O
,আমরার,O
,লাগি,O
Sentence: 179,ওউ,O
,ছবির,O
,ফত্তেকটা,O
,গান,O
,বাক্কা,O
,ভালা,O
,লাগতো,O
,আর,O
,এখনো,O
,লাগে,O
Sentence: 1683,বাক্কা,O
,কতদিন,O
,পলাশ,B-PER
,ওর,O
,খুব,O
,মন,O
,খারাপ,O
,আছলো,O
Sentence: 2481,আম্মা,B-REL
,রান্দাঘরো,O
,বইসা,O
,মাটির,B-OBJ
,পাতিলো,I-OBJ
,মুরগির,B-FOOD
,মাংস,I-FOOD
,রান্দা,O
,করছইন,O
Sentence: 2780,একটা,O
,ছড়,O
,লাগাইয়া,O
,দিমু,O
Sentence: 979,হে,O
,রাগি,O
,গেছিল,O
Sentence: 773,পাখি,B-ANI
,ওগু,O
,দেখতে,O
,সুন্দর,O
Sentence: 1319,তারার,O
,অনুমতির,O
,অফেক্ষা,O
,খরা,O
,লাগের,O
Sentence: 2841,ঘুম,O
,তনে,O
,জলদি,O
,উঠি,O
,যাইও,O
Sentence: 1546,তার,O
,প্রিয়,O
,একগু,O
,বই,B-OBJ
,হারাই,O
,গেছে,O
Sentence: 3054,সহজ,O
,ভাষায়,O
,মাতা,O
,উচিৎ,O
Sentence: 3384,সময়,O
,কষ্ট,O
,পাই,O
Sentence: 1362,সমাজো,O
,হখলে,O
,আমরারে,O
,বাক্কা,O
,সম্মান,O
,দিয়া,O
,চলইন,O
Sentence: 1414,মুই,O
,সিলেটো,B-LOC
,থাকি,O
Sentence: 2569,আমার,O
,ছোডভাই,B-REL
,বিয়া,O
,করি,O
,লাইসে,O
Sentence: 2207,আফনারে,O
,ভালাফাই,O
,এই,O
,কথাটি,O
,বলার,O
,বাকি,O
Sentence: 1830,মোর,O
,হরু,B-REL
,ভাই,I-REL
,মুরগর,B-FOOD
,মাংস,I-FOOD
,খাইতে,O
,ভালা,O
,ফায়,O
Sentence: 609,তোমরার,O
,গ্রাম,B-LOC
,ওর,O
,বাড়ি,I-LOC
,কোন,O
Sentence: 2006,আফনে,O
,ওতো,O
,খারাপ,O
,ভাবে,O
,আছইন,O
,কিতার,O
,লাগি,O
Sentence: 3285,এখনো,O
,চিনিন,O
,না,O
Sentence: 2518,শিমুর,B-PER
,গোলাপি,B-COL
,রং,I-COL
,পছন্দ,O
Sentence: 2493,আমরা,O
,সবাই,O
,একসাথে,O
,খেল,O
,দেখছিলাম,O
Sentence: 1095,তখনকুর,O
,সময়,O
,ফুড়িন্তর,O
,লাগি,O
,ইখটা,O
,অনেখ,O
,বয়স,O
Sentence: 3283,যারা,O
,মোরে,O
,এখনো,O
,চিনিন,O
,না,O
Sentence: 1393,মুই,O
,কুনোসময়,O
,তানর,O
,কুনো,O
,কাম,O
,লইয়া,O
,খুটা,O
,দেই,O
,না,O
Sentence: 2776,কাজটা,O
,করো,O
Sentence: 2613,আফনার,O
,লগে,O
,মাত্তে,O
,বাক্কা,O
,ভালা,O
,লাগে,O
,আমার,O
Sentence: 286,আইজ,O
,প্রায়,O
,৮,O
,দিন,O
,ধরি,O
,পানি,B-FOOD
,নাই,O
Sentence: 560,তার,O
,চউখ,O
,হরিণ,O
,ওর,O
,লাকান,O
Sentence: 2082,বিয়ার,O
,তারিখ,O
,কবে,O
,ঠিক,O
,করা,O
,ওইছে,O
Sentence: 781,বেশি,O
,মাত,O
,আমার,O
,বালা,O
,লাগে,O
,না,O
Sentence: 1572,ফুরি,O
,এগুয়ে,O
,কিতা,O
,করছে,O
,জানো,O
,নি,O
Sentence: 593,বালা,O
,ফুরি,O
,পাইয়ার,O
,না,O
Sentence: 2258,বাপ,B-REL
,মার,B-REL
,মায়া,O
,ভালোবাসা,O
,ছাড়া,O
,মুই,O
,বড়,O
,অইগেজি,O
Sentence: 1871,কাউরে,O
,মিচা,O
,বলিয়া,O
,খুশির,O
,করার,O
,চেয়ে,O
,হাচা,O
,বলে,O
,কানদানি,O
,ভালা,O
Sentence: 2630,কিতা,O
,দিয়া,O
,ভাত,B-FOOD
Sentence: 1935,মুই,O
,হাতার,O
,দিতে,O
,ভালা,O
,পাই,O
Sentence: 1977,ফুড়িয়ে,O
,খয়,O
,দরখার,O
,অইলে,O
,মোর,O
,পরিবার,O
,তুমার,O
,পরিবারর,O
,লগে,O
,মাতবা,O
Sentence: 1702,পাকনা,O
,ফুয়া,O
,ওগুয়ে,O
,বেশি,O
,মাতে,O
Sentence: 1120,যদি,O
,লুকাইয়া,O
,বিয়া,O
,খরি,O
,তে,O
,বাদেদি,O
,তাইর,O
,ফ্যামিলি,O
,কুনো,O
,সমস্যা,O
,খরতো,O
,পারবো,O
,নি,O
Sentence: 2085,আমি,O
,সমুদ্র,B-LOC
,খুব,O
,বালা,O
,ফাই,O
Sentence: 1196,মুই,O
,বাক্কা,O
,খয়বার,O
,তাইর,O
,গেছে,O
,মাফ,O
,চাইছি,O
Sentence: 2432,আম্মা,B-REL
,রান্নাঘরো,O
,বইয়া,O
,মোরগির,B-FOOD
,মাংস,I-FOOD
,রান্না,O
,কররা,O
Sentence: 631,আইজ,O
,লাগের,O
,আর,O
,সময়,O
,ওউ,O
,যাইরো,O
,না,O
Sentence: 482,আকাশ,O
,ওর,O
,তারা,O
,ওগুন্তে,O
,আমরারে,O
,আশা,O
,দেয়,O
Sentence: 1891,হায়রে,O
,মানুষ,O
,একজন,O
,আরেকজনের,O
,প্রতি,O
,হিংসা,O
,করইন,O
Sentence: 465,বাংলাদেশ,B-LOC
,ওর,O
,জনপ্রিয়,O
,ফুটবলার,B-ROLE
,ওকল,O
,বাক্কা,O
,উচা,O
,মান,O
,ওর,O
,খেলোয়াড়,B-ROLE
Sentence: 2474,আমার,O
,আম্মা,B-REL
,কইছইন,O
,প্রতিদিন,O
,তেতুল,B-FOOD
,খাইলে,O
,আমার,O
,শরীরের,O
,রক্ত,O
,ফানি,O
,অই,O
,যাইবো,O
Sentence: 3028,লাল,B-COL
,রংগর,I-COL
,শারি,B-OBJ
,পিন্দিয়া,O
,মর,O
,লগে,O
,দেখা,O
Sentence: 1672,ওউ,O
,সিন্দুক,B-OBJ
,ওর,O
,ভিতরে,O
,কিতা,O
,আছে,O
Sentence: 2263,আমি,O
,যে,O
,মাই,B-REL
,তাইন,O
,মুই,O
,আমার,O
,বাচ্চার,B-REL
,মুখের,O
,দিকে,O
,তাকিয়া,O
,অনেক,O
,কিছু,O
,বুঝতে,O
,পারইন,O
Sentence: 57,আমরার,O
,সফনো,O
,বহুত,O
,বড়,O
Sentence: 2257,আমার,O
,ছোট,B-REL
,বোইন,I-REL
,কেমনে,O
,যানি,O
,নিরাই,O
,অই,O
,গেজে,O
Sentence: 1273,মোর,O
,জামাইর,B-REL
,হখলতাত,O
,তাইন,O
,দুষ,O
,দেখইন,O
Sentence: 649,ব্যস্ত,O
,একটা,O
,দিন,O
,কাটাইলাম,O
Sentence: 3265,মুই,O
,পরিবারের,O
,খতা,O
,কইতাম,O
,চাই,O
Sentence: 2912,ঘুমাই,O
,যাও,O
Sentence: 3373,তুমাইতাইন,O
,কিতা,O
,সরকারি,B-ROLE
,চাকরি,I-ROLE
,করছ,O
,নই,O
Sentence: 1986,বউর,B-REL
,অভিযোগ,O
,জামাই,B-REL
,তান,O
,দায়িত্ব,O
,ঠিক,O
,খরি,O
,পালন,O
,কররা,O
,না,O
Sentence: 3055,আমি,O
,আফনার,O
,লগে,O
,আছি,O
Sentence: 1180,আমরার,O
,মাঝে,O
,পিরিতর,O
,কুনো,O
,কমতি,O
,নায়,O
Sentence: 3079,ঘুরাত,O
,যাওয়া,O
,আমার,O
,স্বপ্ন,O
Sentence: 2250,আফনার,O
,কিতা,O
,এখনও,O
,আফনার,O
,ভালোফাওয়ার,O
,মানুষটার,O
,মাত,O
,মনে,O
,পড়ে,O
Sentence: 3389,তারা,O
,তিঙ্গু,O
,ভাই,O
,আছিলো,O
,কিন্তু,O
,হেরার,O
,মাঝে,O
,মিল,O
,আছিলো,O
,না,O
Sentence: 3030,আম্মায়,B-REL
,থিক,O
,কথাউ,O
,কইছলা,O
Sentence: 212,অতা,O
,গান,O
,হুরু,O
,থাকি,O
,হুনিয়া,O
,বড়,O
,অইছি,O
Sentence: 1811,হাসপাতালো,B-ORG
,আধা,O
,মরা,O
,মনা,O
,ইগগে,O
,কান্দের,O
Sentence: 2042,আফনে,O
,কিতা,O
,একটা,O
,শহর,B-LOC
,ও,O
,যাইবা,O
,নি,O
Sentence: 3412,আমার,O
,জন্মদিন,O
Sentence: 2124,আফনারা,O
,পার্ক,B-LOC
,ও,O
,ঘুরিয়া,O
,বেড়াউকা,O
Sentence: 769,আমি,O
,চাই,O
,তুমিতাইন,O
,হকল,O
,সময়,O
,আমার,O
,লগে,O
,থাকো,O
Sentence: 223,অউ,O
,ছুটো,O
,ফুয়া,O
,ইগু,O
,বল,B-OBJ
,দিয়া,O
,খেলার,O
Sentence: 1693,খেলাত,O
,হারা,O
,জুতা,O
,থাকতেউ,O
,ফারে,O
Sentence: 1893,আম,B-FOOD
,দিয়া,O
,শরবত,B-FOOD
,বানিয়া,O
,খাও,O
Sentence: 2773,কাজ,O
,করো,O
Sentence: 5,ফুয়াটায়,O
,এখটা,O
,সাদা,B-COL
,রংগর,I-COL
,শার্ট,B-OBJ
,পিন্দিয়া,O
,আইছিল,O
Sentence: 2108,হে,O
,আমার,O
,গ্রাম,B-LOC
,ওর,O
,বাড়িত,I-LOC
,আইছিল,O
Sentence: 1656,আমি,O
,সকাইলকু,O
,পড়াত,O
,বই,O
Sentence: 475,বাংলাদেশ,B-ORG
,ওর,I-ORG
,ক্রিকেট,I-ORG
,দল,I-ORG
,শক্তিশালী,O
,দল,B-ORG
,ওকলতোর,O
,মাঝে,O
,একটা,O
Sentence: 1325,হখল,O
,বাধারে,O
,করে,O
,ফালাইয়া,O
,মুই,O
,এখলাউ,O
,হাসপাতাল,B-ORG
,আইলাম,O
Sentence: 2714,আমি,O
,নাস্তা,B-FOOD
,খাইয়া,O
,বাদে,O
,স্কুল,B-ORG
,ও,O
,যাই,O
Sentence: 3355,আমার,O
,মাংস,B-FOOD
,বেশি,O
,ভালা,O
,লাগে,O
Sentence: 361,বউরে,B-REL
,ভালোবাসা,O
,হিকইন,O
,কিন্তু,O
,কার,O
,বউ,B-REL
,হিকটা,O
,দেখার,O
,দরকার,O
,নায়,O
Sentence: 2858,খাইতে,O
,ভালা,O
,লাগে,O
,না,O
Sentence: 151,ভালা,O
,লাগে,O
,তুমার,O
,অউ,O
,কাজলর,B-OBJ
,লাখান,O
,কালা,B-COL
,চউক,O
Sentence: 2254,তোমার,O
,কইন্না,B-REL
,তোমারে,O
,অনেক,O
,ভালাফায়,O
Sentence: 1641,ওউ,O
,আম,O
,গাছ,O
,ওর,O
,দিকে,O
,চাই,O
,রইছলাম,O
Sentence: 2966,তুঁই,O
,ডাক্তার,B-ROLE
,না,O
,হসাই,O
Sentence: 2030,আফনে,O
,কিতা,O
,গান,O
,লেখতে,O
,ফারোইন,O
,নি,O
Sentence: 2971,ঠান্ডা,O
,লাগছে,O
Sentence: 1351,মোরে,O
,হখল,O
,খানো,O
,ব্লক,O
,খরি,O
,দিছইন,O
Sentence: 659,আমি,O
,পড়াত,O
,বালা,O
,নায়,O
Sentence: 429,আমি,O
,আফনার,O
,লাগি,O
,অপেক্ষা,O
,করিয়ার,O
Sentence: 1316,এখটা,O
,ফুুড়িও,B-REL
,যদি,O
,তাইর,O
,বাফর,B-REL
,দায়িত্ব,O
,পালন,O
,খরে,O
,তে,O
,সমস্যাটা,O
,কুন,O
,জাগাত,O
,আমি,O
,বুজি,O
,না,O
Sentence: 1366,মোর,O
,আফারে,B-REL
,কিলা,O
,অউ,O
,রাস্তা,O
,থাকি,O
,হরাইয়া,O
,আনতাম,O
,কুনতা,O
,বুজিয়ার,O
,না,O
Sentence: 2897,আমি,O
,হারি,O
,গেছি,O
Sentence: 1426,শেষে,O
,যে,O
,ফুড়ির,O
,লাগি,O
,মোরে,O
,ছাড়িয়া,O
,গেছিল,O
,হুনছি,O
,তাই,O
,বুঝি,O
,বাক্কা,O
,সুন্দর,O
Sentence: 1926,হে,O
,অনেক,O
,ভালা,O
,রান্ধে,O
Sentence: 374,আসতে,O
,আসতে,O
,সিগারেট,B-OBJ
,খাওয়া,O
,ফুয়াটা,O
,এখদিন,O
,কাশতে,O
,কাশতে,O
,মরি,O
,যাইবো,O
Sentence: 2531,যাওয়ার,O
,সময়,O
,কোনানো,O
,গেছলে,O
Sentence: 2749,আমি,O
,কামো,O
,যাইতাম,O
,চায়না,O
Sentence: 2398,তোমার,O
,কথা,O
,হুনিয়া,O
,খুব,O
,অবাক,O
,অইছলাম,O
Sentence: 744,ঢাকাত,B-LOC
,আমার,O
,চাকরি,O
,ওইছে,O
Sentence: 2733,আমার,O
,খাইতে,O
,ভালা,O
,লাগে,O
Sentence: 2868,আমার,O
,মাত,O
,ওর,O
,জবাব,O
,দেউকা,O
Sentence: 2126,তাইন,O
,চেষ্টা,O
,করোইন,O
,না,O
Sentence: 2962,আমি,O
,আপেল,B-FOOD
,ভালা,O
,ফাই,O
,না,O
Sentence: 718,আইজ,O
,ওর,O
,আবহাওয়াটা,O
,যে,O
,সুন্দর,O
Sentence: 3251,আমরার,O
,তুলা,O
,লাগবো,O
Sentence: 3197,বন্ধু,B-REL
,মোর,O
,লাগি,O
,এখটা,O
,লাল,B-COL
,গোলাপ,B-OBJ
,কিনিয়া,O
,দিছে,O
Sentence: 1104,মোর,O
,হখলতা,O
,শেষ,O
,অই,O
,যাইবো,O
,গিয়া,O
Sentence: 85,যারার,O
,গালি,O
,দেওয়া,O
,অই,O
,গেছে,O
,তারা,O
,দয়া,O
,করি,O
,লাইন,O
,থাকি,O
,হরি,O
,যাইন,O
Sentence: 2405,আমার,O
,বিয়া,O
,তোমার,O
,ছুট,B-REL
,বইনর,I-REL
,লগে,O
,ঠিক,O
,অইছে,O
Sentence: 2357,আমার,O
,আম্মু,B-REL
,সবসময়,O
,ফুরতিত,O
,থাকইন,O
Sentence: 3212,ছোট,O
,ফুয়া,O
,বল,B-OBJ
,দিয়া,O
,খেলার,O
Sentence: 375,কুনো,O
,এখ,O
,রাইতে,O
,তুমি,O
,আর,O
,মুই,O
,কান্দাকান্দিত,O
,বইয়া,O
,ছান,O
,দেখমু,O
Sentence: 3050,বাসাত,O
,গতকাইল,O
,চুরি,O
,অই,O
,গেছে,O
Sentence: 1026,কুনো,O
,উফায়,O
,ফাইনা,O
,কিতা,O
,খরতাম,O
Sentence: 2635,আমি,O
,তুমারে,O
,চাল্ল,O
,দিতাম,O
,নায়,O
Sentence: 1770,চউখ,O
,ওর,O
,চাওয়া,O
,বদলাইলে,O
,জীবন,O
,বদলি,O
,যাইবো,O
Sentence: 3240,তুমি,O
,মাতবায়,O
,না,O
Sentence: 2450,আমার,O
,বোন,B-REL
,গেরামের,B-LOC
,বাড়ীতে,I-LOC
,গিয়া,O
,ফুসকনিতে,B-LOC
,গোসল,O
,করইন,O
Sentence: 330,মুই,O
,হখল,O
,সময়,O
,মোর,O
,গাউর,B-LOC
,মানুষর,O
,পাশে,O
,থাকতাম,O
,চাই,O
Sentence: 1794,তুমি,O
,এখটা,O
,আরুয়া,O
,ফুরি,O
Sentence: 2023,আফনে,O
,কিতা,O
,আমার,O
,একগু,O
,ছবি,O
,তুলিয়া,O
,দিতে,O
,ফারবা,O
,নি,O
Sentence: 2212,মাই,B-REL
,আমার,O
,লাগি,O
,নীল,B-COL
,শাড়ি,B-OBJ
,কেনিয়া,O
,আনছইন,O
Sentence: 2050,আমার,O
,বই,B-OBJ
,ওগু,O
,কোন,O
Sentence: 3036,হারি,O
,গেছি,O
Sentence: 2895,আমি,O
,লম্বা,O
,না,O
Sentence: 1246,ওখন,O
,মুই,O
,মোর,O
,আব্বার,B-REL
,দায়িত্ব,O
,পালন,O
,খরতাম,O
Sentence: 1920,আমার,O
,বই,B-OBJ
,পড়তে,O
,অনেক,O
,ভালা,O
,লাগে,O
Sentence: 510,হউ,O
,সময়,O
,কান্দা,O
,দিয়া,O
,একগু,O
,শিয়াল,B-ANI
,যাইতো,O
,আছিল,O
Sentence: 1799,মুই,O
,মাদানকু,O
,খালি,O
,বেগুন,B-FOOD
,তারকারির,I-FOOD
,ঝুল,I-FOOD
,দিয়া,O
,ভাত,B-FOOD
,খাইছি,O
Sentence: 1183,যেকুনো,O
,পরিস্থিতি,O
,মোকাবিলা,O
,করা,O
,সম্ভব,O
Sentence: 2883,আমি,O
,মাফ,O
,চাইয়ার,O
Sentence: 3106,আব্বায়,B-REL
,মোর,O
,লাগি,O
,সবুজ,B-COL
,জামা,B-OBJ
,কিনিয়া,O
,আনছইন,O
Sentence: 3266,মোর,O
,পরিবারও,O
,মুই,O
,আম্মা,B-REL
,আব্বা,B-REL
,আর,O
,এখ,O
,হুরু,B-REL
,বইন,I-REL
Sentence: 680,তুমিতাইন,O
,ওর,O
,গান,O
,ওর,O
,গলা,O
,খুব,O
,বালা,O
Sentence: 245,তারার,O
,দুইজনর,O
,বিয়া,O
,অউয়ার,O
,কথা,O
,আছিল,O
Sentence: 3385,কষ্ট,O
,পাই,O
Sentence: 583,আইজ,O
,জুম্মা,O
,বার,O
Sentence: 1089,মোর,O
,জামাই,B-REL
,হখলরে,O
,বুঝাই,O
,বুঝাই,O
,ক্লান্ত,O
,যে,O
,মুই,O
,ইলান,O
,কিচ্ছু,O
,খরিয়ার,O
,না,O
Sentence: 3002,স্কুল,B-ORG
,ও,O
,যাই,O
,না,O
Sentence: 2850,তোমার,O
,কাম,O
,আছে,O
Sentence: 2231,আমার,O
,হাজার,O
,মাতর,O
,মাঝে,O
,ওই,O
,একটা,O
,মাত,O
,তোমারে,O
,বুজে,O
,নিতে,O
,অইবো,O
Sentence: 471,ব্রাজিল,B-ORG
,ওর,O
,ফুটবল,I-ORG
,দল,I-ORG
,একটা,O
,শক্তিশালী,O
,দল,O
Sentence: 2827,ভাই,B-REL
,কিতা,O
,কররায়,O
Sentence: 811,বিয়া,O
,করার,O
,পাঁচ,O
,বছর,O
,বাদে,O
,ওখন,O
,আমি,O
,স্মার্ট,O
,ওইছি,O
Sentence: 2416,গ্রাম,B-LOC
,থাকি,O
,আওয়া,O
,ফুয়া,O
,ইগু,O
,এখন,O
,ঢাকাত,B-LOC
,পড়ে,O
Sentence: 2501,সামনর,O
,দিকে,O
,যাইয়া,O
,ফুড়িটা,O
,বহুত,O
,হাসবো,O
Sentence: 957,আমি,O
,ফিরিয়া,O
,আইছি,O
Sentence: 292,ভর্তি,O
,অই,O
,গেছো,O
,যেতুক,O
,পড়াশুনা,O
,চালাইয়া,O
,যাও,O
Sentence: 1860,তেতুল,B-FOOD
,টেংগা,B-FOOD
,দিয়া,O
,ফুসকা,O
,খাইমো,B-FOOD
Sentence: 1159,তাইন,O
,তানর,O
,পরিবার,O
,ছাড়া,O
,ইদর,O
,আগর,O
,দিন,O
,বাংলাদেশো,B-LOC
,আইছলা,O
Sentence: 1181,মোরে,O
,হখল,O
,সময়,O
,আওগাইয়া,O
,চলার,O
Sentence: 949,ওনো,O
,উবাউকা,O
Sentence: 134,মোর,O
,আম্মায়,B-REL
,মোরে,O
,লইয়া,O
,পার্কো,B-LOC
,গুরাত,O
,যাইবা,O
Sentence: 1193,মোর,O
,মুবাইল,O
,নাম্বার,O
,ব্লক,O
,খরি,O
,দেয়,O
Sentence: 1925,আমারে,O
,পড়ালেখা,O
,খরা,O
,লাগবো,O
Sentence: 2433,গ্রামের,B-LOC
,মানুষরা,O
,মাটির,B-OBJ
,ফাতিলো,I-OBJ
,রান্দা,O
,করইন,O
Sentence: 2513,হে,O
,পালাইছে,O
Sentence: 1674,চাবি,B-OBJ
,দিয়া,O
,তালা,B-OBJ
,খোলা,O
,বাদে,O
,সবতা,O
,দেখতে,O
,ফারবায়,O
Sentence: 11,আমার,O
,বাক্কা,O
,আগে,O
,এখবার,O
,বিয়া,O
,অইছিল,O
Sentence: 642,আমরার,O
,গ্রাম,B-LOC
,ওর,O
,মাইনষের,O
,সংখ্যা,O
,ওইলো,O
,প্রায়,O
,চাইর,O
,হাজার,O
Sentence: 308,জীবনে,O
,থাকি,O
,রঙ,O
,হারাই,O
,গেছে,O
,গিয়া,O
Sentence: 2261,একটা,O
,শিশুকে,B-REL
,একমাত্র,O
,তার,O
,মাইয়ের,B-REL
,কোলেই,O
,মানায়,O
Sentence: 712,আমার,O
,কালা,B-COL
,রঙ,I-COL
,ওর,O
,জামা,B-OBJ
,আছে,O
Sentence: 983,আমরার,O
,বিয়ার,O
,বাদে,O
,তাকি,O
,ওউ,O
,নানা,O
,ছোটমুটো,O
,ব্যাপার,O
,তাকি,O
,ঝগড়া,O
,লাগি,O
,যাইতো,O
Sentence: 644,বিলাই,B-ANI
,বাক্কা,O
,আরামপ্রিয়,O
,প্রাণী,O
Sentence: 333,আফনার,O
,ছবু,B-OBJ
,দেকিয়া,O
,খুব,O
,ভালা,O
,লাগছে,O
Sentence: 3041,কে,O
,খাইছিল,O
Sentence: 3358,খাইতে,O
,ভালা,O
,ফাও,O
Sentence: 852,ওখন,O
,আর,O
,হেরে,O
,ছাড়,O
,দেওন,O
,যাইতো,O
,নায়,O
Sentence: 407,ওউ,O
,ভালোবাসা,O
,না,O
,থাকলে,O
,মাইনষের,O
,জীবন,O
,ওর,O
,সুখ,O
,ওর,O
,আশা,O
,করাউ,O
,ভুল,O
Sentence: 2498,আমি,O
,পারবো,O
,না,O
,ফানি,B-FOOD
,দিতে,O
Sentence: 247,এর,O
,মাঝে,O
,ফুড়ি,O
,ইগু,O
,তাইর,O
,পরিবারর,O
,পছন্দে,O
,বিয়া,O
,খরি,O
,লাইছে,O
Sentence: 2330,থুমি,O
,কিতা,O
,সকালে,O
,উঠিয়া,O
,চা,B-FOOD
,খাইবায়,O
,নি,O
Sentence: 2957,আমার,O
,লাল,B-COL
,রং,I-COL
,পছন্দ,O
Sentence: 1757,কারেন্ট,O
,সমস্যার,O
,কিতা,O
,সমাধান,O
,ওই,O
,গেছে,O
,নি,O
Sentence: 3219,বাক্কা,O
,কয়টা,O
,বই,B-OBJ
,কিনছি,O
Sentence: 1218,কিন্তু,O
,হে,O
,খইছে,O
,যা,O
,কওয়ার,O
,ডিভোর্স,B-OBJ
,লেটারো,I-OBJ
,কইবো,O
Sentence: 1814,বেশ,O
,পানি,B-FOOD
,পাইয়া,O
,গাছ,O
,ইগইন,O
,মরি,O
,যাইতো,O
,নায়নি,O
Sentence: 1846,তেতুলের,B-OBJ
,কচিন,I-OBJ
,ফাতা,I-OBJ
,করিয়া,O
,ফানি,B-FOOD
,খাইলে,O
,সর্দি,O
,কাশি,O
,ভালা,O
,অয়,O
Sentence: 2763,আমার,O
,মন,O
,ভালা,O
,নাই,O
Sentence: 2141,আমার,O
,বাসার,B-ROLE
,দারওয়ান,I-ROLE
,অনেক,O
,ভালা,O
,মানুষ,O
Sentence: 925,ফুরিটা,O
,যে,O
,বেয়াদ্দব,O
Sentence: 2614,মাত্তে,O
,বাক্কা,O
,ভালা,O
,লাগে,O
,আমার,O
Sentence: 2926,আমি,O
,অবাক,O
Sentence: 1705,যেগুর,O
,মাত,O
,কথা,O
,পাকনা,O
,নায়,O
,ওগুর,O
,কাজ,O
,বালা,O
Sentence: 2286,তোমার,O
,ভালার,O
,লাগি,O
,মুই,O
,তোমারে,O
,ছাড়িয়া,O
,দুরই,O
,চলিয়া,O
,আইসি,O
Sentence: 486,আমি,O
,সকাইলকু,O
,ঘুমাইয়া,O
,উঠি,O
Sentence: 2969,আপেল,B-FOOD
,ভালা,O
,না,O
Sentence: 349,তাই,O
,আরো,O
,এখটা,O
,বন্ধু,B-ROLE
,বানাইতো,O
,চায়,O
,যেগুর,O
,নাম,O
,আছিল,O
,রাহাত,B-PER
Sentence: 2878,সময়,O
,ফুরাই,O
,গেছে,O
Sentence: 2306,যতদিন,O
,এই,O
,দুনিয়াতে,B-LOC
,থাকমো,O
,তোমারে,O
,বিতর,O
,রাখমো,O
Sentence: 612,বাংলাদেশ,B-LOC
,ওর,O
,প্রধানমন্ত্রীর,B-ROLE
,নাম,O
,কিতা,O
Sentence: 622,তোর,O
,বই,B-OBJ
,ওগু,O
,কিতা,O
,আমারে,O
,দিতে,O
,ফারবে,O
,নি,O
Sentence: 220,ভারতীয়,B-ROLE
,অইয়াও,O
,আমি,O
,কানো,O
,জানু,O
,বাংলাদেশি,B-ROLE
,অনুভব,O
,খরিয়ার,O
Sentence: 2364,আজকে,O
,আমি,O
,বাইরে,O
,যাইমো,O
Sentence: 304,অউক,O
,না,O
,ভালা,O
,কুন্তার,O
,শুরু,O
,অলাউ,O
Sentence: 2015,আফনে,O
,কিতা,O
,একটা,O
,বাংলা,O
,গান,O
,গাইতে,O
,পারবা,O
,নি,O
Sentence: 1642,আম,O
,গাছ,O
,ওর,O
,বায়,O
,চাইয়া,O
,এক,O
,ফুরিয়ে,O
,কইলো,O
Sentence: 268,তারে,O
,ছাড়া,O
,মুই,O
,হয়তো,O
,বাচতাম,O
,ফারতাম,O
,নায়,O
Sentence: 468,আমি,O
,ফুটবল,B-OBJ
,ম্যাচ,O
,ও,O
,থাকতাম,O
,চাই,O
Sentence: 1957,ভাালাপাওয়া,O
,অইলো,O
,সারাজীবন,O
,লগে,O
,থাকা,O
Sentence: 1035,মোর,O
,আব্বা,B-REL
,বেমার,O
,অই,O
,যাইবা,O
Sentence: 211,অউ,O
,গানটা,O
,হুনিয়া,O
,চকুত,O
,পানি,O
,আইচ্চে,O
Sentence: 756,আমি,O
,তারার,O
,ওউ,O
,একজন,O
,ওইতাম,O
,চাই,O
Sentence: 1396,তাইন,O
,যেলা,O
,আমারে,O
,চাইছইন,O
,আমি,O
,হলা,O
,নিজরে,O
,উপস্থাপন,O
,করছি,O
Sentence: 1805,তেতই,B-FOOD
,খাইলে,O
,আখল,O
,কমি,O
,যায়,O
Sentence: 1961,পিরিত,O
,ইলান,O
,কেনে,O
,অয়,O
Sentence: 1923,তুমার,O
,পড়া,O
,লাগবো,O
Sentence: 1165,ওউ,O
,শুক্রবার,O
,তার,O
,বিয়া,O
,তার,O
,পরিবারর,O
,ফছন্দ,O
,খরি,O
,ফুরি,O
,রাখছে,O
Sentence: 2352,তুমি,O
,একটা,O
,ভালা,O
,ফুড়ি,O
Sentence: 51,তুমার,O
,বাসা,O
,খই,O
Sentence: 421,আমরা,O
,ওনো,O
,আছি,O
,ওউ,O
,আলোচনা,O
,করার,O
,লাগি,O
Sentence: 3383,হকল,O
,সময়,O
,কষ্ট,O
,পাই,O
,কিওর,O
,লাগি,O
Sentence: 2695,তুমি,O
,যাইবায়,O
Sentence: 1197,বাক্কা,O
,কইছি,O
,যেন,O
,ইলা,O
,ভুল,O
,আর,O
,কুনোদিন,O
,অইতো,O
,নায়,O
Sentence: 3478,পারতাম,O
,না,O
Sentence: 224,বেটা,O
,ইগুয়ে,O
,ফোনে,B-OBJ
,মাতের,O
Sentence: 187,ওউ,O
,ছবির,O
,হখলটি,O
,গান,O
,খুব,O
,সুন্দর,O
Sentence: 1124,দয়া,O
,খরি,O
,পরামর্শ,O
,দেইন,O
,বিয়ার,O
,বাদে,O
,কিতা,O
,তাইর,O
,পরিবার,O
,কুনো,O
,সমস্যা,O
,খরতো,O
,পারবো,O
,নি,O
Sentence: 519,আমার,O
,পরীক্ষা,O
,দিতে,O
,একবারেউ,O
,বালা,O
,লাগে,O
,না,O
Sentence: 2738,তুমি,O
,কিলাখান,O
,আছ,O
Sentence: 58,অল্প,O
,বয়সর,O
,এখটা,O
,ফুয়া,O
,বারে,O
,ফুটপাতো,B-LOC
,দৌড়ার,O
Sentence: 1239,কাইল,O
,আমরার,O
,বাসাত,O
,মেমান,O
,আইবা,O
Sentence: 2973,বিদেশ,O
,গেছলাম,O
Sentence: 1479,মুুই,O
,বার,O
,বার,O
,পিরিত,O
,খরি,O
,ঠকলাম,O
Sentence: 932,আমি,O
,কামও,O
,যাইতাম,O
,চাই,O
,না,O
Sentence: 1214,ফুড়ির,B-REL
,পড়ার,O
,খরচা,O
,দেয়,O
,না,O
,ঠিক,O
,করি,O
Sentence: 796,ওতো,O
,জলদি,O
,শেষ,O
Sentence: 412,যদি,O
,সময়,O
,মিলে,O
,তে,O
,আমরা,O
,আরো,O
,দেখমু,O
,নে,O
Sentence: 1160,ফুয়ারে,O
,খুজিয়া,O
,পাওয়ার,O
,মতো,O
,তানর,O
,ধারে,O
,খালি,O
,ফুয়ার,O
,পাসপোর্টর,B-OBJ
,এখটা,I-OBJ
,কপি,O
,আছিল,O
Sentence: 2445,শিশুটা,O
,একটা,O
,বিড়াল,B-ANI
,ছানাকে,I-ANI
,আদর,O
,করছে,O
Sentence: 2149,মোর,O
,ছোট,B-REL
,ভাই,I-REL
,বিদ্যালয়,B-ORG
,যাইতে,O
,চায়,O
,না,O
Sentence: 2415,আমি,O
,যখন,O
,খুব,O
,ছোট,O
,আসলাম,O
,যখন,O
,আমার,O
,আম্মু,B-REL
,মরছিলা,O
Sentence: 1133,ততদিনে,O
,মুই,O
,বাক্কা,O
,ভালাপাইলাইছি,O
,তারে,O
Sentence: 1984,দুয়োগু,O
,তারার,O
,চাকরি,O
,লইয়া,O
,ব্যস্ত,O
Sentence: 887,আমার,O
,খালামণির,B-REL
,দুইগু,O
,ফুয়া,B-REL
,আছে,O
Sentence: 3171,উবাই,O
,রইছিলাম,O
Sentence: 759,তোমরার,O
,পরীক্ষা,O
,কবে,O
Sentence: 2195,আফনি,O
,কিতা,O
,জানেন,O
,এখানে,O
,অনেক,O
,ফুয়াইন,O
,কমেন্ট,O
,ফরাত,O
,আইবা,O
Sentence: 490,সহজ,O
,ভাষায়,O
,মাতা,O
,উচিত,O
Sentence: 3362,খাইতে,O
,বেশি,O
,ভালা,O
,লাগে,O
Sentence: 789,আমার,O
,বন্ধু,B-REL
,ওকলতে,O
,মনয়,O
,আমারে,O
,খুব,O
,বালা,O
,ফাও,O
Sentence: 495,আমার,O
,বড়,B-REL
,বইনরে,I-REL
,আমি,O
,খুব,O
,বালা,O
,ফাই,O
Sentence: 945,আমার,O
,মাত,O
,ওর,O
,জবাব,O
,দেউকা,O
Sentence: 3313,জেলে,B-ROLE
,হখলতে,O
,মারছে,O
Sentence: 1256,মোর,O
,বিয়া,O
,অইছেে,O
,দেড়,O
,বৎসর,O
,অয়,O
Sentence: 1110,বাড়িত,O
,কইলাম,O
,আমি,O
,অউ,O
,বিয়াত,O
,রাজি,O
Sentence: 3296,চলো,O
,তে,O
,উড়াই,O
Sentence: 1442,দুুই,O
,নাম্বার,O
,জনরে,O
,পাইয়া,O
,নিজোরে,O
,খুব,O
,ভাইগ্যবতী,O
,মনো,O
,অইতো,O
Sentence: 1355,তানর,O
,অফিসর,B-ORG
,এখ,O
,বিয়াতি,O
,বেটার,O
,লগে,O
Sentence: 3159,আফনারে,O
,এখটা,O
,দুকানো,O
,যাওয়া,O
,লাগবো,O
Sentence: 1743,চলো,O
,তে,O
,একদিন,O
,দেখা,O
,করি,O
,পুরা,O
,শহর,B-LOC
,রিক্সা,B-OBJ
,দিয়া,O
,ঘুরি,O
Sentence: 3428,আফনে,O
,ভালা,O
,মানুষ,O
Sentence: 2175,স্কুল,B-ORG
,জীবন,O
,থাকি,O
,আমার,O
,ভাইয়র,B-REL
,লগে,O
,তোমার,O
,বোইনর,B-REL
,প্রেম,O
,আছিল,O
Sentence: 2268,আমাদের,O
,দুজনের,O
,বিয়া,O
,অওয়ার,O
,মাত,O
,চলতেছে,O
Sentence: 2864,সকালকু,O
,কুন্টা,O
,খাইতে,O
,ভালা,O
,লাগে,O
Sentence: 1512,দিন,O
,ওর,O
,বেলাতও,O
,বাড়ির,O
,ভিতরটা,O
,অন্ধকার,O
,ওই,O
,থাকে,O
Sentence: 2383,আমার,O
,বড়,B-REL
,বইন,I-REL
,অতো,O
,সখাল,O
,ঘুম,O
,তাকি,O
,উত্তে,O
,পারে,O
,না,O
Sentence: 1255,যাই,O
,অউক,O
,আসল,O
,মাতো,O
,আই,O
Sentence: 997,হে,O
,যার,O
,লগে,O
,সম্পর্কত,O
,জড়ায়,O
,তারে,O
,বিয়া,O
,করতো,O
,নায়,O
,খয়,O
,কিন্তু,O
,সম্পর্ক,O
,রাখবো।,O
Sentence: 2743,তুমি,O
,কই,O
Sentence: 908,তাইন,O
,হিসাব,O
,মিলাইতে,O
,ফাররা,O
,না,O
Sentence: 1206,বাফর,B-REL
,টেখার,B-OBJ
,উফরে,O
,বইয়া,O
,খায়,O
,নেশা,O
,খরে,O
,ফত্তেকদিন,O
,ঝগড়া,O
,তার,O
,নিয়মিত,O
,কাম,O
Sentence: 382,তাইন,O
,মোর,O
,লগে,O
,দেখা,O
,করলা,O
Sentence: 71,বাক্কাদিন,O
,বাদে,O
,এখটা,O
,ভালা,O
,লেখা,O
,পড়লাম,O
Sentence: 1836,দেশি,O
,মুরগি,B-ANI
,বছরে,O
,৫০,O
,৬০,O
,টা,O
,ডিম,B-FOOD
,ফারে,O
Sentence: 2011,কাম,O
,ও,O
,ভাগল,O
,দিও,O
,না,O
Sentence: 1951,তুমি,O
,অতো,O
,গরীব,O
,আগে,O
,কইলায়,O
,না,O
,খেনে,O
Sentence: 985,হে,O
,কোনদিন,O
,ওউ,O
,হাছাটা,O
,কয়,O
,না,O
Sentence: 2275,ফুয়া,O
,কোন,O
,ধরনের,O
,মামলা,O
,চায়,O
,না,O
Sentence: 3025,ফুরিতায়,O
,মর,O
,লগে,O
,দেখা,O
,করাত,O
,আইছিল,O
Sentence: 2981,আমারে,O
,ডাকবা,O
Sentence: 989,বাক্কা,O
,বউত,O
,বার,O
,তারে,O
,সুযোগ,O
,দেওয়া,O
,ওয়,O
Sentence: 3260,দেখা,O
,যাইব,O
Sentence: 783,তুমিতাইন,O
,বেশি,O
,মাতো,O
Sentence: 2117,ফুরা,O
,হাছা,O
,মাত,O
,মাতছো,O
Sentence: 42,আমার,O
,ইস্কু্ল,B-ORG
,যাইতে,O
,অনেক,O
,ভালা,O
,লাগে,O
Sentence: 3133,শুক্রবার,O
,ওবায়,O
,যাইমু,O
Sentence: 1132,আমরার,O
,ম্যাক্সিমাম,O
,মাত,O
,অইছে,O
,অনলাইনো,O
Sentence: 2442,গেরামের,B-LOC
,বারি,I-LOC
,গিয়া,O
,মুই,O
,একা,O
,একা,O
,হাতার,O
,কেটেছি,O
Sentence: 1146,আমি,O
,বাক্কা,O
,চিন্তার,O
,মাঝে,O
,পড়ি,O
,গেছি,O
,আমি,O
,কিতা,O
,খরতাম,O
Sentence: 1395,মুই,O
,মোর,O
,খান,O
,সাইডে,O
,রাখিয়া,O
,তানরে,O
,সান্ত্বনা,O
,দিছি,O
Sentence: 1059,আফনে,O
,যদি,O
,পুলিশরে,B-ROLE
,হখলতা,O
,খুলিয়া,O
,খইন,O
,তে,O
,দেখবা,O
,সমস্যার,O
,সমাধান,O
,অই,O
,গেছে,O
Sentence: 1454,মোর,O
,বিয়ার,O
,বয়স,O
,বাইশ,O
,মাস,O
Sentence: 869,আমি,O
,কিতা,O
,করতাম,O
,পারি,O
Sentence: 1998,মুই,O
,মোর,O
,ভাইরে,B-REL
,খুব,O
,ভালাপাই,O
Sentence: 2726,সকালকু,O
,কুন্টা,O
,খাইতে,O
,ভালা,O
,লাগে,O
Sentence: 1332,যতদিন,O
,ইচ্চা,O
,আব্বার,O
,বাসাত,O
,থাকমু,O
,আব্বার,B-REL
,সেবা,O
,যত্ন,O
,খরমু,O
Sentence: 2835,আমারে,O
,হাছা,O
,কথা,O
,কৌকা,O
Sentence: 118,ফুয়াইন্তে,O
,পিরিতর,O
,অভিনয়,O
,খরতে,O
,খরতে,O
,কুন,O
,সময়,O
,হাছা,O
,হাছা,O
,ভালা,O
,পাইলায়,O
,ইতা,O
,তারা,O
,নিজেও,O
,জানে,O
,না,O
Sentence: 1378,গতদিন,O
,আনা,O
,খাইয়া,O
,রুজা,O
,আছলাম,O
Sentence: 2717,কুন্টা,O
,খাইতে,O
,ভালা,O
,লাগে,O
,না,O
Sentence: 2500,আইচ্চা,O
,কও,O
,দেখি,O
,বাঙলাদেশো,B-LOC
,কয়টা,O
,জেলা,B-LOC
Sentence: 2335,মুই,O
,একটা,O
,ভালা,O
,মানুষ,O
,অইতাম,O
,চাই,O
Sentence: 3029,আম্মায়,O
,হেদিন,O
,থিক,O
,কথাউ,O
,কইছলা,O
Sentence: 999,আমার,O
,তো,O
,এখান,O
,হাত,O
,খরচা,O
,লাগে,O
,তাও,O
,হে,O
,দেয়,O
,না,O
Sentence: 1847,মুই,O
,খানিত,B-FOOD
,টেংগা,O
,খুব,O
,ভালা,O
,ফাই,O
Sentence: 1143,তারেউ,O
,ভালাপাই,O
,আমি,O
,তারে,O
,ছাড়তাম,O
,চাই,O
,না,O
Sentence: 355,যেব্‌লা,O
,তুমার,O
,একলা,O
,লাগবো,O
,তুমি,O
,চাইরিদকে,O
,কিচ্চু,O
,দেখতায়,O
,নায়,O
Sentence: 1006,এমন,O
,কি,O
,মোর,O
,আব্বা,B-REL
,আম্মা,B-REL
,সামনে,O
,আইলে,O
,সালাম,O
,পর্যন্ত,O
,দেয়,O
,না,O
Sentence: 1321,আমরার,O
,পুরা,O
,বাড়ি,O
,জুড়িয়া,O
,আব্বা,B-REL
,এখলা,O
,দুই,O
,তিনজন,O
,কামলা,B-ROLE
,আছে,O
,লগে,O
Sentence: 1100,ফুয়াটা,O
,মোর,O
,আব্বার,B-REL
,লগে,O
,মাতিয়া,O
,আমরার,O
,বিয়া,O
,ঠিক,O
,করছে,O
Sentence: 2427,আমাদের,O
,এলাকায়,O
,কেরোসিন,O
,তেলের,O
,দাম,O
,বাড়ি,O
,গেছে,O
Sentence: 1785,কয়ফল,B-FOOD
,খাইতে,O
,অনেখ,O
,মজা,O
Sentence: 2690,যাইতাম,O
,চায়,O
Sentence: 1981,আফনার,O
,বাফ,B-REL
,মার,B-REL
,সফনো,O
,যেহেতু,O
Sentence: 2852,তুই,O
,আজকো,O
,স্কুল,B-ORG
,ও,O
,গেছলে,O
Sentence: 2523,শিমুর,B-PER
,খয়েরি,B-COL
,রং,I-COL
,পছন্দ,O
Sentence: 1107,মোরে,O
,ভালাপাইয়া,O
,থাখলে,O
,অতোখান,O
,উফোকার,O
,খরো,O
,পায়ো,O
,পড়ি,O
,তুমার,O
Sentence: 2138,ফুয়াটা,O
,এখন,O
,আর,O
,বিকালে,O
,খেলাত,O
,বারয়,O
,না,O
Sentence: 722,শীত,O
,ওর,O
,সকাল,O
,খুব,O
,সুন্দর,O
Sentence: 1784,উরির,B-FOOD
,তারকারি,I-FOOD
,দিয়া,O
,ভাত,B-FOOD
,খাইতে,O
,মোর,O
,ভালা,O
,লাগে,O
,না,O
Sentence: 3280,মাতাবায়,O
,না,O
Sentence: 1884,মাধানে,O
,রোদে,O
,মুই,O
,কালো,O
,অইয়া,O
,গেছি,O
Sentence: 3396,আফনে,O
,আমার,O
,লগে,O
,ওলা,O
,মাত্তা,O
,ফারোইন,O
,না,O
Sentence: 1484,ছাত্রছাত্রী,B-ROLE
,নয়া,O
,ভর্তি,O
,অইছইন,O
Sentence: 1776,ফত্তেখদিন,O
,নাওয়,O
,এখান,O
,খরি,O
,হফরি,B-FOOD
,খাইলে,O
,বাক্কা,O
,উফকার,O
,পাইতা,O
,পারইন,O
Sentence: 433,আফনে,O
,কিতা,O
,কোন,O
,গান,O
,ও,O
,নাচতা,O
,ফারবা,O
,নি,O
Sentence: 2008,ইটা,O
,কিজাত,O
,প্রশ্ন,O
Sentence: 2867,ভালা,O
,লাগে,O
Sentence: 52,ঢাকা,B-LOC
,বাংলাদেশর,B-LOC
,রাজধানী,O
Sentence: 1398,তাাইন,O
,আমার,O
,লগে,O
,অলান,O
,খরছইন,O
,আমিও,O
,তান,O
,লগে,O
,অলান,O
,খরমু,O
Sentence: 2653,রাজশাহীত,B-LOC
,গেছে,O
,গিয়া,O
Sentence: 3120,লাল,B-COL
,রঙ,I-COL
,ওর,O
,গাড়ি,B-OBJ
,ওগু,O
,গতকাইল,O
,চুরি,O
,অই,O
,গেছে,O
Sentence: 283,ফুড়িরে,O
,আরোখ,O
,ফুয়ার,O
,লগে,O
,বিয়া,O
,দেওয়ার,O
,আয়োজন,O
,করছিল,O
Sentence: 1518,একটা,O
,চানাচুরআলারে,B-ROLE
,দেখা,O
,যাইরো,O
Sentence: 3338,কিলা,O
,লাগে,O
Sentence: 2183,তোমার,O
,বন্ধুর,B-REL
,লগে,O
,পরিচত,O
,হইয়া,O
,ভালা,O
,লাগলো,O
Sentence: 1423,মোর,O
,পয়লা,O
,ভালাপাওয়ার,O
,মানুষটা,O
,আছিল,O
,ভুল,O
Sentence: 169,এখনকু,O
,পেরেম,O
,ছাড়া,O
,মানুষ,O
,খুজিয়া,O
,পাওয়া,O
,মুশকিল,O
Sentence: 2319,তুমি,O
,কিতা,O
,আমারে,O
,একটা,O
,ছবি,O
,তুলিয়া,O
,দিতা,O
,পারবায়,O
,নি,O
Sentence: 3228,আফনে,O
,ফরিবার,O
,লইয়া,O
,বইন,O
Sentence: 2460,আব্বা,B-REL
,কইছইন,O
,গাছো,O
,অতিরিক্ত,O
,ফানি,B-FOOD
,দিলে,O
,গাছ,O
,মরি,O
,যাইবো,O
Sentence: 1236,অখন,O
,অটার,O
,সমাধান,O
,খই,O
,ফাইতাম,O
Sentence: 418,চলো,O
,বিশ্রাম,O
,লই,O
Sentence: 995,কিছু,O
,দিন,O
,হে,O
,ভালা,O
,থাকে,O
Sentence: 2570,মাথাত,O
,ঘিলু,O
,নাই,O
Sentence: 2426,ফুড়িটা,O
,বাংলাদেশো,B-LOC
,আইয়া,O
,তার,O
,ফছন্দর,O
,ফুয়ার,O
,লগে,O
,বিয়া,O
,ঠিক,O
,করছইন,O
Sentence: 312,আফনে,O
,বাঁচিয়া,O
,আছইন,O
,নি,O
Sentence: 813,খেচা,O
,ঝামেলা,O
,লাগতো,O
Sentence: 1625,আমরার,O
,চলতোউ,O
,ফারে,O
,না,O
Sentence: 1538,হে,O
,তোরে,O
,কুন্তা,O
,উপহার,O
,দিলো,O
,না,O
,নি,O
Sentence: 2764,মন,O
,ভালা,O
,নাই,O
Sentence: 1278,হে,O
,মোরে,O
,কুন,O
,কামো,O
,সাধ,O
,দেয়,O
Sentence: 106,মুই,O
,অনেক,O
,কষ্টে,O
,নিজোরে,O
,সামলাইয়া,O
,নিছলাম,O
Sentence: 2371,তোমার,O
,চকিদারে,B-ROLE
,রাত্রে,O
,মদ,B-FOOD
,খায়,O
Sentence: 2965,আমারে,O
,লইগা,O
,যাউকগা,O
Sentence: 1275,গত,O
,কাইল,O
,ছুটো,O
,এখটা,O
,বিষয়,O
,লইয়া,O
,তাইন,O
,খইরা,O
,বিয়ার,O
,বাদে,O
,ফুয়াইন,O
,কিলান,O
,বদলি,O
,যাইন,O
Sentence: 671,কাইল,O
,গুড্ডি,B-OBJ
,উড়াইমু,O
,নে,O
Sentence: 3308,আমার,O
,ঘুরতে,O
,যে,O
,ভালা,O
,লাগে,O
Sentence: 2488,আম্মা,B-REL
,লাকড়ির,B-OBJ
,চুলাত,I-OBJ
,রান্দা,O
,করছইন,O
Sentence: 2482,বহুত,O
,মানুষই,O
,শখের,O
,বশে,O
,ছাদের,O
,উপর,O
,কইতর,B-ANI
,ফালে,O
Sentence: 688,তুমিতাইন,O
,ওর,O
,বাবায়,B-REL
,কিতা,O
,করোইন,O
Sentence: 1511,চাইরো,O
,দিকে,O
,কতো,O
,বড়,O
,বড়,O
,গাছ,O
Sentence: 1050,এখজন,O
,মানুষ,O
,কিতা,O
,এমনে,O
,এমনে,O
,খারাফ,O
,অইন,O
,নি,O
,খইন,O
Sentence: 2870,জবাব,O
,দেউকা,O
Sentence: 893,আমি,O
,সকাল,O
,৮,O
,টাত,O
,ডিউটিত,O
,যাই,O
,গি,O
Sentence: 2311,তুমি,O
,চাড়া,O
,আমার,O
,জীবনটা,O
,আইন্দার,O
Sentence: 469,ব্রাজিল,B-ORG
,ওর,O
,ফুটবল,I-ORG
,দল,I-ORG
,ওগু,O
,বিশ্বসেরা,O
Sentence: 1940,আমার,O
,দুই,O
,হুরুতা,O
,আছে,O
Sentence: 518,তুমিতাইন,O
,ওর,O
,কিতা,O
,নীল,B-COL
,আকাশ,O
,দেখতে,O
,বালা,O
,লাগে,O
,না,O
,নি,O
Sentence: 3082,কোনো,O
,সময়ও,O
,তোমারে,O
,ভুলতাম,O
,না,O
Sentence: 625,ওবার,O
,ওর,O
,বন্ধত,O
,কক্সবাজার,B-LOC
,যাইমু,O
Sentence: 3070,বড়,B-REL
,বইনের,I-REL
,কিতা,O
,বিয়া,O
,অই,O
,গেছে,O
,নি,O
Sentence: 84,মোবাইল,B-OBJ
,ছাড়া,O
,বাথরুমে,O
,গেলেগি,O
,মনে,O
,অয়,O
,দরখারি,O
,ফাইল,B-OBJ
,ছাড়া,O
,অফিসো,B-ORG
,বই,O
,রইছি,O
Sentence: 817,থুরা,O
,থুরি,O
,লাভ,O
,ওইরো,O
Sentence: 3387,ভালোবাসাত,O
,কিতার,O
,কমতি,O
,আছিলো,O
Sentence: 128,মোর,O
,মন,O
,খারাফ,O
Sentence: 165,ফুড়িন্তর,O
,পোস্ট,O
,অইলো,O
,মাছোর,B-LOC
,বাজার,I-LOC
,সব,O
,আইয়া,O
,ভিড়,O
,জমাইন,O
Sentence: 2670,আমার,O
,খারাপ,O
,লাগের,O
Sentence: 3340,তুমাইতাইন,O
,ওর,O
,কিলা,O
,লাগে,O
Sentence: 2663,সাদা,B-COL
,রঙ্গের,I-COL
,শার্ট,B-OBJ
,পিন্দিয়া,O
,আইছিল,O
Sentence: 919,আফনার,O
,সব,O
,তাকি,O
,কাছ,O
,ওর,O
,মানুষ,O
,কে,O
Sentence: 1434,পয়লা,O
,দিকে,O
,মুই,O
,বাদ,O
,ব্যবহার,O
,খরতাম,O
Sentence: 214,উউ,O
,ছবিখান,B-OBJ
,দেখলে,O
,বুজা,O
,যায়,O
,আমরার,O
,দেশর,B-LOC
,লাগি,O
,খতো,O
,খষ্ট,O
,করছইন,O
,মুক্তিযুদ্ধা,B-ROLE
,ভাইসাবরা,I-ROLE
Sentence: 3276,আমরার,O
,হখল,O
,এখলগে,O
,আছি,O
Sentence: 3269,মোর,O
,পরিবারও,O
,মুই,O
,আম্মা,B-REL
,আব্বা,B-REL
,আর,O
,হুরু,B-REL
,বইন,I-REL
Sentence: 1927,মুই,O
,একটা,O
,স্কুলো,B-ORG
,পড়ি,O
Sentence: 3241,তুমি,O
,মাতবায়,O
,না,O
Sentence: 1034,সমাজর,O
,মানুষ,O
,নানান,O
,মাত,O
,মাতবা,O
Sentence: 1727,হেরা,O
,স্লোগান,O
,আরম্ব,O
,করলো,O
Sentence: 3447,তার,O
,লাগি,O
,আমি,O
,হকলতা,O
,করতাম,O
,ফারি,O
Sentence: 2723,আমার,O
,কুন্টা,O
,ভালা,O
,লাগে,O
Sentence: 1383,হে,O
,আমার,O
,লগে,O
,কিতা,O
,খরলো,O
,মোরেও,O
,অলা,O
,খরা,O
,লাগবো,O
Sentence: 1339,এর,O
,লাগি,O
,বেশ,O
,ভালা,O
,খাতির,O
,আছিল,O
Sentence: 1863,এই,O
,আরুয়া,O
,কোনো,O
,বিষয়,O
,জানে,O
,না,O
Sentence: 867,আমি,O
,তোর,O
,পড়ার,O
,কোন,O
,খরচ,O
,দিতাম,O
,নায়,O
Sentence: 1341,এরবাদে,O
,তাইন,O
,আরোখটা,O
,ফ্লাইটো,O
,খরিয়া,O
,বাসাত,O
,যাইতা,O
Sentence: 2887,উঠিয়া,O
,দাড়াইলা,O
,না,O
Sentence: 1066,আফনায়,O
,দুইবায়,O
,অউ,O
,জ্বালা,O
,অইছে,O
Sentence: 2822,আমি,O
,তোমার,O
,লগে,O
,পরে,O
,কথা,O
,কইমু,O
Sentence: 745,চাকরি,O
,করতে,O
,আর,O
,বালা,O
,লাগরো,O
,না,O
Sentence: 1892,আমি,O
,আমার,O
,বাসার,O
,সামনর,O
,খেলার,B-LOC
,মাঠো,I-LOC
,খেলি,O
Sentence: 556,ছবি,O
,তোলার,O
,বাদে,O
,আমারে,O
,কিলা,O
,লাগে,O
Sentence: 1756,ঢাকার,B-LOC
,মিরপুর,I-LOC
,ও,O
,কাইল,O
,তনে,O
,কারেন্ট,O
,যাইরো,O
,না,O
,কিতার,O
,লাগি,O
Sentence: 2633,ভালা,O
,লাগে,O
Sentence: 344,আফনার,O
,মজার,O
,মজার,O
,মাত,O
,হুনলে,O
,হারাদিন,O
,মন,O
,ভালা,O
,থাকে,O
Sentence: 112,আমাার,O
,দুই,O
,চউক,O
,তুমারে,O
,ছাড়া,O
,আর,O
,কিচ্ছু,O
,খুঁজে,O
,না,O
Sentence: 2716,সকালকু,O
,কুন্টা,O
,খাইতে,O
,ভালা,O
,লাগে,O
,না,O
Sentence: 2312,তোমার,O
,চুল,O
,পরার,O
,এই,O
,সমস্যা,O
,নিয়া,O
,ডাক্তারের,B-ROLE
,কাছে,O
,যাইতে,O
,অইবো,O
Sentence: 2425,ফুয়া,O
,ইগুয়ে,O
,তার,O
,ফেমিলিসহ,O
,ঈদের,O
,আগের,O
,দিন,O
,আমরার,O
,লগে,O
,দেখা,O
,করাত,O
,আইছিল,O
Sentence: 1614,ওউ,O
,বাড়ি,O
,ওগু,O
,আমরার,O
Sentence: 111,আমার,O
,জীবনো,O
,তুমি,O
,ছাড়া,O
,কোনো,O
,স্বপ্ন,O
,নাই,O
Sentence: 3381,কিতা,O
,চাকরি,O
,করছ,O
,নি,O
Sentence: 2549,সিলেট,B-LOC
,থাকি,O
,আমার,O
,লগে,O
,দেখা,O
,করাত,O
,আইছিল,O
Sentence: 2994,আমার,O
,গোলাপি,B-COL
,রং,I-COL
,পছন্দ,O
Sentence: 1915,মুই,O
,যারে,O
,ভালা,O
,পাই,O
,হে,O
,সিলেট,B-LOC
,থাকে,O
Sentence: 3248,আমরার,O
,এখটা,O
,রঙ্গিন,B-COL
,ছবি,O
,তুলা,O
,লাগবো,O
Sentence: 1657,আইজকাইল,O
,কিতা,O
,যে,O
,করের,O
,ফুয়াগুয়ে,O
Sentence: 2740,আমার,O
,ভালা,O
,লাগের,O
,না,O
Sentence: 1377,আম্মা,B-REL
,হেসময়,O
,উল্টাইয়া,O
,খইরা,O
,মুইও,O
,হারাদিন,O
,বাক্কা,O
,কাম,O
,খরি,O
Sentence: 1593,তাইন,O
,কিতা,O
,বিদেশ,B-LOC
,তনে,O
,আইছোইন,O
,নি,O
Sentence: 119,ফুড়িন্তে,O
,হাছা,O
,হাছির,O
,ভালা,O
,পাইতে,O
,পাইতে,O
,কুন,O
,সময়,O
,যে,O
,অভিনয়,O
,শুরু,O
,লাগায়,O
,ইতা,O
,তারা,O
,নিজেও,O
,জানইন,O
,না,O
Sentence: 3368,বই,B-OBJ
,পড়ছি,O
Sentence: 1786,কয়ফল,B-FOOD
,বাংলাদেশর,B-LOC
,এখটা,O
,জনপ্রিয়,O
,ফল,B-FOOD
Sentence: 1118,মোর,O
,গাার্লফ্রেন্ডর,B-REL
,বয়স,O
,উন্নিশ,O
,বৎসর,O
Sentence: 3334,কে,O
,আছোইন,O
Sentence: 2000,এখটা,O
,গাউত,B-LOC
,এগু,O
,বাদুয়া,O
,ফুয়া,O
,থাকতো,O
Sentence: 904,একগু,O
,ফুরিয়ে,O
,ছয়গু,O
,ফুয়ার,O
,লগে,O
,প্রেম,O
,করছে,O
Sentence: 2471,আমার,O
,আব্বা,B-REL
,গতরো,O
,সরিষার,O
,তেল,O
,মালিশ,O
,করইন,O
Sentence: 2237,মাছের,B-ANI
,বাজারে,O
,হকল,O
,আইয়া,O
,বড়,B-ANI
,মাছটক,I-ANI
,দেইখ্খার,O
,লাগি,O
,ভিড়,O
,জমাইলো,O
Sentence: 2205,আমার,O
,বান্ধবী,B-REL
,কিচ্ছু,O
,ভাবতে,O
,ফারে,O
,না,O
,আফনাকে,O
,ছাড়া,O
Sentence: 1717,বই,B-OBJ
,ওকলতোর,O
,বায়দি,O
,চাই,O
,রইছলাম,O
Sentence: 1598,তার,O
,ধারো,O
,বউত,O
,দেশ,B-LOC
,ওর,O
,টেখা,B-OBJ
,আছে,O
Sentence: 1224,বিয়ার,O
,পয়লা,O
,তিন,O
,মাস,O
,ভালাউ,O
,চলছিল,O
Sentence: 1441,হে,O
,মোর,O
,ছুটো,O
,ছুটো,O
,ফছন্দর,O
,জিনিসও,O
,খেয়াল,O
,রাখতো,O
Sentence: 25,তার,O
,বই,B-OBJ
,পড়তে,O
,একদম,O
,অউ,O
,ভালা,O
,লাগে,O
,না,O
Sentence: 1954,জীবনো,O
,কিছুটা,O
,পথ,O
,এখলা,O
,এখলা,O
,চলা,O
,তেমন,O
,কঠিন,O
,কিচ্ছু,O
,নায়,O
Sentence: 1559,ওউ,O
,ফয়লা,O
,হে,O
,ঢাকাত,B-LOC
,আইছে,O
Sentence: 2359,আফনে,O
,আমারে,O
,আর,O
,কত,O
,অবাক,O
,করতা,O
Sentence: 81,দুই,O
,ভাইর,B-REL
,মাঝে,O
,জাগা,O
,জমিন,O
,লইয়া,O
,মাইর,O
,অয়,O
Sentence: 3256,বাঁইচ্চা,O
,আছইন,O
,নি,O
Sentence: 1596,কয়েকদিন,O
,উবাও,O
,একটু,O
Sentence: 1721,বাক্কা,O
,বড়,O
,লাইব্রেরি,B-LOC
,সন্দেহ,O
,নাই,O
,ব্যবস্থাও,O
,খুব,O
,বালা,O
Sentence: 848,সংসার,O
,জীবন্ব,O
,ভালা,O
,থাকোউকা,O
Sentence: 256,মুুই,O
,মানসিকভাবে,O
,বাক্কা,O
,সমস্যার,O
,মাঝে,O
,আছি,O
Sentence: 1704,পড়া,O
,গিলাইয়া,O
,বুদ্ধি,O
,পাকানি,O
,ওয়,O
Sentence: 1909,ফুড়িটায়,O
,কিবা,O
,তাইর,O
,মনর,O
,কতা,O
,ভালা,O
,খরি,O
,ফুয়াটারে,O
,বুজাইতো,O
,পারছে,O
,না,O
Sentence: 2223,তুমি,O
,জোর,O
,করে,O
,অন্যের,O
,ভালো,O
,লাগার,O
,হিতে,O
,ফারবা,O
,না,O
Sentence: 1356,মোর,O
,বইন,B-REL
,আবিয়াতি,O
Sentence: 1670,ওউ,O
,সিন্দুক,B-OBJ
,হকল,O
,সময়,O
,ওউ,O
,তালা,B-OBJ
,দিয়া,O
,আটকানি,O
,থাকে,O
Sentence: 1700,ফলারগুন,B-FOOD
,পাকিয়া,O
,দই,B-FOOD
,লুচি,B-FOOD
,এরেহ,O
Sentence: 264,কিন্তু,O
,তুমি,O
,এখন,O
,অতউ,O
,ভালা,O
,আছো,O
,যেন,O
,আমি,O
,মানতাম,O
,ফারিয়ার,O
,না,O
Sentence: 877,আমার,O
,আব্বা,B-REL
,আগে,O
,নেশাত,O
,ডুবি,O
,আছলা,O
Sentence: 626,আমি,O
,আমার,O
,গ্রাম,B-LOC
,ওর,O
,বাড়ি,I-LOC
,যাইমু,O
,ঠিক,O
,করছি,O
Sentence: 1569,হদিন,O
,বাংলাদেশ,B-LOC
,দল,O
,ওর,O
,ক্রিকেট,O
,খেলা,O
,আছিল,O
Sentence: 948,আমারে,O
,যাইতে,O
,দেউকা,O
Sentence: 618,ফেইসবুক,B-ORG
,ওইলো,O
,একটা,O
,জনপ্রিয়,O
,যোগাযোগ,O
,ওর,O
,মাধ্যম,O
Sentence: 3333,কে,O
,কে,O
,আছোইন,O
Sentence: 331,খুব,O
,সুন্দর,O
